TAX	SRR17301512	SRR17301513	SRR17301514	SRR17301515	SRR17301516	SRR17301517	SRR17301518	SRR17301519	SRR17301520	SRR17301521	SRR17301522	SRR17301523	SRR17301524	SRR17301525	SRR17301526	SRR17301527	SRR17301528	SRR17301529	SRR17301530	SRR17301531	SRR17301532	SRR17301533	SRR17301534	SRR17301535	SRR17301536	SRR17301537	SRR17301538	SRR17301539	SRR17301540	SRR17301541	SRR17301542	SRR17301543	SRR17301544	SRR17301545	SRR17301546	SRR17301547	SRR17301548	SRR17301549	SRR17301550	SRR17301551	SRR17301552	SRR17301553	SRR17301554	SRR17301555	SRR17301556	SRR17301557	SRR17301558	SRR17301559	SRR17301560	SRR17301561	SRR8849198	SRR8849199	SRR8849200	SRR8849201	SRR8849202	SRR8849203	SRR8849204	SRR8849205	SRR8849206	SRR8849207	SRR8849208	SRR8849209	SRR8849210	SRR8849211	SRR8849212	SRR8849213	SRR8849214	SRR8849215	SRR8849216	SRR8849217	SRR8849218	SRR8849220	SRR8849221	SRR8849222	SRR8849223	SRR8849224	SRR8849225	SRR8849226	SRR8849227	SRR8849228	SRR8849229	SRR8849230	SRR8849231	SRR8849232	SRR8849233	SRR8849234	SRR8849235	SRR8849236	SRR8849237	SRR8849238	SRR8849239	SRR8849240	SRR8849241	SRR8849242	SRR8849243	SRR8849244	SRR8849245	SRR8849246	SRR8849247	SRR8849248	SRR8849249	SRR8849250	SRR8849251	SRR8849252	SRR8849253	SRR8849254	SRR8849255	SRR8849256	SRR8849257	SRR8849258	SRR8849259	SRR8849260	SRR8849261	SRR8849262	SRR8849263	SRR8849264	SRR8849265	SRR8849266	SRR8849267	SRR8849268	SRR8849269	SRR8849270	SRR8849271	SRR8849272	SRR8849273	SRR8849274	SRR8849275	SRR8849276	SRR8849277	SRR8849278	SRR8849279	SRR8849280	SRR8849281	SRR8849282	SRR8849283	SRR8849284	SRR8849285	SRR8849286	SRR8849287	SRR8849288	SRR8849289	SRR8849290	SRR9330774	SRR9330775	SRR9330776	SRR9330777	SRR9330778	SRR9330779	SRR9330780	SRR9330782	SRR9330783	SRR9330784	SRR9330785	SRR9330786	SRR9330787	SRR9330788	SRR9330789	SRR9330790	SRR9330791	SRR9330792	SRR9330793	SRR9330794	SRR9330795	SRR9330796	SRR9330797	SRR9330798	SRR9330799	SRR9330800	SRR9330801
Segatella_copri	0	0	0	0	0	0	0	0	0.14251	0	0	0	1.46048	2.6306	3.35796	0	19.3892	0	4.95856	0	0	0	0.30309	0	0.00087	0	0	0	0	0	0	0	0.16229	0	0	0.65037	0.75963	1.46731	0	0	0	0	4.58008	0	0	0.47389	1.82668	0	0	2.98356	0	0	0.02904	0	0.01155	0	0	0	0	0	0.01418	48.01923	0.11936	0	0.05589	0.00692	0	0.00334	0	0.00771	0	0.60386	0	0.00561	0	0	0.02003	4.75402	0.04997	0	0.00981	0.00259	0	0.00063	0	0	0.08498	0.00234	0	0	0	0.27912	36.92727	0.02717	24.28439	5.4358	0.03021	0.04657	0.75817	0.00043	0.04726	0.00746	0.0005	0	4.57687	58.62885	16.54446	0	0	0.04076	1.10884	0	0	0	0.03073	82.65239	0.00235	5.95075	20.33979	0.05401	0.28956	0.01156	23.98285	0.13121	1.7124	29.02803	0	0.00058	0.00058	0	0.00165	0	0	0.03636	0	15.63004	10.95823	6.55926	0	21.51996	32.13522	0	0.00294	15.46403	0	0	0	0	0	44.70464	0.02573	0	0	0	65.03206	0.02524	0.0229	10.06449	0	0.02653	0.15133	0.00101	0	0	0	0.02247	0	0	54.19757
Phocaeicola_plebeius	0	0.06268	0	0	0	0.2307	0	1.63772	0.12099	0.16006	0	0	1.24983	0.53476	1.04112	0	2.89332	0	0.03253	0	0	5.07742	0.2085	0	0	0	0.00203	0.08064	0	1.2225	0	0	0.03687	0	0	0.3854	0	0	0	0	0	1.23038	1.90613	0	0	0	0	0	0	0	0	2.36996	0	0	0	0	0	0	0	0	0	0	0.01119	1.17576	0.00092	0	0	0	0	3.93156	0.93752	24.43726	0.52237	0	6.84764	0.00021	6.26733	4.4926	0.00181	0	4.68117	19.87264	0	0	0	3.79373	0.01774	0	0	0	23.59841	0.07947	0.29991	0.00131	2.70731	0.44723	0	0.01095	0.38587	0	0.12956	0	0	0.08633	1.19342	1.90105	1.17971	4.79259	7.02036	0.02784	0.02355	0	0.00111	5.10438	1.03044	4.37243	0.0231	1.25465	0	0.00605	0.02012	0	0.05535	0	0.71965	2.63032	0	1.84199	4.19477	0.11054	0	2.0464	0	0.70875	0	0	1.83176	0.00382	0	0	0	0	3.41234	3.04613	0.00062	0.00162	0.00275	0.00179	0.00337	2.38677	0.12514	0.0086	32.25317	45.39495	5.53188	0.00179	61.75744	4.9224	0.00134	0.00434	0.01155	0.00348	49.34553	0.0116	0.00252	0.00558	0.00688	0.14009	6.83389
Phocaeicola_vulgatus	0.24503	0.0966	1.98883	0	0.22443	1.03358	17.76403	0	0.15486	1.34261	0.19142	0.83156	0.75389	0	0	8.93184	0.66528	0.00214	0.00894	0	2.17785	5.6542	0.08802	0.22452	29.07642	0.17327	0.31085	0.18973	0.02257	1.31026	0	4.77178	1.23075	0	4.85761	0.22812	2.18046	0.62777	3.72946	0.07469	0.11179	1.10251	1.53655	0.95341	0.02425	0.2282	0.12488	0	0.42659	0	11.68821	10.30191	7.0227	17.20763	8.84703	7.87197	27.43399	9.62552	15.22173	15.91755	7.15202	8.6821	3.40105	1.87515	11.63829	6.93423	4.50733	1.14529	0.00208	0.1601	2.88756	4.10474	2.43689	2.76465	4.87018	19.89905	19.47703	4.99811	16.43681	1.53491	6.99014	4.15766	24.91012	6.13629	8.05975	3.83652	9.18912	7.81775	8.44187	3.16353	8.57875	21.52758	0.19283	0.48349	1.08156	0.2227	0.12849	0.81708	1.25281	2.57818	0.62842	0.00301	0.58103	1.24001	1.30401	0.76405	1.15408	0	1.26667	0.10362	0.03195	0	0.39413	0.2124	0.01588	0.80841	0.0723	1.36871	0.68128	0.02189	0.17326	0.00238	0.34392	0.18088	0.11126	0.91666	0.85276	0.49992	0.97755	0.01658	0.00299	0.66438	0	1.69226	4.97916	0.70116	1.04567	0.26985	1.78458	3.64212	2.66078	0.01895	0.01777	7.26076	3.17716	23.98436	10.29628	4.42393	22.66447	1.39843	17.13562	3.63803	8.56005	30.23047	3.36743	14.7458	15.27349	1.56146	6.54769	14.86437	44.25755	10.95857	5.33004	15.34458	26.36043	61.62025	6.08058	52.01699	0.13563
Megamonas_funiformis	0	0	0	0	0.01451	0	0	0	2.70856	0	0	0.08345	6.51726	1.94925	2.05905	0	0.91982	0.00171	0	0	35.12124	0	0	39.46407	0.15422	0	0.0001	2.05229	0.01173	0	60.75331	0.10168	1.21167	0	4.713	0.23405	1.08916	0	0.00092	0	0	0.00096	0.65023	0.00538	3.41112	0.00161	0	0.22117	0.04332	0.01854	0	0	0	0	0.05167	0	0	0	0	0	0.00807	0.00562	0.20382	0.84009	0.00508	0	0	0.00251	0.00201	0	0	8.18839	0	0.00153	12.56217	0	0.00075	5.5032	0.0101	0.05824	0	6.06192	0	0	0	2.77943	0.01273	0	0	0	9.86263	0.08379	7.06251	0.38771	0	0	0.0043	0.02827	0	0	1.90307	0	0	0	0.60987	0	43.27517	0	0.72653	0.01039	0	0	0.01083	25.55222	21.78192	0.01134	0	0	0	0	0.84903	0	4.09451	0	0	27.43682	0	0.7686	0	0.00232	0	0.00517	0	33.93879	0	22.74728	1.25083	0	0.00046	0	23.44164	0	0	0.50546	0.01546	0	0	0	0	0.31577	0.95472	0	0	0	0.09168	0.23386	0	0.33791	0	0	0	0.34779	0	0	0	0	0.27184	0	0
Clostridium_leptum	0.00369	0.07244	0.09634	0	0	0.37959	0	0.9285	0	0.17691	1.21384	0.0609	0.09966	0.25046	0.22946	2.50542	0.0423	0.00349	0	0	0	0.00249	0.01253	2.00763	0	0.77148	0	0	0.12376	0.0205	0	0.01992	0.06147	0	0	0.0265	0.00998	0.2994	0	0.3065	0.09355	0.95782	0	0	0	0.05541	0	0.5963	0.00886	0.04285	0	0.02202	0	0	0.11952	0.01311	0	0	0	0	0.40847	0	0	0.03957	0.09802	0.0896	0.19676	0.03208	0	0.20022	0	0.00705	0	0	0.50631	0	0	0.06695	0	3.19648	0	0.16635	0.06887	0.20666	0.07938	0.09911	0.02955	0	0	0	0	0.19001	0.00165	0.21325	0.0077	0.15922	0.26174	19.40831	0.02738	0	0.06019	0	0.04209	0.00951	0.08098	0.00053	0.00155	0.0877	0.01944	0.00926	0.23808	0.02071	0.79974	0.05538	0	0	0.01954	0.32849	1.05279	0.32109	0.03687	0	0.00639	0.00196	0.05267	0.00943	0.01369	0.01989	0.02144	0.03359	0.10751	0.00404	0.05872	0.00863	0.04074	0.0106	0.01481	0.21152	0.03295	0	0	0.22365	0.00063	0.08227	0.00162	0.03296	0.00324	0.09676	0	0.00076	0	53.09758	0.00876	0	0.00085	0.01751	0	0.00196	0.27984	0	0	0.00664	0.97018	0.00047	0	0	0.65451	0.04387	0
Faecalibacterium_prausnitzii	1.7706	2.54334	0.00246	0	7.06952	24.77949	0.60497	2.99674	13.22208	28.29703	7.53984	7.05989	30.91262	3.6536	2.90282	3.35469	22.77442	0	24.67922	5.22966	0.80822	8.07252	3.58	12.32592	11.41705	2.20016	0.00619	2.16163	7.18548	5.16455	0	12.3304	10.47816	0	3.25435	1.78574	8.13108	1.70671	2.03696	8.79372	3.95126	9.38458	12.15229	4.43818	9.55121	9.19011	0	4.61056	5.41287	5.2485	7.46503	10.76456	8.3655	11.5153	7.25426	11.45748	0	7.79942	18.92737	12.13168	12.83891	10.37751	19.1429	19.88498	15.31676	8.91664	11.54238	11.05766	10.27644	15.75539	11.61232	8.0771	29.30808	17.10326	16.5571	11.18825	1.07369	17.35374	15.73607	7.45688	9.5397	9.93365	13.29577	13.29457	14.41744	16.08024	16.99714	23.1429	23.69205	12.01855	6.13706	6.90391	4.83124	3.62812	6.08241	8.2444	6.89486	3.27008	4.75208	13.95972	12.87385	9.94305	15.72978	18.19137	12.67823	7.48217	11.39808	7.64106	8.22124	8.86879	16.10081	25.33704	21.84338	5.8235	13.17616	1.39157	42.3974	7.35655	15.08307	2.85309	5.17643	0.05638	2.1381	6.68026	22.2297	4.86291	12.97797	16.93289	30.38619	22.18481	18.63395	24.53069	14.46915	3.33833	32.10913	4.83253	10.35834	10.89744	6.82898	7.4207	7.75018	3.33228	0	0.6348	0.37592	4.17185	3.78809	5.90861	2.16793	2.58734	0.53796	0.91258	1.56724	1.69571	1.35206	3.1301	0	2.87211	8.08148	0.00131	3.86754	0.89722	0.56131	1.73476	0.60041	0	0.38317	1.2032	0.87925
Ruminococcus_gnavus	0.0826	0.36859	5.63826	3.18657	1.12321	2.49774	7.1022	0.23597	0	0.00822	3.9815	4.26489	0.02104	0.00606	0.00676	0.57377	0.03323	1.94	0.00134	0.06087	7.23223	0.01809	0	8.33994	5.13448	0.28329	13.67534	35.2519	0.06256	0.05657	9.97145	2.56924	0.80476	38.65396	7.73759	0.00581	0.01599	0.02462	15.19252	0.30884	0.03	0.01633	0.20465	0.00234	0.6419	1.0373	12.19986	0.19601	0.2331	0.15228	0.14685	0.0407	0	0.01861	0.55908	0	2.00594	0.05541	0.37552	0.14302	0	0.115	0.58962	0.00692	2.60391	0.77756	0	0	0.01837	0.3177	0	0.00293	0	0.05903	0	0.60903	0.69639	0.00965	0.44854	0	0.03815	0.0135	0.00665	0.00149	0	0.03119	0.33613	0.0321	0.56008	0.03286	0.16477	1.12876	0	3.39792	0	0	6.74869	0.04323	0.00112	0.00744	0.00067	0.00088	0	0	0.00397	0	0.00142	0.00252	0.02866	0.00118	0	0.04012	0.02075	0.01758	0.12751	0.00079	1.38926	0	0.01478	0	0	2.30092	0.02458	0	0.10347	0	0.01261	0.01065	0.00407	0.04923	0.101	0.00281	0.06306	8.16105	0	0	0	0	0	0	0.00083	0.00349	0.82827	0	0	0	0	0	0.03158	0.00051	0.01149	0.05436	0.00538	0.01094	0	0.01286	0.05141	0.00767	0.03295	0.54725	0.0446	0	0	0	0.05212	0.03349	0.38059	0.08261	0.04625
Bacteroides_eggerthii	0.81073	0	0	0	0	0	0	0	0	0	0.86761	0	0.03158	0	0	0	0	0	0	0	0.00464	0	0	0	0	0	0	0	0	0	0	0	0.00518	0	0	0.04942	0.01769	0.03684	0	0.26735	0	0	0	0	0	0	0	0	0.0397	0.00067	0	2.67521	0	0	0	0	0	0	0	0.01392	1.45199	0	0	0	0.00114	0	0.47318	0	0	0.00624	0.58157	0.16251	0.74885	0	0	0	0.0052	0.45043	0	0	0	0	0	0	0.43851	0	0	0	0	0	0	0	0.00101	0	0	0.0262	0	0	0.12399	0	0	1.86167	1.16035	0.08544	0.11405	0	0	0	0.13084	0	0	0	0.00288	0.01209	0	0	0	0.02973	0.33865	0	0.13895	0	0	0	0	0.00584	0.68525	0.47527	0.00806	0	2.99038	0	5.35925	0	0.21834	0	0.06768	0	1.86366	0	0	0	0	0.00556	0.01061	0	0.00104	0	0	0.00676	10.74511	0.00216	0.00867	0	0	0	0	0.00166	0.92741	0	0.877	4.04159	0.0003	0.00081	0	0	37.88348	0	0
Streptococcus_thermophilus	0	5.23899	0	5.31495	0	0	3.10249	2.68395	0	0.03019	0.00876	0.00116	4.06371	0	0	0	0	0.67985	0.0651	0.23592	0	0	0	0	0.08841	4.6944	20.8853	0	0	0.0117	0	0	0	0	0.0053	0	0.02696	0	0	0	0.00634	0	0	0	0	0	0	0	0	0	0	0	0	0	0	0	0	0	0	0.62423	0	0	0.01385	0.00532	0	0	0.051	0	0	0	0	0.0027	0	0.00084	0.36264	0	0	0	0	0	0	0	0	0	0	0.04866	2.03747	0	0.17596	0	0.01979	0	0	0.06409	0.00191	0	7.89918	0	0	0	0.00935	0	0	0	0	0	0	0	0.03354	0	3.42988	0	0.03088	0	35.30953	0	0.05019	0	0	0.00138	0	0	0	0	0	0	0	0	1.35332	0	0	0	0.28068	0	0	0	0	0	0	0	0	0.55415	0.02166	0.07546	0	0	0	0	0	0	0	0	0	0	0	0	0	0	0	0	0	0	0.62679	0	0	0	0.01719	0	0
Bacteroides_fragilis	9e-05	0.00244	0.67746	0.58681	1.84907	0.01198	0	0.11098	0	0	0.21152	4.11566	0	0	0.00174	0.864	0	0.48252	0	0.15868	0.0034	0	0	0.35028	3.78668	0.05409	0.19097	0.91527	0.01753	0.02804	0.00543	0.07045	0.00419	0.03509	0.44963	0.00794	0	0	5.15724	0	0.09792	2.80152	0.00239	0.04213	0.14496	0	0.4259	0.00948	0.0044	0	0.67438	0.65163	3.70656	0	0	0	0	1.44682	0.02215	0.00075	0.26412	0	0.05211	0.01613	0	0.30827	0	0	0	0	0	0.03079	0	0.21018	0.46264	0	0	2.38936	1.50565	0.00177	0.47017	0.41135	1.11347	0	0	0	0	1.37157	2.01953	0.65974	0.06565	0.52838	0	0.17003	0	0	1.89864	1.13328	1.64742	2.77488	0	0.30322	0.00273	0	0	0.03738	0.00144	0.76214	0.00559	0.00082	0.01919	1.7674	0.10205	0.0904	0.00175	0.0456	0.00705	0.31356	0.00188	0	0	0.65938	0	0.70437	0.64073	0	0.25477	0.90901	0.25861	0.00519	0.21053	0	1.3678	0.03633	1.07213	0	0	0	0.02913	0	0.18374	0.6962	34.78084	0	0	0.5758	0.23198	0	6.05346	0.00594	0.0315	0.16771	0.00034	0	0.00923	0.04328	11.11668	0.01121	0.27178	0.02366	4.54566	2.83628	0.11799	0.79781	6.97755	5.7971	0.78428	0.82728	0.0066
GGB4579_SGB6329	0	0	0	0	0	0	0	0	0	0	0	0	0	0	0	0	0	0	0	0	0	0	0	0	0	0	0	0	0	0	0	0	0	0	0	0	0	0	0	0	0	0	0	0	0	0	0	0	0	0	0	0	0	0	0	0	0	0	0	0	0	0	0.02861	0	0.00684	0	0	0	0	0.13326	0.74744	0.06744	0	0.08502	0	0	0	0.46892	0.0044	0	0	0	0	0	0	0	1.33286	0	0	0	0.00878	0.00856	0	0.04037	0	0	0.00313	0	0	0	0.00394	0	0	0.94328	0	0	0.01126	0	0	0.23295	0	0	0	0	0	0	0	0	0	32.63438	0	0	0	0	0	0	0	0	0	0	0	0	0	0.68699	0	0	0	0	0	0	0	0	0	0	0	0	0	0	0	0	0	0	0	0	0	0	0	0	0	0	0	0	0	0	0	0	0	0	0
Gemmiger_formicilis	1.08515	0.00771	0	31.76701	0	0.09754	0	0.19637	11.2105	0.16152	0	0	4.74453	1.69344	0.78695	3.65671	1.91013	0	0	12.15477	0	0.46377	5.72364	0	0	5.46485	0.00061	0	17.11841	1.48612	0	10.42388	2.26704	0	0	0.41492	0.24662	0	0	1.1486	5.34091	1.5165	0.56935	0	0	1.03922	0	0	2.4468	0.99494	1.84801	2.74804	1.02014	0	0.25813	0.83547	0	0	0	0.0146	3.219	2.96563	1.73682	4.67509	4.60564	0	0.3851	1.83777	8.97148	0.43323	0.74206	0.51938	0.0919	0.00217	0	0	0.00102	7.02428	0.58482	1.72804	0.64738	0	1.26164	1.79039	0.3973	3.49234	1.04424	0	0.04618	0.35009	0.26963	1.24597	0.35617	0.65168	0.89488	0.38759	0.10447	0.27831	0.41217	2.84832	0.49593	0.67927	2.24133	0.98676	1.47324	0.64297	0.64496	4.51269	2.97581	5.30159	4.67507	0	5.22351	0	2.11374	0.03738	0.04873	0.60788	0.32501	0.78652	1.25009	0.001	0.16564	0.72618	0.11653	0.35061	4.51172	0.4816	0.80825	12.39	2.28226	3.93045	0	0.19356	4.20675	1.16822	0.57974	1.48703	6.40214	1.78689	1.85161	19.2714	0	0	0.00685	0	0.06279	0.21626	0	0.00872	0	0.06269	0.3726	0.19802	0.15864	0.10507	0	0.01793	0.33585	0	0.17991	0.01821	0.03202	0.07389	0	0	0.02985	0.18855	0
Bacteroides_stercoris	0	0.03174	2.73019	3.0375	0	0.18197	0	4.7195	0.01091	0.35594	0	0.09448	0.07921	0.04332	0.12652	3.67422	0.13674	0	0.04854	0	0.23698	2.21461	0.03708	0	1.92392	0.18865	0	0.01521	0.0993	0.00491	0.05285	0.73152	0.06509	0	0.20264	0.02978	0.02193	0.01301	0	0.47041	0.42805	0	0	0	0	0	0	0.03967	0.26637	0	19.62925	3.30089	5.32355	0	4.66947	2.90924	8.55701	2.01568	0.29146	9.77014	0.79192	0.55077	0.65375	0.36178	1.87683	0	17.57163	0.98032	9.90205	0.14049	0	2.46026	0.80701	0.77435	4.10384	0	0.99284	1.42425	0.00107	1.39948	0.18761	0	0	1.30162	0.46428	0.7979	0.1071	1.41354	0	0.01968	2.68306	6.92402	0.02663	0.03416	0.19939	0.02788	0	1.12158	0.52947	2.63456	0.09148	1.4744	0.07475	0	0.25701	0.06557	0.03472	0	0.00729	0.02385	0.00483	0	0.34215	0.07757	0.03973	0.0082	0.01807	0.96401	0.13194	0	0.47035	13.61358	0.00079	0.2312	0.49459	0.16594	1.42703	0.37692	0.05929	0.01284	0.60915	0.0401	0	0.04335	0.03441	0	0.24867	0.38952	1.75926	0.87989	0.49033	0.76335	0.01169	3.57668	1.9706	10.23648	30.92402	3.22338	0.0103	0.318	14.84722	0.00724	5.29012	0.00569	0.02254	0.00187	0.05479	1.50017	7.38686	31.49031	3.38814	2.19698	1.97869	18.64967	31.34402	13.36087	0.02645	0.01711	0.00678
Prevotella_sp_885	0	0	0	0	0	0	0	0	0	0	0	0	0	0	0	0	0	0	0	0	0	0	0	0	0	0	0	0	0	0	0	0	0	0	0	0	0	0	0	0	0	0	0	0	0	0	0	0	0	0	0	0	0	0	0	0	0	0	0	0	0	0	0	0	0	0	0	0	0	0	0	0	0	0	0	0	0	0	0	0	0	0	0	0	0	0	0	0	0	0	0	0	0	0	0	0	0	0	0	0	0	0	0	0	0	0	0	0	0	0	0	0	0	0	0	0	0	0	0	0	0	0	0	0	0	0	0	0	0	0	0	0	0	0	0	0	0	5.52989	0	0	0	0	0	0	0	0	0	0	0	0	0	0	0	0	0	0	0	0	0	0	0	30.07567	0.00544	0	0	0	0	0	0
GGB4567_SGB6307	0.06705	0	0	0	0	0	0	0	0	0	0	0	0	2.72375	2.08765	0	0	0	0	0	0	0	0	0	0	0	0	0	0	0	0	0	0	0	0	6.80531	0	0	0	0	0	0	0	0	0	0	0	0	0	0	0	0	0	0	0	0	0	0	0	0	0	0	0	0	0	0	0	0	0	0	0	0	0	0	0	0	0	0	0.0176	0	0	0	0	0	0	0	0	0.00029	0.00262	0	0	0	0	0	0	0	0	0	0	0	0	0	0	0	0	0	0	0	0	0	0	0	0	0	0.01215	0	0	0	0	0	29.22236	0	0	0	0	0	0	0	0	0	0	0	0	0	0	0	0	0	0	0	0	0	0	0	0	0	0	0	0	0	0	0	0	0	0	0	0	0	0	0	0	0	0	0	0	0	0	0	0
Parabacteroides_distasonis	0.1546	0	0.35799	0.89648	28.94111	0.11947	0	0.88988	0.31165	0.06732	0.08749	0.3743	0.50787	0.06511	0.07956	0.45323	0.11091	5.23674	0	0.22605	0.18579	1.3326	0.2372	0.05885	1.34484	0.03257	0.00146	0	0.01896	0.01885	0.00468	0.64944	0.04732	0.30805	0.13303	0.10178	0.058	0.4283	0.89832	0.02835	0.03941	0.1058	0.09151	0.12823	0.25899	0.04123	0.05297	0.01494	0.03805	0.06005	0.65671	0.58149	0.08599	0.20378	1.40224	0.86401	0	0.04861	0.79609	2.41348	0.42897	0.5449	0.05651	0.10667	0.36457	1.8938	1.18121	0.06897	0.94259	0.13278	0.17128	0.68549	0.22552	0.09621	0.62904	0.3981	0.71716	0.89437	0	0.61086	0.22242	0.18841	3.75984	0.28478	0.09415	0.36382	0.78824	0.14765	0.95447	0.26704	0.20032	1.1572	0.16	0.0202	0.10033	0.27213	1.725	0.06758	0.64756	0.08734	0.04366	0.14626	0.32478	0.12072	0.27621	0.0812	0.04468	0.75069	0.23607	0.00794	0.01367	0.94201	0.07506	0.67276	0.0002	0.0069	0.00465	0.14846	0.31321	0.00641	0.07244	2.93704	1.38376	0.40597	0.1067	0.82338	0.12673	0.26047	0.13717	0.00158	0.8338	0.04617	0.694	0.15012	0.21814	0.11986	0.16491	0.01129	0.17675	0.58407	0.14709	0	17.57565	1.3829	0.46374	0.97362	0.68467	1.17325	2.18309	1.15868	1.18285	2.89065	0.55898	9.19047	0.20258	2.93342	0.00034	2.08231	0.70048	1.17815	1.90842	0.7297	0.96642	2.04495	4.83549	1.19098	2.29594	2.74659	0.22427
Eubacterium_rectale	0	5.50696	0.00102	2.89432	0	0.56996	0	2.77241	2.93454	1.48366	0	0.12229	0.82857	2.6085	2.35728	0	0.55951	2.06926	7.29604	0	0	0.50975	0.3434	0.00657	0	3.82656	0.005	0.00765	20.93496	0.84479	0.14116	2.37752	0.02405	0	0.01025	0.23524	2.0789	0	0.00866	10.08713	0.17068	0.70708	9.97766	0	0.01868	2.0905	0	0.0001	3.27508	0.06038	1.67263	0.265	7.87868	0	18.34571	19.72647	0.0099	0.7925	0	1.14208	1.37525	0.10047	2.57632	17.19527	1.9663	14.95302	10.84045	3.12579	7.03442	1.9619	6.61215	10.13801	8.02348	4.13326	1.82014	1.45865	9.63516	1.20875	6.35806	4.67693	16.55304	0	3.63246	0.39522	0.39328	23.33692	4.52439	6.56313	7.11227	8.74439	10.09227	1.56205	7.19551	7.90169	0.10479	14.09638	5.6596	0.28618	4.00099	11.06474	12.23714	18.18235	0.01379	5.49106	7.00015	9.17027	0.58654	7.68034	11.73322	10.66376	18.52275	2.20891	8.76145	19.00588	0.0257	0.00128	0.64473	4.18535	28.08997	0.32841	3.05044	0.02256	0.70399	7.30145	0.00207	0.02336	0.59328	2.05151	0.10231	5.99648	2.35793	0.00519	0.00054	6.32642	0	20.3394	6.46246	6.87046	0.92987	4.81211	5.68046	0.57153	0	0.14959	0.08433	0.09772	1.03134	0.98338	0	5.62042	0.00032	0.18225	0.21432	0.05047	0.56254	0.06471	0.31687	0.14236	0.37269	0	0	1.55697	0.02922	0.5114	0.09302	0	0.69964	0.00055	0.20807
Dorea_longicatena	0.42826	0	0	0	0.00227	0.8046	0	0	0.96696	0.1921	1.56495	3.86121	0.9465	0.56595	0.63666	0.23518	0.08883	0.32576	1.66409	0	1.7117	0.46323	0.25119	0	0.06198	1.34838	3.27084	28.06164	1.61817	1.83978	1.51354	0.65113	2.0626	0	0.12272	0.4703	0.70387	0	0	1.03516	0.32693	0.09066	1.2764	0	2.52116	2.18124	6.17048	0	1.37597	0.93297	0.04435	0.088	0.02334	0	0.16283	0.02551	0	0.14061	0	0.25743	0.07931	0.05986	1.16429	0.03224	0	0.11246	0.12247	0.03932	0.03506	0.20216	0.16255	0.02843	0.11473	0.35785	0.09908	0.29087	0.15157	0.05269	1.21297	0.09348	1.10839	0.01485	0.04103	0.12488	0.02526	0.05907	0.73706	0.03645	0.7135	0.03366	0.44111	0.33025	0.03087	2.43884	0.32152	0.35249	0.03493	0.72516	0.05233	0.07003	0.45787	0.06892	0.07475	0.26853	0.08445	0.00321	0.18229	0.11301	0.26945	0.80943	0.16548	0.44597	0.3477	0.02529	0.42235	0.01475	0.93278	0.07177	0.01178	0.06856	0.07588	0.15739	0.67156	0.04355	0.00122	0.0041	0.31338	0.06993	0.51932	1.36324	0.0577	0.34891	0.08277	0.56141	0.0498	0.10691	0.05726	1.3068	0.00718	0.02203	0.07296	0.1644	0	0.05796	0.02751	0.0646	0.01088	0.18779	0.04064	0.07796	0.01203	0.00542	0.02673	0.00462	0.01616	0.06484	0	0.0097	0.09999	0	0.00563	0.01891	0.00307	0.03463	0.07018	0.02177	0.01581	0.0728	0
Segatella_sinica	0	0	0	0	0	0	0	0	0	0	0	0	0	0	0	0	0	0	3.14978	0	0	0	0	0	0	0	0	0	0	0	0	0	0	0	0	0	0	0	0	0	0	0	0	0	0	0	0	0	0	0	0	0	0	0	0	0	0	0	0	0	0	0	0	0	0	0	0	0	0	0	0	0	0	0	0	0	0	0	0	0	0	0	0	0	0	0	0	0	0	0	0	0	0	0	0	0.99857	0	0	0	0	0	0	0	0	0	0	0	0	0	0	0	0	0	0	0	0	0	0	0	0	0	0	0	0	0	0	0	0	0	0	0	0	0	0	0	0	0	4.89693	0	0	0	0	0	0	27.40151	0	0	0	0	0	0	0.00042	0.00891	0	0	0	0	0	0	0	0	0.0031	0	0	0	0	0	0	0
Bifidobacterium_adolescentis	0.77727	0	0	0	0	2.44595	0	0	0	0	12.30796	0	0.95491	0	0	0	0	0	0	0	0	0	0	0	0	0	0	0	0	0.96627	0	0	1.14362	0	26.94798	0.08672	0	0	0.37978	0	0	0.35575	0	0	0	0.17709	0	0	0	3.98619	0.31656	0	0	0	3.31681	0	0	0	0	0	0	0.00108	2.06466	1.48393	0.073	0	2.76917	1.61797	0	0.01177	0.04171	0.312	0	7e-05	0	0.00517	0.05067	0.16279	0	0.10965	0	0	0	0	0	4.38088	0.03352	0	0	0	0	0.00855	0.22621	0.11433	0	0.15397	0	0.00576	0	0	0.01513	0	0	0.12759	0.20856	0.59509	0.57325	0	0.45656	3.72175	21.42059	0	5.05245	0.4264	0.03655	0	0.00795	14.3693	0	0.92783	0	0	0.02133	0.42107	0	0.0611	0.00126	0	0	2.12067	0.04581	0	0	0.02636	1.19521	0	0.08142	2.02424	0	0	0	0	0	0	0	0	0	0.00785	0	0.28516	0	0	0.01766	0	0	0	0	0	0	0	0	0.00357	0	0	0	0.05902	0	0	0
Segatella_brunsvicensis	0	0	0	0	0	0	0	0	0	0	0	0	0	0	0	0	0	0	0	0	0	0	0	0	0	0	0	0	0	0	0	0	0	0	0	0	0	0	0	0	0	0	0.00381	0	0	0	0	0	0	2.93871	0	0	0	0	0	0	0	0	0	0	0	0	0	0	0	0	0	0	0	0	0	0	0	0	0	0	0	0	0	0	0	0	0	0	0	0	0	0	0	0	0	0	0	0	0	1.25795	0	0	0.09365	0	0	0	0	0	0	0	0.00082	0	0	0	0	0	0	0	0	0	0	0	0	0	0	0	1.52169	0	0	0	0	0	0	0	0	0	0	0	0	0	0	0	0	0	0	0	0	0	25.23145	0	0	0	0	0	0	0	0.00633	0	0	0	0	0	0	0	0	0.00053	0	0	0	0	0	0	0
Bifidobacterium_longum	0	1.02956	6.5152	0	2.40025	0.8971	0	0	0.0376	0.11826	0	3.66857	5.3808	0.00725	0.00597	0.85288	0.09154	0	0	0.94379	4.34592	0.37106	0.3148	0	2.37389	0.82693	0.51537	0.3377	0.00349	1.86336	0	0.11845	0.01359	6.15279	10.2265	0	0.00424	4.60013	0	3.74561	1.44621	0.13332	2.58547	24.95888	0.00506	0.15969	0	7.53321	1.15129	0	0.07937	0.64239	0.12084	0.68171	0	0	0.76367	0.93021	3.66641	1.01378	0.13604	0.31991	1.52825	1.14754	1.77326	0.8104	0.40085	0.45668	0.32878	0.49738	0.05891	0.17389	1.19339	7.61069	0.40976	0	0.04838	0.05519	1.32399	0.18257	0.45163	0.24111	0.15521	1.7987	0.00909	1.37789	0.12168	0.60419	1.647	0.10149	0.32905	0.00466	0.00611	0.57092	0.02556	0.00293	12.3874	4.95644	0.03185	0.45393	0.76348	1.09086	0.04603	0.21819	0.0514	0.02354	1.77889	0	0.84228	6.21287	0.44831	0.09478	3.64155	0.03085	3.06025	0.12098	10.59302	2.73636	0	0.12549	0.001	3.28017	0	0	1.06789	0.12526	0.5287	0.06046	2.24364	0.00678	0.8793	0	2.17828	4.76462	0.46565	0.04014	0.0173	0	0.00078	0.00034	0.07728	0.53587	0	0.0384	0	0.00121	0.04156	0.0002	0	0.00119	0.00618	0.17315	0.01368	0	0.00061	0.02418	0	0	0.02142	0	0.03824	0.00221	0.01194	0.13013	0.00845	0	0	0.00752	0
Escherichia_coli	0.02748	1.51486	4.7195	3.24192	1.17723	2.15446	4.11278	0.22559	1.45904	0.87224	1.55693	18.45125	0.09847	1.69871	1.69422	0.00157	0.00891	0.72548	2.51126	0.49899	1.78528	0.05203	0.51589	3.48489	2.60095	0.00938	0.89969	0.05469	1.50866	0.24913	7.68781	0.00205	0.01166	8.42786	0.10005	0.1893	0.40233	0.03218	0.95109	0	0.42055	3.13696	24.47996	0.16523	0.25394	0.01179	19.72837	0.07617	0	0.05369	0.16977	0.67613	0.00566	0.35675	0.35496	0.03477	0.2414	0.22898	0.0159	0.17875	0.46296	4.5765	0.76658	0.06166	0.43639	0.95626	0.00697	0.11147	0	0.19317	0.0039	0.03152	0.0131	1.10627	0.37875	0.32376	2.60889	0.24	0.45205	0.09395	0.08324	0.01676	0.79671	0.0064	0.04032	0.00495	0.97131	0.01816	0.06468	0	0.08337	0.51127	0.7657	0.93685	0.06774	0.00909	0.35902	1.39065	0.23977	0.02337	0.01833	0.03405	0.37694	0.00569	0.00764	0	0.01207	0.48991	0.17161	0.00918	1.21295	0.00881	0.0407	0.17604	1.32943	0.24867	0.0278	0.02782	0.01805	0.01864	0.03293	0.92867	0.02208	0.15969	0.41272	0.00837	0	0.18032	0.05519	0.12953	0.07549	0	5.92119	0.46313	0.07567	0.02928	0	0.07961	0.049	0.17803	0.03777	0.88037	0.24744	4.03004	0	0.20628	0.00811	0.03755	0.39606	0.02638	0.37247	0.11752	0.01691	0.0246	0	0.00683	0.11264	0.0202	0.0097	0	0.00913	0.17329	0.1184	0.70223	0.01271	0.10492	0.16985	0.25265	0.00021
Phocaeicola_coprocola	0	0.03271	0	0	0	0	0	0	0.30917	4.07133	0	0	0	0	0	1.32372	1.53241	0	0	0	0	4.96975	0	0	0	0	0	0	0	0.01833	0.02485	0	0.02907	0	3.03243	0.70114	0	0	0	0	0	0	0	0	0	0	0	0	0	0	0	0	0	0	7.34406	0	0	0	0	0	6e-05	0	0.073	0	0.00087	0	0	0	0	0.2335	2.43522	0.09668	0	0	0	0	2.51941	0.82485	0	0	0	8.69207	0	0	0	0	1.74241	0	0	0	0	0.07048	0.06351	0.04828	0.66528	0	0	0	0	0	0.07903	0	0	1.89222	0.59402	0	0	0	7.04787	0	0	0	1.33903	0	0.38081	0	0.00727	1.37148	0	0	0.01894	0	0.0044	0	0.91068	0.20109	0	1.07528	0	0.08103	0	0	0	0	0	0	0.82415	0.00189	0	0	0	0	0	3.02669	0	0	0	0	0	0.66408	16.33962	0.00253	13.62889	0	1.66778	23.36735	0.00139	2.60969	0	0.00235	0.00836	0	9.3408	0.00155	0	0.00958	0	0.02022	0.00637
Candidatus_Cibionibacter_quicibialis	1.13286	0.00342	0	0	0	1.01763	0	7.67738	4.47021	4.03906	0	0.73371	3.78865	3.71991	2.25061	0	1.57176	0	0.33741	5.35803	0	0.67291	0.85696	0	0	7.57067	0	0	4.69943	3.90356	0	0	2.14653	0	0	0.60812	1.32405	0	0.00499	2.71159	0.5112	1.26616	0.47468	0	0	1.02837	0	4.26967	3.52549	1.0643	0	0.18228	1.18607	4.82273	3.03943	3.47166	0	2.46711	0	3.81702	2.71538	0.04565	0.48508	5.00738	0.81509	0.00151	0.28175	1.56414	0.99472	2.92194	0.71052	0.14152	3.68845	0.00801	0.75558	0.00542	0.05632	3.88842	0.89617	15.49555	0.66299	0.33731	0.75761	1.89435	0.4207	0.00057	0.90978	2.02451	0	0.06293	0.04797	0.27507	0.8513	0.54276	0.89439	0.76824	1.48674	0.61665	2.73626	3.66216	1.38841	1.27028	3.99689	1.1257	1.28695	0	1.89287	1.3254	2.47768	10.32805	5.97164	2.60938	7.45456	4.84472	1.12941	0.00384	0.00288	0.55882	0	3.52808	0.48561	0	0.32695	1.38219	22.032	0.37104	1.71106	1.80159	13.13686	4.99363	0.63857	6.27626	11.50634	0.0548	1.92408	0.06697	0.74407	2.38058	0.97172	0.57496	2.16446	0.01708	0	0.12487	0.00103	1.28611	1.38781	0.28161	0	0.21614	0	0	0.0906	0.00451	0.00041	0.20179	0	0	0.22795	0	0	0.0749	0.03028	0.37759	0	0	0.03201	0.01507	0.0115
Ruminococcus_bromii	0	9.29258	2.5423	0.00057	0	0	0	0.36769	0.66804	4.71958	0	0	0	0.36866	0.34949	3.98294	0.82666	0.29575	1.07595	0	3.9598	3.43678	0.21653	0	0	0	0	0.00701	6.8961	8.02666	0	4.31778	1.13426	0	0.01103	2.17738	0	0	0	10.87702	3.05106	0.94414	0	0	0	1.01234	1.42441	1.98028	5.16138	2.4984	16.97931	0	0.71776	9.73964	1.90981	0.33329	0	0.0123	0	0.11837	1.18598	0.12191	0.12437	2.03078	0.00513	5.21326	0.50119	1.08214	0.19567	2.03665	0.71609	0.03162	0.5729	0.01469	0	0.05323	3.88654	0.52301	1.25241	0.73979	1.61279	0	0	3.24898	0.27008	0.79616	0.78271	0	0	0.33211	0.70984	0.64187	0.23634	1.56206	0.77266	0	7.99507	0.96767	1.79556	0.84281	0.00273	1.36081	0.73999	0.94714	1.13402	0	0.01092	3.2752	2.22083	3.14868	0	0.51266	3.46394	2.59729	0.01444	0	13.8794	0.53608	0	0.81645	0.34483	0.00092	0.39086	1.01911	1.14343	0	0.58467	10.97157	2.50763	0.00479	0.20482	0	5.05439	0.03232	1.19504	0.66492	0.74531	0.04741	22.0022	2.45453	0.1531	3.60216	0	2.92798	0.00239	0.90328	0.50294	4.54329	0	0	0	3.38458	0.30093	0.22787	0	0.75887	0	0.23644	2.70128	0	0.1313	0.76739	0.23495	0.0743	0	0	1.45439	1.07928	0.0009
GGB3256_SGB4303	0	0	0	0	0	0	0	1.14378	10.22485	0.92779	0	0	2.88131	2.46908	2.45581	0	2.80453	0	0.07506	0	0	0	1.9376	0	0	0	0	0	0	0	0	0	6.68198	0	0	2.50631	0	0	0	0	0	0	0	0	0	0.40676	0	0	0	0	0.22607	0.16948	0.17625	0.34199	0	0	0	0.54672	0.06455	0	0	0	0.02152	0.85257	0	0	0	0	0	0	0	0.06131	0	0.00049	0	0	0	4.21857	0.34416	0	0	0	0	0	0	2.56794	0.08097	0	0	0.07775	0	0.38224	0.27326	21.68593	0.78406	0	1.28755	0	0	0.44549	0.00435	0.14523	0.27478	0	0	0.18333	0.01613	0	0.00247	0.01527	0.83049	0	0	0	0.02731	0.00541	0	0.96555	0	1.50905	0	0	0.42758	0	0	0	0	0	4.25355	0.00254	0	0	0.37879	0.0382	0	0	0	2.78444	0	0.69955	0	0	0	0.17337	0	0	1.38009	0	0	0.81409	0	0	0.29418	0.11307	0	0.18523	0	0.43167	0.52645	0	0.00018	0.02334	0.04844	0.74658	0	0	0.31215	0	0
Alistipes_putredinis	1.14142	0.03048	0.28444	0	0	0	0	7.91686	0	2.48387	0	0	1.27052	1.40815	1.84047	0	2.8342	0	0	0	0	3.71971	1.37491	0	0	2.26299	0	0	0.00054	1.08625	0	1.12384	1.62708	0	0.0002	0.65477	1.23676	2.86511	0	2.7416	6.20598	0	0	0.00427	0	3.49762	0	1.28935	2.02919	0.64814	3.58234	6.52924	2.20063	0	0	0	1.35884	0.19486	3.17313	0	4.71925	0	0.00789	0.6604	0.56155	0	3.32134	5.14002	0	3.20677	0.88566	3.69916	0	0	0	0.01062	0.45945	1.63985	0.00271	0.00997	0.11668	3.20903	0	0.72951	2.11995	0	0.01143	7e-05	1.36263	4.00729	0	4.03132	0.02464	0.01288	0.36294	0.01269	0.02927	1.9174	11.28175	1.94971	0.04034	1.29811	0.90744	0.5221	4.55404	0.30817	0.06157	0	3.17139	0.15444	0.2748	2.22061	2.05426	1.32738	0.00813	0.00138	0.00622	2.94557	2.4391	0.16029	0.88944	0	0.01339	2.61712	0.39162	1.55666	1.65345	4.50901	0.22061	0.18968	2.56796	0.34714	3.11913	0.00446	0.68308	2.19878	3.89331	0.0026	0.00436	2.25016	0.86825	0.01029	0.01252	1.9768	0.71641	5.59364	21.40969	18.59919	0.01405	6.07368	1.86682	0.00713	8.36829	0.00099	1.74531	0.0692	0.00507	11.76074	0.02297	4.85474	0.01156	0.09033	6.28608	0.08999	0.03155	0.0013	0.01859	0.09266	0.95098
Blautia_wexlerae	1.57528	16.32715	0.00029	0	0.59177	0.95375	6.1488	5.78814	0.45208	0.33118	5.56187	4.42575	0.33664	0.6606	0.61666	3.32711	1.60808	0	0.13387	20.92112	3.50442	0.04585	1.20491	2.06069	0.04538	9.20686	0.09305	0.00025	1.64129	10.43904	4.13854	1.39397	2.75331	0	0.55074	1.81819	0.76545	1.53101	0	4.71081	1.09311	0.79426	0.48078	0	2.03484	2.60391	0.16099	12.99516	5.48329	2.72456	0.06859	0.06137	0.01996	0.06282	0.28152	0.11514	0	0.06324	0.18694	0.16579	0.10089	0.05387	0.65875	0.33804	0.47378	0.10152	0.13717	0.05733	0.17551	0.36252	0.05167	0.04223	0.00599	0.25339	0.07261	0.12422	0.30483	0.04338	0.08491	0.17085	0.10046	0.02603	0.12792	0.82679	0.08238	0.17064	0.7941	0.23174	0.67029	0.2175	0.01529	0.33384	0.01755	3.08894	0.07683	0.1816	4.18383	1.814	0.10771	0.07445	0.29393	0.00247	0.10372	0.0808	0.22132	0.01503	0.03933	0.17609	0.25236	0.26135	0.09004	0.80257	0.20236	0.12609	0.47662	0.04472	2.71068	0.0394	0.00046	0.03008	0.28623	0.73705	0.01625	0.04975	0.03399	0.12486	0.17854	0.11926	0.34129	0.36472	0.19718	0.87719	0.08572	4.74971	0.2312	0.16582	0.11275	0.3103	0.12821	0.02759	0.07296	1.06943	0.03719	0.03067	0	0.02291	0.01498	0.02707	0.02063	0.37992	0.04026	0.04328	0.06737	0.26092	0.0534	0.2641	0.21717	0.01157	0.12071	0.16448	0	0	0.09601	0.35394	0.04288	0.0057	0.02734	0.11969	0.01745
Bifidobacterium_pseudocatenulatum	1.08579	6.37829	0	0	3.75343	0	0	0	0.00922	0.03424	0	2.57013	0.74884	1.02984	0.97021	1.73604	0.51352	1.93502	0.32811	0	2.35653	0.22116	0	0	1.57152	1.7621	0.69898	0.00052	2.0252	2.75343	0.18064	0.01541	0.08162	0	0	0.00094	0	19.71618	1.0189	0	1.52025	0.00246	0.77773	18.98012	13.36193	5.04058	0.40253	14.93392	1.51002	0.8225	0.23137	0.57536	0.07937	0	2.19095	1.07307	0	2.6128	0	2.7214	0.65068	0.05337	2.62849	1.36651	2.96408	4.07845	0.52496	2.03923	0.94757	0.81662	0.45089	0	1.50958	0.01009	1.67304	0.99244	2.06055	0	1.15651	0.08283	0.57846	2.05557	0	3.83903	0.096	2.60729	0.87275	1.44381	0.01745	0.1402	0.50263	0.15196	0.00214	4.94711	0.15445	0.08524	1.14665	0.9343	0	0.35354	0.85358	6.30646	0.23315	1.04773	0.03131	0.02186	0.20782	7.60082	0.10957	15.05268	4.34346	0.96111	2.41037	0.03183	7.30774	0.72664	10.42306	0.17779	0	0.01354	0	0.80834	0	0.03605	0.00843	0.06566	3.21372	0.014	2.15883	0.01495	1.40361	1.97953	2.47864	0.01354	2.53043	0.08509	0.01266	0.01861	0	0.00338	0.1134	0.72435	0	0.07911	0	0.00575	0.05453	0	0	0.04662	0.01138	0.6036	0.01203	0	0	0	0	0	0	0.28542	0	0	0	0.16072	0	0	0	0.03216	0.0706
Bacteroides_uniformis	2.90951	0.00731	0.66756	0	0.00337	0.35408	0	0	0.12796	0.81247	3.19664	0.04981	0.41472	0.29184	0.45307	1.87263	0.05727	5.55715	0.01452	1.65178	0.06214	6.64089	0.6194	0.05205	4.66463	0.20328	0.01295	0	0.14509	0.06141	0	5.26257	0.00444	0.4417	0.05665	5.02529	0.44813	0.15017	0.60604	0.31776	0.46077	3.90399	0	0.18083	1.46652	0.51389	0.01393	0.34592	1.09239	0.04717	6.22947	9.65449	5.40831	2.79285	2.94988	7.61649	1.95497	1.63073	9.95761	3.94854	12.5562	0.21191	0.09072	0.69348	3.43075	1.43147	1.56575	0.10986	2.27691	2.09474	0.79317	0.98636	1.52454	0.67707	5.72258	0.84486	0.07641	2.5646	3.48379	1.07189	1.55064	2.53322	15.57278	2.75837	0.31166	1.98073	0.14227	3.91553	4.7634	3.96908	0.39144	5.11992	0.10202	0.03248	0.2947	2.66956	0.98695	1.19896	0.16668	4.78698	0.0538	3.31871	1.20736	0.79322	0.37996	0.08203	0.04563	1.6098	2.02339	0.08463	0.24137	9.71082	0.15433	1.65167	0.00794	0.00369	0.01035	1.07272	0.22299	0.02249	0.0479	6.52833	0.24374	0.60136	0.44207	1.27884	1.23118	0.13066	0.24668	0.00536	6.56357	0.19854	4.81782	0.07998	1.44954	0.32877	0.24359	0.01974	4.07564	2.56668	0.22732	1.61677	9.24734	4.387	1.01834	0.65339	3.35726	4.91171	13.63288	0.46429	2.57694	5.69182	2.63475	0.00612	2.28546	7.5301	0.01357	1.60237	7.87878	5.34632	1.3424	2.30401	2.30513	6.22058	8.23287	8.82955	10.16784	18.50181	0.30853
Segatella_sinensis	0	0	0	0	0	0	0	0	0	0	0	0	0	0	0	0	0	0	2.44877	0	0	0	0	0	0	0	0	0	0	0	0	0	0.00863	0	0	0	0	0	0	0	0	0	0	0	0	0	0	0	0	0.65775	0	0	0	0	0	0	0	0	0	0	0	0	0	0	0	0	0	0	0	0	0	0	0	0	0	0.00171	0	0	0	0	0	0	0	0	0	0	0	0	0	0	0	0	2.92445	0	0	0	0	0	0	0	0	0	0	0	0	0	0	0	0	0	0.14736	0	0	0	0	0	0	0	0	0	0.00349	0	1.91582	0	0	0	0	3.13717	0	0.01518	0	0	0	0	0	0	0	2.94931	0	0	0	0	0	0	0	0	0	0	0	0	0	0	0	0	0	0.00312	0	0	0	0	0	0	0	0	0	0.00114	0	0	18.24945
Enterocloster_clostridioformis	0	0.01006	0	0	18.23747	0	0	0.06872	0.00058	0	0.133	0	0	0	0	0	0	0.02699	0	0	0.09561	0	0	0	0	0	0.01643	0	0	0	0	0.01077	0	0	0	0	0	0.01331	0.2572	0	0	0	0	0	0	0	0	0	0	0	0.02806	0	0	0	0	0	0	0	0.04228	0.04482	0	0	0	0	0	0.02367	0.03159	0.03883	0	0	0	0	0	0	0	0	0	0	0	0	0	0	0	0	0	0	0.00581	0.00124	0	0	0	0.0088	0	0.00251	0	0	0.06118	0	0	0	0	0	0	0	0	0	0	0	0	0	0	0.00322	0	0	0	0	0	0	0	0	0	1.48248	0	0	0	0	0	0	0	0	0	0	0	0.02321	0	0	0	0	0	0	0	0	0.02009	0	0	0	0	0	0	0	0	0	0	0	0	0	0.00111	0	0	0	0	0	0	0	0.00417	0.01219	0	0	0
Phocaeicola_dorei	0.02397	0	3.14874	0.9319	0	0.0002	0	0	0	0.04103	0	2.36228	0	1.29246	1.6135	0	0.07358	9.07132	0	2.83777	0	0	0.31323	0.40313	1.53564	0	0	0.02845	0.00231	0.07532	0.15851	0.0678	0	0	0	0.11018	0.00037	0.04552	0	0	0	0	0	0	2.11861	0	0	0.28063	0.00685	0.01891	0	1.16219	0	0	0	6.42897	0	1.97021	0	0.00147	0	0	0.02654	0.26204	1.92752	0	0	0.43606	9.0958	4.72809	0.20285	0.22051	1.21036	0.06274	0.05299	0	0	0	0	1.05252	0	0	0.57715	0.00467	0.03933	0	0.09069	0.00351	1.94456	0	0.5683	0.03288	0.03938	0.00679	0	0	0	0	0.77934	0	0	1.82029	0.07514	0.11244	0	0.77313	0.01389	2.94183	0	0.04781	0	0.49398	0.02954	0	0.21164	0	0	0.02245	1.53092	0	0	9.34582	0.00157	2.39082	0	0.03661	0.16631	0	0	0	1.88428	0.11492	10.87207	0.00016	0.13281	0.68763	0	0.00058	0.97287	0	0	18.05405	0.00447	14.13704	0.002	9.74888	0.00155	1.83675	0.00281	0.00105	0.00216	0.02539	0.00269	0	0.21524	1.3272	0.00195	0.46044	0.13085	0.83145	15.74061	1.84312	0	0.00669	1.40262	0.00046	7.45079	0.00213	1.93449
Bacteroides_ovatus	1.4835	0.01487	0	2.64188	0.02064	0.20507	5.25657	0.39389	0.17725	0.28645	0.21172	0.22205	0.17801	0.23664	0.31809	0.53474	0.06088	0.68547	0	0	0.25268	0.62792	0.00959	0.24247	1.43533	0.04181	0	11.46045	0.05696	0.37581	0	2.06843	0.0064	3.23011	1.69048	0.23433	0.03258	0.27219	0.14886	0.08769	0	0.10325	0	0.48842	0.84424	0.56702	0.11479	0.06681	0.08628	0.02416	0.30661	0.38915	3.49918	0	0.7224	0.44095	1.30604	0.26821	9.7719	0.02814	0.68385	0.08597	0.03971	0.6544	0.37258	2.01294	0.52324	0.05597	0.19132	0.50231	0.05301	0.73095	0.95595	0.14976	0.95152	1.41261	0.6447	0.21308	3.60129	1.39871	0.17679	0.80846	6.07447	0.15763	0.07459	2.08707	0.17264	0.49959	2.43392	0	0.40936	1.31547	0.05386	0.03157	0.15627	0.09541	1.59659	0.55408	0.03303	1.84637	0.05969	0.34031	0.04723	0.03099	0.15708	0.00601	0.03159	1.57525	0.01924	0.00016	0.0193	0.66901	0.04227	0.00826	0.0088	0	0.00301	0.18474	0.06467	0	0.01502	17.88861	0.01081	0.06467	0.79612	0	0.16144	0.02207	0.00528	0	0.53989	0.00539	3.52083	0.08824	0.20519	0.15533	0.1493	0.08154	0.01063	0.2329	0.21713	0.08962	0	0.15317	0.09913	0.3772	0.82067	3.33345	5.39211	0.46199	0.02559	5.08917	0.96096	0	0.14011	0.27623	1.49369	0.53416	1.2878	7.471	3.32791	0.55899	0.14685	7.04918	0.9123	0.0486	0	2.50326	0.28347
Bacteroides_caccae	0	0	0	1.55456	0.04324	0.17052	0	0	0.10085	0.2494	0	0	0.2909	0.0269	0.03228	1.00071	0.50035	0	0	0	0.31985	1.45817	0.98691	0	3.54898	0.02263	0.10489	0	0	0.15649	0.0091	0.92443	0.19943	0	0	0.07825	0.08756	0.80115	0	0.26543	0	0	0	0.46666	0	0.23905	0	0.14784	0.108	0.05761	0	1.95094	0	0	0.64261	1.46813	17.33284	0.91669	0.94324	0.61049	0.74093	0.02283	0.04278	0.15241	0.24211	0	0.70041	0.14555	0.66845	0.32903	0.16698	0.1689	0.34897	0	0	0	1.69374	2.07516	1.56412	0.6944	0.32092	0	0	0.01655	0.271	0.32808	0.67426	0.3698	1.19756	0.34998	0	0.54109	0.00859	0.00379	0.32884	0.00853	0.00939	1.46147	0.08911	0	0.03713	0.30347	0.04247	0.06358	0.34168	0.04495	0.03562	0	0.02021	0.00875	0.05936	0	0.06875	0.14361	0.00103	0	0.00399	0.13376	1.41092	0.05909	0.01652	0	0.02542	0.19004	0.24811	0.01859	0.10337	0.13862	0.07823	0	0.24446	0.01529	0	0.00263	0.17592	0	0.2366	0	0	0.20472	0.18197	0.67994	0	0.74399	0.00181	1.59988	0	0.14995	0	0.46527	2.62983	0.72901	0.25207	0	0.30203	0	0	0.20659	1.49852	1.13536	0	1.69663	0.18718	0.82828	0.00485	0	0	0	0.48146
GGB3278_SGB4328	0	0	0	0	0	5.71828	0	0	0	0	0	0	0	0.22952	0.28818	0	0	1.78576	0	0	0	0	0	0	0	0	0	0	0	0	0	0	0	0	0	6.66724	0	0	0	0	17.18809	6.08195	0	0	0	4.31284	0	3.87365	0	0	0	0.36582	0	0	0	0	0	0	0	0	1.5101	0	0.01162	2.47772	0.83395	0	0	0	0	0	0	0.01609	0.30341	0	0	0	0	0	0	0	0	0	0	0	0	0	0.04684	0	0	0.23125	0	0.00529	0	0	0.51325	0	0	0	5.80113	0	0	0	0	0	0	0	0	0	0	1.09536	0	1.06387	0	0.39425	0	0	0	0	0	0.29779	0	0	0	0	0	0	0	0	0	0	0	0	0	0.01703	0.77362	0	0	0.06712	0	0	0	0	0	0.10592	0	0	0	0	0.09457	0	0	0.4667	0	0	0	0	0	0	0	0	0	0	0	0	0	0	0	0	0
Dialister_invisus	0	0	0	0	0	0	0	0	0	0	0	0	0	0	0	0	0	0	0	0	0.00116	0.08864	0	0	0	0	0	0.57723	0	0	0	0	0	0	0	0	0	0	1.03165	0	3.01508	0	0	0	0	0	16.7856	0	0	0	0	0	4.29052	4.94663	0	0	0	0	12.72604	0	0.00864	0	0	0	0.21866	0	0	0	0.00263	0	0	0.01964	0	0	0	0.004	0	0	0.98723	0	0	0	0	0	0	0	0.00147	0.20693	0	0	0	0.01407	0	0.00138	0	0	0.00294	0	0	7.85999	0	5.64276	0	0	0	0	0	0.00023	0.00237	0	0	0	0	0	0	0	0	0	0	0	0	0.00596	0	0	0	0	0	0	0	0	0	0.05983	0	0	0	0	0	0	0	0	0	0.03543	0	0	0	0.0021	1.0123	0	0	0	0	0	0	0	0	0.00925	0	0	0	0	0	2.5712	0	0	0	0	0	0.51666	0
Clostridium_sp_AM22_11AC	0.20047	0	0	0	0	0.12347	0	0	1.01471	0.27325	0	0.52179	0.18538	0.33319	0.42377	0.44627	0.05942	0	0.48816	0	0.42648	0.11383	0	0	0.37734	0.42231	0	0	0.01095	0.02051	3.00861	0.1213	0.42918	0	0.10214	0.00011	0	0	0	0.09279	0	0	0.53438	0	0	0.06806	0	0.00045	0.05998	0.04118	1.92736	1.62497	0.51854	0	0.18511	0.25719	0	0	1.13529	0	0.25137	1.53775	0.07717	0.28773	0.00865	0	0.34242	0.17017	0.72935	0.65891	0.15052	0.02671	0.03538	1.471	0.28904	1.49561	16.58184	0.65996	0.37995	0.00574	1.99892	0.5189	0.12972	0.29719	0.11244	0	2.99564	0.64204	1.64098	0.17084	0.23342	4.59372	0.10903	0.24067	0.42211	0.03563	0.00385	0.06166	0.01778	0.68672	0.16457	0.05821	0.09514	0.16505	0.15186	0.19389	0.23991	0.41434	0.07009	0.21555	0.1455	0.2102	0.13559	2.11377	0.36186	3.31093	0.40615	0.30993	0.30954	0.05172	0.03516	0	0.57653	0.22996	0.06389	0.28959	0.36801	0.06121	0.56905	0.11011	0.43518	1.65697	6.17017	5.62749	1.4947	0.55201	0.16597	1.55376	0.15018	0.12245	0.62638	0.00809	0	0.03796	0.9157	0	0.02522	1.05986	1.01698	0.0351	0.09921	0.02054	0.25577	0.06118	0.07048	0.15748	0	0.60832	0.49065	0.10566	0	0.10301	0.02923	0	0	0.36601	0.06752	0.46896	0.09147
Phocaeicola_massiliensis	0	0.02412	0	0	0	0	0	0.36612	0.52872	0.5624	0	0	0.2091	0.24862	0.57094	0	0.20889	0	0	0	0.94662	1.84354	0.23215	0	0	0	0	0	0	0	0	0.28394	0	1.97481	0	0.09612	0.57101	0	0	0.20961	0.01567	0.53874	1.17282	0	0	0.02374	0	0	0	0	0	0	0	9.94964	0.54936	0.14757	0	0	0	3.7116	0	0.91962	0.05108	0	5.76551	0.0689	0	0.25427	12.05971	0.00613	0.36317	0.67989	0.26136	0.00244	0	0.72299	0	0	0	0	0	0	0	0.47963	4.01158	0	0.0011	0	0	0	2.52145	0.00697	0	0.00791	0	0	0	0.2467	0.29175	0	0.02425	0	0.09528	0.0778	0.14181	0	0.10115	0	0.40525	0	0.0161	0	0	0	0.04019	0	0	0	0	0.00619	0.00217	1.03244	0	0	0	0.30814	0	0.26917	0	0	0	0	0	0	0	0.81599	0.17455	0	1.063	0	0	0	0	0	0	0	3.00629	2.98205	0	0.04725	16.42976	0	4.36997	0	3.45843	15.55093	0.01613	1.14365	0	9.45499	0.0125	0	0	0	0	0.00519	0	0	0.33313
Prevotella_stercorea	0	0	0	0	0	0	0	0	0	0	0	0	0	0.21985	0.59805	0	0	0	0.61389	0	0	0	0.02991	0	0	0	0	0	0	0	0	0	0	0	0	0.02088	0	0	0	0.16089	0	0	0	0	0	0	0	0	0	0	0	0	0	0	0	0	0	0	0	0	0	0	0	0	0	0	0	0	0.00581	0	0	0	5.0171	0	0	0	0	0	0	0	4.08493	0	0	0	0	0	0.04867	0	0	0	0	0	3.22495	0	0	0.67797	0	0.03597	0	0	0	9.60152	0	0	0	0	0.03287	0	0	0.05287	0.03859	0	0	0	0	0	0	0	0	0	0	0	0.8302	0	0	0	0	0	0	0	0	0	0	0	0	0	0	0	0	0	0	0	0	2.42908	13.85881	0.00124	0	0.00156	0	0	0	0	0.00509	0	0	0	0	0	16.33651	0	0	0.0015	0	0	0	0	0.00073	0.00083	5.2849
Streptococcus_salivarius	0.30005	16.04334	3.47773	0.75068	0.00422	0.39043	0.00718	0.18506	0	0.03974	6.97201	0.26212	0.09683	0.16591	0.15233	0.06705	0.17105	0.03971	0.1366	0.15099	0.7766	0.00886	0.03662	0	0.18164	1.95836	0.61028	0.01247	0.63394	0.37079	0.86078	0.02948	2.7784	1.06801	4.33278	0.59248	0.17666	0.37276	0.03539	0.27866	0.16578	0.01669	0.59188	2.33571	0.49127	0.71029	0.00384	1.0923	0.70694	0.19696	0	0.00643	0	0.00794	0.00283	0.15895	0.03526	0.00682	0	0	0	0.00103	2.45579	0.02612	0.27698	0.07249	0.02653	0.03266	0.00224	0.02142	0.02093	0.02803	0.02648	0.48939	0.08931	0.0085	0.0443	0.00049	0.24635	0.09805	0.0898	0.02257	0.00348	0.11857	0.01234	0.06161	0.53749	0.04852	1.33083	0	0.00569	0	0.02314	0.08411	0.00038	0.0137	0.07437	0.00173	0.12165	0.01039	0.28774	0.10192	0.03418	0.03472	0.02336	0.00846	0.01895	0.00542	0.17146	0.30727	0.04645	0.02088	0.07824	0.01818	0.10753	0	1.38839	0.02796	0.00946	0.00711	0	0.39271	0	0.00926	0.0299	0.00962	0.03696	0.10213	0.03287	0.19886	0.02178	0.17537	0.00489	0.1442	0.02846	0	0.00649	0.04517	0	0.04977	0.01822	0.03128	0.0192	0.14933	0	0.00954	0	0.01328	0.01781	0	0	0.00206	0.00025	0	0.03487	0	0	0	0.03636	0	0	0.01488	0	0.01249	0	0	0	0.00916	0
GGB4651_SGB6438	0	0	0	0	0	0	0	0	0	0	0	0	0	0.19364	0.09913	0	0.00702	0	0	0	0	0	0	0	0	0	0	0	0	0	0	0	0	0	0	0	0	0	0	0	0.81452	0	0	0	0	0.12561	0	0	0	0	0	0	5.4467	0	0	0	0	0	0	0	0.35227	0	0	2.19171	0	0	0	15.43628	0	14.02422	0	0.00905	0	0	0	0	0	0.00355	0.00171	0	0	0	0	0	2.13361	0	0.00828	0.0006	0	0	0	0	0.00553	0	0	1.20062	0	0	0	5.50619	0	0	0	0	0	0	0	8e-05	0	0.00182	0.64122	0.04969	0	0	0.00025	0	0.00398	0	0	0.48572	0	0	0	0	0	0	2.29275	0	0.14204	0	1.8811	0.00094	0	0.00448	0	0	0	0	0	0	0	0.03601	0	0	0	0	0	0	0	0	0	0	0	0	0	0	0	0	0	0	0	0	0	0	0	0	0	0	0
Ruminococcus_bovis	0	0	0	0	0	15.26892	0	0	0	0	0	0	0	0	0	0	0	0	0	3.26741	0	0	0	0	0	7.65265	0	0	0	0	0	0	0.00148	0	0	0	0	0	0	0	0	0	0	0	0	0	0	0	0	0.00244	0.06998	0	0	0	0	0	0	0.68595	0	0	0	0	0	0.38863	0	0.10445	0	0	0	0	0	0	0	0	0	0	0	0	0	0	0	0	0	0	0.1126	0	0	0	0	0	0	0	0	0	0	0	0	0	0	0	0.82896	0	0	0	0	0	0	0	0	0	0	0	0	0	0	0	0	0	0	0	0	0	0	0	0	0	0	0	0	0	0	0	0	0	0	0	0	0	0	0	0	0	0	0	0	0	0	0	0	0	0	0	0	0	0	0	0	0	0	0	0	0.00151	0	0	0	0	0	0	0
Lachnospira_pectinoschiza	0.03997	0.19043	0	0	0	0.14802	0	0.14667	0	0.37808	0	0	0.11534	0.17227	0.15744	0	0	0.06612	0	0	0.06469	0.03915	0	0	0	0.05158	0.00832	0	0.26957	0	0	0.03501	0.02701	0	0.2364	0.04684	0.00644	0.08254	0.37014	0.02993	0	0	0.03971	0	1.59162	0.01581	0.00875	0.04838	0	0	1.69481	0.59512	6.27043	1.88144	0.05775	1.37772	0.1094	8.64257	1.24083	2.76932	0.37293	0.34834	0.06698	0.69505	3.15237	4.15336	1.17792	0.45614	7.25117	0.77682	1.99692	6.74844	4.74671	2.99584	0.71306	15.24456	0	0.28712	1.35165	0.56104	5.87381	0.79839	0.25521	1.41014	1.23925	1.75303	0.05813	0	1.45256	1.70854	7.60675	1.18234	0.9262	0.2542	1.04042	0.18747	0.01067	0.16826	0.01244	1.14449	0.91614	0.92597	0.94608	0.75184	0.77742	1.29267	1.62597	0	1.57181	0.25168	0	0.10874	0.11838	0.25474	0.35108	0	1.45935	0	0.36719	0.01837	0.15476	0	0.16131	0.5982	0.39677	0	1.92383	0.07633	0.0789	0	0.03447	1.93896	0.38646	0.45331	1.27524	0.93318	1.85069	0.25457	1.00678	2.0904	1.38161	0.12197	0	0	0.10314	0.87205	0.12787	0.25219	0.26664	0.47296	0.4955	0.3934	0.40759	0	0	2.32324	2.24334	0.22877	0	0.00071	3.53965	0.11446	0.05982	0.22052	0.38536	0	0.47778	0.3646	0.54616
Roseburia_inulinivorans	0.00253	0.87427	0	0	0	0.79062	15.21742	0.32472	0.06502	0.51608	0	3.10946	0.08138	0.43372	0.38968	2.30692	0.03665	0	1.57447	0.173	0	3.471	0.0349	0	0.05608	2.3425	0	0	0.00515	0.3658	0	0.97576	0.60244	0	0	0.1616	0.18329	0.6667	1.07773	0.67332	0.01728	0.02182	0.78727	0	0.62408	1.86048	0	0.01604	0.19021	0	2.27722	3.89019	2.78075	1.24817	1.42205	0.00075	0	6.4298	0	3.66872	0.70049	0.01924	1.96046	1.8822	0.2925	0.02625	2.52797	0.2609	0.20745	2.92029	0.09497	4.09766	1.75898	3.00485	1.35215	6.78773	0.10973	0.40177	4.61032	2.502	0.81813	0.60518	0.39025	1.18104	0.0314	0	0.05944	5.76799	3.83743	0.01144	6.65488	1.65594	0.45323	0.79497	3.41182	0.32617	0.08157	0.01038	0.07866	2.67152	2.05809	0.04785	1.22972	0.13689	1.20165	0.2222	0.48265	0.01393	4.30899	0.80939	0.28747	1.17	0.45253	2.69538	0.56122	0.75092	0.08478	0.01839	0	0.12398	0.02156	0.02423	0.39332	0.10275	0	0	0.0519	2.36767	2.66674	0.00991	0	1.03483	1.85805	0.02327	0.3089	2.08754	1.55899	5.08028	1.472	0.32726	0.67886	1.63628	0	0.02427	0.21461	0.43838	0	0.04793	0.27279	0.03299	0.69177	0.04924	0.68045	0	0.01053	0.00265	0.56879	0.06738	0.0073	0	2.26284	0.06031	0.12561	0.15738	0.11734	0	0.09316	0	0.05759
Ruminococcus_sp_AF13_28	0.01019	1.61983	0	9.02634	0	0	0	0	1.09664	0.13754	0	4.59201	0.00483	0.17519	0.17579	1.35545	0.00941	0	0.08428	0.2506	0.38602	0.22388	0.06474	0	0.03519	0.09047	7.555	0	2.65412	0.06154	0.91651	0.49351	0.49103	0	15.18887	0.02869	0.07175	2.88603	2.13783	6.03314	0.32584	0.06074	0.34481	0	0.57199	0.28496	1.82553	0.41654	0.01711	0.01338	0	0	0.02687	0.01198	0	0	0.00943	0	0	0.01606	0	0.01852	0.31969	0.08263	0	0	0	0.02428	0.00099	0	0.0031	0	0.01629	0.03508	0.00111	0	0.16124	0	0.16289	0.00351	0.00347	0.00416	0.04759	0.02018	0	0.02886	0.09773	0.0331	0	0	0.02787	0	0	0.00782	0	0.01007	0.14702	0.00669	0.00887	0.09896	0.00685	0	0	0.00778	0.00967	0	0.02395	0	0	0.00986	0.05681	0	0	0.02237	0.004	0	0.00181	0.0037	0.00259	0	0.00103	0	0	0	0	0	0	0.03785	0.00686	0	0	0	0.06722	0	0	0	0	0.00554	0.01296	0	0.0135	0.04309	0	0	0	0.02352	0.00179	0	0.01615	0.02291	0.08945	0	0	0	0	0	0	0	0.00753	0	0	0	0	0.0042	0.01993	0	0	0	0
Bifidobacterium_bifidum	0	2.66065	0	0	0.23402	1.31143	0	0	0	0	0.00097	0.00633	0.55221	0	0	0	0	0	0	0	0	0	0	0	0	0.79251	14.82952	0	0	0	0	0	3.94309	0	0	0	0	10.70322	0	0	0.00689	0	0	0	0	0.00071	0	0	4.0561	0	0	0	0.03646	0.01962	0	0	0	0.04896	0	1.4734	0	0	0.48325	0.12157	0	0	0	0.0818	0	0	0	0	0	0	0	0	0	0	0	0	0	0	0	0	0	0.38063	0.16955	0	0	0	0	0	0	0	0	0	0	0	0	0.25361	0	0.36081	0	0	0	0.05808	0.01213	0	0.15728	0.96921	0.58194	0	0	0	0	0	0	0.22214	0	0.19353	0	0	0	0	0	0.01246	0	0.02475	0	0	0	0	0	0	0.31168	0	0	0	0	0.00206	0	0	0	0	0	0.05567	0	0	0	0	0	0	0	0	0	0	0	0.00249	0	0	0	0	0	0.04396	0	0	0.02455	0.0193	0.10787
Anaerostipes_hadrus	1.16928	1.44359	0	3.68716	0	0.28011	0	1.04924	0.00315	0.1619	1.0413	1.53701	0.11424	0.07984	0.09607	0.9	1.86322	0.17105	0.59696	1.15225	0.36657	1.23335	0.33749	0	0.02246	3.35134	0.09701	14.30515	0.34236	1.82426	0.57435	0	0.25449	0	2.82661	0.69924	0.14589	0.52742	0.32496	0.90705	0.17093	0.15648	0.36612	0	0	0.30238	0	0.88135	1.22478	0.78886	0.22046	0.8745	0.06015	0.10783	0.25947	0.1952	0	0.26547	0.05364	0	0.10383	0.01198	3.34919	0.00248	0.85675	0.77673	0.26019	0.11044	0.01561	0.01855	0.04145	0.04678	0.01714	1.77983	0.01068	1.19415	0.07583	0	0.52942	0.00727	0.19261	0.04664	0.70789	0.44545	1.08331	0	1.35749	1.25761	0.12272	0.26072	0.05215	0.09419	0	2.77977	0.03094	0.00125	0.00177	1.31106	0.02324	0.05816	0.64012	0.14331	0.01774	0.02236	0.00565	0	0.04687	1.15039	0.00811	1.1546	0.00432	0.33516	0.01512	0.00058	0.46486	0.15836	0.33816	0.0232	0.14465	0.01544	0	0.00689	0.04877	0.01264	0.01032	0	0.15871	0	0.0016	0.0363	1.0718	1.36979	0.14837	0.36015	0.29405	0	0.00636	0.00307	0.25464	0.12628	0	0.1195	0.00161	0.01987	0	0.01196	0.0208	0.01442	0.1687	0.12291	0.00886	0.03754	0.00317	0.00884	0.07448	0.07695	0.10333	0	0.03847	0.00131	0.03181	0	0	0.03926	0.09807	0.04299	0.01834	0.04679	0.04455
GGB3277_SGB4327	2.59353	0.00754	0	0	0	0	0	0	0	0	0	0	0	0	0	0	0	0	0	0	0	0	3.36661	0	0	6.11482	0	0.00141	0	0	0	0	0	0	0.00547	0	0	0	0	7.00899	0	0	0	0	0	0	0	0	0	0.25563	0	0	0	0	1.41128	0	0	0	0	0	0	0	0.00797	0	0	0	0	1.10252	0	1.01267	0	0	0	0	0.53716	0	0	0	0	0	1.64499	0	0	0	0.76294	0	0	0	0	0	0.01375	0	0	0.00906	0	0.20947	0	14.27211	0	0	2.07991	0	0	0	3.25924	0	0.01745	0	1.72436	0.03674	0	0	0.68911	0	0	0	0	0	0	0	0	0	0.11889	0	0	0	0	0.56683	0	1.15379	0.55947	0.00844	0	0	0	0	3.31751	0	0	0	1.96608	0	0	0	0.00844	0.05462	0	0	0	0	0.06238	0	0	0	0	0	0.0855	0	0	0	0	0.19431	0	0	0	0	0	0.41647	0
GGB51647_SGB4348	0	0	0	0	0	0	0	0	0	0	0	0	0	0	0	0	0	0	0	0	0	3.71644	1.37136	0	0	0.73852	0	0	0	6.84084	0	0	0	0	0	0.68321	0	0	0	0	0	0	0	0	0	0	0	0	9.14927	0	0	0	0.03797	0	0	6.10254	0	0	0	0	0.4982	1.63272	0.03031	0	0.00635	9.2519	0	0	0.00129	0.13128	1.00108	0.03934	2.99959	0.05536	0.00034	0	0	0.10037	0.73274	14.1903	0.00168	0	0	0	2.54069	0	0.66072	0.00069	0	0	0	0.00694	0	0.05912	0.90256	6.70777	0.00265	0	0	0.09386	0.0076	5.70759	0	1.16309	0	0	0.01245	0	0	0.09831	0	0	0	0.30393	0.00325	0	0.00059	0	0.35854	6.65417	0.56475	0	0.51042	0	12.69805	0	0	0	0	0	0	3.19095	0	0.50095	0	2.06398	0	0.01109	0	0	0	0	0	0	0	0.05763	0	3.42121	0	0	0	0	0	0	0.24117	0	0	0.06497	0	0	0	0.09738	0	0	0	0	0	0	0.17391
Bacteroides_thetaiotaomicron	1.6159	0	0.12471	0.87502	0.00668	0.01206	8.31517	0.01518	0.00714	0.07759	0.02644	0.08901	0.14967	0.05467	0.09621	0.2549	0.12123	4.61652	0	3.92443	0.01502	4.66847	0.0583	0.32509	0.78555	0.00095	0.00115	0.06459	0.00235	0.20099	0.00127	0.51668	0.0219	0.2671	0.24731	0.14664	0.05075	0.04095	2.08488	0.00885	0.13941	0.05096	0	0.07616	0.59358	0.07023	0	0.01478	0.06544	0.00102	0.80808	1.00895	0.7027	1.11178	0.46021	0.18442	0	0.28654	0.19519	0.6044	0.13378	0.05418	0.00303	0.08677	0.02831	0.25513	0.96739	0.01135	0.39156	0.6125	0.06417	0.30432	0.19635	0.00551	1.21329	0.67734	0.09385	0.36523	0.71107	0.34917	0.09495	1.39965	0.88101	0.45077	0.38656	0.24894	0.05968	0.29788	0.57904	0.54497	0.0208	0.57463	0.08347	0.00828	0.01139	0.28534	0.11101	0.03982	0.17552	0.60868	0.00076	0.31643	0.20642	0.04186	0.01204	0.08441	0.00623	2.61281	0.00892	0.00474	0.11349	0.33617	0.00229	0.08948	0	0	0	0.01779	0.47051	0.00276	0.00332	0.16613	0.03579	0.10395	0.22906	0.03607	0.17808	0.13973	0.01122	0	0.11688	0.01129	0.98394	0.00378	0.71496	0.26968	0.0069	0	0.57764	0.15456	0.04531	0.18649	14.09057	0.01213	0.3928	0.31313	0.5141	0.29326	1.9927	0.10723	1.09102	0.11396	0.01279	3.15958	0.32075	3.51467	2.6542	12.35042	0.85413	12.86282	2.02636	0.73817	0.87398	0.08159	1.53305	0.00287	1.45395	0.2889	0.09449
GGB4611_SGB6385	0	0	0	0	0	0	0	0	0	0	0	0	0	0	0	0	0	0	0	0	0	0	0	0	0	0	0	0	0	0	0	0	0	0	0	0	0	0	0	0	0	0	0	0	0	0	0	0	0	0	0	0	0	0	0	0	0	0	0	0	0	0	0	0	0	0	0	0	0	0	0	0	0	0	0	0	0	0	0	0	0.09699	0	0	0	3.24345	0	0	0.00173	0	0	0	0	0.33805	0	0	0	0	0	0	0	0	0	0.05116	0	0	0	0	0	0	0	0	0	0	0	0	0	0	0	0	0	0	0	0	0	0	0	13.88954	0	0	0	0	0	0	0	0	0	0	0	0	0	0	0	0	0	0	0	0	0	0	0	0	0	0	0	0	0	0	0	0	0	0	0	0	0	0	0	0	0	0
GGB4642_SGB6422	0	0	0	0	0	0	0	0	0	0	0	0	0	0	0	0	0	0	0	0	0	0	0	0	0	0	0	0	0	0	0	0	0	0	0	0	0	0	0	0	0	0	0	0	0	0	0	0	0	0	0	0	0	0	0	0	0	0	0	0	0	0	0	0.20747	0	0	0	0	0	0.08686	0.52037	0	0.07636	0	0	0	0.05199	0	0	0	0	0	0	0	0	0	0	0	0	0	0	0	0.30747	0	1.80998	0.00115	0	0	0	0	0	0	0.01905	0.63818	1.24081	0	0	0	0	0	0.00072	0	0	0	0.01144	0	0.00431	13.49981	0	0	0	0	0.81604	0	0	0	0	0	0	0	0	0	0	0	0	0.12048	2.36771	0.51713	0	0	0	0	0	0	0	0	0	0	0	0	0	0	0	0	0	0	0	0	0	0	0	0	0	0	0	0	0	0	0
Eubacterium_siraeum	13.08787	0	0	0	0	0	0	0	0	0	0	0	0	0	0	0	0	0	0	0	0	0	0.64103	0	0	0	0	0	0	0	0	0	0	0	0	0.53876	0.87085	0	0	0.73223	0	0	0	0	0.00105	0.00079	0	0	0	0	0	0	0	0	0	0	0	0	0	0	0.04494	0	0	0.30246	0	0	0	0.00595	0	0.59575	5.10495	0.01092	0	0	0	0	0	0	0	0	0	0	0	0	1.30984	0	0.00584	0.0859	0	0.13653	0	0	0	0	0	0.06315	0.21798	0	0	0	0.72953	0.14282	0.07799	4.3054	0.02686	0.27007	0	0	0.35691	0	0	1.4201	0	0	0	0	0	0	0.07342	0.06102	0	0	0	0	0.85033	0	1.22869	0	0	0	0.27715	0	0	0	0	0	0.00241	0	0	0.02247	0	0	0	0	0.0006	0	0	0	0	0	0	0	0	0	0	0	0	0	0.32959	0	0.00278	0	0	0	0	0	0	0	0
Tyzzerella_nexilis	0	0.01993	1.66687	1.75601	0	0	0	0	0	0	0	0	0	0	0	0	0	1.91678	0	4.3286	0	0	0	2.64856	0.03839	0	0	0	0	0	0.01938	0	0	0	0	0	0	0	12.77269	0	0	0	0	0	0.02826	0	0	0.61376	0	0	0	0	0.01206	0	0	0	0	0	0	0	0	0	0.00844	0	0	0	0	0	0.01482	0	0	0	0	0	0	0.27206	0	0	0	0	0	0	0	0	0	0	0	0	0	0	0	0.53902	0	3.69893	0	0	3.19285	0	0	0.03276	0	0	0	0	0	0	0	0	0.01256	0	0	0	0	0	0	0	0	0	0	0	0	0	0	0	0	0	0	0	0	0	0	0	0	7.20046	0	0	0	0	0	0	0	0	0.12142	0	0	0	0	0	0.05766	0	0.14939	0	0	0	0	0	0.0287	0	0	0	0.28815	0	0	0	0	0.02921	0	0	0
Roseburia_faecis	0	0.43247	0	0	0	8.41711	0	0	0	1.77614	0	0.09446	0.4364	1.28865	2.02826	2.72238	0.67618	0	0.01502	0.67373	1.63269	0.77564	0.29866	0	0.02047	2.2565	0	0	0.2058	0	0.00041	0	3.20069	0	0	0.554	0.01272	0	0	2.37921	0.01949	0.00212	0.18418	0	2.58791	3.82059	0.74397	0.46813	0	0	1.0101	0	4.195	0.65374	0	0	3.08659	12.74359	0	0.52239	0.12687	0	0.01775	0.2109	0.98846	0	0.59602	1.14373	2.24059	0.41474	0.97928	0.78882	3.98805	0.80823	0.45577	4.23578	0	0.14282	0	0.57869	0.58037	0	0.06169	0.01804	0.50009	0.07212	0.05948	0	0	0	0.30579	0.04709	0.18667	0.38414	0.50028	0.65033	2.92794	0.02953	0.00334	2.06269	2.21809	0.66349	3.37137	2.33936	0.27756	0.04833	1.47799	0.04985	2.2074	1.40488	0.02388	0.43631	0.62978	2.02203	0.11673	0.01499	0.47748	0	0	0.06432	0.04179	0	0.98465	0.65328	0.55496	0.92501	2.32194	1.28308	0.44451	0.0014	0.78569	2.33351	1.34076	0.02717	1.72885	0.00128	0.45121	1.21826	0.90546	0	0.0226	0.06273	0	0.11749	0.13485	0.90929	0.95	1.34199	4.66378	0	0.04769	0.34748	2.39476	0	0.054	1.34975	0.24656	0	1.03928	0.30541	0.07228	4.72176	0.04252	1.3848	0.00564	0.06608	0.78937	1.24311	0.74751
Roseburia_hominis	0.14598	0.00436	0	0	0	0.07385	0	0.43235	0.0739	0.00323	0	0	0.01184	5.56592	5.3817	0	0.63456	12.59279	0.01217	0.01577	0.44114	0.95418	0.09273	0	0	0	0	0	0.00446	1.28644	0	0.00442	0.1654	0	0	2.0753	0	0.02452	4.32325	0.01522	0.04131	1.14227	0	0	0.98312	0.0051	0	0.14148	0.54957	0	0.03116	0.20765	0.018	0.24187	0	0.06191	0	0.14473	2.03328	0.18261	0.18991	1.54259	0.02092	0.16251	0.24942	0.43135	1.69483	0.40209	0.36655	0.03082	0	0.31712	0.41094	0.06051	0	0	0	0	0.39129	0.20059	0.21548	0.31578	0.01541	0.34143	0.11245	0.41955	0.0085	0	0	2.61012	0.19667	0.00093	0.57499	0.00241	0.55507	0.127	0.01253	0.03112	0.12269	0.02282	0.08618	0.02446	1.40984	0	0.32467	0.23609	0.00378	0.32634	1.59913	0.01906	0.16936	0.81755	0.01044	0.10266	0.01402	0	0	0.07376	0	0.0141	0.36078	0.08545	0.10287	0.32489	0.46833	0.18432	2.44662	0.11945	0.19947	0.21836	0.46077	0.05471	0	0.00358	0.07334	0.22317	0.55183	0.16712	1.41501	6.58587	0.00213	0.00268	0	0.00498	0.10163	0.80983	0.09716	0.04595	0.05729	0.33342	0.00089	0.0727	0.56597	0.06205	0.14126	0.28326	0	0.51517	0.88897	0	0	0.41866	0.37374	0.1026	0	0	0.00693	0.00328	0.00624
Enterocloster_bolteae	0	0.01312	3.30597	0.01378	2.51316	0.02902	9.90327	0.06432	0.0999	0	0.06478	0	0	0.04896	0.06295	0.19949	0	0.45293	0	0.09465	0.10394	0.0045	0.06341	0.39108	0.04666	0.02637	0.32653	0	0.04799	0.0043	0.74524	0.01077	0.00249	0.45237	0.37508	0	0.00861	0.00661	0.72903	0.01468	0.00521	0.00387	0	0.12118	0	0	0.01955	0.05088	0	0	0.07569	0.00314	0.00075	0.05107	0.00571	0	0	0	0.06829	0.36218	0.0276	0.01311	0.00275	0.03254	0.04042	0.04311	0.02429	0.03013	0	0.00389	0	0.00422	0	0.14635	0.004	0.0021	1.80718	0.02676	0.00504	0.00853	0.00223	0.03305	0.0961	0.02614	0	0.10371	0.05563	0	0.08165	0.00973	0	0.50352	0	0.21718	0	0	0.22048	0.06055	0.00423	0.0241	0	0	0.00566	0	0.00638	0	0.00064	0.05626	0.00221	0	0.01006	0.09051	0	0.02394	0	0	0.00083	0.00011	0.08526	0.0047	0.00245	12.49498	0	0.00375	0.33418	0.00909	0.00139	0.00177	0	0	0.00275	0.06732	0.04971	0.11528	0.00029	0	0	0	0.01219	0.00325	0	0.35204	0	0	0.00211	0.00212	0.00224	0.03071	0.02668	0	0.00065	0	0	0	0	0.01232	0.14298	0.00104	0.0059	0.01113	0.01624	0.01407	0	0.00202	0.05228	0.02047	0.00089	0.02237	0
GGB2734_SGB3677	0	0	0	0	0	0	0	0	0	0	0	0	0	0	0	0	0	0	0	0	0	0	0	0	0	0	0	0	0	0	0	0	0	0	0	0	0	0	0	0	0	0	0	0	0	0	0	0	0	0	0	0	0	0	0	0	0	0	0	0	0	0	0	0	0	0	0	0	0	0	0	0	0	0	0	0	0	0	0	0	0	0	0	0	0	0	0	0	0	0	0	0	0	0	0	0	0	0	0	0	0	0	0	0	0	0	0	0	0	0	0	0	0	0	0	0	0	0	0	0	0	0	12.49431	0	0	0	0	0	0	0	0	0	0	0	0	0	0	0	0	0	0	0	0	0	0	0	0	0	0	0	0	0	0	0	0	0	0	0	0	0	0	0	0	0	0	0	0	0	0
Agathobaculum_butyriciproducens	0.17453	1.16609	0	0.25851	0	1.46943	0	0.50287	3.48541	0.60946	1.70672	1.22856	0.50365	0.50292	0.47946	2.57912	0.94972	1.48768	7.53034	0.40083	0	0.35303	0.8684	0	0.5668	2.26537	1.88553	0	0.45933	0.88224	0	4.92091	1.38368	0	3.84928	0.1334	0.56627	0.05619	0	0.17393	0.24616	0.11499	8.27708	12.3401	4.81913	0.75313	0.00754	0.42621	0.38852	0.52529	0.52223	0.45889	0.15511	0.68718	0.2033	0.09671	0	0.5146	0.41979	0.73349	0.3805	0.55181	1.63507	0.36552	1.08338	0.71905	0.42784	0.08722	0.21471	0.71813	0.29936	0.06423	0.16894	2.15677	0.27872	2.35944	0.59284	0.32217	2.1316	0.15458	1.34392	1.25008	0.21658	1.34303	0.08639	0.40263	0.9056	0.67563	1.62832	0.15936	0.08779	1.06491	0.38223	3.18707	0.34312	0.46645	0.02142	0.00698	0.39491	0.38081	0.96814	0.19003	0.55129	0.4593	0.84765	0.06997	0.13841	0.03191	0.4118	0.33539	0.40728	0.79822	0.31795	0.86272	0.01557	0.13494	0.62746	0.14038	0.50185	0.11051	0.06179	0	0.15728	0.16054	0.0415	0.26815	1.03874	0.57027	0.70232	2.3089	0.31491	1.38387	0.79335	1.41411	1.55868	0.4396	0.60536	0.82619	0.38187	0.28451	0.31554	0.12946	0	0.00564	0.00163	0.0128	0.01817	0.37308	0.04563	0.04428	0.00364	0.02763	0.093	0.01194	0.06479	0.10522	0	0.24669	0.04045	0	0	0.04857	0.00455	0.07599	0.05041	0.0046	0.03107	0.05766	0.01511
Klebsiella_pneumoniae	0.01592	0.09082	0.18227	0	0	0.03403	0	0	0	0.01345	0.06034	0.18084	0	0.46104	0.44004	0	0.252	0.08474	0.13261	0	1.63044	0.33572	0	0.11232	0.61099	0	0	0	0	0	0	0	0.00177	0.04038	0	0	0	0.01331	0.35942	0	2.89766	0	0.27249	0.00877	0	0.00283	12.27727	0	0	0.35401	0	0	0	0.97734	0	0	0.04351	0.07343	0	1.48804	0.13461	0	0.49175	0.0898	0	0	0	0	0	0.01155	0	0	0	0.0303	0.01443	0.11128	0.00987	0	0.15864	0.28593	0	0.00093	0.00399	0	0.01863	0.29837	0.00526	0	0.99951	0	0.0459	0.00441	0.17435	0.07235	0	0.02549	0.02189	0	0	0	1.4112	0.71777	0.03679	0	0	0	2.25947	0	0	0	0	0	1.10286	0	0	0	0	0	0.11889	0.05291	0.00295	0.02286	0	0.01846	0	0	0	0	0	0.08679	0	0	0.07659	0	0	0	0	0	0	0	0	0	0.00819	0	0	1.04958	0	0	0	0.13075	0	0.01878	0	0	0	0	0	0	0	0	0	0	0	0	0.05308	0.03918	0.13835	0	0
Lachnospira_eligens	1.42557	0.00109	0	0	0	0.24384	0	0	0	0.53208	3.10452	0.00084	0.21343	0.02417	0.04047	0.20562	0.46813	0.10241	4.77273	0	0	0.26444	0.5425	0	0.08069	0.02758	0.00428	0	0.42797	0.32168	0	0	0.05798	0.91524	0	0.29399	0.10712	2.11067	0.00416	0.11806	0.04078	0.01922	0	0	1.60315	2.036	0	0.00736	0.18168	0.39718	0	1.74126	0	0	0	0	12.22492	0	0	0.012	0.25829	0.19299	7.94117	0.01922	0.1671	2.75877	0.35362	1.01044	0.00795	0.36872	5.65459	0.47813	0.1675	2.93289	1.31518	0.03387	0	0.23997	0.27312	0.86548	6.5304	4.54127	0	2.53861	9.56312	0.078	0.06319	0.00522	0.07929	3.96982	0.29576	0.04194	0.04832	0.02001	5.76271	0.00132	0.12613	0.1282	0.66808	0	0.04884	0	0.16409	2.68877	0.06857	0.06743	0.13532	0.57672	0.04175	0.18338	0.20369	0.01833	0.06724	0	0.00188	0.00937	0.29414	0.61764	0	0.06469	0	0	0.45848	1.48599	0.94667	0	0.02939	0.61066	0.02966	0.03362	0.04226	2.22381	0	0.02977	2.0728	0.05778	0.23066	0.19103	1.3742	0.54155	0.60428	0	0.28759	0.07255	0.02175	0.10468	0.08944	0.08046	0.67278	0.32989	0.04692	0.44237	0.16916	0	1.00186	0	0	0.18683	0.04298	0	2.78891	0.03599	0.10198	0	0	0	0.34002	0.24729	0.3595
GGB9758_SGB15368	11.99362	0	0	0	0	0	0	0	0	2.85811	0	0	0.04935	2.94789	3.53089	0	0	0	0	0	0	0	0.33196	0	0	0.69259	0	0	0	2.07264	0	0	0.07448	0	0	1.48159	1.02623	0	0.00066	0.04432	0.28547	0	0	0	0.00226	2.14656	0	0.58882	0.38591	0.86248	0.09209	0	0	0	0	0.17622	0	0.00492	0.01904	0.00058	2.34333	0	0	0.70645	0.03321	0.19602	0	3.4042	0	0.56532	2.57745	0.02456	1.00798	0	0	0	0.00361	1.31303	0.37972	1.12195	0.05251	0	0	3.2151	0.89139	0	0.02911	0	0	1.60517	0	0	0.01438	0.0005	0.04091	0.19107	0.06828	0	0	0	2.84246	1.00902	8.24713	4.86686	0.75486	0.19962	0.00557	1.03929	0	0.43907	0.11502	2.29637	0.84094	0	0.00866	0	0.01397	1.4019	0	0.39527	0	0	0.01302	0	3.95119	0.14367	1.62922	1.26335	1.10968	0.03932	0	0.29399	0	0.02036	2.07471	0.08919	0.32627	0.00294	3.38604	0	0	0	0	0.08887	0.04928	0	0	1.53979	0	0.39171	0	0.58285	0.01785	0	0	0	0	0.05409	2.94201	0	0	0.02439	0.10692	0	0	0	0	0.15951	0
Blautia_caecimuris	0	0.90555	0	0.0566	0	0	11.90978	0.90503	0	0	0	0.00427	0	0	0	0.01132	0	0	0	0	0	0	0	2.2715	0.13556	0	9.11172	0	0.05061	0	0.27925	0	0	0	0	0	0	0.01617	2.11374	0.11268	0	0	0	0	0	0	0	0.7341	0	0	0	0	0	0	0	0	0	0	0	0.08294	0	0	0	0	0.00198	0	0	0	0	0	0	0	0	0.02442	0	0	0.04102	0	0	0	0	0	0.00884	0	0	0	0.00284	0	0	0	0	0.03308	0	0.10981	0	0	0.13764	0.00487	0	0	0	0	0	0	0	0	0	0	0	0	0	0	0	0	0.0002	0	0.22937	0	0	0	0	0	0	0	0	0	0	0	0	0	0.01323	0	0	0.02387	0	0	0	0	0	0	0	0	0	0	0	0	0	0	0	0	0.01771	0	0	0	0	0	0.0005	0	0	0	0	0	0	0	0	0.00483	0	0	0
GGB3740_SGB5077	0	0.05518	0	0	0	0	0	0.06654	0	0	0	0.03568	0	0	0	0	0	0	0	0.24772	0	0.08179	0	0	0	0	0	0	0	0	0	0	0	0	0	0.03914	0.02293	0	0	0	0	0	0	0	0	0	0	0	0.02505	0	0	0	0	0	0.85236	0	0	0	0	0	0	0	7.48775	0.0514	0	0	0	0	0	0.01598	0	0	0.18819	0.00525	0	0.93493	0	0	0.08218	0.28232	0	0	0	0	0	0	0	11.64334	0.74367	0	0	0	0.01502	0.00672	0.01304	0	0	0	0	0	0.43915	0.33013	0	0	0.02649	0	0	0.15941	0	0	0.01576	0	0.01567	0.44014	0	0	0	0	0	0	0	0	0.73259	1.20102	0	0	0	0.09683	0.04111	0	0	0	0	0.01277	0	0	0.0661	0	0	0	0	0	0	0	0.06889	0.05904	0	0	1.3467	0	0	0	0	0.01253	0.10295	0.48656	0	0	0.26315	0	0	0.21105	0	0	0	0	0	0	0
Blautia_hansenii	0	0.53106	0	0.82884	0	0	0.81665	0.00485	0	0	0.35576	0	0	0	0	0.13093	0	0	0	0	0.09678	0	0	3.74527	0.02623	0	0	0	0.01646	0	0	0	0	11.60799	0	0	0	0.17067	5.08321	0	0	0	0	0	0	0	3.24987	0.14721	0	0	0	0	0	0	0	0	0	0	0	0.00301	0	0	0.0041	0	0	0.00125	0	0	0	0	0	0	0	0.00236	0	0.11968	0	0	0	0	0	0	0	0	0	0	0.51581	0	0.24467	0	0.0353	0.16082	0	1.85162	0	0	2.98271	0	0	0	0	0	0	0	0	0	0	0	0.00751	0	0	0	0	0	0	0	0.02045	0	0	0	0	0	0	0	0	0	0	0	0	0	0	0	0	0.04465	0	0	0	0	0	0	0	0	0	0	0	0	0	0	0	0	0	0	0	0	0	0	0.01038	0	0	0	0.00124	0	0	0	0.0097	0.0174	0	0	0
Ruminococcus_bicirculans	0	0	0.25856	0.25555	0	0	0	0.25363	0	0.98471	0	0.00818	0	0.06766	0.12692	0	0.00807	0.22428	0	0	0	1.76249	0.00735	0	0	0.01139	0	0	0	1.70075	0	0	0	0	0	1.2505	0.41462	0	0	0	0.05878	0.00531	0	0	0	0.00524	0	1.28282	2.07515	0.00505	1.44842	0.05709	9.2041	1.43168	0	1.44699	0	0	0	0	0.01455	0	0.00176	0.30034	0.01366	0.33916	2.29121	0.25075	0.1058	0.30557	0.11068	0.03827	0.43237	0.00017	0.26697	0	0	0.23264	0.00493	0.97311	0.15108	0.00223	0.53748	1.33241	0.05395	0.0278	0.14669	0	0	0.92088	0.08017	0.0144	0.02039	0.00118	0.68441	0.03648	0	0.55065	0.4233	5.20576	0	0.00533	0	0.08033	0	0	0.00425	0	0.16655	0.00876	0.01063	0.02202	0.45968	0.04749	0.00135	0	0	0.01181	0	0.50417	1.17888	0	1.28582	0	0.04477	0	0.01968	1.96192	0	0.00534	1.03035	0.02169	0	0.03404	0	0	0	0	0.01844	0.05771	0	0.27058	0.90839	0.01563	0.1495	0.95992	2.51563	6.22752	0	0	0	0.80447	0	0.2298	0	0	0.00122	0.00321	0.62631	0	0	0.06937	0.00556	11.36729	0.00431	0	0.00449	0.12866	0
GGB4684_SGB6478	0.33584	0	0	0	0	0	0	0	0	0	0	0	0	0	0	0	0	0	0	0	0	0	0	0	0	0	0	0	0	0	0	0	0	0	0	11.33554	0	0	0	0	0	0	0	0	0	0.00411	0	0	0	0	0	0	0	0	0	0	0	0	0	0	0	0	0	0	0	0	0	0	0	0.08132	0.60718	0	0	0	0	0	0	0.00193	0.00032	0	0.00052	0	0	0	0.03085	0	0.00487	0	0	0.00336	0	0	0.03859	0	1.71405	0	0.00458	0	0.0857	0	0.00344	0	0	0.65951	7.35134	0	0	0	0	0.00031	0	0	4.695	0	0.00043	0	0	0.14877	0	0.40752	4.59745	0	0.40391	0	0.00411	0	0	0	0	0	0	0	0	0.00178	0	0.05477	5.35578	2.75862	0.70341	0	0	0	0	0	0	0	0	0	0	0	0	0	0	0	0	0	0	0	0.01999	0	0	0	0	0	0	0	0	0	0
Alistipes_onderdonkii	0.01846	0.02241	0	0	0	0.01138	0	5.69066	0.02119	0.12602	0	0	0.46304	0.07586	0.06179	0	0.02383	0	0	0	0	0.35626	0.11585	0	0	0	0	0	0	0.00097	0	0.42079	0.04928	0	0.01965	0	0.00262	0.27122	0	0.03436	0.60639	0	0.00523	0	0	0	0	0	0.85213	0	0.78546	0.02174	0	0	0.00107	0.06634	0.11936	0.09477	0.07319	0	1.08899	0.0197	0.00229	0.25261	0.06229	0.15648	1.26659	0.12314	0.1359	1.31142	0.24284	0.17621	0.04161	0	1.0594	0	0.00196	0.20858	0	0.53166	0.01557	0.77727	3.10989	0.22905	0.05421	0.36855	0	0	0	0.1019	0	0.76198	0.00365	0.00071	0.0369	0	0.06124	0.45253	0.52477	0	0.0126	0	0.13292	0.14706	0.02125	0.19475	0.01179	2.02674	0.39191	0	0	1.45092	0.00234	0.05662	0	0	0	0.08165	0.00472	0.06553	0	0.20465	0	0.09796	0.4512	0.08949	0	0.05423	0.00734	0	1.11031	0.00154	0	0.00021	0.02238	0.02455	0.00696	0.18162	0.12443	0.19242	0.26057	0.24285	0	2.41826	0.07042	3.1746	0	0	0	1.53506	0.13893	0	0.69144	0	0.18854	0.00416	0.00309	4.72197	0.34127	0.0785	0.07607	0	0.27868	1.39129	0	0.0153	11.06721	1.55548	0.00375
Coprococcus_eutactus	0	0	0	0	0	0	0	0	0	0.43424	0	0	0.00308	0.26567	0.43186	0	2.49444	0	0	0	0	0	1.00626	0	0	0	0	0	0	0.938	0	0	0.01147	0	0	0.66743	0	0	0	0	0.46831	0.0569	0	0	0	6.68014	0	0	0	1.75789	0	0.09078	0.07743	0	0	0.03641	0	0	0	0	10.97537	0	0.02355	0.23976	0.0145	0	0.01766	4.26483	0	0.14127	0.15564	0.12431	0.16897	0.03526	0	0.00637	0.00965	0.10606	1.08292	0.48111	0	0	0	1.87826	0.65815	0	1.50811	0	0	1.65932	0	0.0439	0.21138	0.01955	0.19301	7.0003	0.92265	0	0.07419	0.08135	0.41021	2.38126	8.11994	0.2154	2.91259	0	0.00806	0	0.3448	0.25486	0	0	0.00443	0.00067	0.00562	0	0.00292	5.49089	0	5.96694	0	0.00355	1.73608	4.09298	0	1.25346	3.21538	5.41801	0.63045	0.00932	9.58137	0.00141	0	0.59717	1.04246	0.19224	2.00702	0.77769	2.14934	2.86857	1.5222	0	0	0.02265	0.0828	0	0.18438	0.1114	0	1.18057	0	0	0.01705	0	0	0.10232	0	0	0	0	0	0.0117	0.12528	0	0	0	0	0	0.15693
Faecalibacterium_SGB15346	0.54087	0	0	0	0	0.47088	0	0	0	10.70545	0	0.88182	2.9194	1.93308	1.03981	0	0.70645	0	7.04545	0	4.15524	1.31298	0.35514	0	0	0.37689	0.03569	0	0.06596	2.97247	0	0	0.15573	0	0	0.1032	2.00447	0.00396	0.01218	0.51793	0.25311	0.39555	2.52004	0	0.11641	2.98246	8.53298	0	0.32798	0.64012	0	2.90544	1.93839	0	0.32616	0.36519	0	4.67799	0	0.00698	1.85919	0.16727	1.85414	1.99196	5.66726	1.06721	0.82332	0.59354	2.93756	2.87921	0.93478	0.72802	1.02537	0.0356	2.3925	4.11016	0	0.65722	3.28097	0.36376	2.29313	2.92716	1.9631	5.2122	1.55712	1.5891	1.04448	10.96385	1.21324	2.222	3.32286	0.29862	0.49197	0.1754	0.32693	0.49082	0.03992	0.06216	1.88162	3.82981	4.22997	1.12435	1.37851	1.4907	1.23011	0.22299	0.71542	0.65862	2.95923	1.96468	1.27559	3.72124	2.64552	3.69193	0.60462	0.17352	0.1835	0.03155	0	0.35974	0.10702	0.01192	0.3178	0.64234	1.54826	0.19577	1.9502	1.33614	2.74993	2.02797	0.27317	2.95374	0	0.05724	1.52798	0.9903	1.50959	0.20061	4.26387	4.19812	4.54493	0.05041	0	0.10541	0.00542	0.68231	0.14707	2.20577	0.3423	0.1738	0.02014	0.24067	0.07956	0.01303	0.09522	0.54425	0	0.21639	2.70602	0	0	0.02479	0.02944	0.31372	0.12161	0	0.38987	0.03371	0.04072
Ruminococcus_torques	0	0.00179	0	0	1.8273	3.96677	0	0.97577	0	0	10.71446	2.07808	0.43708	0.41251	0.4071	0.09826	0	0.71373	0	0	1.49768	0.11438	1.89449	0.34848	0	0.03059	0.76044	0	0.35524	0.2071	0.86515	2.09133	0.58744	0	0.00267	0.39943	0.84954	0.92742	0	0.68849	2.15541	2.55682	0.00948	0.35587	0	0.26231	0	0.83882	0.201	0	0.97055	0	0.06449	0.55243	1.91318	0.0391	0	0.59195	0	0.89319	0.44849	0.89643	0.06118	0.29163	1.88988	0.12553	0.07384	0	0.17711	1.13578	0.29011	0.21451	0	1.05667	0.39524	0	0.34228	2.00339	0.20463	0.28179	0.19076	0.30161	0	0.17193	0.00195	0.35875	0.07785	0	0.00056	0.74869	0.00971	3.42626	0.00826	0.86504	0.13779	0.01556	0.02528	0.17079	0.34263	0.26704	0.25857	0.01644	0.08369	0.27774	0.20032	0.00859	0.00951	1.45156	0.01083	0.00876	0.0458	1.83776	0.31505	0.29656	0.02221	0.01039	0.12471	0.45619	0.79394	0.13611	0.53602	0.17718	0	0.05717	0.88471	0.15227	0.06993	0.24079	0.24612	0.00142	0.32618	1.03479	0.26228	0.2693	0.72193	0.21884	0.08614	0.00288	0.42751	0.02109	0.05431	3.40102	0	0.45258	0	0.09116	0.09109	0.55104	0.00774	0.05593	0	0.07224	0	0	0.0059	0.00363	0	0.24529	0.16219	0.21545	0	0.07105	0	0.16284	0	0	0.09196	1.28668	0.0226
Ruminococcus_callidus	0	0	0	0	0	0	0	0	0	0	10.52697	0	0.04987	0	0	0	0	0	0	0	0	0	0	0	0	0.07166	0	0	0	0	0	0	0	0	0	1.27567	0	0.31829	0	0	0	0.17888	0	0	0	0	0	0.32403	0	0.07066	0	0	0.33524	0.46766	0.30449	0.4008	0	0	0	0	0.0217	1.03958	0	0	0	0	0	2.32186	0	1.34831	0.03099	0.00342	0.05708	0	0	0	0	0	0	0	0.17502	0	0	0	0.04488	0	0.00334	0	0	0	0	0	0.01556	0	0.31145	0.02108	0.06608	0	0	0.2572	0.0212	0	0.1781	0.05269	0.94837	0.30586	0	0	0	0.00183	0	0.13468	0.05481	0	0	0	0	0.0021	0	0.02828	0	0	0.0122	0.18185	0.1228	0.24324	0.67513	0.18043	0.20805	0	0.0464	0	0	0.00017	0	0.05636	0.48012	0.11292	0	0	0.3858	0	0	0.00154	0	0.20922	0	0.12417	0	0.2015	0	0	0.24254	0	0	0.01213	0	0	0	0	0	0.00594	0.0653	0.12417	0	0	0	0.25915	0
Streptococcus_gallolyticus	0	0	1.71775	0	0	0	0	0	0	0	0.05718	0	0	0	0	0	0	0	0	0	0	0	0	0	1.78059	0	0	0	0	0	0	0	0	1.1568	0.20544	0	0	0.84887	0	0	0	0	0	10.43849	0	0	0	0	0	0	0	0.03566	0	0	0	0	0	0	0	0.00071	0	0	0	0	0	0	0	0	0	0	0	0	0	0	0	0	0	0	0	0	0	0	0	0	0	0	0	0	0	0	0	0	0	0	0	0	0	0	0	0	0	0	0	0	0	0	0	0	0	0	0	0	0	0	0	0	0	0	0	0	0	0	0	0	0	0	0	0	0	0	0	0	0	0	0	0	0	0.02239	0	0.0732	0	0	0	0	0	0	0	0	0	0	0	0	0	0	0	0	0	0	0	0	0	0	0	0	0	0	0	0	0
Roseburia_intestinalis	0.10703	0.44488	0	0.27333	0	0	0	0	0	0.20454	0	0	0	0.00425	0.00739	0	0	0.24457	0	0	0	0	0.05092	0	0	0	0	0	0	0	0	0	0	0	0	0	0	0	0	0	0	0	0.00455	0	0.00747	0.00554	0.44854	0.1583	0.00666	0	0.04948	0	2.45336	0.96254	0	0	0.8179	4.14449	0	0	0.08724	0	0.01757	0.00095	0.57217	0.82176	0.00017	0	0	1.82441	0	0.01135	0.06991	0.9905	0	3.47638	0.01045	0.03332	2.73563	0.09921	0.88504	0.50822	0	2.77513	0	0.00487	10.42978	0	0	0	0.01973	0.00981	0.19392	0.16961	0.08027	0.03119	0.00516	0.40611	0.0031	2.43931	0.00147	0.21469	0.01617	0	1.26109	0.00046	0.19626	0	1.42871	0.00675	0	0.05201	0.15416	0.34265	0.01054	0	0	0	0	0.00163	0	0	0.06108	0.09516	0.52485	0	0	0.9802	1.00333	0.00112	1.37557	0.81094	0	0.00376	0.53052	3.78167	2.58051	0.37422	0.60798	0	0.33733	0.00128	0	0	0.06501	2.18603	0	0	0	0.08785	0	0	0.57712	0	0.13159	0.34647	0	0	0	0	0.82101	0.25095	0.10382	0.31846	0	0	0.11247	0.05457	0
GGB1266_SGB1699	0	0	0	0	0	0	0	0	0	0	0	0	0	2.94534	3.35579	0	0	0	0	0	0	0	0	0	0	0	0	0	0	0	0	0	0	0	0	0	0	0	0	0	0	0	0	0	0	0	0	0	0	0	0	0	0	0	0	0	0	10.42579	0	0	0	0	0	0	0	0	0	0	0	0	0	0	0	0	0	0	0	0	0	0	0	0	0	0	0	0	0	0	0	0	0	0	0	0	0	0	0	0	0	0	0	0	0	0	0	0	0	0	0	0	0	0	0	0	0	0	0	0	0	0	0	0	0.18258	0	0	0	0	0	0	0	0	0	0	0	0	0	0	0	0	0	0	0	0	0	0	0	0	0	0	0	0	0	0	0	0	0	0	0	0	0	0	0	0	0	0	0	0	0	0
Prevotellamassilia_timonensis	2.46289	0	0	0	0	0	0	0	0	0	0	0	0	0	0	0	0	0	10.25506	0	0	0	0	0	0	0	0	0	0	0	0	0	0	0	0	0	0	0	0	0	0	0	0	0	0	0	0	0	0	0	0	0	0	0	0	0	0	0	0	0	0	0	0	0	0	0	0	0	0	0	0	0	0	0	0	0	0	0	0	0	0	0	0	0	0	0	0	0	0	0	0	0	6.9601	0	0	0	0	0	0	0	0	0	0	0	0	0	0	0	0	0	0	0	0	0	0	0	0	0	0	0	0	0	2.47467	0	0	0	0	0	0	0	0	0	0	0	0	0	0	7.5772	0	0	0	0	0	0	0	0	0	0	0	0	0	0	0	0	0	0	0	0	0	0	0	0	0	0	0	0	0	0	0
Faecalibacillus_intestinalis	0.54462	1.46992	0	0	0	0.49092	0	0	0	0.0456	0.86331	1.17311	0.11325	0.18648	0.10406	1.23633	0.11681	0	0.03612	0.91414	0	0.17076	0.52267	0	0.43372	0.54227	0	0	0.33097	0.24058	0	0	0.14132	0	0.99442	0.95259	0.1094	0	0.52795	1.96194	0.13229	0.06201	0.30597	0	0.83771	1.03597	1.48187	0.50168	0.21165	0.07274	0.30152	2.58164	0.18135	0	0.69758	0.47017	0	0.26286	0	0.5719	0.18769	0.40446	4.54368	0.80633	2.33318	0.70198	0.38902	0.55606	0.31242	1.11133	0.22997	0.32555	0.2631	10.24564	1.85757	0.80595	0.10198	0.28655	1.89261	0.9884	1.81409	1.91913	0.81723	0.87664	0.34698	0.87196	1.53306	0.84251	0.939	1.33767	0.24296	0.3873	0	4.06946	0.23426	0.10228	0.21359	0.91869	0.84856	0.50194	1.17681	0.34055	0.70716	0.39722	0.40257	0.03843	0.0126	1.3085	0.61484	1.79787	0.09837	0.48526	0.70919	0.82706	0.16272	0.09676	0	0.29625	0.18871	0.51381	1.87548	0.18699	0.10694	0.00183	0.21875	0.42858	0.73249	0.10015	0.37795	6.88518	0.23538	3.04496	0.22315	0.00718	0.61982	0.07466	0.14725	0	0.50885	1.35715	0.40516	0	0	0	0	0.00749	0	0	0.03465	0.02933	0.02889	0.00177	0	0	0.02394	0.01478	0	0	0.00738	0.05637	0	0	0	0	0.08826	0	0.01171	0.02471	0.00583
Oscillibacter_sp_ER4	0.45118	0	0	0	0	0	0	0.89118	0	3.216	0	0	2.2927	6.24084	4.89578	0	0	0	0.13198	1.89424	0	0.98555	0.15528	0	0	0	0	0	0	1.06282	0	2.32209	2.6131	0	0	0.65858	8.09706	0	0.04192	0.02197	0.03952	7.73235	0.0317	0	0.00284	2.62934	0	0	9.74712	1.59648	0.28914	1.82673	0	0	0	0.12953	0	0.16373	0	0	1.63114	0.35586	0.00717	0.65609	0.00219	0	0.26255	0.09313	0	0.99764	0.35816	0.60458	0.527	0	0	0	0	0.74787	0.71978	0	0	1.68716	0	0.77582	0.47876	1.35801	0.03405	0	0	0.52235	0.05414	0.64354	1.15259	0.00188	0.0737	1.87986	0.00242	0.17411	0.48953	0	0.21615	0.12258	0.54107	0.29734	2.81431	0	0.06776	1.48088	1.32293	0.1582	0.4783	0.49722	0.46552	0.27333	7e-05	0	0	0.25171	0	0.29318	1.04206	0	0.6984	1.74625	0.73456	1.23372	0.77836	2.26455	0.08722	0.07988	1.53639	0.76594	0	0.01663	0.39627	0.71966	2.16405	1.00663	0.20979	0.37221	0.09287	0	0	0.13257	0.10806	0	0	1.9341	0	0.32821	0.01794	0	0.2883	0	0.06002	0	0	1.28856	1.67218	0	0	0.2163	0.48285	0	0	0	0	0.23681	0.02652
Akkermansia_muciniphila	0	0	0	0	0	0	0	7.27506	0.25605	0	0	0.01292	0.00368	0.00488	0.00151	0	0.00514	0	0	0	0.01433	0	0	0	0	0	0	0	0	0	0	1.92339	0	0	0	4.23377	0.00109	0	1.15184	0	1.97618	8.64554	0	0	0	1.1548	0	9.45988	0	0.00376	0	1.46143	0.05978	0.04198	0	0.86715	4.88253	0	0	0.54403	0	0	0	0.8121	0.00088	0	0.34167	3.31752	0	0.03433	0.00191	0	0	0	2.82667	0	0	0	0	0	0	0	0	0	0.00384	0	0	0	0	0	0.01968	0	0.00492	0	0.15712	0	0.0032	0	4.76452	0.17665	0	0	0.1633	0.00448	1.70729	0.01644	0	0	0	0	0.02205	0	0.01616	0	0.00196	0	0	0.58062	0	0	0	0	0	0	0	0	0.64397	0	0	0	0	0	0	0	0.00405	0	0.93319	0	0.00997	1.24289	0	0	0	0	0	0	0	0	0	0.20688	0	0	0	0	0.00173	0	0	0	0	0	0	0.59353	0	0	0	0	0	0	0.00159
Bacteroides_clarus	0.20727	0	0	0	0	0	0	0	0	0	0	0	0	0	0	0	0	0	0	0	0	0	0	0	0	0	0	0	0	0	0	0	0	0	0	0.00464	0	0	0	0	0	0	0	0	0	0	0	0	0	0	0	0.16166	0	9.22183	0	0	0	0.07672	0	0.102	0	0	0	0	0	0.48567	0	0	0.19767	0	0.04928	0	0.00312	0	0	0	0	0	0	0.00381	0	0	0	0.29861	7e-05	0	0	0	0	0.12714	0	0	0	0.00127	0	0	0	0	0	0	0.00804	0.08785	0.00691	0.00591	0.00841	0	0	0	0.00241	0	0	0	0	0.05331	0	0	0	0.00089	0.01516	0	0	0	0.00404	0	0	0	0	0.00078	0	0	0	0	0.3257	0	0.0418	0.06017	0.00245	0	0	0	0	0	0	0	0.22053	0	0	0.02399	2.79003	0	0	1.49245	0	0	0	0	0	0	0	0	0	0	0	0	0	0	3.73081	0	0.0692
GGB4559_SGB6293	0	0	0	0	0	0	0	0	0	0	0	0	0	0	0	0	0	0	0	0	0	0	0	0	0	0	0	0	0	0	0	0	0	0	0	0	0	0	0	0	0	0	0	0	0	0	0	0	0	0	0	0	0	0	0	0	0	0	0	0	0	0	0	0	0	0	0	0	0	0	0	0	0	0	0	0	0.00423	0	0.00485	0	0	0	0	0	0	0	0	0	0	0	0	0	0.03449	0	0	0.21091	0	0	0	0	0	0	0	0	0	0	0	0	0	0	0	0	0	0	0.00444	0	0	1.49267	0	0	9.10549	0	0	0	0	0	0	0	0	0	0	0	0	0	0.10891	0	0	0	0	0	0	0	0	0.00467	0	0	0	0	0	0	0	0	0	0	0	0	0	0	0	0	0	0	0	0	0	0	0	0	0
Bacteroides_intestinalis	0.01928	0	0.09972	0	0	0	0	0	0	0.36222	0	0	0	0.00418	0.00623	0.16394	0	8.957	0	0	0	0.6896	0	0	0	0.00025	0	0	0	0	0	0.02783	0	0.11019	0	0.48725	0.17116	0	0.00761	0.02437	0.32529	0.05114	0	0.00024	0	0.74174	0	0.06904	0.05338	0.00537	0.13215	0	0	0.15891	0.00274	0.48563	0.15191	0.02021	3.47282	0	0.23401	0	0.01685	0.01547	0.0547	0	0	0.5244	0	0.2333	0.00645	0.02074	0.01323	0.03278	0	0	0	0.01586	0.14919	0.28283	0.07857	0.33917	0	1.24246	0.14257	0.06406	0.04623	0.00353	0.06198	1.45993	0	0.09152	0	0	0.06752	0.95176	0.55646	0.1257	0.72953	0	0.00386	0.04735	0.27992	0.00271	0.06803	0.01043	0	0	0.09479	0.00556	0.32343	0.71606	0.03518	0.01571	0	0	0	0.22333	0.05744	0.00499	0	0.01336	0.00472	0	0.29198	0.08041	0	0.0026	0.00042	0	0.08398	0.00612	0.12713	0	0.01486	0	0.03105	0	0.25875	0.65957	0	0.0244	0	1.2948	0.03896	0.04381	0.02528	0.65698	0.08446	0.05302	0.07178	0.63895	0.07287	1.28605	0.01882	0.05796	0	4.71318	0	0.25019	0	0.00217	0.00713	0.50813	0.01014	0	0	0.03071	0
GGB9342_SGB14306	0.21418	0	0	0	0	0	0	0	0	0	0	0	0	0.00862	0.01363	0	0	0	0	0	0	0	0.24188	0	0	0	0	0	0	0	0	0	0	0	0	0.08481	0	0	0	0	0	0	0	0	0	0	0	0	0	0.24276	0	0	0	0	0	0	0	0	0	0	0	0	0	0.00517	0	0	0	0	0	0	0.13822	0	0	0	0	0	0	0	0	0	0	0	0	0	0.00473	0	0	0	0	0.28814	0	0	0.04747	0	1.27391	0.05809	0.0001	0	1.78039	0	0	0	0.02381	0.01543	0.02216	0	0	0	0	0	0.07122	0	0.00097	0	0	0	0	0.02958	0	0.00649	0.22417	0	0.03871	8.66814	0.0316	0	0	0.05741	0	0	0.14827	0	0	0	0	0	0	0	0	0	0	0	0	0	0	0	0	0.0467	0	0.39678	0	0	0	0	0.00083	0	0	0.07828	0	0	0	0	0	0	0	0.00074	0	0	0
Clostridiaceae_bacterium	0.03969	0.33257	0.0353	0.1701	0	0.19891	0	0.38079	0	1.11305	2.13301	1.23097	0.92356	0.06053	0.05103	4.10225	0.41864	3.88326	0.01086	0.17724	0.55679	0.19304	0.30507	0	2.3789	0.85767	0.04631	0	1.01227	0.28475	0	0.28342	0.48672	0	0	0.0997	0.47328	0.08356	1.31041	0.56723	0.38308	0.12217	0	0	3.6481	1.49588	0	0	0.84837	0.55247	0.40155	0.72969	0.46419	0.82483	0.76873	0.95636	0	0.6617	3.20954	0.34883	0.20375	0.37179	0.09729	0.92425	1.50218	3.66512	0.01597	0.8643	0.33382	0.65105	0.33371	0.11692	0.13884	1.43665	0.29302	2.53217	0.15021	0.33253	0.24306	0.05606	0.75048	2.22973	1.28765	1.33524	0.24613	0.92002	0.57092	0.18813	1.31636	0.64033	0.24511	0.18104	0.22818	0.80113	0.0448	0.07529	1.11935	0.02272	0.28328	1.04619	0.43176	0.10166	0.61677	0.51255	0.32971	0.28452	0.0279	8.55411	0.77854	1.13233	0.97723	0.34167	0.63959	0.20329	0.00286	0	0.27041	0.3242	1.18011	0.68108	0.95016	0	0.02875	0.04712	0.70662	0.08507	1.93467	0.17435	0.55276	0.51452	0.69871	2.6636	0.59628	0.71757	0.78368	0.225	0.39513	0.03886	0.66536	1.71444	0.24874	0.02144	0.21449	0.00145	0	0.01249	0.1015	0.06361	0.08344	0.024	0	0.01131	0.04643	0.00032	0.02982	0	0	0.30013	0.13607	0	0	0.007	0.07342	0.16628	0.00568	0	0.08086	0.07682	0
Eubacterium_ventriosum	0.00363	0	0	0	0	0	0	0.02773	1.75521	0.06373	0	0.23719	1.04074	0.30197	0.29518	8.53024	0	2.09111	0.02283	0.76327	0.03721	0.49402	0	0	0	0	0	0	0	0	0	0.78342	0	0	0	0.7867	0	0	0	0	0	0	0.04132	0	1.96199	0	0	0	0.00105	0	0	0.8994	0.0357	0	0.38432	0	0	0.67145	1.33406	0	0.03378	0.03669	0.05737	0.02011	0.39008	1.00449	0	1.38078	0.10005	0	0.00499	0.04675	0	0.01617	0.56517	1.34193	0	0.07977	0.01849	0.09848	0.05514	0.60702	0.20565	0.66437	0.09028	0.06522	0.53223	0.35807	0	0.54502	0.46122	0.00621	0.01476	0.0201	0.03519	0.06843	0.18982	0.00108	0.07361	0.18497	0.14423	0.02338	0.01478	0.01677	0.13371	0.03803	0.00837	0	0	0.09883	0.21681	0.02938	0.04915	0.00487	0.11089	0	0	0.06482	0	0.04432	0.72453	0	0	0.78302	0	0.32306	0.97572	0.04282	0.0599	2.97902	0.06741	0	0.37476	0.00416	0.3931	0.27086	0.09446	0.24906	0.23854	0.45168	0	0	0	0.04174	0	0.08493	0.36095	0.0169	0.47598	0.0402	0	0.06289	0.11079	0.3636	0.06251	0.01618	0	0.31746	0.00321	0	0.00759	0	0.02001	0	0	0	0.18387	0	0.00015
GGB9715_SGB15265	0	0.36116	0	0	0	0.29814	0	8.46504	0	0	0	0.00497	0.50642	2.07482	1.77173	0	0	0	0.01926	0	0	0	0	0	0	0.83228	0	0	0	0.40398	0	0	1.34722	0	0	0	0	0	0	0	0	0	0	0	0	0	0	0	1.25594	0.29245	0.3566	0	0.3702	0	0	0.20867	0	0.07334	0	0	1.52347	0.31798	0.01549	0.24049	0	0.89075	0	1.49947	0	0	0	0.13747	0.50061	0	0.66746	0	0	0.19092	0.08313	0	0	0	0	0	0.03525	0	0.00807	0	0	0.04074	0.29322	0	0.60262	0.00424	0.03591	0.32421	0	0	0	0.4965	0.00983	0	0.19585	0	0.82278	0.37129	0.08129	0.12281	0.15729	0.08499	0.06133	0.02705	0	0	0	0	0	0	0	0.1208	0	0	0.03088	0	0	0	0	0.93683	0	0	0	0	0	0.00339	0.09027	0.26523	0.48322	0.39996	0.88353	0.308	0	0	0	0.00279	0.04123	0	0.0517	0.44479	0.00843	0	0	0.31411	0.11445	0	0.01537	0.07161	0	3.25309	0	0	0	0	0.00747	0	0	0	0.04399	0	0
GGB47687_SGB2286	0	0	0	0	0	0.242	0	0	0	0	0	0	0.03105	0	0	0	0	0	0	0	0	0	0	0	0	0.00068	0	0	0	0	0	0	0	0	0	0	0	0	0	0	0	0	0	0	0	0	0	0	0	0.00173	0	0	0	0	0	0	0	0	0	0	0	0	0	0	0	0	0	0	0	0	0	0	0.03683	0	4.24587	0	0	0	0	0	0	0	0	0	0	0	0.22718	0	0	0	0	0	0	0	0	0	0	0	0	0	0.06	0	0	0	0.01402	0	0	8.29558	0.01413	0	0.00149	0	0.32884	0	0	0	0	0.06042	0	0	0	0	0	0	0	0	0	0.05982	0.02297	0	0	0	0	0	0	0	0	0	2.08143	0	0	0	0	0	0	0	0	0	0	0	0	0	0	0	0	0	0	0	1.42946	0	0	0	0	0.00075	0	0	0	0	0
Roseburia_sp_AM23_20	0	0	0	0	0	0	0	0	0	0	0	0	0	0	0	0	0.03722	0	0.80868	0	0	1.38491	0.00869	0	0	0	0	0	0	0	0	0	0	0	0	0.03379	0.01257	0	0	0	0.12543	0.02218	0	0	8.18011	0	0	0	0	0.15823	0	0	0	0	0	2.4087	0	0	0	0	0	0	0	0.93401	0	0	0	0	0	0	0	4.402	0	0	0	0	0	0.11368	0	0	0.63624	0	0	0	1.43846	0	0	0	0	0	0	0	0	0	0	1.56158	0.00073	0	0	0	0	0	0	0	0	0	0.00193	0	0	0.00142	0	3.74512	0	0	0	0	0.0753	0	0	0	0	0	0.08272	0	0	0	0	0	0	0	0	0	0	0	0	0	0	0	0	0	0	0	0	0	0	0	0	0	0.0713	0	0	0	0	0	0	0	0	0.53335	0.00064	0	0	0	0	0	0	0	0	0	0
Wujia_chipingensis	0	0	0	0	0	0	0	0	0	0.00668	0	0	0	2.61143	3.33087	0	0	0	0	0	0	0	1.5741	0	0	0	0	0	0	0.03748	0	0	0	0	0	0.02681	0.90132	0.1218	0	0	0.17125	0.31402	0	0	0	0.0032	0	0	0	0.08006	0.70079	0	0	0	0	0	0	0	0	0	0.56712	0	0.00152	0.24307	0	0	0	0.00042	7e-05	0.59151	5.93289	0.19298	0.10242	0	0	0	0	0.7378	0.26474	0.36027	0.17709	0	0	0	6.55453	0	0.02482	0.0095	0	1.67084	0	0.08744	2.02753	0.00094	0.61249	0.28072	0	0	1.56903	0	0.0164	2.24697	0.23948	4.44375	5.07747	1.90627	0.00024	0	0.00452	0.0052	0.09962	3.58921	0.18579	0.08828	0.00426	0	0	0.18399	0	0.06578	2.13458	0	0.55954	2.24398	0	0	3.41765	0	0.0296	0.00079	0.07234	0	0	0.0002	0.19939	0.96535	8.10634	1.97302	1.60333	0.00079	0.18394	0	0	0.0799	1.11041	0.04009	0.47728	3.72638	0	0	0	0	0	0	0	0.00092	0	1.1684	0	0	0	0.40171	1.60824	0	0	0	0	0.0005	0.05848
GGB1495_SGB2071	0	0	0	0	0	0	0	0	0.05679	0	0	0	0	0	0	0	1.04984	0	0	0	0	0	0.7706	0	0	0	0	0	0	0.34114	0	0	0	0	0	0	0	0	0	1.00781	0	0	0	0	0	0.46731	0	0	0	0.79329	0	0	0	0	1.53383	0	0	0	0	0	0	0	0	0	0	0	0	0	0	0	0	0	0	0	0	0	0	0	0	0	0.29237	0	0	0	2.4726	0	0	0	0	0	0	0	0.72023	0	0	1.27511	0	0	0.89612	0	0	0	0	0	0.97948	0	0	0	0	0.00068	0	0	0	0	0	0	0	0	1.36807	0	0	0	0	0	0	0	0	0	0	0	0	0	0	0	0	0	0.89524	0	0	0	0	0	0	0	0.93603	0	0	0	0	0	0	0	0	0	0	0	0	0	0	0	0	8.02696	0	0	0	0	0	0	0.95192
GGB4599_SGB6362	0.9901	0	0	0	0	0	0	0	0	0	0	0	0	0	0	0	0	0	0	0	0	0	0	0	0	0	0	0	0	0	0	0	0	0	0	0	0	0	0	0	0	0	0	0	0	0	0	0	0	0	0	0	0	0	0	0	0	0	0	0	0.00308	0	0	0	0	0	0	0	0.1635	0.79242	5.134	0.00275	0	0	0	0	0	0.03409	0.002	6.35913	0	0	0	0	0	0	0.01743	0	0	0.00248	0	0	0.12372	0.00098	0	0	2.10666	0	0	0	0	0	0	5.69243	3.42426	0	0	0	0.00498	0.015	0	0	0	0	0.0027	0	0	0	0	2.43133	7.85259	0	0	0	0	0	0	0	0	0	0.0231	0	0	0.01611	0	0	4.77588	0	0	0	0	0	0	0	0	0	0	0	0	0	0	0	0	0	0	0	0	0	0.01741	0	0	0	0	0	0	0	0	0	0
GGB3304_SGB4367	0	0	0	0	0	0	0	0	0	0	0	0	0	1.09848	1.51063	0	0	0	0	0	0	0	0	0	0	0	0	0	0	0.02828	0	0	0	0	0	0.00303	0	0	0	0	0	0	0	0	0	0.55482	0	0	0	0.31207	0	0	0	0	0	0	0	0	0	0	0.08297	0.38256	0.00362	0.01135	0	0	0	1.71603	0	0	0	0.08056	0	0.00484	0	0	0	0.25829	0.00378	0	0	0	0	5.65937	0	0	0.21158	0	0	0.12715	0	0.01459	0.06906	0.00482	0.00998	0.90517	0	0	1.51427	0	0.01148	0	0	0	0	0	0.00084	0	0.0057	0.07574	0	0	0	0	0.00415	0	0.00026	0.1909	0	1.96861	2.21356	0	1.44578	4.39069	0.329	0	0.00624	3.31481	0.03622	0.00187	0.24571	0	0	0.14556	0.51538	0	0	1.84855	0	0	0	7.84674	0	0	0.09299	0	0	0	0	0.03274	0	0	0.00321	0	0	0	0	0	0	0	0	0.10054	0	0	0	0	0	0	0.04002
GGB1146_SGB1472	0	0	0	0	0	0	0	0	0	0	0	0	0	0	0	0	0	0	0	0	0	0	0	0	0	0	0	0	0.61165	0	0	0	0	0	0	0	0	0	0	0	0	0	0	0	0	0	0	0	0	0	0	0	0	0	0	0	0	0	0	0	0	0	0	0	0	0	0	0	0	0	0	0	0	0	0	0	0	0	0	0	0	0	0	0	0	0	0	0	0	0	0	0	0	0	0	0.74603	0	0	0	0	0	0	0	0	0	0	0	0	0	0	0	0	0	0	0	0	0	0	0	0	0	0	0	0	0	0	0	0	0	0	0	0	0	0	0	0	0	0	0	0	0	0	0	0	7.74219	0	0	0	0	0	0	0	0	0	0	0	0	0	0	0	0	0	0	0	0	0	0	0	0
Flavonifractor_plautii	0	0.03439	0.35612	0.80556	0.70097	0.51326	2.09574	0.42843	0.22427	0.13174	0.74219	0.73506	0.2781	0.01789	0.01116	1.10692	0.12145	1.88033	0.02049	0.07241	0.45073	0.07058	0.0014	1.90583	0.87668	0.03627	0.03618	0.12119	0.06754	0.00972	0.00344	1.87946	0.1204	1.8049	0.07242	0.01209	0.1919	0.19762	7.52399	0.01743	0.07408	0.7959	0.03951	0.23026	1.174	0.02896	0.14687	0.02118	0.03395	0	0.0087	0.07013	0.0396	0.22614	0.29713	0.00229	0.32497	0.03099	0.78057	0.96379	0.22594	0.01135	0.00692	0.20447	0.71167	0.6246	0.18892	0.00409	0.00038	0.1051	0.00065	0.07988	0	0.04965	0.06558	0.05452	0.01559	0.29121	0.01885	0.22682	0.00692	0.0316	0.49247	0.05758	0.0084	0.61219	0.46668	0.17357	0.3078	0.00058	0.00234	0.4518	0.00857	0.00619	0.08507	0.02912	0.44206	0.48203	0.05747	0.06543	0.00082	0	0.00483	0.00207	0.07315	0	0.00379	1.00385	0.02418	0.00299	0.00891	0.15134	0.00225	0.06187	0.04071	0	0.01872	0.05381	0.32333	0.00019	0.0069	0.49287	0.0122	0	0.11875	0.07452	0.04829	0.04353	0.03723	0.00109	0.11188	0.03634	0.13845	0.12569	0.02663	0.06774	0.02519	0.03397	0.0369	0.09102	0.00456	1.31681	3.26298	0.49582	0.00342	0.05251	0.00922	0.0427	0.07299	0	0	0.03056	0.00266	0.21207	0	0.02398	0.01411	0.01618	0.04633	0.00311	0.10402	0.0639	0.02377	0.31274	0.42433	0	0.2563	0.16864	0.00257
Paraprevotella_clara	0	0	0	0	0	0	0	0	0	0.01373	0.2148	0	0.08474	0	0	0	0.1379	0	0	0	0	0	0	0	0	0	0	0	0	0	0	0	0	0	0	1.28395	0.0674	0	0	0	0	0	0	0	0	0	0	0	0	0.04664	0	0	0.69152	0	2.15148	0	0	0	0	0	0	0	0	0	0	0	0	0	0	0.06056	0.86133	0.28173	0	0	0	0	0	0.59926	0	0.4465	0.21881	0	0	0	0.3933	0	0	0.36188	0	0.945	0.1331	0.00502	0.06715	0	0	0	0	0	0.28219	0.71761	0	0.49168	0	0.60958	0.22261	0	0.04889	0	0.86158	0.00013	0.18758	0	0.27788	0.44339	0	0	0	0	0.82925	0.00646	0.07291	0	0.00958	0	0	0.59974	0	0.17946	0.06016	0	0	0.43727	0	0	0	0.40202	0.26657	0	0	0	0	0	0	1.19777	0.46836	1.26587	0.00054	4.39979	0	0.31933	0	0	0	0	1.04071	2.87234	0	0	0	0	0	0	0	0	7.42605	0	0	0	0.38254
Dialister_succinatiphilus	0	0	0	0	0	0	0	0	0	0	0	0	0	0	0	0	0	0	0	0	0	0	0	0	0	0	0	0	0	0	0	0	3.07844	0	0	0	0	0	0	0	0	0	0	0	0	0	0	0	0	0	0	0	0	0	0	0	0	0	0	0	0	0	0	0	0	0	0	0	0	0	0	0	0	0	0	0	0	0	0	2.41202	0	0	0	0	0	0	0	0	0	0	0	0	0	0	0	7.41106	0	0.51249	0	0	0	0	0	0	0	0	0	0	0	1.46114	0	0	0	0	0	0	0	0	0	0	0	0	3.17752	0	0	0	0	0	0	0	0	0	0	0	0	0	0	0	0	4.59158	0	0	0	0	0	0	0	0	0	0	0	0	0	0	0	0	0	0	0	0	0	0	0	0	0	0	0	0	0
Fusicatenibacter_saccharivorans	0	4.66418	0	2.2404	0	0.76282	0	1.25776	0	0.23106	0	1.71251	0.63854	0.34466	0.36959	0	1.03373	0.32716	0.35832	1.57355	1.35538	0.57672	0.73902	0	0.03347	3.02777	0.00838	0	1.88213	2.53443	0.00731	1.13064	0.91691	0	0	0.57127	0.10179	4.94935	0	4.06776	1.25618	0.12063	2.50441	0	5.04556	1.06517	0	2.13651	2.92381	0.90887	0.087	0.38954	0.30997	0.43947	0.23105	0.15568	0.17489	0.12935	1.02544	0.48612	0.72934	0.031	2.86726	0.50519	0.42306	0.30867	1.05189	0.29021	0.92633	0.64632	0.52426	0.37513	0.43456	3.85565	0.35638	1.57745	0.03341	0.05093	0.05036	0.33619	0.04052	0.1728	0.30722	1.27732	0.0555	0.58566	0.82025	0.18665	2.23674	0.33279	0.32072	0.13857	0.01021	1.46468	0.04578	0.26303	0.21418	0.56183	0.26481	0.50118	0.56822	0.07816	0.37967	1.1812	0.20669	0.07179	0.36154	0.39683	0.84664	0.52311	0.04461	7.3558	0.23385	0.16389	0.1466	0.06866	0.55585	0.32283	0.02607	0.75999	0.15948	0	0.10864	0.89927	0.32708	0	0.44518	0.26087	1.17775	0.06652	1.02971	1.35829	0	0.17854	0.40095	0.15993	0.04127	0.11163	0.31867	0.03085	0.16349	0.22506	0	0.01303	0	0.16755	0.02364	0.03771	0.19136	0.16511	0.18389	0.01202	0.01917	0	0.07154	0.56775	0	0.00259	0.09036	0	0	0	0	0.08606	0.09119	0.22034	0.02575	0.10552	0.00402
Gemmiger_SGB15295	0	0	0	0	0	0	0	0	0	0	0	3.62746	0.03867	0	0	0	0	0	0	0	0	0	0	0	0	0	0	0	0	0	0	0	0	0	0	0.00012	5.63033	0	0.03436	0	0.27229	0	0.3274	0	0	0	0	0	0	0.10528	0	0	0	0	0	0	0	0	0	0	0	0.10067	0	0.20097	0.01286	0	0.96921	0	0.1574	0.00291	0.02543	0.03639	0	2.78646	1.90316	0	0	0.55581	0	0	0	0	0	0.42733	0.4834	0	0.03633	0	0	0	0.12689	0	0.00106	0	0.02884	0	0	0.88053	0.9971	0	1.46886	0	0	0.07276	0	0	0.43578	0	0	0.00804	0	0	0.05264	0	0.00141	0	0	0.22366	0	1.32876	0	0	0	0	0.13396	0	0	0.81379	0	7.18649	0	0.37267	0	0.03425	0	0.42548	0	0.09916	0	0.34417	0.25694	0	0	0	0	0.05802	0	0	0	0.01972	0	0	0	0	0	0.47626	0	0	0	0	0	0	0	0	0	0	0	0	0
Dialister_hominis	0.02768	0.19587	0	0	0	0.30677	0	0	0	0	0	0	0.68247	2.63739	3.28039	0	6.3472	0	0	0	0	0	0	0	0	0.00669	0	0	0	0.36819	0	0	0	0	0	0	0	0.00769	0	0	4.37634	1.29437	0.00152	0	0	0	0	0.006	0.05201	1.55076	4.60869	0	0	0	0	0	0	3.01141	0	6.91094	2.95029	4.62076	0.65348	1.15931	0.01784	0.2716	0.94802	3.53001	0	0.22247	1.41927	0.41964	0	0.01637	0	0.00361	0.01783	0.39218	0.00132	0	4.2575	2.05478	1.72196	0	0	4.23224	0.32124	0	0	0.21053	0	0.01618	4.91847	0.00412	2.09256	0	7e-05	0.00759	0	0	0.00888	0	0.00732	1.87311	0.00024	6.10314	2.83755	0	1.84012	0.05944	0	0	1.50072	4.49702	0.01921	0.00048	0.00381	6.12532	4.70163	1.34712	0.35832	0	0	7.16925	0	6.74642	1.63943	5.2101	3.04095	0.00443	0.28732	0	0	0.09905	2.80778	0	0	0	1.56041	0.00393	0	2.81712	0	0.05404	0	0	0	0.89685	0	0.41313	0	0	0.06249	0	0	0.17808	0	2.97707	0	0	0	0	0	0.83385	0	0.05658	0	0	0
Holdemanella_biformis	0.32765	0	0	0	0	0	0	0	0	0.39771	0	0	0.2982	0	0	0	0	0	0	0	0	0	0	0	0	0	0	0	0	2.04121	0	0	1.84432	0	0	0	0	0	0	0	0	0	0	0	0	0	0	0	0	0	0	0	0	0	0	0	0	0	0	0	0	0	0.00061	0.41033	0	0	0	0	0	0	0	0	1.00828	0	0	0	0	1.95232	0	0	0	0	0	0	0	1.25288	0.01443	0	0	0	0	0	0	0.00566	0	3.44646	0	0	0	0	7.1262	0	0	0	0	0	0.03321	0	1.9134	0.0099	0	0	0	0	0.00656	0.00116	0	0	0	1.70277	0	0	0.90697	0	0	0	0	0	0	0	0	0	0	0.00875	0	0	0	0	0	0	0	0	0	0	0	0	0	0	0	0.02841	0	0	0	0	0	0.18094	0	0	0	0	0	0	0.00499	0	0	0	0	0	0
Brotolimicola_acetigignens	1.63714	0	0	0	0	0	0	0.7772	0	0.197	1.45858	0.0036	0.33325	0.09342	0.11729	0.03975	0.272	7.09832	0.02261	3.102	0.00011	0.04287	0.31049	0	0.01557	0.00872	0	0	0	0.14475	0	5.01791	0	0	0	1.2181	0	0.01983	0	0.05693	0.07062	0.01984	0	0	2.45607	0.05051	0	0.13947	0.14601	0.0051	0.02347	0.64893	1.03391	0	0.05195	0.0105	0	0.0165	1.44251	0.12062	1.07473	0	0.04911	0.07647	1.37016	0.61102	1.33475	0.13875	0.00376	4.79413	0	0.37447	0.30669	0.43457	0.50437	3.0684	0	0.4812	0.19423	0.16845	0.09041	3.23412	1.65437	0.57628	0.79467	0.00822	0.10078	5.81637	0	0.03614	0.52482	0.15711	0.21489	0.03773	1.00841	0.1163	0.14217	0.00254	0	0.62204	0.69826	0.62603	1.71295	0.00109	0.52932	0.28025	0.02577	0.22386	0.66346	0.26299	0.00226	0.40777	0.03781	0.09179	0.00881	0	0	0.25868	0	0.00152	0	0	0.01749	0.11288	0.34084	0.00155	3.4935	0.27526	0.0015	0.00043	0.05845	0.1607	0.14333	0.00345	0.01761	0.00412	0.85942	0.04569	0.42992	0.00577	0.05969	0.06229	0	0.06744	0.05487	2.2955	0.098	0.69295	5.82134	4.6084	0.00273	0.13822	1.05681	0.0022	0.31496	0.01111	0	0.18012	0.77676	0	0.1465	0.53723	0.19773	0.04115	0.00845	0	0.02255	0.03598	0.0522
Clostridium_sp_AT4	0.01273	0	0	0.17614	0	0	0	0	0	0	0.07042	0.058	0	0.03958	0.05163	0.395	0	0.00657	0	0	0	0	0	0.04528	0.20147	0.00824	0.10789	0	0.00073	0	0.13188	0	0	0	0	0	0	0.02661	0	0	0	0	0	0	0.17752	0	0	0	0	0	0.11592	0	0	0.05129	0.21314	0	0	0.13899	0.03363	0.53529	0	0	0.18106	0	0.09925	0.08694	0	0	0	0	0	0	0	0.01752	0	0.45676	6.87848	0.10477	0	0	0.01452	0	0.03264	0.02605	0	0.0038	0.15198	0	0	0.00147	0.05067	4.98996	0	0.5808	0	0	0.08208	0.00474	0	0.00325	0	0	0	0	0	0	0	0	0	0	0	0	0	0.26221	0	0.03661	0.01421	0.005	0	0.00197	0	0	0	0	0	0	0	0	0	0	0	0	0.4951	1.3571	0	0.01214	0	0	0	0	0.01326	0.00115	0	0	0	0	0	0.00752	0.23785	0	0.06628	0	0	0	0	0	0.321	0.08215	0	0	0.03052	0	0	0.00776	0.06934	0.352	0	0.23554	0.01483
Lachnospiraceae_bacterium_CLA_AA_H244	1.72128	0.19037	0	0	0	0.24125	0	0	0	0.4085	0	0.33373	0.9299	0.04048	0.03318	0	0.04427	0	0.09494	6.8157	0	0.13013	0.05789	0	0	1.13648	0	0	0	0.29573	0	1.83759	0.44762	0	0	0.09397	0.17517	0	0	0.60645	0.32856	0.28521	0.01826	0	0	0.41562	0	0	0.7144	0.06459	0.12438	0.07573	0.01364	0.14801	0	0.14095	0	0.02785	0	0	1.27521	0.0293	0	0.04877	0.41743	0	0.2205	0.31421	0.91759	0.35867	0.33429	0.00307	0.19552	0.5663	0.20592	0	0	0.10866	0.91865	2.50157	0.09753	0.01263	0.06431	0.21951	0.8042	0	0.11677	0	0	1.41703	0.03445	0.05343	0.06739	0.05774	0.07691	0.11572	0.0451	0.01998	0.1828	0.1256	1.51546	0.10444	0.75512	0.60206	0.24386	0.08653	0.09526	0.18195	1.27214	0.74353	0.3093	0.12765	0.29047	0.12504	0.04897	0	0	0.02259	1.48508	0.03549	0.18039	0	0.01783	0.22179	0.24034	0.01689	1.30257	0.17593	0.0318	0.03447	0.01008	0.71279	0.10851	0	0.30353	0.11849	0.14247	0.05118	0.25734	0.18457	0.09499	0.04914	0	0.05652	0	0.01693	0.00628	0.0804	0.03376	0.06457	0	0.85789	0.02734	0	0.00411	0.06776	0	0	0.219	0	0	0.00591	0.07575	0.00607	0	0	0	0.01129	0
Faecalimonas_umbilicata	0	1.16205	0	2.43114	0	0	0	0	0	0	0.01755	0.17908	0	0	0	0	0	0.03909	0	0	0.14584	0	0	0.13034	0.20833	0	6.66704	0	0	0	1.30135	0.32339	0	0	0.54508	0	0	0.13966	1.4523	0	0	0	0	3.32912	0.26718	0	1.45513	0.32195	0	0	0	0	0	0	0	0	0	0	0	0.07254	0	0	0	0	0	0	0	0	0	0	0	0	0	0	0	0.05611	0	0	0	0	0	0	0.00499	0	0	0	0	0	0	0	0	0	0	0.02402	0	0	0	0	0	0	0	0	0	0	0	0	0	0	0	0	0	0	0	0	0	0	0.0056	0	0	0	0	0	0	0	0	0	0	0	0	0	0	0	0	0.27432	0	0	0	0	0	0	0	0	0	0	0	0	0	0	0.00753	0	0.19395	0	0	0	0	0	0.03054	0	0	0	0	0	0	0	0.04439	0.0048	0	0	0
Blautia_massiliensis	0.37435	0.00558	0	4.46054	0	0.10025	0	0	0.97149	0.12577	0	1.66807	0.22337	0.06907	0.05536	0.96153	0	0	0.05868	0.80177	0	0.03899	0.28266	0	0.02043	1.86782	0	0	1.53963	1.59744	0	1.46404	0.0237	0	0	1.91026	0.12449	6.65898	0	2.7665	0.76473	0.06657	0.27006	0	0.36694	1.31963	0	2.22262	1.34326	0.06029	0.01585	0.02045	0	0	0.06168	0.00288	0	0.22889	0	0.02529	0.02502	0.00802	0.1865	0.00888	0.341	0.0601	0.10207	0.23534	0.00364	0.03003	0.0409	0.0106	0	0.01748	0.003	0.18732	0.01244	0.06508	0	0.01943	0.01634	0.01311	0.03789	0.10439	0.00419	0.00021	0.48417	0.02762	0	0.01444	0	0.00463	0	0.31071	0	0.00468	0.01258	0.38135	0.0617	0.00159	0.02617	0	0	0.13224	0.00349	0.00392	0.01222	0.00754	0.01389	0.17033	0.00316	7e-05	0.01077	0.02605	0.0683	0	0	0.00656	0	0.00016	0.03997	0	0	0.04438	0.02779	0	0.1208	0.02181	0	0.09634	0	0.09122	0.00079	0	0.00237	0.0093	0	0	0.01256	0	0	0.03825	0	0.00557	0	0.02793	0.00435	0.00413	0.02979	0.00155	0.00459	0	0.00214	0	0.0065	0.13269	0	0	0.29292	0	0.07766	0	0	0.05398	0.03769	0	0	0	0.03081
Phascolarctobacterium_faecium	0.67663	0.56452	3.24734	0.44594	0.03053	0.11163	0.83129	0.90025	0.07994	0.09204	0.84475	0.66771	0	3.41869	4.25257	5.70203	0.04627	2.41042	0.82516	0.14551	1.00041	3.57933	0	0.05308	0.00987	0.01813	3.49873	0.63897	0.14644	0.07808	0.10588	0.0659	0.13251	0.37579	0.6313	0	4.42474	0.01517	0.01865	0	0	0.03129	0.00682	0.39685	0	0.07353	0	0.15038	0.27816	0	0.60214	2.1715	0	0	4.3259	2.66093	0.10898	0	0	0.92213	0	1.07662	0.06801	0.15505	1.34758	2.78388	1.22954	0.02721	0.58569	1.89764	0.31409	0.55061	0	0.36237	1.5548	0	6.63702	3.96413	0.00062	0.00568	0.16727	0.35725	2.02956	1.01598	0.94528	0	1.65059	0	4.21159	1.51278	1.13338	4.19895	0.06156	0.07906	0	0.01031	1.56609	0.47328	0	0	0.78949	0.68228	0.95662	0.20264	0	0.01956	0.02301	0	0.20439	0.00635	0	1.91459	0.10136	0.09784	0.16981	0.41154	0.28437	0.08299	1.57828	0.13056	0.96355	1.15753	0.00857	0.05172	4.38369	0.20347	0.7097	0.098	0.09319	0.01407	0.54765	2.31333	2.36881	0.00915	0.44384	0.17721	0	0	0.00226	0.12855	0.62153	0.93162	0	0.93298	0.75023	1.18222	0	1.38668	0.94701	0.30105	0.46261	0.93505	0.30618	2.70443	0	0	0.82429	1.85969	2.84876	0	0	1.00403	1.06355	0.02704	1.32227	0	0.27636	0	1.33832
Eubacterium_ramulus	0.39082	0.02028	0	0	0	0	0	0.24224	0.93897	0.01651	0	0.7335	0.20129	0.0886	0.0832	0	0.05983	0	0.76913	0	0	0.01765	0.1152	0.06526	0	0.09428	0	0	0.09645	0.30639	0	0.18766	0.3566	0	0	0.07811	0.27641	0	0	0.0934	0.0242	0.06167	0.46769	0	0.52775	0.24442	0	0	0.21126	0.1501	0.02517	1.24973	0.0243	0.17456	0.13661	0.28805	0	0.13505	0	0	0.03449	0.04162	0.12444	0.42053	0.10334	0	0	0.04227	0.52202	0.08247	0.05747	0.00309	0.05543	0.31424	0.07655	0.15957	0.00198	0.1281	0.10157	0.12903	0.24723	0.3349	0.11495	0.07522	0.07042	0	6.41699	0.04859	0.94388	0.08144	0.25101	0.35318	0.02443	2.44383	0.09334	0.11159	0.00285	0.06604	0.13561	0.04494	0.25639	0.01888	0.08395	0.1345	0.12641	0.03401	0.03642	0.29823	0.20428	0.25148	0.00228	1.19255	0.05916	0.36997	0.12712	0.20281	0	0.02213	0.03935	0.17002	0.08263	0	0.07733	0.06424	0.01368	0.00127	0.16896	0.08716	0.26911	3.56377	0.14991	1.50701	0.03645	0.00214	0.237	0.17328	0.09566	0.23447	0.04451	0.07635	0.99361	0.01827	0	0.00486	0.00034	0	0.00273	0	0.0363	0.01779	0.01606	0	0.00224	0	0.0249	0.09078	0	0	0.00377	0	0.0055	0	0	0	0.03379	0	0.02597	0.0151	0.01444
Collinsella_aerofaciens	0.37451	0.07813	0	0	0	2.19383	0.681	0	0.96363	0.19266	0	1.36454	0.15443	0.52023	0.33438	0.04942	0.2105	0	0.57741	0	0	0.06889	0.65694	0	0	0	1.72156	0	0	1.15952	0	0.04412	3.31458	0	0	0.109	0	0.45142	0	0.07891	2.21508	0.22396	3.00355	6.38008	0	3.08604	0	2.30709	0.13263	3.13997	0.01639	0	0	0	0.12629	0.42339	0	0.00618	0	1.23251	0	0.32945	0.43359	0	0	0	0	0.35123	0	0.01411	0.03359	0.24697	0.03748	0	0.06378	0	0.78794	0.12592	0	0.3964	0.00948	0.30784	0	0	0	0	0.11106	0	1.47952	0.00215	0	0	0.36179	0	0	0.35922	0.26772	2.90857	0	0	0.72684	0.13999	0.25292	0.14841	0.11252	0.01978	0.39893	0	0.0581	1.6047	1.0802	0	0	0.1584	0.85782	0.09446	2.11843	0.02281	0.12114	0.00231	0.1812	0	0.01627	0.01317	0.01442	0.0095	0.89897	0.01559	2.36631	3.98082	0.13405	0.4695	0	0.68595	1.67981	0.22908	0.01679	0.38995	0	0.15143	0.00859	0.60252	0	0.03043	0	0.04611	0.00466	0.06135	0	0.04457	0	0	0.01433	0.00165	0.05339	0	0	0	0	0	0	0	0.00479	0.03027	0	0	0	0.01583	0.07198
Holdemanella_porci	0	0	0	0	0	0	0	0	0	0	0	0	0	0	0	0	0	0	0	0	0	0	0	0	0	0	0	0	0	0	0	0	0	0	0	0.80017	0.09239	0	0	0	0	0	0	0	0	0	0	0	0	0.10922	0	0	0	0	6.33185	0	0	0	0	0	0	0	0.00044	0	0	0	0	0	0	0	0	0	0	0	0	0	0	0	0	0	0	0	0	0	0	0	0	0	0	0	0	0	0.07514	0	0.08955	0.01453	0	0	0	0	0	0	0	0	1.41573	0	0.18853	0	0	0	0	0	0	0	2.41603	0	0	0	0	0	0	0	0	0.15891	0	0	0	0	0	0	0	0	0	0	0	0	0.57518	0	0	0	0	0	0.01648	0.04097	0	0	0	0	0	0	0	0	0	0	0	0	0	0	0	0	0	0	0	0	0	0	0	0	0
GGB9580_SGB14996	0	0	6.32786	0	0	0	0	0	0	0	0	0	0	0	0	0	0	0	0	0	0	0	0	0	0	0	0	0	0	0	0	0	0	0	0	0	0	0	0	0	0	0	0	0	0	0	0	0	0	0	0	0	0	0	0	0	0.00771	0	0	0	0	0	0	0	0	0	0	0	0	0	0	0	0	0	0	0	0	0	0	0	0	0	0	0	0	0	0	0	0	0	0	0	0	0	0	0	0	0	0	0	0	0	0	0	0	0	0	0	0	0	0	0	0	0	0	0	0	0	0	0	0	0	0	0	0	0	0	0	0	0	0	0	0	0	0	0	0	0	0	0	0	0	0	0	0	0	0	0	0	0	0	0	0	0	0	0	0	0	0	0	0	0	0	0	0	0	0	0	0
GGB9627_SGB15081	0.12529	0	0	0	0	0	0	0	6.3273	0.7419	0	0	0.11344	0	0	0	0	0	0	0	0	0	0.02461	0	0	0	0	0	0	0.16085	0	0	0.61198	0	0	0.03203	0	1.37197	0	0	0	0.67795	0	0	0	0	0	0	0	0.02506	0	0.23887	0	0	0	0	0	0.00805	0	0	0.25928	0.03026	0	0.02718	0.00183	0	0.30648	0.11172	0	0.00056	0.02172	0	0	0	0	0	0	0.06488	0	0	0	0.24096	0	0	0.01145	0	0	0	0	0.10269	0	0	0.43456	0	0.0137	0.32028	0	0	0.0517	0	0.03962	0.01806	0.03607	0.04908	0	0	0.00033	0	0	0.01391	0.02329	0	0	0	0	0	0	0.02814	0	0.02209	0.00555	0	0.24214	0.27288	0.09198	0	0	0	0.00535	0	0.09798	0	0	0	0	0.21335	0	0.3677	0.04236	0	0.01024	0	0	0.00138	0	0.01645	0	0	0	0	0	0	0	0	0.00717	0	0	0	0.26302	0	0	0	0	0	0	0	0	0	0
Bacteroides_finegoldii	0	0.02687	0	0	0	0	0	0	0	0	0	0.28809	0.07004	0	0	0.00412	0	0	0	0	0	2.51127	0	0	0	0.02319	0	0	0	0.67525	0	0	0.02628	0	0	0.04575	0.00632	0	0	0.00608	0.0616	0	0	0	0	0	0	0	0	0.07651	0.18108	0	0.15755	0.57716	0.54076	2.21422	0	0	0	0	0	0.30642	0	0	0.67632	0	0.52689	0	1.02569	0.06984	0.03704	0.46895	0	0	0	0	0	0	0	0	0	0.23849	0	0.12033	0	0	0	0	0	0	0	0	0	0	0.05567	0.01355	0	0.01715	0.03549	0.09408	0.11463	0.06807	0.7554	0.01236	0.16675	0.21098	0	0	0.25581	0.00495	0	0	0	0.19408	0	0	0	0.01508	0.06852	0	0.08435	0	0.02112	0	0.09433	0.13875	0	0.00936	0.00892	0	0.08861	0.05894	0	0.00544	0.08562	0.03875	0.17427	0	0.38768	0.16906	0	0	0	0.4291	0	0.06064	0.70992	0.48107	6.30022	0	0	0.52202	0	0	0.09647	0	0	0.27282	0.3448	0	0	0	1.45716	0	0	0	0	0.00158	0
Oscillospiraceae_bacterium_CLA_AA_H250	0.3541	0	0	0	0	0	0	0	2.99093	0	0	0	0.54974	0	0	0	0.0171	0	0	0	0	0.00718	0	0	0	0	0	0	0	0.18536	0	0	0.59922	0	0	1.30739	0.03538	0	0	0	6.24631	0	0	0	0	0.13387	0	0	0.05768	0.29413	0.00731	0	0	0	0	0	0	0	0	0	0.08602	0.00716	0.00029	0.06513	0	0	0	0.34142	0.05067	0.13393	0.09926	0	0.00416	0	0.41499	0	0	0.0622	0.01643	0	0	0.02693	0.24421	0	0.22654	0	0.02845	0	0	0.26934	0	0	0.08181	0	0.15315	0.39011	0.02374	0	0.2399	0	0.03195	0.06532	0.31296	0.22432	0.34723	0	0.00336	0.32825	0.29992	0.14808	0.70188	0	0	0.09316	0	0	0	0.07845	0.4296	0.99675	0.91432	0	0.71151	0.13658	0	0.03778	0.3727	0	0.00893	0.89583	0.14599	0.24394	0.27157	0.02082	0	0.07362	0.1027	0.13509	0	0.00771	0.09707	0	0	0.00392	0.00337	0.00349	0	0.00098	0	0	0	0	0	0	0	0	0	0	0.01132	0.00075	0	0	0	0	0	0	0	0	0.00043
Alistipes_shahii	1.82929	0	0.045	0	0	0.01314	0	0.10364	0.01338	0.35845	0.20089	0.06572	0.16695	0	0	1.09902	0.12565	0	0	0.29661	0	1.10937	0.30513	0	0	0.07755	0	0	0.07955	0.09164	0	0.08198	0.0587	0	0.00951	0.59365	0.22298	0.29224	0	0.15486	1.4801	0.26601	0	0	0	0	0	0	0.32755	0.04401	0.01173	0.62786	0.44764	0.4404	0	0.66431	0.10224	0.20837	0.83059	0	0.06993	0.04283	0	0.0594	0.04989	0	0.15793	0.29755	0.03307	0.22837	0.07448	0.17004	0.02678	0	0.21314	0.1436	0.0517	0.29021	0	0.42633	0	0.0533	0	0.30868	0.38648	0.00256	0	0.07786	0.08333	0.40285	0.03262	0.08276	0.03962	6e-05	0.25523	0.12632	0.00015	0.5602	0.47422	0.34546	0.06985	0.06154	0.1518	0.04023	0.24371	0.04115	0	0.57579	0.07201	0.00421	0.02283	0.18226	0.09183	0.02251	0	0	0	0.03693	0.20041	0.00196	0.06184	0.54112	0.06761	0.39044	0.28258	0.12022	0.03246	0.56849	0.01215	0	0.63003	0.00163	0.26798	0	0.07309	0.14907	0.09321	0	0.40354	0.28987	0.03135	0.07281	0	0.49606	0.24507	0.58943	0.63495	0	0.83969	0.5528	0.62411	0	1.78622	0	0.3996	0	0	0.2236	1.22824	0.73552	0.4017	1.30567	0.61919	6.18365	0.00454	0	0	0.45464	0.29154
GGB4567_SGB6308	0	0	0	0	0	0	0	0	0	0	0	0	0	0	0	0	0	0	0	0	0	0	6.17813	0	0	0	0	0	0	0	0	0	0	0	0	0	0	0	0	0	0	0	0	0	0	0	0	0	0	0.4918	0	0	0	0	0	0	0	0	0	0	0	0	0	0	0	0	0	0	0	0	0	0	0	0	0	0	0	0	0	0	0	0	0	0	0	0	0	0	0	3.09557	0	0	0	0	0.34414	2.44248	0	0	1.66367	0	0	0	1.23605	0	0	0	0	0	0	0	0	0	0	0	0	0	0	0.31737	0	0	0	0	0	0	0.02488	0	0	0	0	0	0	0	0	0	0	0	0	0	0	0	0	0	0	0	0	0	0	0	0	0.05017	0	0	0	0	0	0	0	0	0	0	0	0	0	0	0	0	0	0	0
Erysipelatoclostridium_ramosum	0.00497	0	0.44237	0.84062	0.98139	0.05234	1.59417	0.03314	0.11167	0	0	0.00768	0	0	0	0.00091	0	0.18372	0	0.08104	0.1513	0	0	0.25505	0.01726	0	1.13217	0.53652	0	0	0.2895	0.96727	0	6.17779	0.22226	0	0	0.10604	0.06166	0.0258	0	0	0	1.77479	0.0352	0	0.01026	0.01059	0	0	0	0	0	0	0	0	0.8525	0	0.12282	0	0.00888	0	0.00406	0	0	0	0	0	0	0	0	0.01844	0	0.02628	0	0.05986	0.05259	0.0791	0	0.00441	0	0	0.01091	0.02317	0	0.00062	0.0069	0.01432	0.16233	0	0	0.01786	0	0.10132	0	0.00264	1.97585	0.02901	0	0	0	0	0	0	0	0	0	0.23	0.00381	0	0	0.00916	0	8e-05	0	0	0.00542	0	0	0	0	0.61138	0	0	0.19377	0	0	0	0	0.092	0.01693	0.00694	0.01446	2.68478	0	0	0	0.00602	0	0	0	0.01982	0.01007	0	0	0	0	0	0	0	0	0	0	0	0	0	0.00538	0	0	0.05323	0.03689	0	0	0	0	0	0	0	0
GGB4569_SGB6310	0	0	0	0	0	0	0	0	0	0	0	0	0	0	0	0	0	0	0	0	0	0	0	0	0	0	0	0	0	0	0	0	0	0	0	0	0	0	0	0	0	0	0	0	0	0	0	0	0	0.05072	0	0	0	0	0	0	0	0	0	0	0	0	0.00434	0	0	0	0	0	0	0	0	0.00349	0	0.01083	0	0	0	0.08831	0	0	0	0	0	0	0	0	0.21092	0	0	0	0	0	0	0.00674	0.16336	0	0	0	0	0	0	0	0	0	0	0	0	0	0	0.042	0	0	0	0	0	0	0	0	0	6.03949	0	0	0	0	0	0	0	0	0	0	0	0	0	0.1407	0	0	0	0	0	0	0	0	0	0	0	0	0	0	0	0	0	0	0	0	0	0	0	0	0	0	0	0	0	0	0	0	0	0	0
Bacteroides_faecis	0.28861	0	0	0	0	0	0	0	0	0	0	0	0	0	0	0	0	0	0	0	0	0	0	0	0	0	0	0	0	0	0	0	0	0	0	0	0	0	0	0.03582	0	0	0	0	0	0	0	0	0	0	0	0	0	0	0.02597	0	3.14259	0	0	0	0	0	0.00304	0	0.47558	0	0	0.10028	0.74288	0	0	0	0	0.23449	0	0	0	0	0	0	0	0	0	0.10827	0	0	0	0	0	0	0	0	0	0	0	0	0	0	0	0	0.03079	0	0.06303	0	0.21792	0	0	0	0.07402	0	0	0	0.01681	0	0	0	0	0	0	0	0.00289	5.97935	0	0	0	0	0	0	0.01477	0	0	0	0	0	0	0	0.20205	0	0	0	0	0	0	1.24883	0	0	0	0	0	0	0	0	0.44369	0	0	0	0	0	0	0	0.35006	0	0	1.27236	0	0	0	0	0
Bilophila_wadsworthia	0	0	0.42842	0.03819	0.00696	0.11146	0.04711	0.17231	0	0.23083	0	0.04751	0.0901	0.25054	0.34729	1.06923	0.40306	0.43905	0	0.01483	0.01901	0.30806	0.10031	0.20061	0	0.09346	0.18637	0.01813	0.06416	0.0139	0.75662	0	0.06412	0.01832	0.10166	0.05767	0.02298	0.20087	5.94308	0.03032	0.0104	0.24172	0.0531	0	0.21638	0.03958	0	0.06388	0.01026	0	0.1969	0.35735	0.16025	0.15044	0.23789	0.12435	0.08286	0.03102	0	0.60733	0.20699	0.09238	0.0013	0.06394	0.03926	0.33121	0.34356	0.09817	0.01554	0.21509	0.07482	0.09653	0.09648	0.0149	0.21	0.00612	1.05282	0.39523	0.0987	0.19891	0	0.10248	0.42781	0.26742	0.03987	0.18521	0	0.04798	0	0.11389	0.01477	0.57137	0	0.00419	0.18965	0.07365	0.05408	0.14066	0.07693	0.25902	0.00995	0.09226	0.18009	0.09166	0.14946	0.02054	0.01796	0.23987	0.0201	0.00195	0	0.25521	0.13194	0.04766	0.01042	0	0.00176	0.10684	0.33578	0	0.11692	1.04357	0	0.15101	0.21742	0.25225	0.13332	0.10807	0.06284	0.0061	0.23289	0.15175	0	0	0.09644	0.16822	0.14583	0	0.26051	0.09895	0.05808	0.02613	0	1.60363	0.03587	0.23649	0	0.24147	0.54996	0.05754	0.32264	0.58113	0.0841	0	0.03539	0.70861	0.1381	0.40441	0.14107	0	0	0.18246	0.04072	0.44881	1.01711	0	0.78517	1.12887	0.04099
Mesosutterella_multiformis	0.01697	0	0.00072	0.00384	0	0	0	0.02266	0	0	0	0	0.03214	0	0	0	0.12914	0	0	0	0	0	0.02088	0	0.01922	0	0	0	0	0	0	0	0	0	0	0	0	0	0	0	0	0	0	0	0	0	0	0	0	0	0.75378	0.45148	0	0	0	0	0	0.30429	0	0	0.01692	0	0	0.00133	0	0	0.17291	0.33658	0	0	0.01755	0	0.30623	0	0	0	0.02098	0.00429	0	0	0.03373	0	0	0	0	0.00934	0.01177	0	0	0.05647	0	0	0.11942	0	0	0.09574	0	0	0	0	0	0	0.17682	0	0	0	0.0405	0	0	0	0	0	0.01484	0	0	0	0	0.06518	0	0	0	0	0	0	0	0.16907	0.20335	0.55868	0.05384	0	0.02697	0	0	0	0.09574	0	0	0	0	0	0	0.17879	0	0.27637	0	0	0	0.78127	0.43857	0.00053	0	0	0	0	0	0.56254	0	0	0	0	0	1.0966	0	5.87016	0.4459	0	0.11451	0	0
GGB4569_SGB6312	0	0	0	0	0	0	0	0	0	0	0	0	0	0	0	0	0	0	0	0	0	0	0	0	0	0	0	0	0	0	0	0	0.00456	0	0	0	0	0	0	0	0	0	0	0	0	0	0	0	0	0	0	0	0	0	0	0	0	0	0	0	0	0	0	0	0	0	0	0	0	0.00136	0.05408	0	0	0	0	0	0	0.00241	0	0	0	0	0	0	0.00164	0	0.0315	0	0	0	0	0	0	0	0	0	0.05911	0	0	0	0	0	0.002	0.03133	0	0	0	0	0	0.00094	0	0	0	0	0	0	0	0	0	0.52635	0	0	0	5.78583	0	0	0	0.62641	0	0	0	0	0	0.01504	0.01493	0	0	0	0	0	0	0	0	0	0	0	0	0	0	0	0	0	0	0	0	0	0	0	0	0	0	0	0	0	0	0	0	0	0
Phocaeicola_coprophilus	0	0	0	0	0	0	0	0	0	0	0	0	0	0	0	0	0	0	0	0	0	0	0	0	0	0	0	0	0	0	0	0	0	0	0	0	0	0	0	0	0	0	0	0	0	0	0	0	0	0	0	0	0	0	0	0	0	0	0	0	0	0	0	0	0	0	0	0	0	0	0	0	0	0	0	0	0	0	0	1.47939	0	0	0	0	0	0	0	0	0	0	0	0	0	0	1.73927	0	0	0	0	0	0.17859	0	0	0	0	0	0.00114	0	0	0.08851	0	0	0	0	0	0	0	0	0.79471	0	0.00248	0	0	0	0	1.04494	0	0	2.75132	0	0	0	0	0	0	0.01293	0	0	0	1.077	0	0	0	1.65538	0	0	0	0	0	1.07666	0	0	0	0	0	0	0	0	0	0	0	0	5.60177	0	0	0	0	0.01102	0
GGB9715_SGB15266	0	0	0	0	0	0	0	0	0	0.40942	0	0	0	0	0	0	1.62049	0	0	0	0	0.35923	0	0	0	0	0	0	0	0	0	0	0	0	0	0	0	0	0	0	0	5.58289	0	0	0	0	0	0	0	0.00289	0	0.14982	0	0	0	0	0	0	0	0	0	0	0	0	0	0	0	0	0	0	0.0118	0	0	0	0	0	0	0	0	0	0	0	0	0	0	0	0	0	0	0	0	0	0	0	0	0.03672	0	0	0.00883	0	0	0	0	0.00179	0.03064	0	0	0	0	0	0	0	0	0	0	0	0	0.17244	0	0	0	0	0.25511	0	0	0	0	0	0	0	0	0	0	0	0	0	0.00656	0	0	0	0	0	0	0	0	0	0	0	0	0	0	0	0	0	0	0	0	0	0	0	0	0	0	0	0	0	0	0	0
GGB9512_SGB14909	0	0	0	0	0	0	0	0	5.48805	0	0	0	0	0	0	0	0.08471	0	0	0	0	0	0	0	0	0	0	0	0	0	0	0	0	0	0	0	5.08289	0	0.01891	0	0	0	0	0	0	0	0	0	0	0.0103	0	0.15218	0	0	0	0	0	0	0	0	0	0	0	0	0.13229	0	0	0	0	0	0	0	0	0	0	0	0	0.26795	0	0.18017	0	0	0.35494	0	0.00968	0	0	0	0	0	0	0.52276	0	0.05012	0	0	0	0	0.86863	0	0	0	0	0	0.04228	0	0	0	0.19929	0	0	0	0	0	0	0	0	0	0	0	0	0	0	0	0	0	0	0	0	0	0	0	0	0	0	0	0.03091	0	0	0	0	0	0	0.01953	0	0	0	0	0	0	0	0	0	0	0	0	0	0	0	0	0	0	0	0	0.2703	0	0	0	0
Veillonella_magna	0	0	0	0	0	0	0	0	0	0	0	0	0	0	0	0	0	0	0	0	0	0	0	0	0	0	0	0	0	0	0	0	0	0	0	0	0	0	5.39622	0	0	0	0	0	0	0	0	0	0	0	0	0	0	0	0	0	0	0	0	0	0	0	0	0	0	0	0	0	0	0	0	0	0	0	0	0	0	0	0	0	0	0	0	0	0	0	0	0	0	0	0	0	0	0	0	0	0	0	0	0	0	0	0	0	0	0	0	0	0	0	0	0	0	0	0	0	0	0	0	0	0	0	0	0	0	0	0	0	0	0	0	0	0	0	0	0	0	0	0	0	0	0	0	0	0	0	0	0	0	0	0	0	0	0	0	0	0	0	0	0	0	0	0	0	0	0	0	0	0
GGB3260_SGB4307	0	0	0	0	0	0	0	0	0	0	0	0	0	0	0	0	0	0	0	0	0	0	0	0	0	0	0	0	5.38551	0	0	0	0	0	0	0	0	0	0	0	0	0	0	0	0	0	0	0	0	0	0	0	0	0	0	0	0	0	0	0	0	0	0	0	0	0	0	0	0	0	0	0	0	0	0	0	0	0	0	0	0	0	0	0	0	0	0	0	0	0	0	0	0	0	0	0	0	0	0	0	0	0	0	0	0	0	0	0	0	0	0	0	0	0	0	0	0	0	0	0	0	0	0	0	0	0	0	0	0	0	0	0	0	0	0	0	0	0	0	0	0	0	0	0	0	0	0	0	0	0	0	0	0	0	0	0	0	0	0	0	0	0	0	0	0	0	0	0	0
Blautia_obeum	3.22314	0	5.34997	1.56369	0	2.74532	0	0.84006	0.02217	0.17079	0.80002	0.47213	0.05428	0.03099	0.0289	0.64684	0.31721	0	0.12932	0.52397	0.76698	0.13515	0.14415	0	0	0.51757	0	0	0.18313	1.807	0.03197	2.4281	1.6939	0	0	0.90557	0.32208	0.14212	0	0.27216	0.5417	0.02748	0.09835	0	0.81734	0.33552	0.11902	0.95037	0.85242	0.80938	0.02194	0.01964	0	0.0233	0.05913	0.00621	0	0.04851	0.0209	0.00808	0.1975	0.00395	0.09604	0.09079	0.89671	0.00274	0.06612	0.09273	0.01975	0.00441	0.01227	0	0.01613	0.14667	0.00753	0.01905	0.00384	0.0059	0.21325	0.07505	0.226	0.00199	0.00276	0.17637	0.04058	0.03715	0.56262	0.04505	0	0	0	0	0.00167	0.01034	0.01413	0	0.05317	0.45875	0.02135	0.01136	0.07991	0.02209	0.02286	0.0092	0.18117	0.00829	0.11377	0.17473	0.01366	0.51671	0.00454	0.00313	0.06	0.01195	0.23075	0.00103	0.15316	0.00496	0.00843	0.07721	0.00894	0.03008	0	0.06545	0.01247	0.01377	0.05704	0.04881	0.02081	0.03276	0	0.53527	0.00601	0.03711	0.00385	0.02183	0.01842	0.01227	0.0477	0.01673	0.21289	0.10525	0	0	0	0.02631	0.00048	0	0.01126	0.13972	0.00271	0	0.04943	0	0.18543	0.03791	0	0.00828	0.08072	0	0	0	0.00165	0.00327	0.0033	0	0	0.02502	0.03391
GGB9464_SGB14857	0	0	0	0	0	0	0	0	0	0	0	0	0	0	0	0	0	0	0	0	0	0	0	0	0	0	0	0	0	0	0	0	0	0	0	0	5.31399	0	0.00916	0	0	0	0	0	0	0	0	0	0	0	0	0	0	0	0	0	0	0	0	0	0	0	0	0	0	0	0	0	0	0	0	0	0	0	0	0	0	0	0	0	0	0	0	0	0	0	0.00202	0	0	0	0	0	0	0	0	0	0	0	0	0	0	0	0	0	0	0	0	0	0	0	0	0	0	0	0	0	0	0	0	0	0	0	0	0	0	0	0	0	0	0	0	0	0	0	0	0	0	0	0	0	0	0	0	0	0	0	0	0	0	0	0	0	0	0	0	0	0	0	0	0	0	0	0	0	0	0	0	0	0
GGB4717_SGB6533	0	0	0	0	0	0	0	0	0	0	0	0	0	0	0	0	0	0	0	0.48771	0	0	1.745	0	0	0	0	0	0	0	0	0	0	0	0	0	0.00833	0	0	0	0	0.00681	0	0	0	0	0	0	0	0.02441	0	0	0	0	0	0	0	0	0	0	0	0	0	0	0	0	0	0	0	0.63686	5.15098	0	0	0	0	0	0	0	0	0	0	0	0	0	0	0	0	0	0	0	0	0	0	0	0	0	0	0	0	0	1.56701	0	0.42008	4.67449	0	0	0	0	0	0	0	0.00531	0	0	0	0	0	0	0	0	0	0	0	0	0	0	0	0	0	0	0	0	0	0	0	0	0	0	0	0	0	0	0	0	0	0	0	0	0	0	0	0	0	0	0	0	0	0	0	0	0	0	0	0	0	0	0	0	0
Phascolarctobacterium_succinatutens	0	0	0	0	0	0	0	0	0	0	0	0	0	0	0	0	0	0	0	0	0	0	0.72329	0	0	0	0	0	0	0	0	0	0	0	0	0.73601	0	0	0	0.24516	0	0	0	0	0	0	0	0	0	0	0	0	0	0	0	0	0	0	0	0	0	0	0	0	0	0	0	0	0	0	0	0	1.63481	0	0	0	0	0	0	0	0	0	0	0	0	0	0	0	0	0	0	0	0	0	0	0	0	0	0.61191	0	0.00219	0	0	0	2.34407	0	0	0	0	0	0	0	0	0	0	0	0	0	0	0	0	0	0	0	0	0	0	0	0	0	0	0	0	0	0	0	2.17197	4.97668	0	0	0	0	0	0	0	0	0	0	0	0	0	0	0	0	0.85216	0	0	0	0	0	0	0	0	0	0	0	0	0	0
Clostridium_symbiosum	0	0.00447	0.58944	0.09323	1.9191	0.00109	0	0.06561	0	0	0.00752	0.06167	0	0.02429	0.04129	0.01159	0	0.21645	0	0	0.05935	0	0.0189	0.13088	0.08774	0.00328	0.33298	0	0.01243	0.00523	0.00139	0.00534	0	0.12374	0.14754	0	0	0.01797	0	0	0	0.02327	0	0.02287	0	0	0	0.02451	0	0	0	0	0	0	0.00482	0	0	0	0.12424	0	0	0	0.00137	0.00386	0.03601	0.04147	0.01111	0.00877	0	0.00075	0	0	0	0	0	0	0.01099	0.03593	0	0.46344	0	0.00862	0.03171	0	0	0.0193	0.12675	0	0.04944	0	0	0.11989	0	0.00122	0	0	0	0.14202	0	0.00259	0	0	0	0	0	0	0	0.00213	0	0	0	0.0178	0	0	0	0	0	0	0.01136	0	0.00635	4.90148	0	0	0	0	0	0	0	0	0	0	0	0.08825	0	0	0	0	0	0.01571	0	0.10587	0	0	0	0	0	0.00395	0	0	0	0	0	0	0	0.01395	0	0	0	0	0	0	0	0.00112	0	0	0	0	0
GGB1627_SGB2230	0	0	0	0	0	0	0	0	0	0	0	0	0	0	0	0	0	0	0	0	0	0	0	0	0	0	0	0	0	0	0	0	0	0	0	0	0	0	0	0	0	0	0	0	0	0	0	0	0	4.81025	0	0	0	0	0	0	0	0	0	0	0	0	0	0	0	0	0	0	0	0	0	0	0	0	0	0	0	0	0	0	0	0	0	0	0	0	0	0	0	0	0	0	0	0	0	0	0	0	0	0	0	0	0	0	0	0	0	0	0	0	0	0	0	0	0	0	0	0	0	0	0	0	0	0	0	0	0	0	0	0	0	0	0	0	0	0	0	0	0	0	0	0	0	0	0	0	0	0	0	0	0	0	0	0	0	0	0	0	0	0	0	0	0	0	0	0	0	0	0
Faecalicatena_fissicatena	0	0	0	0	0	0	0	0	0.97366	0.45035	0	4.80666	0.18846	0.28705	0.41625	1.04574	0.1338	0	0.02614	0	0	0.15063	0.89885	0	0	2.02367	0	0	0.12108	0.98771	0	0	0.29556	0	0	0.2727	1.62654	0	0.00364	0	0.13465	0.00908	0.15983	0	0	0.89213	0	0	0.00153	0.02709	0.07779	0.92525	0	0	0.65956	0.46547	0	0.05017	0	0	0.00037	0.00974	0.10944	0.47745	1.61034	0.00176	0.40387	0.08366	0	0.18111	0.3941	0.18227	0.01158	0	0.38707	0	0.08556	0.08983	0.00292	0.63465	0	0	0.37215	0	0.04798	0	0.00808	0.17244	0.73944	0.14084	0.20942	0.00189	0	0.21378	0.01318	0.01653	0.07069	0.00849	0.11663	0	0.26383	0.00225	0.08085	0.74564	0.20812	0.02752	0.04338	0	0.1696	0.48108	0.0056	0.01169	0.14055	0.02994	0.14656	0.00014	0.30431	0	0	0.08065	0.51713	0	0.00698	0.41229	0.03583	0	2.39047	0.28084	0.89277	2.43273	0	0	0.01178	0.00116	0	0.15027	0.12793	0.03459	0.56368	0.02393	0.09753	0.41621	0	0.06449	0	0.15445	0.05542	0.16261	0.03373	0.20088	0.13866	0.39791	0.06064	0	0	0.18491	0	0.0044	0.07618	0	0	0	0.26186	0.25006	0.17265	0	0	0	0
Hungatella_hathewayi	0.01985	0	0.56239	0.06389	4.7814	0.02737	0	0.04816	0	0	0.02256	0.02781	0	0	0	0.02537	0	0.53605	0	0.00398	0	0.01084	0.55804	0.18968	0.18547	0.00147	0.46996	0	0.00702	0	0	0	0	0.33162	0.09414	0	0	0.06193	0.07708	0.00146	0.00978	0.11619	0	0.00717	0	0	0.49497	0.06302	0	0	0	0.01385	0	0	0	0	0.124	0	0.0827	0	0.01035	0	0.00716	0.00678	0.00174	0.05696	0.01044	0.00462	0	0	0	0	0	0.00118	0	0.01	0	0.9631	0	0.00468	0	0	0.02973	0.00472	0	0.02814	0.02095	0.01685	0.02924	0	0	0.01321	0	0.00049	0	0.01147	0.00687	0.04399	0.0025	0.00304	0	0	0	0	0	0	0	0.0405	0	0	0.00598	0.02664	0.00388	0	0.00281	0	0	0	0.16009	0	0	0.62948	0	0.00973	0.09665	0	0	0.00129	0	0	0.01111	0	0.01319	0.0018	0	0	0	0	0	0	0	0.77275	0.49341	0	0	0	0	0	0	0	0	0	0	0.00575	0	0	0	0	0.00699	0	0	0	0	0	0.00656	0	0	0	0
GGB4578_SGB6328	0	0	0	0	0	0	0	0	0	0	0	0	0	1.30343	0.84781	0	0	0	0	0	0	0	0.65239	0	0	0	0	0	0	0	0	0	0	0	0	0	0	0	0	0	0	0.23268	0	0	0	0.5822	0	0	0	0.08507	0	0	0	0	0	0	0	0	0	0	0.00518	0	0	0	0	0	0	0	0	0	0	0.01822	0	0	0	0	0.00268	0	0	0	0.07442	0	0	0	0	0	0	0	0	0	0	0.00292	0.00599	0.00347	0	0.08357	0	0	0	0	2.33199	0.47502	1.16051	0	0	0	0.00594	0	0	0	0	0	4.77755	2.15175	0.00133	0	0	1.59916	0	0	0	0	1.51913	4.22739	0	0	0	0	0.20362	0	0.30271	0	0	0	0	0.0313	0	0	0.43194	0.06596	0	0	0	0	0	0	0	0.05847	0	0	0	0	0	0	0	0	0	0	0	0	0	0	0	0	0	0	0	0	0
Prevotella_marseillensis	0	0	0	0	0	0	0	0	0	0	0	0	0	0	0	0	0	0	0	0	0	0	0	0	0	0	0	0	0	0.93303	0	4.76635	0	0	0	0	0.09626	0	0	0	0	0	0	0	0	0	0	0	0	0	0	0	0	0	0	0	0	0	0	0	0	0	0	0	0	0	0	0	0	0	0	0.0325	0	0	0	0	0	0	0	0	0	0	0	0	0	0	0	0	0	0	1.44929	0.00168	0	0	0	0	0	0	0	0	0	0	0	0	0	0	0	0	1.33526	0	0	0	0	0	0	0	0	0	0	0.06042	0.03043	0	0	0	0	0	0	0	0.91065	0	0	0	0	0	0	0	0	0	0	0	0	0	0	0	0	0	0	0	0	0	0	0	0	0	0	0	0	0	0	0	0	0	0	0	0	0	0	0	0
Odoribacter_splanchnicus	0.08134	0	0.05045	0	0	0	0	0.32686	0.04625	0.12701	0.02973	0	0.04066	0.02682	0.06086	0.16237	0.24206	0.13262	0	0.46619	0	0.55729	0.34432	0.04791	0	0.0072	0	0	0.00835	0	0	0.01462	0.00825	0	0.00651	0	0.02298	0.04506	0	0.01172	0.01896	0.00171	0	0	0	0.12401	0	0	0.03725	0.03423	0.08803	0.99164	0.06082	0	0	0.13615	0.18114	0.00437	0.16531	0.71971	0	0.07827	0	0.05585	0	0	0.13872	0.0486	0	0.10913	0.06253	0.19944	0.0382	0.00026	0.32794	0	0	0.06915	0	0.16242	0	0.1263	0	0.01042	0.30987	0.1606	0	0	0	0.19394	0.02306	0.12983	0.06364	0	0.06037	0.15273	0	0.1402	0.50006	0.01382	0.00715	0.11719	0.04919	0.01256	0.15006	0	0.00047	0.32008	0.27852	0	0	0.08464	0.01608	0.03163	0	0	0	0.05812	0.14356	0.00072	0.04619	0	0.12156	0.13541	0.02755	0.18651	0.02375	0.16505	0.00753	0	0.08315	0.00072	0.04807	0	0.0037	0.23101	0.058	0	0.09767	0	0.04388	0.42314	0	4.74741	0.25529	0.69016	0.83118	0.56461	0	0.79549	0.53235	0.28638	0.57136	0	0.18579	0.69253	0	0.61835	0.39057	0	0.22481	0.27996	0.49857	0	0	0	1.66028	0.9732	0.35949
Ruminococcus_lactaris	0	0.16396	0	0	0	0	0	0.11098	0	0.84841	0	0	0	0.40435	0.42336	0	0.40926	0	0	0	0	0.17438	0	0	0	0	0	0	0.00379	1.20241	0	0	0.00181	0	0	1.56375	0	0	0	1.60488	0	1.5688	3.16602	0	4.67389	0.8311	0	0	0	0.00898	0	0.0401	0	0	0.11357	0	0	0	0.35049	0	0.20367	0	0.00499	0.09594	0	1.38763	0.01149	0.34366	0	0	0	0	0.2832	1.70534	0.20534	1.67769	0	0.0003	1.96086	0	0.58472	0.22096	0	0.81052	0.85887	0	0.01934	0.774	0	0	0.16847	0	0	0.03207	0.06849	0.22199	0	0.66192	0	0	0.08824	0	0.41358	0	0.18447	0	0.00383	0.5976	0	0.00485	0	0	0.00418	0.28561	0	0	0	0	0	0.2575	0	0	0	0.24757	0	0	0	0	0	0	1.51607	0	0.24071	0.0132	0	0	0.14266	0	0.16152	0.39138	0.7367	0.08777	0	0.91664	0.00953	0	0	0	0.64824	0.03451	0	0.2562	0	0.01986	0.04239	0	0	0	1.30248	0	0	0.08147	0	0	0	0	0	0	0
GGB1538_SGB2121	0	0	0	0	0	0	0	0	0	0	0	0	0	0	0	0	0	0	0	0	0	0	0	0	0	0	0	0	0	0	0	0	0	0	0	0	4.66839	0	0.0187	0	0	0	0	0	0	0	0	0	0	0	0	0	0	0.0875	0	0	0	0	0	0	0	0	0	0	0	0	0	0	0	0	0	0	0	0	0	0	0	0	0	0	0	0	0	0	0	0	0	0	0	0	0	0	0	0	0	0	0	0	0	0	0	0	0	0	0	0	0	0	0	0	0	0	0	0	0	0	0	0.40027	0	0.00264	0	0	0	0	0	0	0	0	0	0	0	0	0	0	0	0	0	0	0	0	0	0	0	0	0	0	0	0	0	0	0	0	0	0	0	0	0	0	0	0	0	0	0	0	0	0	0	0	0
Coprococcus_comes	0.1558	0	0	0	0	0.78491	0	0	4.63109	0.66624	0	0	0.61476	0.908	0.93676	0	1.061	0	0.1765	0	0	0.1425	0	0	0	0.63992	0	0	0	0.81051	0	0.01132	1.53152	0	0	0.57281	0.43092	0	0	0.19589	0.12519	0.60401	0.96764	0	0	0.50998	0	0	0.63345	0.43181	0.2967	0.21661	0	0	0.08085	0.2506	0	0.16876	0	0	0.05929	0.10449	0.60683	0.28874	0	0.82017	0.00065	0.14913	0.37319	0.07563	0.19366	0.16965	0.21182	0.60314	0.30025	0.22586	0.06502	0.41307	0	0.53938	0.30832	0.16619	0.07925	0.22316	0.0837	0	2.91602	0.25365	0.43102	0.02305	0.29772	0.33091	0.11978	2.30764	0.0729	0.10148	0.03976	0.04879	0.25055	0	0.58749	0.03823	0.2649	0.28922	0.20002	0.02423	0.07698	0.25667	0.40463	1.68924	0	1.07239	0.6817	0.53513	0.8152	0	4.06133	0.13213	0.07173	0.1249	0.16884	0	0.20854	0.06143	0.65066	0.1342	0.04607	0.08881	1.43897	2.7109	0.5682	2.39189	0.59608	0.00268	1.21955	0.40468	0.10912	0.62051	0.09172	0.16556	0.63187	1.49508	0	0.12779	0.18266	0.10476	0.04678	0.39206	0.07603	0.02729	0.00307	0.04674	0.03349	0.00543	0.04599	0.06126	0	0.02279	0.15668	0	0	0.16515	0.06682	0.01496	0	0	0.10585	0.02329	0
GGB3680_SGB4995	0	0	0	0	0	0	0	0	0	0	0	0	0	0	0	0	0	0	0	0	0	0	0	0	0	0	0	0	0	0	0	0	0	0	0	0	0	0	0	0	0	0	0	0	0	0	0	0	0	0	0	0	0	0	0	0	0	0	0	0	0	0	0	0	0	0	0	0	0	0	0	0	0	0	0	0	0	0	0	0	0	0	0	0	0	0	0	0	0	0	0	0	0	0.03157	0	0	4.6117	0	0	0	0	0	0	0	0	0	0	0	0.01472	0	0	0	0	0	0	0	0	0	0	0	0	0	0	0	0	0	0	0	0	0	0	0	0	0	0	0	0	0	0	0	0	0	0	0	0	0	0	0	0	0	0	0	0	0	0	0	0	0	0	0	0	0	0	0	0	0	0	0	0
GGB9480_SGB14874	0	0	0	0	0	0	0	0	0	0	0	0	0	0	0	0	0	0	0	0	0	0	0	0	0	0	0	0	0	0	0	0	0	0	0	0	4.58451	3.84147	0.03034	0	0	0	0	0	0	0	0	0.07826	0	0	0	0	0	0	0	0	0	0	0	0	0	0	0	0	0	0	0	0	0	0	0	0	0	0	0	0	0	0	0	0	0	0	0	0	0	0	0.03849	0	0	0	0	0	0	0	0	0	0	0	0	0	0	0	0	0	0	0	0	0	0	0	0	0	0	0	0	0	0	0	0.47862	0	0	0	0	0	0	0	0	0	0	0	0	0	0	0	0	0	0	0	0	0	0	0	0	0	0	0	0	0	0	0	0	0	0	0	0	0	0	0	0	0	0	0	0	0	0	0	0	0	0
Bacteroides_xylanisolvens	0.02442	0	0.21438	0.75743	0	0.11345	0	0.03306	0	0.08376	0.04013	0.13897	0.77679	0.00591	0.01355	0.00522	0.0544	0	0	1.66437	0.08573	4.01036	0.01268	0.14436	1.77361	0.05194	0	0	0	0.10276	0	0.67758	0.007	0	0	0.06297	0.04714	0.06684	0	0.08272	0.0921	0.11161	0.04774	0	1.39558	0.1844	0	0.0573	0.29214	0.00916	0.29645	0.73412	0.24676	2.66794	0.02085	0	0.37614	0.61371	0	2.96107	0.13744	0	0.02533	0.0665	0.1135	0	2.58863	0.65397	0.04053	0.02304	0	0.91344	0.10443	0.91716	0.0361	0.18579	0.01097	0.70724	0.43063	0.00527	0.13247	0.41439	0	0.08599	0.36606	0.19037	0.13703	0.03616	2.57272	0.67725	0	0.27845	0.04136	0.00207	0.00612	0.07349	0.03282	0.12163	0.06462	0.11418	0.0107	0.09523	0.05449	0	0.07604	0.24363	0.01471	0.32302	0.02254	0.0048	0	0.24884	0.09033	0.06611	0	0	0	0.07879	0.01262	0.00127	0.1	0.16433	0.00915	0.02035	0	0.06451	0.03703	0.18786	0.04187	0	0.16935	0	0.02775	0	0.03648	0.11485	0.09447	0.00152	0.1478	1.37816	0.00434	0.17434	2.32884	0.18262	0.50753	4.55812	0.05537	0.20308	0.87715	0.02188	0.85473	0.00214	1.13503	0	0.056	4.45436	0	0.00179	0.05133	0.00226	0.42891	0.24855	0.80918	0.03882	2.23494	0.00393	1.20722	0.0518	0.15178
Mediterraneibacter_faecis	0.4032	2.03696	0	0	0	0	0	1.05335	0.4521	0.16476	0	0.21697	0.38173	1.29042	1.28523	0	0.10921	0	2.98934	0	0	0.11465	3.19023	0	1.45867	2.31186	0	0	0.24586	0.26402	0	0	2.85171	0	0	1.37354	0.67003	0	0	0	0.57697	0.52757	3.10411	0	0	3.21328	0	0	1.47156	0.2024	0	0.76202	0.53854	0	0	0	0	0.04823	0	0	0.04406	0.17609	4.53051	0.75297	0.7078	0	1.18615	0.00968	0.18008	0.48995	0.07777	0.01579	0.03738	0.83786	0.17316	0	0	0.43902	1.69567	0	0.07121	0.01331	0.28351	0.06221	0.04547	0	0	0.12068	0.8754	0.16735	0.57113	0.24164	0.08636	2.96025	0.30959	1.36686	0.20767	0.00054	0.44914	0.67667	0.01035	0	0.03876	0.14128	0.12515	0.01047	1.74913	0.07009	0.50995	0.38014	0.33863	0	0.4044	0	0.00189	0.16546	0	0.17894	0.00894	0.02961	0.09164	0	0.14608	0	0.00499	0	0.12432	0.17911	0.08913	1.1671	1.00854	1.96893	0.31241	0	0.13102	0.07502	0.10484	0.42911	0.16405	0.43446	0.11218	0.37817	0	0.01839	0	0.12458	0.00186	0.03015	0.24641	0.07648	0.04182	0.06172	0.05256	0	0.05932	0	0	0.00887	0	0	0.43322	0.0549	0.00054	0.08158	0	0	0.00423	0.09722	0
Segatella_brasiliensis	0	0	0	0	0	0	0	0	0	0	0	0	0	0	0	0	0	0	0.41386	0	0	0	0	0	0	0	0	0	0	0	0	0	0	0	0	0	0	0	0	0	0	0	0.01301	0	0	0	0	0	0	4.45376	0	0	0	0	0	0	0	0	0	0	0	0	0	0	0	0	0	0	0	0	0	0	0	0	0	0	0	0	0	0	0	0	0	0	0	0	0	0	0	0	0	0	0	0	0	0	0	0	0	0	0	0	0	0	0	0	0	0	0	0	0	0	0	0	0	0	0	0	0	0	0	0	0	0	0	0	0	0	0	0	0	0	0	0	0	0	0	0	0	0	0	0	0	0	0	0	0	0	0	0	0	0	0	0	0	0	0	0	0	0	0	0	0	0	0	0	0	0	0
Bacteroides_rodentium	0	0	0	0	0	0	0	0	0	0	0	0	0	0	0	0	0	0	0	0	0	0	0	0	0	0	0	0	0	0	0	0	0	0	0	0	0	0	0	0	0	0	0	0	0	0	0	0	0	0	0	0	0	0	0	0	0	0	0	0	0	0	0	0	0	0	0	0	0	0	0	0	0	0	0	0	0	0	0.00054	0	0	0	0	0	4.42927	0	0	0.00124	0	0	0	0	0	0	0	0	0	0	0	0	0	0	0	0	0	0	0	0	0	0	0	0	0	0	0	0	0	0	0	0	0	0	0	0	0	0	0	0	0	0	0	0	0	0	0	0	0	0	0	0	0	0	0	0	0	0	0	0	0	0	0	0	0	0	0	0	0	0	0	0	0	0	0	0	0	0	0	0	0
Streptococcus_parasanguinis	0.03899	0.11801	0.4813	0.53997	0.00946	0.00293	0	0	0.00995	0	2.41657	0.04082	0.03733	0.0291	0.02204	0	0	0	0.03204	0	0.46682	0	0	0	0.33832	0.17809	0.49507	0	0.11399	0.06074	0.31857	0	0.64581	1.26888	0.19059	0.02221	0.0883	0.03134	0	0.00707	0.01666	0.01666	0.04865	0.30991	0.01162	0.13355	0	0	0.06675	0.0045	0	0	0	0	0	0.00487	0.11514	0.00613	0	0.0045	0	0	0.06704	0.0135	0.22144	0	0.00164	0	0	0.01481	0	0.03815	0	4.39228	0.04005	0.01529	0.06564	0	0.12097	0	0.08974	0	0	0	0.00309	0.04999	0.33063	0.01421	0.64389	0	0	0	0.03505	0.05142	0	0.00643	0.19609	0	0.00708	0.00483	0.05135	0.02085	0.13886	0.00171	0.00233	0.0182	0.04683	0	0.06194	0.0651	0.00844	0.00098	0.00838	0	0.0479	0	0.40282	0.00808	0	0.00455	0	0.4372	0	0	0.01444	0	0.03502	0.00037	0.04145	0.15278	0.00297	0.01648	0.00048	0.18107	0.04408	0	0	0	0	0.0513	0	0.00198	0.02975	0.16637	0	0.00302	0	0	0	0	0	0	0.00123	0	0.00635	0	0	0	0.01111	0	0	0	0	0.0248	0	0	0	0.00598	0
Sutterella_wadsworthensis	0	0	0	0.00362	0	0	0	0	0	0	0	0	0	0	0	0	0	0	1.14743	0	0	0	0	0	0	0	0.00189	0	0.0047	0	0	0.02889	0.18289	0	0	0	0	0	2.08254	0	0	0	0	0	0	0	0	0	0	0	0	0	0	0	0	0	0	0	0.50588	0.339	0	0.2905	1.00007	0	0	0	0	0.01491	0	0.10849	0.15919	1.07573	0	0.06689	0.4675	0	0	0.67566	0	0	0	0.47521	0	0	0	0	0	0	0	0	0	0.08176	0	0	0	0	0	0	0.02734	0	0.01509	0	0	0.01286	0.47772	0.28894	0.01105	0	0.01648	0	0.03479	0	0	0.11163	0.0001	0	0.00826	0	0	0	0	0	1.51703	0.23437	0	0	0	0	0	0	0	0	0	0	0	0	0.70968	0	0	0	0.56419	0	0	0	3.37201	2.8365	0	0	0	2.00907	0	0	0	0	2.50027	0	0	4.33958	0	0	0.00171	0	0.34794	0	0	2.58921	0.66668	2.68731	0
Dialister_SGB5817	0	0	0	0	0	0	0	0	0	0	0	0	0	0	0	0	0	0	0	0	0	0	0	0	0	0	0	0	0	0	0	0	0	0	0	0	0	0	0	0	0	0	0	0	0	0	0	0	0	0	0	0	0	0	0	0	0	0	0	0	0	0	0	0	0	0	0	0	0	0	0	0	0	0	0	0	0	0	0	0	0	0	0	0	0	0	0	0	0	0	0	0	0	0	0	0	0	0	0	0	0	0	0	0	0	0	0	0	0	0	0	0	0	0	0	0	0	0	0	0	0	0	0	0	0	0	0	0	0	0	0	0	0	0	0	4.31614	0	0	0	0	0	0	0	0	0	0	0	0	0	0	0	0	0	0	0	0	0	0	0	0	0	0	0	0	0	0	0	0	0
GGB9527_SGB14927	4.28996	0	0	0	0	0	0	0	0	0	0	0	0	0	0	0	0	0	0	0	0	0	0	0	0	0	0	0	0	0	0	0	0	0	0	0	0	0	0	0	0.07683	0	0	0	0	0	0	0	0	0.7538	0	0	0	0	0	0.02412	0	0	0	0	0	0	0	0	0	0	0	0	0	0.03794	0	0	0	0	0	0	0	0	0	0.13085	0	0	0	0	0	0	0.01258	0	0	0.28692	0	0	0	0	0.0138	0.01729	0	0	0.30248	0	0	0	0	0	0.07825	0	0	0	0	0	0.26842	0	0	0	0	0	0	0	0	0.17159	0.9167	0	0	0.11305	0	0	0	0	0	0	0.00024	0	0	0.00716	0.16132	0	0.09637	0	0.00332	0	0	0	0	0.01394	0	0	0	0.10298	0	0	0	0	0	0	0	0	0	0	0	0	0	0	0	0	0	0	0	0	0
GGB3363_SGB4447	0	0	0	0	0	0	0	0	0	0	0	0	0	0	0	0	0.00953	0	0	0	4.23647	0	0.04931	0	0	0	0.12389	0	0	0.44759	0	0	0	0	0	0.004	0	0	0.50406	0	0	0	0	0	0.25703	0	0	0	0.13615	0	0.32042	0	0.25861	0	0	0.28718	0	1.21319	0	0.18258	0.26814	0	0.0015	0.10132	0	0.10196	0	0.27031	0.681	0.0374	0.39695	0	0.78067	0	0	0	0	1.12326	0	0	4.11304	0	0.04357	0	0	0.34312	0	0	0	0	0.31467	2.08162	0	2.46452	0.1063	0	0	0.13055	0.02163	0.52336	0.06178	0	0.10932	0.35184	0	0	0.0098	0	0	0.1357	0	0	0.15077	0	0.00226	0	0	0	0	0	0	0	0	0.01453	0	0	0.59305	0	0	0	0.58687	0.6434	0	0	0.28253	0.04807	0	0	0	0	0	0.00089	0	0	0	0	0	0	0.01201	0	0	0	0.02141	0	0	0	0	0	0	0	0	0	0	0.02259	0	0.00625	0	0	0.02369
Ruthenibacterium_lactatiformans	0.26474	0.00805	1.19976	0.10802	1.62345	0.47215	0	1.37587	1.16736	0.09266	0.16722	0.28797	0	0.44563	0.33378	1.52289	0.02551	4.20991	0	0.078	0.10872	0.01624	0.11256	1.40933	0.11954	0.12089	0.29907	0	0.0324	0.08636	0.00383	1.24494	0.20539	0.56184	0.03754	0.30711	0.22523	1.3066	0	0.44811	2.61248	1.00681	0	0.00701	0	0.01479	0	0.67589	0.2416	0.02812	0.00147	0.04023	0.00419	0.01011	0	0.00701	0.24541	0	0.38076	0.17776	0.03978	0.00217	0	0.05199	0	0.49979	0.20026	0.1219	0	0.10603	0.00074	0	0	0.87886	0.11201	0.01741	0.02563	0.07156	0.05806	0.10788	0.00124	0.09326	0.58789	0.17896	0.005	0.12417	0.09798	0	0.29198	0.01933	0	0.1818	0.00243	0.00882	0.02455	0.13642	0	0.96908	0.41793	0.06422	0.0073	0.00458	0.07818	0.01936	0.04678	0.00099	0.00954	0.95605	0.13353	0.00395	0.02556	0.17852	0.09618	0.03378	0.00229	0	0.03429	0.00689	0.0844	0.04366	0.15123	0.25598	0.00892	0.04403	0.01266	0.01061	0.01878	0.0477	0	0.02411	0.09113	0.03252	0.16371	0.00422	0.1243	0.01438	0.01494	0.02083	0.06391	0.01849	0.0084	0.6455	0	0.01889	0	0.02166	0.02943	0.02993	0.01782	0.01086	0	0.02696	0	0	0	0.00376	0	2.1566	0.11352	0.95033	0	0.00813	0.07174	0.00508	0.05048	0	0.05294	0.0253	0
Enterocloster_hominis	0.06147	0	0	0	0	0	0	0	4.20499	0.42002	0	0	0	0	0	0.01982	0.08229	0	0	0	0	0.15164	0.03724	0	0	0	0	0	0	0.18339	0	0	0.55284	0	0	0.08588	1.05562	0.0093	0	0.75885	0.01585	0	0	0	0	0.00014	0	0	0.12483	0	0.11524	0	0.07188	0	0	0.00098	0	0	0	0	0.13769	0.02492	0	8e-05	0	0	0	0.02484	0	0.10082	0	0.18902	0	0	0	0	0	0.03989	0.17902	0	0	0.14449	0	0	0.03974	0.00478	0.61264	0	0	0	0	0.48348	0	0.14325	0.25779	0.00935	0	0.25211	0	0.25063	0	0.00537	0	0	0.02835	0	0	0	0.21525	0.0131	0	0	0	0.00081	0	0	0	0	0	0.02915	0.00511	0	0.26675	0.01481	0	0.08248	0	0.12218	0	0.01288	0.34513	0.11266	0	0	0.23087	0.02049	0.0073	0	0.21542	0.01193	0	0.67553	0	0.0144	0.05125	0.05572	0.01299	0.10911	0	0	0	0	0.05552	0	0	0	0	0.01058	0.10622	0	0	0.07311	0.05704	0	0	0	0.06473	0.10744	0
Blautia_faecis	0.40167	1.91385	0	0.47361	0	0.61302	0	0.23521	0.2513	0.13317	1.70544	0.1554	0.05318	0.16291	0.15917	0.50624	0.10173	0.26948	0.07971	0.74926	0.43062	0.03308	0.80682	0	0.02994	0.69621	0.00619	0	4.20494	1.03223	0.04336	0.38902	0.44825	0	0	0.11795	0.46782	1.63446	0	1.27924	0.64977	0.06544	0.07317	0	1.04718	2.13836	0	1.6091	1.62052	0.31202	0.1543	0.02154	0.12316	0.2241	0.10738	0.66515	0.1378	0.12738	0.03281	0.08512	0.07156	0.07439	0.05705	0.33318	0.13631	0.13629	0.05804	0.22747	0.18034	0.16053	0.0428	0.10538	0.06067	0.18033	0.10475	0.11498	0.00112	0.1573	0.14109	0.14027	0.18337	0.03193	0.06111	0.42201	0.04501	0.08221	0.9134	0.04088	0.25658	0.12359	0.01121	0.06396	0.01752	1.20022	0.03991	0.04981	1.44453	0.23993	0.05743	0.22658	0.23773	0.00874	0.27025	0.10276	0.20022	0.02743	0.03386	0.07768	0.25851	0.27386	0.12821	0.31167	0.11629	0.10837	0.00983	0	0.11387	0.04696	0.06334	0.06975	1.01248	0	0.13862	0.14415	0.12268	0.00807	0.25528	0.17825	0.33711	0.27444	0.31451	0.673	0.27809	0.51193	0.04263	0.09627	0.09708	0.14009	0.03559	0.12228	0.08804	0.18795	0	0	0	0.02849	0.01599	0.00746	0.04119	0.10379	0.01987	0.01068	0.00084	0	0.03633	0.11964	0.01205	0.03363	0	0.04348	0	0	0	0.00322	0.01352	0	0	0.12732	0.00533
Clostridium_sp_AF36_4	4.08427	0	0	0	0	0	0	0	0	0.5373	0	0	0	0	0	0	0.00465	0.06214	0	0	0	0.08743	0.33321	0	0	0	0	0	0	0.18865	0	0.16877	0.00252	0	0	0.04013	0	0	0	0	0	0.37469	0	0	0	0	0	0.01232	0.0403	0.00747	0	0	0	0	0	0	0	0.0411	0	0	0.00442	0	0	0.32588	0	1.21443	0	0.12484	0	0.00632	0.05456	0	0.03721	0.00034	0.22674	0	0	0	0.22975	0.27224	0.07391	0	0	0	2.57462	0.12273	0	0	0	0.29563	0	0	0	0.00184	0.18375	0.00433	0	0	0	0	0.00016	0.71835	0.22724	0.02643	0.28099	0.17528	0.00131	0	0.08344	0	0	0.07122	0.33883	0	0	0	0	0	0	0.01327	0	0	0.01551	0.03264	0	0	0	0.05776	0.07014	0	0.14948	0	0	0	1.1411	0	0.50388	0	0.20395	0.15745	0	0	0	0.00282	0.01178	0	0	0	0.12086	0.00313	0	0	0.07871	0	0	0.20515	0	0	0.57483	0	0	0.05798	0	0	0	0	0	0	0
GGB4683_SGB6473	0.61364	0	0	0	0	0	0	0	0	0	0	0	0	0	0	0	0	0	0	0	0	0	1.35413	0	0	0	0	0	0	0	0	0	0	0	0	3.48762	0.00321	0	0	0	0	0	0	0	0	0.143	0	0	0	0	0	0	0	0	0	0	0	0	0	0	0	0	0	0.5442	0	0	0	0	0	0.00123	0.0195	0	0	0	0	0	0.00046	0.00356	0.00221	0	0	0	0	0.58772	0	0	0.00759	0	0	1.95054	0	0	0	0	1.47084	0	0	0	0.80885	0	0.10669	0.00041	0.95523	0.02711	0.37945	0.1566	0	0	0.00408	0.04947	0	0.19806	1.94732	0	0.00118	0	0	0.67593	0	0.57519	4.07787	0	0	1.03176	0.13261	0	0	1.17148	0	0	1.30046	0	0	0.00623	0.00831	0	0.24249	0.19155	1.29535	0	0	0	0	0	0	0	0	0.19608	0	0.0278	0	0	0	0	0.00148	0	0	0	0	0	0	0	0	0	0	0	0	0	0
Negativibacillus_massiliensis	0	0.0078	4.03505	0	0	0	0	0.00658	0	0.1691	0	0	0	0.06372	0.15568	0	0	0	0	0	0	0	0.13578	0	0	0	0	0	0	0	0	0	0.00137	0	0	0	0.17325	0	0	0.07114	0	1.21829	0	0	0	0.09303	0	0.12902	0	0	0	0	0	0.559	0	0	0	0	0	0	0	0	0	0.03472	0	0	0	0	0	0	0	0	0	0	0	0	0	0	0.03253	0	0	0	0	0.35221	0.0065	0.12384	0	0	0	0.33886	0	0	0	0	0	0	0	0	0	0	0	0	0	0	0	0	0	0	0	0	0	0	0	0.12221	0	0	0	0	0	0	0	0	0	0.06569	0	0.15323	0	0	0.14023	0	0	0	0	0	0.05696	0	0	0	0	0	0	0.6896	0	0.02506	0	0	0	0.884	0	0	0.00815	0	0	0	0	0.00159	0	0	0	0	0	0.00035	0	0	0	0	0	0	0
GGB4552_SGB6276	0.25213	0	0	0	0	0	0	0	0	0	0	0	0	1.98753	1.79681	0	0.29263	0	0	0	0	0.24335	3.99359	0	0	0	0	0	0	0.94906	0	0	0.02647	0	0	0	0.08437	0	0	0	0.28455	0.08379	0	0	0	0	0	0	0.06159	0.19518	0	0	0	0	0	0.76568	0	0	0	0.0008	2.85283	0	0	0.29403	0	0	0	0	0	0	0	0.00445	0	0	0	0	0	0.00822	0.62137	0	0.13148	0	0	0	0	0	0.08638	0	0	0	0	0	0.07124	0	0.1672	0.42802	0.01101	0	0	0	2.47472	1.06084	0.16299	0	0.00272	0	0.00444	0	0	0.51351	0.13148	0.42609	0	0.81819	0	0	0	0.83576	0	0.93242	0	0	1.76523	1.41151	0	0	0	0.54979	0.00071	0	0.0018	0	0	0.02824	0	0.01352	0	0.08049	2.16144	0.18219	0	0	0	0.08284	0	0	0	0.02494	0.02547	0.05139	0	0	0	0	0.0064	0	0	0	0	0	0	0	0	0	0	0	0	0	0
Dialister_SGB5820	0	0	0	0	0	0	0	0	0	0	0	0	0	0	0	0	0	0	0	0	0	0	0	0	0	0	0	0	0	0	0	0	0	0	0	0	0	0	0	0	0	0	0	0	0	0	0	0	0	0	0	0	0	0	0	0	3.95944	0	0	0	0	0	0	0	0	0	0	0	0	0	0	0	0	0	0	0	0	0	0	0	0	0	0	0	0	0	0	0	0	0	0	0	0	0	0	0	0	0.08266	0	0	0	0	0	0	0	0	0	0	0	0	0	0	0	0	0	0	0	0	0	0	0	0	0	0	0	0	0	0	0	0	0	0	0	0	0	0	0	0	0	0	0	0	0	0	0	0	0	0	0	0	0	0	0	0	0	0	0	0	0	0	0	0	0	0	0	0	0	0	0
Megasphaera_sp_NM10	0	0	1.91466	0	0	0.09504	0	0	0	0	0	0	0	1.32641	1.53492	0.94376	0	0	0	0	0.3719	0	0	0	0	0	0	0	0.04861	0	0	0	0.09476	0	0	0	0	0	0	0	0.03372	0	0	0	0	0	0	0	0	0	0	0	0	0.9229	0	0	0	0	0	0	0	0	0	1.25238	0	0	0	1.57508	0	0	0	0	0	0	0	0	0	0	0	0	0	0	0	0	0	3.74155	0	0	0	0	0	0	0	0	0	0	0	0	0	0	0.00291	0	0	0	0	0	0.02582	0	0	0	0	0	0	0.46564	0	0	0	0	0	0	0	0	0	0	0	0	0	0	0	0	0	0	0	0	3.94377	0	0	0	0	0	0	0	0	0	0	0	0	0	0	0.00606	0	0	0	0	0	0	0	0.05483	0	0	0	0	0	0	0	0	0	0	0
Simiaoa_sunii	0.30448	0	0	0	0	0	0	0.78655	0	0.00449	0	0	0.00253	0.26295	0.30061	0	0.00916	0	0.01167	0	0	0.03976	0.04069	0	0	0	0	0	0.18934	0.22691	0	1.03461	0.31031	0	0	0.72026	0.00517	0	0	0.02076	0.24657	0.14346	0	0	0	0.07722	0	0.00416	0.2531	0.51814	0.44065	0.33645	0.0076	1.13799	0.16258	0.0123	0	0.03336	0	0	0.07172	0.10819	0.00196	0.04323	0.02523	0	1.84477	0.00434	0.3682	0.18152	1.97538	0.14816	1.10752	0.09427	0.02913	0.00534	0	0.62636	0.34252	0.01527	0.36141	2.47287	0	0.00965	2.1686	0	0.01789	0.38058	0	1.24749	0	0.07324	1.19759	0	0.12941	0.83202	0.31146	0.01471	0.05023	0.0076	0.09176	0.03313	0.01394	1.30298	0.6544	1.41784	0.00679	0.03997	0.01979	0.00475	0.16336	0.09408	0.01167	0.05801	0.00272	0	0	0.3526	0	0.01191	0.87211	0	1.49618	0.09451	0.05356	0.04502	0.10324	0.18964	0.03547	0.00015	0.00771	0.00092	0	0	0.80711	0.11919	0.97351	0.35403	0.15795	3.91992	0.00993	0	0	0.79483	2.56585	0.0314	0	0.05539	0.02614	0.36536	0	0.08498	0.25853	0	0.83067	0.18947	0	1.35072	0.09225	0	0	2.47788	0.21423	0	0	0	0	0	0.07223
Fusobacterium_mortiferum	0	0.00824	0	0	0	0	0	0	0	0	0	0	0	0.11887	0.08531	0.27465	0	0.09825	0	0	0.6707	0	0	0	1.37515	0	0	0	0	0	0	0.00771	0	0	0	0	0.02459	0	0	0	0	0	0	0	0	0	0	0	0	0	0	0	0	0	0	0	0	0	0	0	0	0	0	0	0	0	0	0	0	0	0	0	0	0	0	0	0	0	0	0	0	0	0	0	0	0	0	0	0	0	0	0	0	0	0	0	0	0	0	0	0	0	0	0	0	0	0	0	0	0	0	0	0	0	0	0	0	0	0	0	0.01292	0	0	0	0	0.03261	0	0	0	0	0	0	0	0.12522	0	0	0	0	0	0	0	0	0	0	0	0	0	0	0	0	3.88311	0	0	0	0	0	0	0	0	0	0	0	0	0.01888	0	0	0	0	0.61847
GGB9699_SGB15216	0.03872	0	0	0	0	0.0754	0	0.11494	0.01485	0.15827	0	0	0.02235	0.12966	0.10225	0	0	0.09088	0	0	0	0.12026	0.09111	0	0	0	0	0	0	0.11397	0	0	0.00223	0	0	0	0.55226	3.76502	0.00015	0.00913	1.36667	1.51653	0	0	0	0.82835	0	0	1.27276	0.34702	0.05035	0.32924	0.36713	0	0.11087	0.16721	0	0	0	0	0.50743	0.07722	0	0.00244	0.0026	0.07231	0	1.31787	0	0.54163	0.24873	0.14974	0.00723	0	0.14573	0	0	0.5319	0.14371	0.88164	0	0	0	0.099	0.23509	0	0.0081	0	0	0.09693	0	0.00319	0.03153	0	0.06862	0.2143	0.00806	2.80987	0.18224	0.21658	0.00457	0.01582	0.14108	0.13502	0.55239	0.03322	0.00744	0.23029	0	0.00313	0.03873	0.08511	0.00222	0.02886	0.0012	0	0.01393	0.06815	0.44575	0.06493	0.00801	0	0.02432	0.38093	0.5873	0.1472	0.16057	0.02873	0.01219	0	0.99662	0.0011	0	0.00096	0.10253	0.04531	0.18003	0.31502	0.01338	0.09216	0	1.67071	0	0	0	0.00015	0.04532	0.11915	0	0.07583	0	0.01045	0.01977	0	0.00039	0.02902	0	0.26504	0.03481	0	0	0.00415	0	0	0	0	0.03349	0.09885	0
GGB4585_SGB6340	0	0	0	0	0	0	0	0	0	0	0	0	0	0	0	0	0	0	0.05673	0.06339	0	0	0	0	0	0	0	0	0	1.67187	0	0	0	0	0	0	0	0	0	0	0	0	0	0	0	0	0	0	0	0.00181	0	0	0	0	0	0	0	0.24542	0	0	0	0	0	0.51244	0	0	0	0	2.16727	0.03434	0.41436	0	3.19322	0	0	0	0	0.00211	0	0	1.5865	0	0	0	0	0	0.03907	0	0	0	0	0	0	0	1.61392	0	0	0	2.80305	0	3.75624	1.99129	0.87402	0.3028	0	0	0.01051	0	0	2.08736	0	0	0	0	0	0	0	0	0	0.47304	0	0	0.33539	0	0	0	0	0	0.00142	0	0.17517	0	0	0.00812	0	0	0	0	0	0	0	0	0	0	0	0	0	0	0	0.02162	0	0	0	0	0	0.01772	0	0	0.05017	0	0	0.03302	0.00943	0	0	0	0	0	0
Sutterella_sp_AM11_39	0	0.0038	0.05419	0	0	0	0	0	0	0	0	0	0	0	0	0	0	0	0	0	0	0	0	0	0	0	0	0	0	0.00966	0	0	0	0	0	0	0.04002	0	0	0	0	0.03077	0	0	0	0	0	0	0	0.0225	0	0	0	0	0	0	0	0	0	0	0.08379	0	0	0	0	0	0	0	0	0	0	0.26797	0	0	0	0	0	0	0	0	0	0	0	0	0.0541	0	0	0	0	0	0	0	0	0	0	0	0	0	0	0	0	0.22143	0	0	0	0	0	0	0	0	0	0	0	0	0	0	0	0	0	0	0	0.01543	0	0	0	0	0	0	0	0	0	0	0	0	0	0.12844	0	0	0	0	0	0	2.05846	0	0	0.58284	0	0	0	0	0	0	0	0	0	0	0	0	0	0	0	0	0	0.41923	0	3.60882	0	0	0
Ruminococcus_SGB4421	0	0	0	0	0	0	0	0	0	1.10056	0	0	0	0	0	0	0.7558	0.84291	0	0	0	0.50747	0.06296	0	0	0	0	0	0	0.0168	0	0	0	0	0	0	0	0	0	3.54623	0	0	0	0	0	0	0	0	3.60012	0	0.08444	0	0	0.2752	0	0	0	0	0	0	0	0	0	0.56102	0	0	0	0	0	0	0	0	0	0	0	0	0	0.9078	0	0	0	0	0	0	0	0	0	0	0	0.17182	0.02626	0	0.06378	0	0	0	0	0	0	0	0	0.09452	0	0	0	0	0	0	0.68321	0	0.61187	0	0	0.13714	0	0	0	0	0	0	0.30569	0	0	0	0	0	0	0.40865	0.02695	0	0	0	0	0	0	0	0	0	0	0.25541	0	0.21272	0	0	0	0.09464	0.23205	0	0	0	0	0	0	0	0	0	0	0.16626	0	0	0	0	0	0	0	0	0	0	0.0117
Dysosmobacter_welbionis	0.12177	0	0.57914	0	3.59421	0.03085	0	0.67795	0	0.10434	0	0.04592	0.05102	0.51968	0.44267	1.75504	0.23587	0	0	0	0.01432	0.16975	0.031	0.27011	0	0.03667	0.0412	0	0.06706	0.14779	0	0.20479	0	0	0	0.14913	0.50349	1.05266	0	0.13507	0.42594	0.62565	0	0	0	0.02891	0	0.00844	0.4592	0.00124	0.05373	0.07409	0.14633	0	0.06895	0	0	0.00793	0.17482	0.52628	0.56679	0.03915	0.00206	0.03221	0.02494	0.23972	0.23939	0.07676	0	0.10164	0.00753	0.10015	0	0.21008	0.0296	0.00796	0.00874	0.16442	0.03001	0.21438	0.00387	0.04755	0.50402	0.20514	0.02499	0.09203	0	0	0.05295	0.10603	0	0.33587	0.04493	0.00066	0.25024	0.03704	0	0.42518	0.0024	0.19918	0	0.00816	0.1039	0.00532	0.09983	0.00968	0.00027	1.46483	0.02422	0	0.00506	0.09478	0.04799	0.02789	0	0	0.00152	0.05798	0.30432	0.0003	0.04307	0	0.06543	0.28638	0.38998	0.55634	0.0026	0.12306	0.00911	0	0.33398	0.00211	0.10226	0	0.07405	0.01201	0.06167	0.02359	0.14053	0.08285	0.01045	0.85902	0	0.04473	0.01114	0.06884	0.155	0.25218	0.24939	0.01742	0.00226	0.27226	0.02029	0.77626	0.01398	0.07314	0	0.38325	0.43236	0	0.07184	0.08484	0.05604	0.49945	0	0	0.22184	0.25838	0
Anaerobutyricum_hallii	1.36976	0	0	0	0	1.47663	0	0	0.415	0	0.37909	0.18029	0.00846	0.17927	0.18059	0.15783	0.12525	0.25267	0.08037	2.5787	0.62211	0.2906	1.0095	0	0	3.5888	0	0	0.09929	0.61835	0.7171	0.88269	0.00114	0	0	0.39845	0.11094	0.68776	0	0.00038	0.30341	0.1354	0.25826	0	0	0.68506	0	0	0.74074	0.8779	0	0.25649	0	0	0.00438	0	0	0.22868	0	0	0.00361	0	0.12475	0	0.05317	0.00798	0.01243	0.00489	0.0608	0	0	0	0	0.00593	0.02109	0	0	0.00041	0.01359	0	0.00203	0.00074	0	0	0.0199	0	0.11062	0.02702	0.05087	0	0	0.00299	0	0.07932	0.0045	0	0.02958	0.1491	0	0	0.00232	0.01158	0	0	0	0	0.02278	0	0	0.18866	0.01378	0	0.03486	0	0.03209	0.02387	0.00808	0.05233	0	0.00638	0	0	0	0	0	0	0.00345	0	0	0.01876	0	0.0114	0	0.03814	0	0	0	0	0	0	0	0.00634	0	0	0	0	0.00199	0.00446	0.02046	0.00028	0	0.00046	0.00572	0	0.00498	0.03775	0	0	0	0	0	0	0	0.00351	0	0	0.0057	0.04863	0
Sellimonas_intestinalis	0	0.04764	0	0	0.12352	0.09511	0	0.77867	0	0.00913	0	0.70777	0	0	0	0.15767	0	0.36853	0	0.03571	0.4336	0	0	0	0	0	0	0	0.81724	0	0	0	0	0	0	0	0	1.10802	0	0	0.02902	0	0	0.04798	0	0	0	3.53928	0	0	0	0	0	0	0	0	0	0	0	0	0	0	0	0	0.07674	0	0	0	0	0	0	0	0	0	0	0	0	0	0	0	0	0	0	0	0	0	0.00074	0	0	0	0	0	0	0	0	0	0	0	0	0	0	0	0	0	0	0	0	0	0.08254	0	0	0	0.05285	0	0	0	0	0	0	0	0	0	0	0.01837	0	0	0	0	0	0	0	0	0	0	0	0	0	0	0	0	0.02792	0.00013	0	0	0	0.00523	0	0	0	0	0	0	0	0	0	0	0	0	0	0	0	0	0	0	0	0	0	0	0
Gemmiger_SGB15301	0	0	0	0	0	0	0	0	0	0	0	0	0.00931	0	0	0	0	0	0	0	0	0	0	0	0	0	0	0	0	0	0	0	3.46054	0	0	0	0	0	0	0	0	0	0	0	0	0	0	0	0	0	0	0	0	0	0	0	0	0	0	0	0	0	0	0	0	0	0	0	0	0	0	0	0	0	0	0	0	0	0	0	0	0	0	0	0	0	0	0	0	0	0	0	0.07182	0	0	0	0	0	0	0	0	0	0	0	0	0	0.00955	0	0	0	0	0	0	0	0	0	0	0	0	0	0	0	0	0	0	0	0	0	0	0	0	0	0	0	0	0	0	0	0	0	0	0	0	0	0	0	0	0	0	0	0	0	0	0	0	0	0	0	0	0	0	0	0	0	0	0	0	0	0
Dorea_formicigenerans	0.28932	0	0	1.29206	0	0.3138	0	0.18749	0.2091	0.27958	0.2039	0.45189	0.61487	0.26257	0.26267	0.25561	0.03416	0.01106	1.29102	1.20769	0	0.10301	0.23898	0	1.04951	0.30128	0	0	0.53409	0.33863	0	0.46886	0.72673	0	0	0.29519	0.40624	1.14613	0.25406	0.19729	0.42545	0.04892	0.81262	0	0	1.14781	0	0	0.66516	0.47477	0	0.09857	0.11278	0.06736	0.84869	0.02238	0	0.17458	0.14576	0.0552	0.11943	0.04382	0.57536	0.30888	0.74944	0.12053	0.47214	0.24658	0.19588	0.28779	0.09595	0.0781	0.0862	2.2193	0.23511	0.10842	0.15621	0.08583	0.32376	0.27423	0.16686	0	0.22831	0.16021	0.06769	0.43667	0.35369	0.06169	0.68022	0.16649	0.29388	0.21717	0.12955	1.41573	0.08822	0.61002	0.03871	1.80496	0.39457	0.20637	0.17723	0.0165	0.18227	0.13908	0.16148	0.00966	0.08902	0.17157	0.26077	0.37958	0.17434	0.27151	0.16545	0.14604	0.60529	0.12908	0.26534	0.14721	0.17871	0.39373	0.20203	0	0.15087	0.14282	0	0.03726	0.36563	0.27358	0.16513	3.43819	0.15495	0	0.21575	1.09134	0.09073	0.04197	0.0929	0.75282	0.14898	0.27158	0.06744	0.10139	0	0	0.01016	0.07982	0	0.00577	0.02655	0.01756	0.01099	0	0.00994	0	0.00565	0.04637	0	0	0	0.16732	0.019	0.00103	0	0.0066	0	0	0	0.01209	0.01182
Eisenbergiella_massiliensis	0	0	0	0	3.43544	0	0	0.03661	0	0	0	0	0	0	0	0	0	0.88424	0	0	0	0.01107	0	2.03399	0	0	0	0	0.02689	0.00419	0	0	0	0	0	0	0	0.01584	0	0.04493	0	0.0031	0	0.03031	0	0.00057	0	0	0	0	0	0	0	0	0	0	0	0	0.18977	0	0	0	0	0.00206	0	0	0	0	0	0	0	0	0	0	0	0	0	0	0	0	0	0	0	0.00796	0	0.00993	0.0089	0	0	0	0	0.00525	0	0.0062	0	0	0	0.87874	0	0	0	0	0	0	0	0	0	0.01974	0	0	0	0.01556	0.00519	0	0	0	0	0	0.27051	0	0.0007	0	0	0	0	0	0	0	0	0	0	0	0	0	0	0	0	0	0	0	0	0.24874	0	0	0	0	0	0	0	0	0	0	0	0	0	0	0	0	0	0	0	0	0	0	0	0	0	0	0
GGB9635_SGB15106	3.39633	0	0	0	0	0	0	0	0	0.00804	0	0	0.00058	0	0	0	0	0	0	0	0	0	3.42801	0	0	0	0	0	0	0	0	0	0.03736	0	0	0	2.1998	0	0.00525	0	0	0	0	0	0	0	0	0	0	0.71521	0	0	0	0	0	0	0	0	0	0	0	0	0	0	0	0	0	0	0	0.00137	0.07561	0.00537	0.03148	0	0	0	0	0	0	0	0	0	0	0	0.13097	0	0	0	0	0	0	0	0	0	0.11827	0.87453	0	0	2.12324	0	0.00017	0.0247	0.87336	0.04491	0	0	0	0	0.03165	0	0.05865	0	0	0	0	0	0	0	0.27419	0.01716	0	0	0	0	0	0	0	0	0.03368	0	1.39309	0	0	0	0	0	0	0.04878	0	0	0	0	0	0.04254	0.00738	0	0	0	0	0	0	0	0	0	0	0	0	0	0	0	0	0	0	0	0	0	0	0	0
Anaerostipes_caccae	0	0	3.4059	0.00084	0.01519	0.04226	0	0	0	0	0	0	0	0	0	0	0	0.01871	0	0	0	0	0	0	0	0	0	0	0	0	0	0	0	0.1995	0	0	0	0	0	0	0	0	0	0.82375	0.07064	0	0	0.00044	0	0	0	0	0	0	0	0	0	0	0	0	0	0	0	0	0	0	0	0	0	0	0	0	0	0	0	0	0	0	0	0	0	0	0	0	0	0	0	0	0	0	0	0	0	0.00289	0	0	0	0	0	0	0	0	0	0	0	0	0	0	0	0	0	0	0	0	0	0	0	0	0	0	0	0	0	0	0	0	0	0	0	0	0	0	0	0	0	0	0	0	0	0	0	0	0.01315	0	0	0	0	0	0	0	0	0	0	0	0	0	0	0	0	0.02069	0	0	0	0	0	0	0	0	0
GGB9715_SGB15267	0	0	0	0	0	0	0	0	0	0	0	0	0.00964	0.41933	0.44569	0	0.00414	0	0	0	0	0	0.02096	0	0	0	0	0	0	0.08335	0	0	0	0	0	0.14726	0	0	0	0.43262	2.53899	0	0	0	0	0.11393	0	0	0	3.36456	0	0	0	0	0	0	0	0	0	0	0	0	0	0.30594	0	0	0	0	0	0	0	0.00501	0	0	0	0	0	0	0	0	0	0	0	1.57182	0	0.72699	0.02271	0	0	0	0	0	0	0	0	0	0	0	0.75669	0	0.00416	0	0	0	0	0	0.00182	0	0	0.02286	0.03347	0.05608	0.34131	1.17923	0.00164	0	0	0.25036	0	0.15379	0.13689	0	0	0.94766	0	0.09698	0	0	0.44752	0	0.00299	0	0	0.00224	0	0	0	0	0.29125	0	0	1.64226	0	0.00577	0	0	0	0.0062	0.00796	0.13582	0	0	0	0	0.03662	0	0	0.11863	2.17741	0	0	0.02956	0	0	0	0	0	0	0
GGB9747_SGB15356	0	0	0	0	0	0	0	0	0	0.03512	0	0	0	3.00022	3.35957	0	0	0	0	0	0	0	0.18867	0	0	0	0	0	0	0	0	0	0.02626	0	0	0	0.44847	0	0	0	0	0	0	0	0	0	0	0	0	0.22733	0	0	0	0	0	0	0	0	0	0	0	0	0	0.02314	0	0	0	0	0	0	0.00653	0	0	0	0	0	0	0	0	0	0	0	0	0	0.0242	0	0	0	0	0	0	0	0.02616	0	0.33437	0.36042	0	0	1.4876	0	0	0.02111	0.27061	0.00815	0	0	0	0	0	0.00151	0.04913	0	0	0	0	0	0	0.13404	0	0.00053	0	0	0	1.07318	0.14707	0.06726	0	0.28536	0	0	0.91372	0	0	0	0.01322	0.01081	0	0.29823	0	0	0	0.13365	0	0	0	0.02263	0	0	0	0	0	0	0	0	0	0	0	0	0	0	0	0	0	0	0	0	0	0	0.00654
GGB3363_SGB4448	0	0.01277	0	0	0	0	0	0	0	0	0.03501	0	0	0.04331	0.04288	2.13226	0	0	0	0	0	0	0	0	0.05985	0	0	0	0	0	0.01381	0	0	0	0	0	0.0094	0	0	0	0	0	0.00905	0	0.00035	0	0	0	0	0	0	0	0	0.13908	0	0	0	0	0.14206	0	0	0	0.07042	0.69725	0	0	0	0	0	0	0	0	0	0	0	0	3.33434	0	0.00222	0	0	0	0	0	0.00661	0	0.06912	0	0	0	0	0	0.01573	0	0	0	0	0	0	0	0	0.08153	0	0	0	0.18308	0	0	0	0	0	0	0	0.58836	0.02726	1.01079	0.02686	0.03825	0	0.01397	0.03284	0	0	0	0	0	0	0	0	0	0	0	0	0	0	0	0	0	0	0	0.21279	0	0	0	0	0	0	0.00295	0	0	0	0	0	0	0	0	0.01843	0.00129	0	0	0	0	0	0	0	0	0	0	0
Tyzzerella_SGB4587	0	0	3.3191	0	0	0	0	0	0	0	0	0	0	0	0	0	0	0.04401	0	0	0	0	0	0	0.61477	0	0.0853	0	0.02827	0	0	0	0	0.28483	0	0	0	0.19996	0	0	0	0	0	0	0	0	0	0	0.00313	0	0	0	0	0	0	0	0	0	0	0	0.00059	0	0	0	0	0.0039	0	0	0	0	0	0	0	0	0	0	0	0	0	0	0	0	0	0	0	0	0	0	0	0	0	0	0	0	0	0	0.07601	0.83838	0.75636	0	0	0	0.00261	0	0	0	0.00405	0	0	0	0	0	0	0	0.00439	0	0	0	0	0.00032	0	0	0	0	0	0	0	0	0.43398	0	0	0	0	0	0	0	0	0	0	0	0	0	0.18119	0	0	0	0	0	0.01894	0	0	0.01048	0	0	0	0	0	0	0	0	0	0	0	0	0	0	0	0	0
Eubacteriaceae_bacterium	0.03758	0	0	0	0	0	0	0.50761	0.17416	0.01118	0.05916	0	0.00765	0.0211	0.0191	0	0.04607	0	0	0	0	0	0.13503	0	0	0	0	0	0.39989	0.05578	0	0	0.06351	0	0	0.19916	0.00908	0.25378	0	0	0.09672	0.11914	0	0	0.11228	0.30413	0	0	0.00744	0.08884	0	0.12098	0	0	0	0.58235	0	0	0	0	0.01634	0	0	0.02078	0	0.93187	0.01003	0.23256	0	0.00074	0	0	0.02521	0.0643	0.99457	0	0	0.00263	0.46806	0.2444	0.0029	0	0.0367	1.53094	0.03859	0	0.00434	0.01567	0	0.46399	0	0	0.00239	0.00039	0.01852	0.25655	0	0.39448	0.03826	0.00232	0.29739	0.08765	0.54411	0	0.07281	0	0.00407	3.25754	0.14663	0.01785	0.11601	0.48958	0.06677	0.0231	0.01106	0	0	0.08868	0	0.0424	0.00019	0	0	0	0.38417	0	0	0.03841	0.08988	0.01025	0.29356	0	0	0.00085	0.37973	0	0.02536	0	0.00213	0.75476	0	0	0	0.16904	0	0.068	0	0.01879	0	0	0	0.01104	0.02315	0	0.02676	0.03319	0.01502	0	0	0	0	0	0.00867	0	0	0	0.07108	0	0
Eggerthella_lenta	0.00782	0.18286	3.25199	2.14556	0.62401	0.15125	0.2892	0.18687	0.0147	0.03097	1.3592	0.20425	0	0.00065	0	0.24025	0.00037	0.08321	0.00169	0.83384	0.04755	0.00237	0.05521	1.11894	0.33575	0.13504	1.50683	0.61637	0.72645	0.05269	0.00397	0.59234	0	0	0.77513	0.00244	0	0.42523	0.53006	0.07989	0.39669	0	0.04539	2.30712	1.5578	0.18327	0.00168	0.25227	0.21052	0.0077	0	0	0	0	0	0	0	0	0.05197	0.01159	0.00079	0	0	0	0.04002	0.02487	0.01847	0	0	0.00812	0	0	0	0.16091	0	0.01202	0.00197	0	0.00059	0.00018	0	0.0049	0.07241	0.02237	0	0	0.01797	0.00922	0.01308	0	0	0	0	0.03618	0	0	0.08104	0.71507	0.00521	0.0122	0	0	0.0035	0	0	0	0	0.02205	0	0	0	0.00916	0.00062	0	0.0406	0	0.0024	0	0.01876	0	0	0.17632	0	0	0.01237	0	0.01228	0	0	0.02382	0.00474	0.00022	0.00887	0.03828	0	0	0	0	0.00359	0	0	0.01333	0	0	0	0	0	0	0	0	0	0	0	0	0	0	0	0	0.00926	0.04864	0.00347	0	0	0.04023	0	0	0	0	0
GGB1387_SGB1894	0	0	0	0	0	0	0	0	0	0	0	0	0	0	0	0	0	0	0	0	0	0	0	0	0	0	0	0	0	0	0	0	0	0	0	0	0	0	0	0	0	0	0	0	0	0	0	0	0	0	0	0	0	0	0	0	0	0	0	0	0	0	0	0	0	0	0	0	0	0.04592	1.2395	0.06816	0	0	0	0	0	0	0	0	0	0	0	0	0	0	0.00046	0	0	0	0	0.00947	0	0	0	0	0	0	0	0	0	0	0	0.35158	0	0	0	0	0	0	0	0	0	0	0	0	0	0	0	0.07571	0	0	0	0	0	3.22435	0	0	0	0	0	0	0	0	0	0	0	0	0	0	0	0	0	0	0	0	0	0	0	0	0	0	0	0	0	0	0	0	0	0	0	0	0	0	0	0	0	0	0
Eubacterium_sp_OM08_24	2.19356	0.00017	0	0	0	0	0	0	0	0	0	0	0	0	0	0	0	0	0	0	0	0	0	0	0	0	0	0	0	0	0	0	0	0	0	0	0	0	0	0	0	0	0	0	0	0	0	0	0	0	0	0	0	0	0	0	0	0	0	0	0	0	0	0	0	0	0	0	0	0	0	0	0	0	0	0	0	0	0	0	0	0	0	0	0	0	0	0	0	0.06526	0	0	0	0	0	0	0.00375	0	0	0	0	0	0	0	0	0	0	0	0	0	0	0	0	0	0	0	0	0	0	0	0	0	0	0	0	0	0	0	0	0	0	3.21819	0	0	0	0	0	0	0	0.0172	0	0	0	0	0	0	0	0	0.37801	0	0	0	0	0	0	0	0	0	0	0	0	0	0	0	0	0	0	0	0
Collinsella_intestinalis	0	3.13764	0	0	0	0	0	0	0	0	0	0	0	0	0	0	0	1.08554	0	0	0	0	0	0	0	0	0	0	0	0	1.18221	0.02995	0	0	0	0	0	0	0	0	0	0	0	0	0	0	0	0	0	0	0	0	0	0	0	0	0	0	0	0	0	0	0	0	0	0	0	0	0	0	0	0	0	0	0	0	0	0	0	0	0	0	0	0	0	0	0	0	0	0	0.05629	0	0	0	0.02696	0	0	0	0.57379	0	0	0	0	0	0	0	0	0	0	0	0	0.54227	0	0	0	0	0	0	0	0	0	0	0	0	0	0	0	0	0	0	0	0	0	0	0	0	0	0	0	0	0	0	0.00119	0	0	0	0	0	0	0	0.0552	0	0	0	0	0	0	0	0	0	0	0.00274	0	0	0	0	0	0	0
Longicatena_caecimuris	0	0	0.02559	0	3.13245	0	0	0	0	0	0	0	0	0	0	0.04897	0	0.0233	0	0	0	0	0.00669	0	0	0.01188	0	0	0	0	0	0.02506	0	0	0	0	0.00039	0.20527	0	0	0.00189	0	0	0	0	0	0	0.06922	0	0	0	0	0	0	0	0	0	0	0	0	0	0	0	0	0.00189	0	0	0	0	0	0	0	0	0	0	0	0	0	0	0	0	0	0	0.0025	0	0	0	0	0.00229	0	0	0	0	0	0	0	0.02374	0.00759	0.00445	0	0	0	0	0	0	0	0	0	0	0	0	0	0	0	0	0	0	0	0	0	0	0.29275	0	0	0	0	0	0	0	0	0	0	0.0236	0	0	0	0	0	0	0	0	0	0	0	0	0	0	0	0.00074	0	0	0	0	0	0	0	0.03897	0	0	0	0	0	0	0	0.01409	0	0	0	0
Eisenbergiella_tayi	0.00832	0	3.10776	0.12108	0	0	0	0	0	0	0.84056	0	0	0	0	0	0	0	0	0	0	0	0.00098	0	0	0	0.24722	0	0	0	0	0	0	0	0	0	0	0.0729	0	0	0.03066	0	0	0	0	0	0	0.00979	0	0	0	0	0	0	0	0	0	0	0	0	0	0	0	0	0	0	0.0065	0	0	0.00556	0	0	0	0	0	0	0	0.1829	0	0	0	0	0	0	0	0.00187	0	0	0	0	0	0	0	0	0	0	0	0.55703	0.00945	0.00526	0	0	0	0	0	0	0.00065	0.05075	0.00089	0	0.0006	0.03024	0	0.00124	0	0	0.02371	0.00052	0.12357	0	0.01423	0.34367	0	0.01516	0	0	0	0.06097	0	0	0	0	0.00736	0	0	0	0	0	0	0	0	1.1152	0	0	0	0	0	0	0	0	0	0	0	0	0	0	0	0	0	0	0	0	0	0	0	0	0	0	0
GGB3623_SGB4900	0	0	0	0	0	0	0	0	0	0	0	0	0	0	0	0	0	0	0	0	0	0	0	0	0	0	0	0	0	0	0	0	0	0	0	0	0	0	0	0	0	3.10535	0	0	0	0	0	0	0	0.02204	0	0	0	0	0	0	0	0	0	0	0	0	0	0	0	0	0	0	0	0.00083	0.02721	0	0	0	0	0	0	0	0	0	0	0	0	0	0	0	0.0057	0	0	0	0	0	0	0	0	0	0	0	0	0	0	0	0	0.02299	0	0	0	0	0	0	0	0	0	0	0	0	0	0	0	0.18107	0	0	0	0	0	0	0	0	0	0	0	0	0	0.00206	0	0	0	0	0	0	0	0	0	0	0	0	0	0	0	0	0	0	0	0	0	0	0	0	0	0	0	0	0.00242	0	0	0	0	0	0
Clostridiaceae_bacterium_Marseille_Q4149	0	0	0	0	0	0	0	0	0	1.27371	0	0.0173	0.02913	0	0	0	0.73174	0	0	0	0	0	2.27137	0	0	0	0	0	0	0.30782	0	0	0.0068	0	0	0.03025	0	1.34948	0	0.24361	0	0	0	0	0	0.16596	0	1.49379	0	0.63627	0	0	0	0	0	0	0	0.00073	0	0	0	0.21877	0	0.01011	0.02383	0	1.1455	3.10513	0	0.1023	0	0.01332	0.01055	0	0	0	0	0.12341	0	0	0	0	0	0.53748	0.22758	0	0.76508	0	0	0	0	0	0.07547	0	0	0	0	0.70921	0.15796	0	0.16742	0.09994	0.14671	0.00171	0.29127	0	0.04633	0	0.21577	0.07128	0	0	0.16628	0	0.0011	0	0	0.01734	0	0.00556	1.05945	0	0.00038	0.26807	0.03256	0.4899	0	0.92742	0.04389	0.00067	0.88042	0	0	0	0	0	0.14619	0.32371	0.05746	0.06866	0	0	0	0	0.00663	0.12366	0	0	0	0	0	0	0.00102	0	0	0	0	1.06484	0.29686	0	0	0	0.04269	0	0	0	0	0	0.02263
Oscillibacter_valericigenes	0.04156	0	0.5456	0	0	0	0	0.01699	0	1.11043	0	0	0.03577	0.24445	0.26152	0.20085	0.00553	0	0	0	0	0	0.30501	0	0	0.02017	0	0	0	0.06281	0	0.25769	0.02248	0	0	0.5151	0.63503	0.1349	0	0.01475	0.18628	2.4677	0	0	1.75808	0.13138	0	0.03585	0.81961	0.03755	0.05489	0.55319	0.20346	0	0	0.12011	0	0.0217	0	0	0.22511	0.05788	0.01514	0.00939	0.00505	0.18306	0.61493	0.23327	0.0298	0.06312	0.08307	0.09221	0.01235	0	0.35521	0	0	0.07602	0.51832	0.58809	0.00215	0.16797	0.1048	0.18127	0.22821	0.00405	0.24385	0	0	0.28493	0	0.10589	0.28448	0	0.11234	0.4241	0	0.04911	0.36768	0.20485	0.01552	0.04529	0.06971	0.03407	0.56126	0.0234	0.00284	0.28858	0.03678	0.00199	0.02546	0.05004	0.01897	0.04978	0	0	0.0011	0.0966	0.42893	0.03928	0.19566	0	0.61277	0.85182	0.05633	0.11916	0.03391	0.36922	0.05596	0	0.11553	0.00909	0	0	0.0821	0.10394	0.18356	0.09033	0.08694	0.03668	0	0.02752	0	0.36816	0.54162	1.75654	0.02809	0.86539	0.39501	0.34794	0.00929	0.00912	0.188	0	0.25515	0.42438	0	0.56337	0.57182	0	0	1.28957	0.67116	3.10418	0	0	0.03022	0.12132	0.03677
Lachnospiraceae_bacterium_2_1_46FAA	0	0	0	0	0	0	0	0	0	0	0	3.02275	0	0	0	0	0	0.00364	0	0	0	0	0	0	0.04298	0	0	0	0	0	0	0	0	0	1.17155	0	0	0	0	0	0	0	0	0	0	0	0	0.01239	0	0	0	0	0	0	0	0	0	0	0	0	0	0	0	0	0	0	0	0	0	0	0	0	0	0	0	0	0	0.0158	0	0	0	0	0.22405	0	0	0	0	0	0	0	0	1.14018	0	3.10232	0	0	0	0	0	0	0	0	0	0	0	0	0	0	0	0	0	0	0	0	0.04559	0	0	0	0	0	0	0	0	0	0	0	0	0	0	0	0	0	0	0	0	0	0	0	0	0	0	0	0	0	0	0	0	0	0	0	0.13797	0	0	0	0	0	0.02912	0	0	0	0	0	0	0	0	0	0	0	0
Vescimonas_coprocola	0.05551	0.01382	0	0	0	0	0	0	0	0.21275	0	0	0.04733	0.57082	0.67787	0.96914	0.07585	0	0.02068	1.34998	0	0.45794	0.01149	0	0	0.00687	0	0	3.08038	0.02679	0	0	0.20401	0	0	0	1.54363	0.16381	0.01155	0.02265	1.89977	1.13656	0	0	0	0.2217	0	0.31042	1.9328	0.01298	0.09727	0.46334	0.19679	0	0	0.06865	0	0.03052	0	0	0.51647	0.00941	0.01184	0.03532	0	0.3003	0	0.124	0.00974	0.26662	0.00565	0.13842	0.06577	0.31566	0.73638	0	0	0.0092	0.20934	0.16448	0.00036	0.39519	0.22597	0.07767	0.00809	0.11362	0	0	0.08508	0.11416	0.01613	0.00105	0.08502	0	0.00703	0.36228	0.03417	0.18927	0.04786	0.27635	0.00421	0.03135	0.00488	0.00979	0.0112	0.07332	0.01243	0.40284	0.05656	0.00575	0.05361	0.02552	0.00869	0.0034	0	0	0.00687	0.00629	0	0	0.00912	0	0.03154	0.0323	0.06822	0.1355	0.0571	0.02911	0	0.01721	0.09408	0.06084	0.10867	0	0.1093	0.03347	0	0.43703	0.02144	0.02539	0.02181	1.22116	0	0.01232	0.00027	0.01857	0.3328	0.88603	0.02029	0.17644	0.00611	0.28052	0.07311	0	0.03871	0.13309	0	0.06504	1.30464	0	0	0.04496	0.015	0.29898	0	0	0	0.13509	0
GGB9730_SGB15291	0	0	0	0	0	0.00083	0	0	1.1235	0	0	2.13495	0.47451	0.07134	0.03513	0	0.15546	0	0.60661	0	0	0.06303	0	0	0	2.52161	0	0	0	1.43477	0	0	3.02961	0	0	0.10669	1.90256	0	0.00856	0.09218	0.18059	0.35251	0.74195	0	0	0.7564	0	0	0.32	0.56943	0	0.10144	0	2.05289	0	0.72728	0	0.15618	0	0	0.05015	0.17235	0.02947	0.47786	0	0	0.09661	0.06531	0.9208	0.09309	0.16823	0.03696	0.28146	0	0.19372	0	0	0.70251	0.28303	0.35286	0	0.8046	0	0	0.53944	0.0731	0.13903	1.3707	0	0.63557	0.02179	0	0.23267	0	0.0952	0.1652	0.22627	0.01939	0.4022	0.0252	1.02989	0.07551	1.90177	0.36202	0.174	0.14093	0.13008	1.64903	0.54139	0.49695	0.21614	0	0.84719	0	0.22813	0	0	0.07847	0	0.28534	0.12768	0	0.01411	0.2179	0.51931	0.13748	0.20579	0.09762	0.21036	2.00597	0.24945	2.20799	0	0.00195	1.42203	0.19386	0.07949	0.1168	0	1.20178	0.10207	0.16845	0	0.00818	0	0	0.00902	0.05008	0.03119	0.01006	0	0.00342	0.01629	0	0.01083	0.00392	0	0.01285	0.03533	0	0	0	0	0	0	0	0.00279	0	0
Bacteroides_cellulosilyticus	0.06495	0	0.16027	0	0	0.00252	0	0.88115	0	0	0	0	0	0.08625	0.09577	0.01408	0	0.78656	0	0.69903	0	0.94754	0.10681	0.24203	0	0.00716	0	0	0.02393	1.34563	0	0.2066	0	0	0	0.76898	0.00056	0.10142	0.00051	0.11198	0.09341	0.13008	0	0	0	0.24053	0	0.02082	0.00916	0	0.00087	0	0	0	0	0.35949	0	0	0	0	0.17961	0	0	0.00865	0.03125	0	2.78775	0	0	0.08093	0.16762	0	0.05217	0	0.63853	0	0.01031	0.02897	0	0	0.04932	0.1068	0.63519	0.17882	0.00079	0.04262	0.00225	0	0	2.39992	0	0.03783	0.00148	0	0.00258	0.1552	0.11137	0.01238	0.05857	0	0.02435	0.00164	0.38862	0.08019	0.03346	0.01441	0	0.22705	0.08377	0	0.00928	0.17432	0	0.02649	0	0	0	0	0.00082	0.00024	0.00893	0.01387	0	0.02105	0.00943	0.02187	0.11123	0.00207	0	0	1.1626	0.0005	0	0	0.02701	0	0.01914	0.00085	0.75682	0.43675	0.00065	0	3.02412	0.50156	0.02454	0.42585	0	0.11045	0.97074	0	0.07233	0.07921	0.06296	0	0.01519	0.5829	0.4161	0.24948	0	0	0	0.44688	0	0.00849	0.0398	0	1.11522	0.4345	0.00498
GGB4596_SGB6358	0	0	0	0	0	0	0	0	0	0	0	0	0	0	0	0	0	0	0	0	0	0	2.14756	0	0	0	0	0	0	0	0	0	0	0	0	0	0	0	0	0	0	0.07951	0	0	0	0	0	0	0	0	0	0	0	0	0	0	0	0	0	0	0	0	0	0	0	0	0	0.50897	0	0	0	0	0	0	0	0	0	0	0	0	0	0	0	0	0	0	0	0	0	3.00743	0	0	0	0	0.01881	0	0	0	0.0269	0	0	0.27856	0	0	0	0	0	0	0	0	0	0	0	0	0	0	0	0	0	0	0	0	0	0	0	0	0	0	0	0	0	0	0	0	0	0	0	0	0	0	0	0	0	0	0	0	0	0	0	0	0	0	0	0	0	0	0	0	0.00925	0	0	0	0	0	0	0	0	0	0
Clostridium_sp_AF27_2AA	0	0	0	0	0	0	0	0.01166	0	0	0	0	0.00958	0.00148	0.00312	0	0.03203	0	0.00308	0.01558	0	0.05644	0	0	0	0.12464	0	0	0	0	0	0	0	0	0	0	0	0	0	0	0	0	0.14417	0	0.41776	0	0	0	0	0	0	0	0.06758	0	0.01954	0	0	0.35365	0.12164	0	0.0071	0	3.00014	0.00973	0	0.04674	0.06133	0.04825	0	0	0	0	0.35478	0	0	0	0	0.02394	0.00165	0	0	0.06453	0	0	0.03748	0	0	0.65553	0.03371	0.04359	0.27419	0.01358	0.01579	0.00484	0.13254	0.01718	0.06485	0	0	0.07036	0.02389	0.00898	0.01538	0	0.05269	0.08265	0.03755	0.01021	0	0.00184	0	0	0.02355	0.07087	0	0.0341	0	0	0	0.00172	0	0	0.08398	0	0.05126	0	0.00549	0.00441	0.0226	0.00888	0.01064	0	0	0	0.12949	0	0.13056	0.03853	0.01517	0.12468	0	0	0	0	0	0	0	0	0.46148	0.01471	0.00127	0	0.03954	0	0.03024	0.0414	0	0.01228	0	0	0.24667	0.04326	0	0.02621	0	0.00638	0	0	0
Clostridium_fessum	0.13743	0	0	0	0	0	0	0.22826	0.25032	0.20498	0	0.30024	0.63355	0.16089	0.17316	0.32809	0.51232	0	0.04225	0.3137	0	0.89843	0.02998	0	2.99052	0.3144	0	0	0.25699	0.79215	1.39177	0.05432	1.06009	0	0	0.01275	0.02358	0.3719	2.53931	0.08365	0.01557	0.02186	0.98611	0	0.39982	0.12774	0	0.00641	0.20428	0.06954	1.63519	0.56836	0.46612	0	1.944	0.63504	0	0.5967	0	2.33793	0.16891	1.02878	1.35994	0.77448	0.00529	1.2153	0.25	0.27005	0.99542	0.71447	0.23845	0.44442	0.43147	0.52355	0.39775	2.67039	1.80012	0.5981	0.60225	0.11682	0.66484	0.47892	0.37142	0.60347	0.14733	0.7816	1.54441	0.85996	1.49416	0.55026	1.05978	2.08478	0.87466	0.27915	0.50205	0.20271	0.04297	0.10011	0.06037	0.76647	0.28588	0.13476	0.19775	0.18148	0.38671	0.23811	0.51903	0.22959	0.24103	1.18656	0	0	0.36577	0.52989	0.01028	0.9894	0.00012	0.09723	0.14405	0.02904	0.19721	0	0.54245	0.46333	0.89336	0.55094	0.54159	0.53219	0.44587	0.08273	0.22017	1.36366	2.06982	2.73827	0.90459	0.64551	0.50968	0.86207	0.45083	0.61581	0	0.1415	0	0.11057	0.13599	0	0.24037	0.1939	0.35729	0.05713	0.05717	0.0163	0.31645	0	0.03432	0.15533	0	0.17475	0.19104	0	0.00064	0.39182	0.0831	0	0.02438	0	0.16647	0.07615	0.04321
Alistipes_communis	0.1061	0	0	0	0	0	0	0	0	0.18452	0	0	0.17107	0.53855	0.48138	0	0.31881	0	0	0	0	0.23299	0.3188	0	0	0.02569	0	0	0	0.10223	0	0	0.04042	0	0	0	0	0	0	0.41679	0	0	0	0	0	0.06879	0	0	0.51429	0	0.13155	0.02453	0.51312	0	0	0.11351	0.04159	0.12721	0	0	0	0	0	0	0	0.45586	0.26911	0.62697	0	0.24118	0.04123	0.16972	0.22647	0	0.12179	0	0	0.04329	0	0.39384	0.01469	0	0	0.29343	0.06681	0	0	0	0.01983	0.02348	0.01418	0	0.01067	0.00025	0.02339	0.11012	0	0.54671	0.65198	0.58967	0.00338	0	0.15351	0.01238	0.15589	0	0	0	0.11372	0.00609	0.00272	0	0.03025	0.01486	0	0	0	0.14589	0.0013	0.00286	0.06368	0	0.19244	0	0.01501	0.23254	0.03527	0.59922	0.00457	0	0.04753	0	0.28704	0	0.01211	0	0.04225	0.17269	0.16204	0.01587	0	0.45463	0	0.06623	0.1193	0.7823	2.48302	0.90033	0	0.03105	0	2.96561	1.25733	0	0.03331	0	0	0.24951	1.41049	0.15839	0.0197	0.57603	0.17087	0	0	0	0.35656	0	0.15318
GGB4604_SGB6371	0	0	0	0	0	0	0	0	0	0	0	0	0.02833	1.53119	1.00641	0	0	0	0	0	0	0	2.95912	0	0	0	0	0	0	0	0	0	0	0	0	0	0	0	0	0	0	0	0	0	0	0	0	0	0	0.00114	0	0	0	0	0	0	0	0	0	0	0	0	0	1.36285	0	0	0	0	0	0	0	0	0	0	0	0	0	0	0	0	0	0	0	0	0	0	0	0	0	0	0	0	0	0	0.19488	0	0	0	0	0	0	0	0	0	0	0	0	0	0	0	0	0	0	0	0	0	0	0	0	0	0	0	0.02477	0	0	0	0	0	0	0.72166	0	0	0	0	0	0	0	0	0	0	0	0	0	0	0	0	0	0	0	0	0	0	0	0	0	0	0	0	0	0	0	0	0	0	0	0	0	0	0
GGB4584_SGB6338	0	0	0	0	0	0	0	0	0	0.97509	0	0	0	0.08464	0.05017	0	0.00325	0	0	0	0	0	1.48829	0	0	0	0	0	0	0	0	0	0	0	0	0	0	0	0	0	0	0.01755	0	0	0	0	0	0	0	0	0	0	0	0	0	0	0	0	0	0	0	0	0	0	0.02175	0	0	0	0	0	0	0	0.12506	0	0	0	0	0	0	0	0.04368	0	0	0	0.25249	0	0	0	0	0	0	0	0	0	0	0	0	0	0	0	2.90131	0.86762	0	0	0.27821	0	0.00447	0	0	0	0.17318	0.29733	0	0	0	0	0	0	0	0	0	0	0	0	0	0	0	0	0	0	0	0	0	0	0	0	0.59603	0	0	0	0	0	0	0	0	0	0	0	0	0	0	0	0	0	0	0	0	0	0.04451	0	0	0.01655	0	0	0	0	0	0	0
Oscillibacter_sp_MSJ_31	0	0	0	0	0	0	0	0	0.04857	0.1504	0	0	0.00346	0	0	0	1.02559	0	0	0	0	0	0.69689	0	0	0	0	0	0	0	0	0	0.01504	0	0	0	0.28794	0	0	0	0	0.2025	0	0	0	0	0	0	0.64358	1.2251	0	0	0	0	0	0	0	0	0	0	0.04658	0	0	0.03734	0	0	0	0.14217	0	0.13111	0.2197	0	0.00122	0	0.15084	0	0	0.00364	0	0	0	0	0	0	0.02944	0	0	0	0	0.35891	0	0	0.12844	0	0.19191	0.10745	0	0	2.88404	0	0.01159	0.03158	0.48009	0.20548	0.01421	0.11493	0.00131	1.77059	0.24495	0	0	0.21874	0.14831	0	0	0	0	0.16637	0.55167	0.04646	0.24878	0	0.06168	0.04705	0.1328	0.02089	0.00564	0.06648	0	0	0.56882	0.0071	0	0	0.04915	0	0	0.12774	0.16217	0.00138	0	0	0	0.0229	0.05109	0.0779	0.21728	0	0	0	0	0.15362	0.02387	0	0.00437	0	0	0.02758	0.29553	0	0	0	0.11206	0	0	0	0	0	0
Sutterella_parvirubra	0	0	0	0	0	0	0	0	0	0	0	0	0	0	0	0	0	0	0	0	0	0	0	0	0	0	0	0	0	0	0	0	0	0	0	0	0	0	0	0	0	0	0	0	0	0	0	0	0	0	0	0	0	0	0	0	0	0	0	0	0	0	0.00067	0	0	0	0	0	0	0	0	0	0	0.0116	0	1.68707	0	0	0	0	0	0	0	0	0.05453	0	0	0	0	0	0	0	0	0.01603	0	0	0	0	0	0	0	0	0	0	0	0.00098	0	0	0	0	0	0	0	0	0	0	0	0	0	0	0	0	0	0	0	0	0	0	0	0	0	0	0	0	0	0	0	0	0	0	0	0	0	0	0	0	0	0	0	0	0	0	0	0	0	0	0	0	0	0	0	0	0	2.87434	0	0	0	0	0
Candidatus_Nanosynbacter_sp_HMT_352	0	0	0	0.003	2.79907	0.00245	0.00628	0	0	0	0	0.02492	0.00402	0	0	0	0	0	0	0	0.00155	0	0	0	0	0	0	0	0.00112	0	0	0	0	0.00497	0	0	0	0.00561	0	0	0	0	0	0	0	0	0.03315	0	0	0	0	0	0	0	0	0	0	0	0	0	0	0	0	0	0	0	0	0	0	0	0	0	0	0	0	0	0	0	0	0	0	0	0	0	0	0	0	0	0	0	0	0	0	0	0	0	0	0	0	0	0.00454	0	0	0	0	0	0	0	0	0.00522	0	0	0.00094	0	0.0022	0	0	0	0	0	0	0	0	0	0	0	0	0	0	0	0.00216	0	0	0	0	0	0	0	0	0	0	0	0	0	0	0	0	0	0	0	0	0	0	0	0	0	0	0	0	0	0	0	0	0	0	0	0	0	0
GGB4549_SGB6271	0	0	0	0	0	0	0	0	0	0	0	0	0	0	0	0	0	0	0	0	0	0	0	0	0	0	0	0	0	0	0	0	0	0	0	0	0	0	0	0	0	0	0	0	0	0	0	0	0	0	0	0	0	0	0	0	0	0	0	0	0	0	0	0	0	0	0	0	0	0.01033	0.10137	0	0	0	0	0	0.00016	0	0	0	0	0	0	0	0	0	0	0	0	0	0	0	0.01771	0	0	0	0	0	0	0	0	0	0.05717	0.1012	0	0	0	0	0	0	0	0	0	0	0	0	0	0.51207	0	0	0	0	0	2.7909	0	0	0	0	0	0	0	0	0	0	0	0	0	0	0	0	0	0	0	0	0	0	0	0	0	0	0	0	0	0	0	0	0	0	0	0	0	0	0	0	0	0	0	0	0
Catenibacterium_tridentinum	0	0	0	0	0	0	0	0	0	0	0	0	0.00362	0	0	0	0	0	0.92908	0	0	0	0	0	0	0	0	0	0	0	0	0	0	0	0	0	0	0	0	0	0	0	0	0	0	0	0	0	0	2.157	0	0	0	0	0	0	0	0	0	0	0	0	0	0	0	0	0	0	0	0	0	0	0.11456	0	0	0	0	0	0	0	0	0	0	0	0	0	0	0	0	0	0	0	0.68876	0	0	0.66007	0	0	0	0	0	0	0.00317	0	0	0	0	0	0	0	2.77026	0	0	0	0	0	0	0	0	0	0	0	0	1.02344	0	0	0	0	0	0	0	0	0	0	0	0	0	0	0	0	0	0	0	0	0	0	0	0	0	0	0	0	0	0	0	0	0	0	0	0	0	0	0	0	0	0	0	0	0
GGB3264_SGB4312	0	0	0	0	0	0	0	0	0	0	0	0	0	0	0	0	0	0	0	0	0	0	0	0	0	0	0	0	0	0	0	0	0	0	0	0	0	0	0	0	0	0	0	0	0	0	0	0	0	0	0	0	0	0	0	0	0	0	0	0	0	0	0	0	0	0	0	0	0	0	0	0	0	0	0	0	0	0	0	0	0	0	1.53508	0	0	0	0	0	0	0	0	0	0	0	0	0	0	0	0	0	0	0	0	0	0	0	0	0	0	0	0	0	0	0	0	0	0	0	0	0	0	0	0	0	0	0	2.76967	0	0	0	0	0	0	0	0	0	0	0	0	0	0	0	0	0	0	0	0	0	0	0	0	0	0	0	0	0	0	0	0	0	0	0	0	0	0	0	0	0	0
GGB4554_SGB6285	0	0	0	0	0	0	0	0	0	0	0	0	0	0	0	0	0	0	0	0	0	0	0	0	0	0	0	0	0	0	0	0	0	0	0	0	0	0	0	0	0	0.01027	0	0	0	0	0	0	0	0.30961	0	0	0	0	0	0	0	0	0	0	0	0	0	0	0	0	0	0	0	0	0	0	2.75673	0	0	0	0	0.00247	0	0	0	0	0	0	0	0	0.03826	0	0	0	0	0	0	0	0	0	0	0	0	0	0	0	0	0	0	0	0	0	0	0	0	0	0	0	0	0	0	0	0	0.35572	0	0	0	0	0	0	0	0	0	0	0.14511	0	0	0.01223	0	0	0	0	0	0	0	0	0	0	0	0	0	0	0	0	0	0	0	0	0	0	0	0	0	0	0	0	0	0	0	0	0	0	0
GGB9495_SGB14892	0	0	0	0	0	0	0	0	0	0.0018	0	0	0	0	0	0	0	0	0	0	0	0	0	0	0	0	0	0	0	0	0	0	0	0	0	0	0	0	0	0	0	2.75072	0	0	0	0.01226	0	0	0	0	0	0	0	0	0	0	0	0	0	0	0	0	0	0	0	0	0	0	0	0	0	0	0	0	0	0	0	0	0	0	0	0	0	0	0	0	0	0	0	0	0	0	0	0	0	0	0	0	0	0	0	0	0	0	0	0	0	0	0	0	0	0	0	0	0	0	0	0	0	0	0	0	0	0	0	0	0	0	0	0	0	0	0	0	0	0	0	0	0	0	0	0	0	0	0	0	0	0	0	0	0	0	0	0	0	0	0	0	0	0	0	0	0	0	0	0	0	0	0
Parasutterella_SGB9260	0.00139	0	0	0	0	0	0	0	0	0	0	0.53479	0.35552	0	0	0	0.12948	0	0	0	0.00032	2.56186	0	0	0	0	0	0	0	0	0	0	0	0	0	0	0	0	0	0	0	0	0	0	0	0	0.44282	0	0.00445	0	0	0	0	0	0.94611	0.15961	0	0.82966	0	1.09114	0.02591	0	0	0.0519	0.86343	0.85358	0.11266	0	1.03054	0	0	0.01145	0	0.01872	0	0	0	0	0	0	0	0	1.02743	0	0	0.12966	0	0	1.15009	0	0	0.10771	0	0.00545	0.2581	0	0.15133	0.05799	0	0	0	0	0	0	0	0	0.00747	0	0	0.20652	0	0.17354	0.04352	0	0	0	0	0.04519	0	0	0.00636	0	0	0	0.09417	0.22804	0.09917	0	0.22762	0	0	0	2.74475	0	0	0.15709	0	0.61144	0	0	0	0.19578	0	0	0	0.04031	0	0	1.86157	0	0	0.79037	0	0	0	0	0	0	0	0	0	0.40417	0	0	0.0153	0	0	0	0
GGB9347_SGB14313	0.08484	0	0	0	0	0	0	0	0	0.01218	0	0	0	0.15046	0.19009	0	0	0	0	0	0	0	0.56496	0	0	0	0	0	0	0	0	0	0	0	0	0	0	0	0	0	0	0	0	0	0	0	0	0	0	0.96655	0	0	0	0	0	0	0	0	0	0	0	0	0	0	0	0	0	0	0	0	0	0	0	0	0	0	0	0	0.00434	0	0	0	0	0	0	0	0	0	0	0.09032	0	0	0.00322	0	0.11483	0.11225	0	0	0.66738	0	0	0	0.35114	0.00134	0.00942	0	0	0	0	0	0	0	0	0	0.00101	0	0	0.07898	0	0.00167	2.74096	0	0.00165	1.9931	0	0	0	0	0.00311	0	0.20382	0	0	0	0	0	0	0	0	0	0	0	0	0.02099	0	0	0	0	0	0.11504	0	0	0	0	0	0	0	0	0	0	0	0	0	0	0	0	0	0	0
Parabacteroides_merdae	0.21578	0	0	0	0	0.08645	0	0	0	0.37754	0.2057	0.20966	1.18683	0.21621	0.37541	0	0.25799	0	0	0	0.07802	0	0.48731	0	0	0.00109	0	0	0.18531	0.23154	0	0	0.11743	0	0	0.26387	0.36665	0.30214	0	0	0.47454	0	0	0	0	0	0	0.0345	0.1061	0.01336	1.24293	0.50498	1.28455	0.75926	0	0	0	0.30992	0	0	1.07107	0.18353	0.01022	0.00483	0.00699	0	0.65689	1.098	0.39328	1.11457	0.17202	0.60128	1.16364	0	2.7026	0	0.65646	0.21432	0	0.81795	0.45566	0	0	0.35573	0.08378	0	0.28675	0.12993	0	0.26064	0.3252	0.01004	0.08265	0	0.10119	0.37049	0	0.43518	0.9498	1.27231	0.03929	0.10376	0.33853	0.12304	0.15467	0.19436	0.08844	0	0.35974	0.04564	0.03075	0	0.13104	0	0.00484	0.00073	0.00152	0.17469	0.25633	0.018	0.08656	0.88201	0.2516	0.86658	0.35373	0.28527	0.4593	0.36085	0.41146	0.00316	0.99447	0	0	0.19514	0.44528	0.17797	0.16212	0.19669	0.29943	1.21716	0	0.00126	0	1.06265	0.28826	2.16454	0.97563	0.30841	2.02375	0.32108	0.39751	0	0	1.92624	0.24618	0	0	0	0	0	0.78794	2.32698	0.89868	1.96207	1.48886	0.00306	1.91221	1.40312	0.20685
GGB3267_SGB4317	0	0	0	0	0	0	0	0	0	0	0	0	0	0	0	0	0	0	0	0	0	0	0	0	0	0	0	0	0	0	0	0	0	0	0	0	0	0	0	0	0	0	0	0	0	0	0	0	0	0	0	0	0	0	0	0	0	0	0	0	0	0	0	0	0	0	0	0	0	0.21996	2.69273	0	0	0	0	0	0	0	0	0	0	0	0	0	0	0	0	0	0	0	0	0	0	0	0	0	0	0	0	0	0	0	0	1.92548	0	0	0	0	0	0	0	0	0	0	0	0	0	0	0	0	0	0	0	0	0	0	0	0	0	0	0	0	0	0	0	0	0	0	0	0	0	0	0	0	0	0	0	0	0	0	0	0	0	0	0	0	0	0	0	0	0	0	0	0	0	0	0	0	0
Ruminococcus_sp_210702_SL_1_03	0	0	0	0	0	0	0	0	0	0	0	0	0	0	0	0	0	0	0	0	0	0	0	0	0	0	0	0	0	0	0	0	0	0	0	0	0	0	0	0	0	0	0	0	0	0	0	0	0	0.16155	0	0	0	0	0	0	0	0	0.0068	0.01542	0	0	0	0	0	0	0	0	0	0	0	0	0	0	0	0	0	0	0	0	0	0	0	0	0	0	0	0	0	0	0	0	0	0	0	0	0.06761	0	0.02564	0	0.06194	0	1.13365	0	0	0	0	0	0	0	0	0	0	0	0	0	0	0	0	0	0	0	0	0	0	0	0	0	0	0	0	0	0	0	0	0	0	0	2.67777	0	0	0	0	0	0	0	0	0	0	0	0	0	0.11526	0	0	0	0	0	0	0	0	0	0	0	0	0	0	0	0
GGB3267_SGB4316	0	0	0	0	0	0	0	0	0	0	0	0	0	0	0	0	0	0	0	0	0	0	0	0	0	0	0	0	0	0	0	0	0	0	0	0	0	0	0	0	0	0	0	0	0	0	0	0	0	0	0	0	0	0	0	0	0	0	0	0	0	0	0	0	0	0	0	0	0	0	0	0	0	0	0	0	0	0	0	0	0	0	0	0	0	0	0	0	0	0	0	0	0	0	0	0	0	0	0	0	0	0	0	0	0	0	0.37076	0	0	0	0	0	0	0	0	0	0	0	0	0	0	0	0	0	0	2.67742	0	0	0	0	0	0	0	0	0	0	0	0	0	0	0	0	0	0	0	0	0	0	0	0	0	0	0	0	0	0	0	0	0	0	0	0	0	0	0	0	0	0	0
Anaerobutyricum_soehngenii	0.72372	1.86163	0	0	0	0	0	0	0.05043	0.2844	0	0.49139	0.09169	0.09596	0.09878	0	0.00893	0	0.00782	0	0	0.01206	0	0.74943	0.07061	0.16408	0	0	0	0.14347	0.02313	0	1.26346	0	0	0.03424	0.07246	0	0	1.70608	0.24216	0.01369	0.00849	0	1.30108	0.06263	0.64844	2.6582	0.08374	0.17723	0	0	0	0	0	0	0	0	0	0	0	0	0	0	0.0103	0	0	0.00093	0	0	0	0	0	0.03299	0	0.00763	0	0	0.02513	0	0	0	0	0	0.00598	0	0	0	0	0.01235	0	0	0	0	0	0	0	0	0	0	0	0	0	0	0	0	0.00933	0.0033	8e-05	0.00093	0	0.00293	0.00117	0	0.01394	0	0.00093	0	0	0	0.00215	0	0	0.00657	0.00285	0	0	0	0.00164	0	0.00211	0	0	0	0.00295	0	0	0	0	0	0	0	0	0	0	0	0	0.02238	0.00618	0.04801	0.03025	0	0	0	0.01795	0.00467	0	0	0	0	0.00384	0	0	0	0.01521	0	0	0	0.01255
GGB1549_SGB2133	0	0	0	0	0	0	0	0	0	0	0	0	0	0	0	0	0	0	0	0	0	0	0	0	0	0	0	0	0	0	0	0	0	0	0	0	2.64602	0	0.00953	0	0	0	0	0	0	0	0	0	0	0	0	0	0	0.08243	0	0	0	0	0	0	0	0	0	0	0	0	0	0	0	0	0	0	0	0	0	0	0	0	0	0	0	0	0	0	0	0	0	0	0	0	0	0	0	0	0	0	0	0	0	0	0	0	0	0	0	0	0	0	0	0	0	0	0	0	0	0	0	0	0	0	0	0	0	0	0	0	0	0	0	0	0	0	0	0	0	0	0	0	0	0	0	0	0	0	0	0	0	0	0	0.00137	0	0	0	0	0	0	0	0	0	0	0	0	0	0	0	0	0	0	0
Roseburia_lenta	0.09745	0	0	0	0	0	0	0	2.34889	0.048	0	0.10232	0.2993	0	0	0	0.1479	0	0.09063	0	0	0.03768	0	0	0	0.08196	0	0	0	0.02768	0	0	0.06383	0	0	0.02826	0.05065	0	0	0	0	0	0	0	2.64124	0	0	0	0.11205	0.03191	0	0.43945	0	0	0	0	0	0	0	0	0	0	0	0.04891	0	0	0	0.15889	0.25659	0	0.00335	0	0.0092	0.26886	0.8338	0	0	0	0.00061	0.01306	0	1.63373	0	0	0.00595	0	0.00245	0	0	0	0	0.36886	0.19672	1.41347	0	0.11915	0	0	0	0	0.4423	0.1381	0.00319	0.01407	0.13518	0.2157	0	0.15379	0	0.0898	0	0	0	0.29911	0	0	0	0.03566	0	0	0	0	0.04467	0	0	0.00806	0.04778	0.35294	0.06689	0.38981	0.07396	0	0.05051	0	0.27159	0	0.22513	0	0	0	0	0	0	0	0.09525	0.03163	0	0.14989	0.32704	0.62549	0.00232	0.01414	0	0	0	0	0	0	0.08792	0	0	0	0	0	0	0	0	0	0.02127
Raoultella_ornithinolytica	0.45114	0	0	0	0	0	0	0	0	0	0	0	0	0	0	0	0	0	0	0	0	0	0	0	2.63899	0	0	0	0	0	0	0	0	0	0	0	0	0	0.04176	0	0	0	0	0	0	0	0	0	0	0	0	0	0	0	0	0	0	0	0	0	0.02483	0	0	0	0	0	0	0	0	0.0748	0	0	0	0	0	0	0	0	0	0	0	0	0	0	0	0	0	0	0	0	0	0	0	0	0	0	0	0	0	0	0	0	0	0	0	0	0	0	0	0	0	0	0	0	0	0	0	0	0.01009	0	0	0	0.0007	0	0	0	0	0	1.24807	0	0	0	0	0	0	0	0	0	0	0.00443	0	0	0.005	0	0	0	0.00217	0	0	0	0	0	0	0	0	0	0	0	0	0	0	0.01461	0	0	0	0	0	0	0
GGB9708_SGB15234	0.04628	0	0	0	0	0	0	0	0	0.81623	0	0	0.0062	1.14416	0.57204	0	0.05974	0	0	0	0	0	0	0	0	0	0	0	0	0.21588	0	0	0.0285	0	0	0.06799	0.43108	0	0	0	0	0	0	0	0	0.0805	0	0	0	0.28126	0	0	0	0	0	0.00815	0	0	0	0	0	0	0	0.11466	0	0	0	0	0	0.16614	0.10002	0.01041	0	0	0	0	0	0.0192	0	0	0	0	0	0	0	0	0	0	0	0.00888	0	0	0.20237	0	0.19835	0.04013	0.0046	0	1.10776	0	0	0.01448	0.13168	0.09364	0.07065	0	0	0	0.00309	0.02606	0.05958	0.21449	0.2837	0	0	0	0	0.40688	0	0.00898	0	0	0.00634	0.08602	0.15127	0.22214	0	0.07104	0	0	0.34147	0	0	0	0.01124	0.01213	0.01262	0.32432	1.18937	0.00405	0	0	0	0	0.0007	0.04626	0	0	0	0	0	0	0.00305	0	0	0	0	0	2.63546	0	0	0.93738	0	0	0	0	0	0	0
Segatella_hominis	0	0	0	0	0	0	0	0	0	0	0	0	0	0	0	0	0	0	0	0	0	0	0	0	0	0	0	0	0	0	0	0	0	0	0	0.05728	0	0	0	0	0	0	0	0	0	0	0	0	0	0	0	0	0	0	0	0	0	0	0	0	0	0	0	0	0	0	0	0	0	0	0	0	0	0	0	0	0	0	0	0	0	0	0	0	0	0	0	0	0	0	0	0	0	0	0	0.4876	0	0	0	0	0	0	0	0	0	0	0	0	0	0	0	0	0	0	0	0	0	0	0	0	0	0	2.55814	0	0	0	0	0	0	0	0	0	0	0	0	0	0	0	0	0	0	0	0	0	0	0	0	0	0	0	0	0	0	0	0	0	0	0	0	0	0	0	0	0	0	0	0	0	0
GGB3632_SGB4921	0	0	0	0	0	0	0	0	0	0.28343	0	0	0	0	0	0	0	0	0	0	0	0	0	0	0	0	0	0	0	0	0	0	0.90475	0	0	0	0	0	0	0	0	0	0	0	0	0	0	0	0.67305	2.47573	0	0	0	0	0	0	0	0	0	0	0	0	0	0.30292	0	0	0	0	0	0	0	0	0.00836	0	0	0	0	0	0	0	0.01635	0	0	0	0.38146	0	0	0	0	0	0	0	0	0	0	0.01828	0	0	0	0	0	0	0	0	0	0	0	0	0	0	0	0	0	0	0	0	0	0	0	0	0	0	0	0	0	0	0	0.17415	0	0	0	0	0	0	0	0	0	0	0	0	0	0	0	0.53596	0	0	0	0.23899	0	0.04561	0	0	0	0	0	0.68307	0	0	0	0	0	0	0	0	0	0	0	0	0
Clostridiaceae_bacterium_Marseille_Q3526	0	0	0	0	0.00176	0	0	0.04283	0	0	0	0	0	0.08723	0.14233	0	0	0	0	0	0	0	0	0	0.29808	0.16849	0	0	0.01318	0.0038	0	0	0	0	0	0	0.02219	0	0	0	0	0	0.11128	0	0	0	0	0.00717	0.00523	0	0	0	0.0081	0	0	0.0067	0	0	0	2.45138	0	0	0.0285	0	0.42714	0	0	0	0	0	0	0	0	0	0	0	0	0.12336	0.03916	0.03794	0	0	0.04386	0	0.01312	0	0	0	0	0.04304	0.17268	0.69384	0	0.12894	0	0	1.07636	0.00161	0	0.0277	0	0	0	0	0.02979	0.00055	0	0.00675	0.00161	0	0	0	0.02472	0.12451	0	0	0.09168	0	0.29344	0	0.00651	0	0	0	0	0	0	0.01548	0	0.00435	0	0	0	0.20583	0	0	0.01614	0	0	0	0.03513	0	1.12815	0	0	0	0	0.00448	0	0	0	0	0	0	0	0.00518	0	0	0.01084	0	0	0	0	0	0	0.04166	0	0	0
Clostridium_SGB4750	0.00044	0.02488	0	0.53327	0	0	0	0	0.05298	0.09767	0	0.03306	0.17718	0.01751	0.02384	0.13865	0.00135	0	0.00516	0.22613	0.08935	0.02109	0	0	0	0.58783	0.17237	0	0	0.00149	0	0	0.09881	0	0	0	0.0116	0	0	0.06073	0	0	0.62693	0	0	0.00603	0	0	0.01106	0	0.23162	0.05533	0.04513	0	0.48849	0.02917	0	0.68563	0.12502	0	0.05208	0.0363	0.71756	0.10562	0	0.55149	0.02789	0.10067	0.03619	0.04417	0.00366	0.22492	0.13118	0.26698	0	0	2.38478	0.03251	0.01735	0.05409	0.45662	0.0377	0.00402	0	0.02716	0.28701	0.18294	0.50202	0	0.05111	0.38528	0	0.03878	0.00522	0.01747	0.05673	1.26911	0.02718	0.00668	0.083	0.0817	0.03323	0.02012	0.00995	0.08882	0.08841	1.26034	0.06405	0.16949	0.11797	0	0.12432	0.28055	0.06791	0	0	0	0.02493	0	0.01733	0.00571	0	0.05557	0.11972	0.20293	0.022	0.1154	0.06876	0.17616	0.06095	0.02844	0.29443	0.24643	0.01871	0.43582	0.26205	0.10594	0.76678	0.03908	0.06814	0.05199	0	0	0.0008	0.02417	0.01259	0.00421	0.05735	0.23552	0.00305	0.00018	0	0.00451	0	0	0	0	0.0181	0.06107	0	0	0.01732	0.00458	0.01221	0	0	0.00517	0	0.01221
Blautia_sp_MCC283	0	0	0	0	0	2.35665	0	0	0	0	0	0	0.04194	0	0	0	0.02261	0	0	0	0	0.05421	0	0	0	0	0	0	0	0	0	0	0.10114	0	0	0.01241	0	0	0	0	0	0.01123	0.16524	0	0	0	0	0	0.02728	0.73459	0	0	0	0	0	0	0	0	0.00109	0	0	0	0	0.00895	0	0	0	0	0	0	0	0	0	0	0	0	0	0	0.07044	0	0	0	0	0	0	0.03664	0	0	0	0	0	0	0.00224	0	0.0011	0	0	0	0	0	0.04085	0.00079	0.00187	0.00011	0	0	0	0	0	0	0	0	0	0	0	0.03227	0	0.0004	0	0.00378	0	0	0.0105	0	0.00231	0	0	0	0.10203	0	0	0.0004	0	0	0	0	0	0	0	0	0.0275	0.0057	0	0	0	0	0	0	0	0	0	0	0.00022	0	0	0	0	0	0	0	0	0	0	0	0	0	0	0.01982	0
GGB4664_SGB6452	0.43279	0	0	0	0	0	0	0	0	0	0	0	0	0	0	0	0	0	0	0	0	0	0	0	0	0	0	0	0	0	0	0	0	0	0	0	0	0	0	0	0	0	0	0	0	0	0	0	0	0	0	0	0	0	0	0	0	0	0	0	0	0	0	0	0	0	0	0	0	0	0	0	0	0	0	0	0	0	0	0	0	0	0	0	0	0	0	0	0	2.34424	0	0	0	0	0	0	0	0	0	0	0	0	0	0	0	0	0	0	0	0	0	0	0	0	0	0	0	0	0	0	0	0	0	0	0	0	0	0	0	0	0	0	0	0	0	0	0	0	0	0	0	0	0	0	0	0	0	0	0	0	0	0	0	0	0	0	0	0	0	0	0	0	0	0	0	0	0	0	0
GGB4644_SGB6428	0	0	0	0	0	0	0	0	0	0	0	0	0	0	0	0	0	0	0	0	0	0	0	0	0	0	0	0	0	0	0	0	0	0	0	0	0	0	0	0	0	0	0	0	0	0	0	0	0	0.02685	0	0	0	0	0	0	0	0	0	0	0	0	0	0	0	0	0	0	0	0	0	0	0	0	0	0	0	0.00685	0	0	0	0	0	0	0	0	0.00469	0	0	2.3216	0	0	0	0	0	0	0.20103	0	0	0	0	0	0	0	0	0	0	0	0	0.00124	0	0	0	0	0.00461	0	0	0	0	0.7442	0	0	0	0	0	0	0	0	0	0	0	0	0	0.00698	0	0	0	0	0	0	0	0	0	0	0	0	0	0	0	0	0	0	0	0	0	0	0	0	0	0	0	0	0	0	0	0	0	0	0
GGB3306_SGB4373	0	0	0	0	0	0	0	0	0	0	0	0	0	0.71852	0.94276	0	0	0	0	0	0	0	2.1733	0	0	0	0	0	0	0	0	0	0	0	0	0	0	0	0	0	0	0	0	0	0	0	0	0	0	0.63335	0	0	0	0	0	0	0	0	0	0	0	0	7e-05	0	0	0	0	0	0	0	0	0	0	0.00385	0	0	0	0.0267	0	0	0	0	0	0	0	0	0.13976	0	0	0	0	0	0.10822	0	0	0	0	0	1.12854	0	0	0	0	0	0	0	0	0	0	0.01106	0	0	0	0	0	0	0	0	0	2.30573	0	0	0	0	0	0	0	0	0	0	0	0	0	0.06928	0	0	0	0	0	0	0	0	0	0.10647	0	0	0	0	0	0	0	0	0	0	0	0	0	0	0	0	0	0	0	0	0	0	0	0	0
GGB4597_SGB6359	0	0	0	0	0	0	0	0	0	0	0	0	0	0	0	0	0	0	0	0	0	0	0	0	0	0	0	0	0	0	0	0	0	0	0	0	0	0	0	0	0	0	0	0	0	0	0	0	0	0	0	0	0	0	0	0	0	0	0	0	0	0	0	0	0	0	0	0	0	0	0	0	0	0.00033	0	0	0	0.03121	0	0	0	0	0	0	0	0	0.00785	0	0	0	0	0	0	0	0	0	0	0	0	0	0	0	0.2947	0	0	0	0	0	0	0.01271	0	0	0	0	0	0	0	0	0	2.27734	0	0	0	0	0	0	0	0	0	0	0	0	0	0.01504	0	0	0	0	0	0	0	0	0	0	0	0	0	0	0	0	0	0	0	0	0	0	0	0	0	0	0	0	0	0	0	0	0	0	0
Haemophilus_parainfluenzae	0.00155	0.04393	0	0.01178	0	0	0.04248	0	0	0	0.04346	0.02488	0	0	0.00193	0	0.04301	0.04798	0	0	2.27011	0.01304	0	0	0.60556	0	0	0.06905	0.00199	0	0	0	0	0	0.03153	0	0	0	0.02382	0	0	0	0	0	0	0	0	0.00198	0	0.02361	0	0	0	0	0	0.0062	0	0	0.0682	0.02635	0	0	0.05988	0	0.79834	0	0	0	0	0	0.00468	0.10902	0	0.00603	0	0.01148	0	0.00535	0.01506	0	0	0	0	0	0.02511	0	0.02493	0	0.02317	0	0.01905	0	0	0	0	0.0013	0	0	0	0	0	0	0.00948	0.00252	0	0.00158	0.13106	0	0.46675	0.00513	0	0	0.16029	0	0.00753	0	0	0.00304	0	0	0	0.01342	0.0125	0	0	0	0	0	0.01489	0	0	0.24696	0	0	0	0	0	0.02382	0.00193	0.04617	0.04399	0	0	0.08091	0	0.47835	0	0.00422	0.02292	0.00498	0	0	0.00892	0	0.01749	0	0	0	0.06793	0	0.03779	0.22127	0.10542	0.05018	0	0	0.01668	0	0
Lachnospira_sp_NSJ_43	0.28723	0	0	0	0	0	0	0	0	0.018	0	0	0	0.07625	0.1182	0.3328	0	0	0	0	0	0	0.02844	0	0	0	0	0	0.02131	0	0	0	0	0	0	0.00953	0	0	0	0	0	0.19621	0	0	0	0	0	0	0.11583	0.07263	0	2.25782	2.1828	0.06079	0	0.32792	0	0.42042	0	0.00321	0.25455	0	0	0.00304	0.00919	0.00315	0.47829	0.34239	0	0.02315	0.73871	0.13611	0	0.75783	0.0872	0	0	0	0	0	0.87293	0	0	0	0.09592	0	0.00446	0	0	0.43487	0	0	0	0	0.08256	0	0	0	0.02583	0.5106	0	1.10651	0.039	0.18857	0	0.84005	0.00129	0	0.09376	0.15537	0	0.16383	0	0	0.04708	0.02801	0	0.4824	0	0.01502	0	0	0	1.46275	0	0	0.11227	0.00471	0.00965	0.17382	0.03357	0	0	0	0	0	0	0	0.97669	0	0	0	0	0.02783	0	0	0	0.04532	0	0.51174	0	0.2247	0.13407	0	0	0.73907	0.00406	0.00631	0	0	0.6202	0	0	0	0	0	0	0.09486	0
GGB3343_SGB4423	0	0	0	0	0	0	0	0	0	0	0	0	0	0	0	0	0	0	0	0	0	0	0	0	0	0	0	0	0	0	0	0	0	0	0	0	0	0	0	0	0	0	0	0	0	0	0	0	0	0.01278	0	0	0	0	0	0	0	0	0	0	0	0	0	0	0	0	0	0	0	0.00282	0.0461	0	0	0	0	0	0.00315	0	0	0	0	0	0	0	0.73695	0	0	0	0	0	0	0	0	0	0	0	0	0	0	0	0.01423	0	0	0.06877	0	0	0	0	0	0	0	0	0	0	0	0	0.00096	2.25539	0	0	0	0	0	0	0	0	0	0	0	0	0	0	0	0	0	0	0	0	0	0	0	0	0	0	0	0	0	0	0	0	0	0	0	0	0	0	0	0	0	0	0	0	0	0	0	0	0	0	0
Bacteroides_sp_OF04_15BH	0	0	0	0	0	0	0	0	0.03778	0	0	0	0	0	0	0	0	0	0	0	0	0	0	0	0	0	0	0	0	0	0	0	0	0	0	0	0.0234	0	0	0	0	0	0	0	0	0	0	0	0	0	0	0	0	0	0	0	0	0	0	0	0	0	0	0	0	0	0	0	0	0	0	0	0	0	0	0	0	0	0	0	0	0	0	0	0	0	0	0	0	0	0	0	0	0	0	0	0	0	0	0	0	0	0	0	0	0	0	0	2.24019	0	0	0	0	0	0	0	0	0	0	0	0	0	0	0	0	0	0	0	0	0	0	0	0	0	0	0	0	0	0	0	0	0	0	0	0	0	0	0	0	0	0	0	0	0	0	0	0	0	0	0	0	0	0	0	0	0	0	0	0
Holdemania_filiformis	0.03232	0	0.83022	0	0	0	0	0.1212	0	0.03435	0	0	0	0.00997	0.01553	0.19847	0.00906	0	0	0.13727	0	0.0232	0.0226	0	0	0.00297	0	0	0.01681	0	0	0	0.01462	2.19419	0.28835	0	0.0368	0.08246	0.33686	0.08893	0	0.0097	0	0	0	0.02736	0.23441	0.05685	0	0	0	0	0	0.07829	0.02161	0	0	0	0.05554	0	0.01747	0.01204	0	0.00685	0	0.00231	0	0.0128	0.00422	0	0	0.00842	0	0.1138	0.01609	0	0.00864	0	0	0.03654	0	0.04327	0.4605	0.06684	0	0.02129	0	0.13556	0.0341	0	0	0.11163	0	0.01764	0	0.00909	0	0.04001	0.03998	0	0	0.01534	0.0305	0	0.01673	0	0	0.01048	0.0062	0.00933	0.02479	0.04582	0.0494	0.00413	0	0	0.00493	0.00306	0	0	0	0.01141	0	0.03022	0.00347	0	0.01925	0.00846	0.00384	0	0.02969	0	0.01022	0	0.01063	0	0	0.00659	0.0068	0.0035	0.02745	0	0	0.00157	0	0.00313	0	0.01274	0.0062	0	0	0	0	0.02013	0	0.00578	0	0	0.00755	0.17185	0	0	0	0.00739	0	0	0	0.00033	0
Candidatus_Gastranaerophilales_bacterium	0	0	0	0	0	0	0	0	0	0	0	0	0	0	0	0	0	0	0	0	0	0	0	0	0	0	0	0	0	0	0	0	0	0	0	0	0	0	0	0	0	0	0	0	0	0.0118	0	0	0	0	0	0	0	0	0	0	0	0	0	0	0	0	0	0	0	0	0	0	0	0.00062	0.11536	0	0	0	0	0	0	0	0	0	0	0	0	0	0	0	0	0	0	0.60507	0	0	0	0	0	0	0	2.17195	0	0	0	0	0	0.02816	0	0	0	0	0	0	0	0	0	0	0	0	0	0	0	0	0	0	0	0	0	0	0	0	0	0	0	0	0	0	0	0	0	0	0.16901	0	0	0	0	0	0	0	0	0	0	0	0	0	0	0	0	0	0	0	0	0	0	0	0	0	0	0	0	0	0
GGB9359_SGB14334	0	0	0	0	0	0	0	0	0.03999	0.12469	0	0	0	0	0	0	0.24022	0	0	0	0	0	2.14514	0	0	0	0	0	0	0	0	0.00328	0.16819	0	0	0	0.0303	0	0	0.05092	0	0	0	0	0	2.03148	0	0.1812	0	0.4121	0	0	0	0	0	0	0	0.05194	0	0	0	0	0	0.01184	0	0	0	0	0	0	0	0	0	0	0	0	0	0.001	0	0	0	0	0	0	0	0.00715	0	0	0	0	0	0	0	0	0	0	0	0	0.04259	0	0.00273	0	0	0	0.00832	0	0	0	0.01899	0.00175	0.00897	0.02411	0.01067	0	0	0	0	0	0.0051	0	0	0	0	0	0	0	0	0	0	0	0	0.00484	0	0	0	0	0	0	0	0	0	0	0	0.00318	0	0.00766	0	0	0	0	0	0	0	0	0	0	0	0	0	0	0	0	0	0	0	0	0	0	0
Clostridium_innocuum	0	0	1.29539	0.03962	0.46553	0.02028	0.90603	0.18894	0	0	0.23458	0.01918	0	0	0	0.01455	0	1.17803	0	0.0486	0.02838	0	0	0.29238	0.05876	0.00149	0.75556	0.06686	0.10319	0	0.00391	0.0217	0.0022	2.12473	0.12854	0	0	0.02255	0.30394	0.02074	0.01349	0	0	0.06041	0.26884	0.00617	0.49247	0.05346	0.00613	0	0	0	0	0	0	0	0.49682	0	0.00434	0.02279	0	0	0.00146	0	0.02377	0.00013	0	0	0	0	0	0	0	0.07317	0	0.009	0.00448	0	0.01234	0	0	0	0	0.0122	0	0	0.02328	0.00208	0.00304	0	0	0	0	0.06074	0	0	0.3514	0.04505	0.05778	0	0	0	0	0	0	0	0	0.01542	0	0	0	0.00117	0	0	0.00182	0	0	0	0	0	0	0.17465	0	0	0.00053	0	0	0	0	0	0	0	0.00032	0.00468	0	0	0	0	0	0	0	0.0214	0	0	0	0.00271	0	0	0	0	0	0	0	0	0	0	0	0	0	0.03678	0	0	0	0	0	0	0	0.00269	0
Phascolarctobacterium_SGB5790	0	0	0	0	0.04542	0	0	0	1.21047	0	0	0	0	0	0	0	0	0	0	0	0	0	0	0	0	0	0	0	0	0	0	0	0.00349	0	0	0	0.11098	0.00685	0	0	0	0	0	0	2.11621	0.04275	0	0	0	0	0	0	0	0	0	0	0	0	0	0	0	0	0.00274	0	0	0	0	0	0	0	0	0	0	0	0	0	0	0	0	0	0	0	0	0	0	0	0	0	0	0	0	0	0	0	0	0	0	0	0	0	0	0	0	0	0	0	0	0	0	0	0	0	0	0	0	0	0	0	0	0	0	0	0	0	0	0	0	0	0	0	0	0	0	1.33905	0	0	0	0	0	0	0	0	0	0	0	0	0	0	0	0	0	0	0	0	0	0	0	0	0	0	0	0	0	0	0	0	0	0	0
GGB9767_SGB15384	0	0	0	0	0	0	0	0	0	0	0	0	0	2.11584	1.28587	0	0	0	0	0	0	0	0	0	0	0	0	0	0	0	0	0	0	0	0	0	0	0	0	0	0	0	0	0	0	0	0	0	0	0	0	0	0	0	0	0	0	0	0	0	0	0	0	0	0	0	0	0	0	0	0	0	0	0	0	0	0	0	0	0	0	0	0	0	0	0	0	0	0	0	0	0	0	0	0	0	0	0	0.01525	0	0	0	0	0	0.00598	0	0	0	0	0	0	0	0	0	0	0	0	0	0	0	0	0	0	0	0	0	0	0	0	0	0	0	0	0	0	0	0	0	0	0	0	0	0	0	0	0	0	0	0	0	0	0	0	0	0	0	0	0	0	0	0	0	0	0	0	0	0	0	0
GGB9102_SGB54310	0	0	0	0	0	0	0	0	0	0	0	0	0	0	0	0	0	0	0	0	0	0	0	0	0	0	0	0	0	0	0	0	0	0	0	0	0	0	0	0	0	0	0	0	0	0	0	0	0	0	0	0	0	0	0	0	0	0	0	0	0	0	0	0	0	0	0	0	0	0	0	0	0	0	0	0	0	0	0	0	0	0	0	0	0	0	0	0	0	0	0	0	0	0	0	0	0	0	0	0	0	0	0	0	0	0	0	0	0	0	0	0	0	0	0	0	0	0	0	0	0	0	0	0	0	0	0	0	0	0	0	0	0	0	0	0	0	0	0	0	0	0	0	0	0	0	0	0	0	2.10419	0	0	0	0	0	0	0	0	0	0	0	0	0	0	0	0	0	0	0
Klebsiella_michiganensis	0	0	0	0	0	0	0	0	0	0	0	0	0	0	0	0	0	0	0	0	0	0	0	0	2.06922	0	0	0	0	0	0	0	0	0	0	0	0	0	0	0	0.21852	0	0	0	0	0	0	0	0	0	0	0	0	0	0	0	0	0	0	0	0	0	0	0	0	0	0	0	0	0	0	0	0	0	0	0	0	0	0	0	0	0	0	0	0	0	0	0	0	0	0.68712	0	0.00715	0	0	0	0	0	0	0	0	0	0	0	0	0	0	0	0	0	0	0	0	0	0	0	0	0	0	0	0	0	0	0	0	0	0	0	0	0	0	0	0	0	0	0	0	0	0	0	0	0	0	0	0	0	0	0	0	0	0	0	0	0	0	0	0	0	0	0	0	0	0	0	0	0	0	0	0
Roseburia_sp_AF02_12	0	0	0	0.02128	0	0	0	0	0.80093	0	0	0	0.00124	0	0	0	0	0	0	0	0	0	0.75486	0	0	0	0	0	0.01866	0.39216	0	0	0.0239	0	0	0.0556	0.005	0.01593	0	0	0.08625	0.32692	0	0	0	0.02473	0	0	0	0	0	0	0	0	0	0	0	0.00614	0	0	0	0	0.00104	0	0	0	0	0.01048	0	0.04622	0.0671	0	0.68524	0	0	0	0	0	0	0.93511	0.05343	0.02206	0	0.32804	1.1313	0	0.25085	0	0	0	0	0	0.02204	0	2.03217	0.01551	0	0.0658	0	0.00015	0.0138	0	0.0474	0.0896	0.01262	0.01632	0.00034	0	0.76956	0.49399	0.00947	0.04224	0	0.09855	0.00112	0	0	0.01479	0	0	0.18119	0	0.0581	0	0.02265	0	0	0.01059	0.56233	0.0023	0.37914	0	0	0	0.43847	0.00438	0.0041	0	0	0.02853	0	0	0	0.09915	0	0	0.00528	0	0.01806	0.00361	0	0	0.00534	0	0	0	0	0	0.00282	0	0	0.10679	0	0	0	0	0	0	0
Veillonella_parvula	0.00676	0.0273	0.00764	0	0	0.0012	0.00047	0	0	0.02176	0.22711	0	0.00838	0.00345	0.00144	0	0.01022	0	0.01035	0	2.02993	0.00515	0	0.00159	0.38345	0	0	0	0	0	0	0.00286	0	0.32398	0.08416	0	0	0	0.73136	0	0	0	0	0.34791	0.04392	0	0.00215	0	0	0.00069	0	0	0	0.02727	0.04185	0	0.62072	0.00267	0	0.03259	0.00083	0	1.78992	0	0.13084	0.13148	0	0	0.00192	0.00219	0.00409	0.10007	0	1.06621	0.14717	0.00177	0.10447	0	0.01132	0	0.02456	0	0	0	0	0	0.00586	0.08658	0.91059	0	0.39909	0	0.11409	0	0	0	0.013	0	0	0.01274	0.00612	0.05893	0.04491	0.01172	0	0	0.01277	0	0.04764	0.00558	0	0	0.01919	0.00052	0.01188	0	0.01961	0.00777	0	0	0	0.78456	0	0	0	0	0.00128	0	0.1006	0	0	0.27003	0.0559	0.18202	0.00204	0	0	0	0	0.03251	0.01759	0	0.03333	0.29537	0	0.03185	0	0	0	0	0	0.00096	0	0	0	0	0.00306	0.00247	0.01791	1.74338	0	0	0.00027	0.00337	0	0.00037	0	0.01701	0
Enterocloster_aldenensis	0	0	0.57136	0.02729	2.01818	0.00469	0.06118	0	0	0	0	0	0	0.00562	0.00997	0.04524	0	0	0	0	0.01919	0.01433	0	0.09077	0.05156	0	0.11994	0	0.00448	0	0.0424	0	0	0	0.12375	0	0	0	0.08394	0	0	0	0	0.01467	0.23843	0	0	0.00063	0.0016	0	0	0	0	0.03941	0	0	0.93496	0	0.03097	0.39409	0.00972	0	0.00024	0.00764	0	0.05669	0.02634	0.00767	0	0	0	0	0	0.02454	0	0	0.02061	9e-05	0	0.00014	0	0	9e-05	0.01282	0	0.03974	0.0505	0	0.0614	0	0	0.1067	0	0.00367	0	0.00826	0.00608	0.01293	0	0.00431	0	0	0	0	0.00364	0	0.00361	0.02112	0	0	0	0.02416	0	0.0034	0	0	0	0	0	0.00068	0	1.72685	0	0.00082	0.01579	0	0	0	0	0	0.01001	0	0.0022	0	0	0	0	0	0.00249	0	0.00049	0.17814	0.33616	0	0	0	0	0	0.06131	0	0	0	0	0	0	0.00338	0	0.00329	0.00444	0	0	0	0	0	0.00515	0	0	0	0.00033
GGB4699_SGB6503	0	0	0	0	0	0	0	0	0	0	0	0	0	0	0	0	0	0	0	0	0	0	0	0	0	0	0	0	0	0	0	0	0	0	0	0	0	0	0	0	0	0	0	0	0	0	0	0	0	0	0	0	0	0	0	0	0	0	0	0	0	0	0	0	0	0	0	0	0	0	0	0	0	0	0	0	0	0	0	0	0	0	0	0	0	0	0	0	0	0.03695	0	0	0.00442	0	0.52613	2.01738	0	0	0.11675	0	0	0	0.11189	0	0	0	0	0	0	0	0	0	0	0	0	0	0	0	0	0	0	0	0	0	0	0	0	0	0	0	0	0	0	0	0	0	0	0	0	0	0	0	0	0	0	0	0	0	0	0	0	0	0	0	0	0	0	0	0	0	0	0	0	0	0	0	0	0	0
GGB9642_SGB15119	0	0	0	0	0	0	0	0	0	0	1.43281	0	1.12555	0	0	0	0	0	0.10816	0	0	0	1.99794	0	0	0	0	0	0	0	0	0	0	0	0	0.36369	0	0	0	1.81163	0	0	0	0	0	0	0	0	0	0	0	0	0	0	0	0	0	0	0	0	0	0.05082	0	0.0224	0	0	0.05031	0	0	0	0	0	0	0	0	0	0	0	0	0	0	0	0	0	0.05419	0	0.25937	0	0	0	0	0	0	0	0.07361	0	0	0	0	0	0	0	0.14213	0	0	0	0.05776	0	0	0	0.10117	0	0	0	0	0	0	0	0	0	0	0	0	0.06032	0	0	0	0	0	0	0	0	0	0	0	0	0	0	0.09978	0.02189	0	0	0	0	0	0	0	0	0	0	0	0	0	0	0	0	0	0	0	0	0	0	0	0	0	0	0	0	0.00059
Faecalibacillus_faecis	0	0	0	0	0	0	0	0	0	0	0	0	0	0	0	0	0	0	0	0	1.99397	0	0	0	0	0	0	0	0	0	0	0	0	0	0	0.47379	0	0	0	0	0	0	0	0	0.4641	0	0	0	0	0	0	0	0	0	0.28529	0	0	0	0	0	0.04633	0	0	0.07026	0.02597	0.1076	1.2704	0.02732	0.01541	0	0.00166	0	0	0	0.00773	0	0	0	0	0	0	0	0	0	0	0	0	0	0	0.54538	0.12114	0	0	0	0	0	0	1.647	0.12692	0	0.00164	0	0.11818	0.00588	0	0	0.2942	0	0	0.81155	0	0	0	0	0.42349	0	0.13602	0.01399	0.30256	0	0	0.01274	0.01004	0	0	0	0	0	0	0	0.62921	0	0	0	0.06416	0.11211	0	0	0	0.46176	0	0	0	0	0	0	0	0	0	0	0	0	0	0	0	0	0	0	0	0	0	0	0	0	0	0	0	0	0
GGB4659_SGB6447	0	0	0	0	0	0	0	0	0	0	0	0	0	0	0	0	0	0	0	0	0	0	0.00771	0	0	0	0	0	0	0	0	0	0	0	0	0	0	0	0	0	0	0	0	0	0	0	0	0	0	0	0	0	0	0	0	0	0	0	0	0	0	0	0	0.10463	0	0	0	0	0	0.25979	1.45391	0	0	0	0	0	0	0	0	0	0	0	0	0	0	0	0	0	0	0	0	0	0	0	0	0	0	0	0	0	0	0	0	1.98299	0	0	0	0	0	0	0	0	0	0	0	0	0	0	0	0	0	0	0	0	0	0	0	0	0	0	0	0	0	0	0	0	0	0	0	0	0	0	0	0	0	0	0	0	0	0	0	0	0	0	0	0	0	0	0	0	0	0	0	0	0	0	0	0	0
Paraprevotella_xylaniphila	0	0	0	0	0	0	0	0	0	0	0	0	0	0	0	0	0	0	0	0	0	0	0	0	0	0	0	0	0	0	0	0	0	0	0	0	0	0	0	0	0	0	0	0	0	0	0	0	0	0	0	0	0	0	0	0	0	0	0	0	0	0.10364	0	0	0	1.97852	0	0	0	0	0	0	0	0	0	0	0	0	0	0	0	0	0	0	0	0	0	0	0	0	0	0	0	0.00361	0.07261	0	0	0	0	0	0.09696	0	0	0	0	0	0	0	0	0	0	0	0	0	0	0	0	0	0	0	0	0	0	0.20398	0	0	0	0	0	0	0	0	0	0	0	0	0	0	0	0	0	0	0	0	0	0	0	0	0	0	0.8886	0	0	0	0	0	0	0.87728	1.60663	0	0	0	0	0	0	0	0	0	0
GGB9469_SGB14863	0	0	1.97306	0	0	0	0	0	0	0	0	0	0	0.16636	0.08252	0	0	0	0	0	0	0	0	0	0	0	0	0	0	0	0	0	0	0	0	0	0	0	0	0	0	0	0	0	0	0	0	0	0	0	0	0	0	0	0	0	0	0	0	0	0	0	0	0	0	0.08012	0	0	0	0	0	0	0	0	0	0	0	0	0	0	0	0	0	0	0	0	0	0	0	0	0	0	0	0	0	0	0	0	0	0	0	0	0	0	0.041	0	0	0	0	0	0	0.0038	7e-05	0	0	0	0	0	0	0	0	0	0	0	0.13422	0	0	0.00354	0	0	0	0	0	0	0	0	0.00029	0	0	0	0	0.04392	0	0	0	0	0	0	0	0	0	0	0	0	0	0	0	0	0	0	0	0	0	0	0	0	0	0	0
Blautia_glucerasea	0.07629	0	0	0.10517	0	0	0	0.02178	0.43822	0.12853	0	0.03396	0.01862	0.07006	0.05743	0.17714	0.02905	0	0.04971	0.1793	0.05651	0.0183	0.07732	1.80948	0	0.02484	0	0	0	0.096	0	0.00104	0.77673	0	0	0.14361	0.10843	0	0.08681	0	0.3332	0.13148	0.00281	0	0	0.46209	1.95485	0.0211	1.03236	0.30826	0	0	0	0	0.06746	0.00343	0	0.00551	0.07265	0	0.14162	0	0.00513	0.04919	0	0.00125	0	0.01435	0.02554	0.00089	0	0	0.00825	0	0.00139	0.0104	0.00112	0	0.12406	0.00418	0.13782	0	0.00225	0	0.01833	0.00187	0.80255	0.06735	0.02362	0	0	0	0.04422	0	0.00364	0.01031	0.03667	0.07656	0.34148	0.01275	0.44982	0.00081	0.08314	0.00141	0.00386	0	0.00558	0.00447	0.01365	0.16307	0	0	0.0233	0.07809	0.06841	0	0.1079	0.00144	0.03628	0.02158	0.01387	0	0	0.00601	7e-05	0	0.18912	0.04365	0.07819	0.02067	0.19889	0.0156	0.00444	0	0.01259	0.03362	0	0	0.00177	0.03826	0.05114	0.01679	0	0	0	0	0.00291	0	0.0124	0	0	0	0	0	0.10934	0.00371	0	0	0	0	0	0	0	0	0	0	0	0	0
Clostridium_SGB6173	0	0	0	0	0	0	0	0	0	0.00839	0	0	0	0	0	0	0	0	0	0	0	0	0	0	0	0	0	0	0	0	0	0	0	0	0	0.01178	0	0	0.05261	0.00543	0.04067	0	0	0.00062	0.09988	0	0	0	0	0	0.04032	0	0	0	0	0	0	0	0	0	0	0	1.95224	0	0	0	0	0	0	0	0	0	0	0	0	0.10734	0	0	0	0	0	0	0	0	0.0098	0	0	0.00825	0	0	0	0	0	0	0	0	0	0	0	0	0.04337	0	0	0.00024	0	0	0	0	0	7e-05	0	0	0	0	0	0	0.11312	0	0	0	0	0	0	0	0	0	0.03886	0	0	0	0.00058	0	0	0	0	0	0	0	0	0.00607	0	0	0	0	0	0	0	0	0	0	0	0	0	0	0	0	0	0	0	0	0	0	0	0	0	0	0	0	0
GGB3619_SGB4894	0.09476	0	0	0	0	0	0	0.06603	0	0.11605	0	0	0	0.01747	0.02693	0	0	0	0	0.00237	0	0.00083	0	0	0	0	0	0	0	0	0	0	0.01314	0	0	0.83205	0.29993	0	0	0	0.00158	0.12241	0	0	0	0.71101	0	0	0	0.22418	0	0.01235	0	0	0	0	0	0	0	0	0	0	0	0.00122	0	0	0	0.0376	0	0.25081	1.64577	0	0	0	0	0	0	0.01553	0	0.01735	0.00165	0	0	0	0.0733	0	0	0	0	0.10621	0	0	0.00031	0	0.04175	0.02381	0	0	0.1062	0	0.00672	0	0.10303	1.94995	0.03438	0	0	0.15998	0.09723	0	0	0	0	0	0	0	0	0.04777	0	0.02584	0.35392	0	0.0147	0	0.09422	0	0.01282	0.02929	0.00637	0	0	0.00044	0	0	0.00342	0.07102	0.02896	0	0.0018	0.0844	0	0	0	0.02074	0.1545	0	0	0	0	0.14245	0	0	0	0	0	0	0	0.98663	0.00063	0	0	0.01785	0	0	0	0	0	0	0
GGB9595_SGB15019	0	0	0	0	0	0	0	0	0	0	0	0	0.02765	0	0	0	0	0	0	0	0	0	0	0	0	0	0	0	0	0.39335	0	0	0.14803	0	0	0	0	0	0	0	0	0	0	0	0	0	0	0	0	0.13285	0	0	0	0	0	0	0	0	0	0	0	0	0	0.06403	0	0	0	0	0	0.06448	0.49366	0	0.4715	0	0	0	0	0	0	0	0	0	0	0	0	0	0	0	0	0	0	0	0.16456	0	0.01872	0.26427	0	0	0.02127	0	1.90174	0	0	0.63054	0	0	0.00075	0.035	0	0	1.22998	0	0	0	0	0	0	0	0	0	0	0	0.02288	0	0	0	0	0	0	0	0	0	0	0	0.08132	0	0	0	0	0	0	0	0	0.14736	0	0	0	0	0	0	0	0	0	0	0	0	0	0	0	0	0	0	0	0	0	0	0	0	0
Klebsiella_quasipneumoniae	0.03283	0	0.00206	0	0	0.0032	0	0	0	0	0.00825	0.00214	0	0	0	0	0	0.00342	0.00091	0	0.1145	0	0	0	0.02948	0	0.09873	0	0	0	0	0	0.03114	0	0	0	0	0.01228	0	0	0	0	0.03196	0	0	0	1.89295	0	0	0.0885	0	0	0	0	0	0	0.06918	0	0	0	0.03915	0	0	0	0	0	0	0	0	0	0	0	0	0	0	0	0	0	0.68947	0	0	0	0	0	0	0	0	0	0	0	0.18453	0	0.06181	0.21749	0	0	0	0	0	0	0	0	0	0	0	0	0	0	0	0	0	0	0	0	0	0	0	0	0	0.00156	0.00129	0	0	0	0	0	0	0	0	0	0	0	0	0	0	0	0	0	0	0	0	0	0	0	0	0	0	0	0	0.01259	0	0	0	0	0	0	0	0	0	0	0	0	0	0	0	0	0	0	0
Eubacteriales_unclassified_SGB15150	0	0	1.8928	0	0	0	0	0	0	0	0	0	0	0	0	0	0	0	0	0	0	0	0	0	0	0	0	0	0	0	0	0.00309	0	0	0	0	0	0	0	0	0	0	0	0	0	0	0	0	0	0	0	0	0	0	0	0	0	0	0	0	0	0	0	0	0	0	0	0	0	0	0	0	0	0	0	0	0	0	0	0	0	0	0	0	0	0	0	0	0	0	0	0	0	0	0	0	0	0	0	0	0	0	0	0	0	0	0	0	0	0	0	0	0	0	0	0	0	0	0	0	0	0	0	0	0	0	0	0.00529	0.00068	0	0	0	0	0	0	0	0	0	0	0	0.00278	0.03538	0	0	0	0	0	0	0	0	0	0	0	0	0	0	0	0	0	0	0	0	0	0	0	0	0	0	0
Clostridiales_bacterium_KLE1615	0	0	0	0.02089	0	0.07229	0	0	0.01075	0.10446	0	0.00599	0.00077	0	0	0.03523	0.09688	0	0.00696	0.06315	0.01971	0.03316	0.00937	0	0	0.00066	0	0	0.00436	0.0306	0	0	0.03371	0	0	0.00124	0.09658	0.09031	0	0.35547	0.01351	0	0.05698	0	0.83269	0.07857	0	0	0.01866	0.02421	0.03218	0.16744	0.14835	0.15495	0	0.08217	0	0.19144	0	0.20647	0.09742	0.10676	1.11955	0.04031	0.6312	0.31594	0.77881	0.95447	0.92583	0.19513	0.72508	0.0936	0.12692	0.05699	0.88705	0.0913	0.03762	0.07276	0.70843	0.0374	0.17376	0.59459	0.00019	1.76582	0.35855	0.08427	1.39559	0	0.25384	0.45653	0.17549	0.31679	0.1643	0.77796	0.18727	0.06974	0.86723	0	0.02691	0.4499	0.26648	0.23814	0.73172	0.74422	0.45594	0.1449	0.08274	0.67108	0.57806	0.58206	0.12317	0.73644	0.14508	0.07063	0.00286	0	0	0.03421	0	0.2831	0.43223	0	0.0665	0.36021	0.26847	0.06722	1.59622	0.15675	0.17269	0.00801	0.77841	1.89185	0	0.2399	0.50608	0.32741	0.24081	0.20739	0.12592	0.34177	0.28792	0.00301	0	0	0	0.01391	0.00295	0.00014	0.02834	0.29892	0.03264	0	0.04393	0	0.07433	0.14591	0.07018	0.00147	0	0	0	0	0	0	0.01971	0	0.00394	0.01615	0.08283
Alistipes_finegoldii	0.47839	0	0.24686	0	0	0.02081	0	0	0	0	0	0	0.01383	0.1996	0.17329	0	0.05673	0	0	0	0	0.01434	0.64377	0.04515	0	0	0	0	0	0.00723	0	0	0.01681	0	0	0.26853	0.00852	0	0	0.02122	0	0	0	0	0	0.40317	0	0.82292	0	0.0173	0.13628	0	0	0.04976	0	0	0.0065	0	0.34598	0	1.04883	0	0	0.00252	0	0	0.03819	0.05552	0	0.46532	0	0	0.13618	0	0	0	0	0.05704	0	0.0125	0	0.02736	0	0.06539	0.00096	0.0093	0.07513	0	0	0.21696	0	0	0	0	0.23331	0	0	0	0.20498	0	0	0.10125	0.01314	0	0.01329	0	0	0	0.05405	0	0	0.07314	0	0.06526	0	0	0	0	0.5676	0	0	0	0	0.2528	0	0	0.19005	0.01407	0	0	0.00075	0.01799	0.18558	0	0.00245	0.1539	0	0	0.05527	0	0.04234	0.02999	0	0.72917	0	0.04157	1.87807	0.00015	0.26646	0	0	1.55516	0	0	0.39985	0	0	0	0.79686	0	0	0.75436	0.02591	0.17442	0	0	0	0.98486	0
Clostridiaceae_unclassified_SGB15090	0.00752	0	0	0	0	0	0	0	0	0	1.86664	0	0	0	0	0	0	0	0	0	0	0	0	0	0	0	0	0	0	0	0	0	0.00547	0	0	0	0	0	0	0	0	0	0	0	0	0	0	0	0	0.00101	0	0	0	0	0	0	0	0	0	0	0	0	0	0	0	0	0	0	0	0.03149	0.28363	0.93877	0	0	0	0	0	0	0	0	0.00213	0	0	0	0	0	0	0	0	0	0	0	0	0	0.05893	0	0.03153	0	0	0	0	0	0	0.27415	0	0	0	0	0	0	0	0	0	0	0	0	0	0	0	0	0	0	0	0	0	0	0.31933	0	0	0	0	0	0	0	0	0	0	0	0	0	0	0	0	0	0	0	0	0	0	0	0	0	0	0	0	0	0	0	0	0	0	0	0	0	0	0	0	0	0
GGB6012_SGB8640	0	0	0	0	0	0	0	0	0	0	0	0	0	0	0	0	0	0	0	0	0	0	0	0	0	0	0	0	0	0	0	0	0	0	0	0	0	0	0	0	0	0	0	0	0	0	0	0	0	0	0.07331	0	0	0	0	0	0	0	0	0	0	0	0	0	0	0	0	0	0	0	0	0	0	0	0	0	0	0	0	0	0	0	0	0	0	0	0	0	0	0	0	0	0	0	0	0	0	0	0	0	0	0	0	0	0	0	0	0	0	0	0	0	0	0	0	0	0	0	0	0	0	0	1.85748	0	0	0	0	0	0	0	0	0	0	0	0	0	0	0	0	1.5163	0	0	0	0	0	0	0	0	0	0	0	0	0	0	0	0	0	0	0	0	0	0	0	0	0	0	0	0	0
Veillonella_dispar	0	0	0	0	0	0	0	0	0	0	0.00791	0	0.00108	0	0	0	0	0	0.00126	0	0.39988	0	0	0	0	0	0	0	0	0	0.00166	0	0	1.85139	0.01641	0	0	0	0	0	0	0	0	0.00091	0	0	0	0	0	0	0	0	0	0.05245	0	0	1.27028	0	0	0	0	0	1.25248	0	0.05701	0	0	0	0	0.07672	0	0.08361	0	1.2258	0.007	0	0.08844	0	0.02534	0	0.01261	0	0	0	0	0	0	0.05137	0	0	0	0	0.00269	0	0	0	0	0	0	0	0.00052	0.00593	0.15311	0.00063	0	0.00052	0	0	0.16544	0.01982	0	0	0	0	0	0	0.00789	0	0	0	0	0.0085	0.00274	0	0	0	0.00364	0	0.0108	0	0	0.15021	0	0.20109	0.03253	0	0	0	0	0.00222	0	0	0.00303	0.05405	0	0.00369	0	0	0	0	0	0	0	0	0	0	0	0	0	0	0	0	0	0	0	0	0	0	0
Lachnospiraceae_bacterium_OM04_12BH	0.04612	0	0	0	0	0	0	0	0	0.06031	0	0	0	0	0	0	0.13918	0	0	0	0	0	0	0	0	0.00544	0	0	0	0.19206	0	0	0.00221	0	0	0.01882	0	0	0	0	0	0	0	0	0	0.06272	0	0	0	0.1071	0	0	0	0	0	0	0	0	0	0	0	0	0	0	0	0	0	0.00423	0	0.22405	1.45535	0	0	0	0.01058	0	0	0.01169	0	0	0	0.00222	0	0	0	0	0	0	0	0	0	0	0.00903	0	0.18147	0.04272	0	0	0.3151	0	0.00149	0	0.0029	1.84653	0.00206	0	0	0	0	0	0	0.03467	0	0	0	0	0	0.00192	0	0.00737	0	0	0.02112	0	0.04932	0	0.01412	0	0	0	0.02263	0.00692	0	0	0.01783	0	0	0.02677	0	0.00622	0	0	0	0.03705	0	0	0	0	0	0.03376	0	0	0	0	0	0	0	0	0.00042	0	0	0	0.00011	0	0	0	0	0	0
GGB9634_SGB15093	0.64283	0	0	0	0	0	0	0	0	0.17849	0	0	0.03441	0	0	0	1.49749	0	0	0	0	0	0	0	0	0	0	0	0	0	0	0	0	0	0	1.82818	0	0	0	0	0	0	0	0	0	0	0	0	0	0.05174	0	0	0	0	0	0.02006	0	0	0	0	0	0	0	0.01692	0	0	0	0	0	0.50022	0.00935	0	0.0254	0	0	0	0	0	0	1.83576	0	0	0	0	0	0	0.02545	0	0	0.08462	0	0	0.17406	0	0.086	0.35577	0.00227	0	0.02211	0	0	0	0.11701	0.01058	0	0	0	0	0.09145	0	0	0	0.13896	0	0	0	0	0.17472	0.34205	0.02035	0	0	0	0	0.15312	0	0	0	0	0	0.32671	0	0	0	0.02766	0.03093	0	0	0	0.0402	0	0	0	0.00104	0.00142	0	0	0	0	0	0	0	0	0	0	0	0	0	0	0	0	0	0	0	0	0	0	0	0
Blautia_producta	0	0	0	0.0096	0.05137	0	0.84118	0.00603	0	0	0	0	0	0	0	0.04544	0	0.02647	0	0.05879	0.06626	0	0	0	0.03052	0	0.37964	0	0.00243	0	0.00207	0	0	1.23951	0	0	0	0.04676	1.83497	0	0.01456	0	0	1.74498	0	0	0	0.02483	0	0	0	0	0	0	0	0	0.0571	0	0	0	0	0	0	0	0	0	0	0	0	0	0	0	0	0	0	0	0.00218	0	0	0	0	0	0	0	0	0	0	0	0.00058	0	0	0	0	0.0312	0	0	0.046	0.00477	0	0	0	0	0	0	0	0	0	0	0	0	0	0	0	0	0	0	0	0	0	0	0	0	0	0	0	0	0	0	0	0	0	0	0	0	0	0	0	0	0	0	0	0	0	0	0	0	0	0	0	0	0	0	0	0	0	0	0	0	0	0.07178	0	0	0	0	0	0	0	0	0
Parabacteroides_goldsteinii	0	0	0.36883	0	0	0	0.1382	0.00981	0	0	0.00849	0.00545	0	0.05279	0.06731	0	0	0	0	0.12309	0	0	0	0	0.00153	0	0	0	0.00429	0	0	0	0.00177	0	0	0	0	0.00388	0.00404	0	0.01917	0.05247	0	0	0	0.00041	0	0.03952	0.01928	0	0.00237	0	0	0.06545	0	0.03811	0	0	0	0	0.06142	0	0	0.00487	0.00101	0	0.01956	0.00033	0.00311	0.00091	0.05247	0	0	0	0	0	0	0	0	0	0.00231	0	0	0	0.0437	0.02491	0	0	0	0.07212	0	0	0.00061	0	0	0.0872	0	0	0.01937	0	0.0025	0.01107	0.08838	0.03315	0.01999	0	0	0.13963	0.00309	0	0	0	0.01617	0.01124	0	0	0	0.0184	0.05136	0	0.02525	0	0.19127	0.08384	0.04612	0	0	0	0	0	0	0	0	0	0.00522	0	0	0	0	0.10245	0.00519	1.2547	0	0.03593	0.07163	0.03178	0.21659	0.1063	0.00543	0.00026	0.04377	0.0749	0.09907	0	0.01099	0.00353	0	0.1828	1.05382	1.83167	0	0.30387	0	0.01528	0.05029	0	0	0	0.00142
GGB3281_SGB4335	0	0	0	0	0	0	0	0	0	0	0	0	0	0	0	0	0	0	0	0	0	0	0	0	0	0	0	0	0	0.9965	0	0	0	0	0	0	0	0	0	0	0	0	0	0	0	0	0	0	0	0	0	0	0	0	0	0	0	0	0	0	0	0	0	0	0	0	0	0	0	0	0	0	0	0	0	0	0	0	0	0	0	0	0	0	0	0	0	0	0	0	0	0	0	0	0	0	0	0	0	0	0	0	1.81462	0	0	0	0	0	0	0	0	0	0	0	0	0	0	0	0	0	0	0	0	0	0	0	0	0	0	0	0	0	0	0	0	0.62172	0	0	0	0	0	0	0	0	0	0	0	0	0	0	0	0	0	0	0	0	0	0	0	0	0	0	0	0	0	0	0	0	0
Parasutterella_excrementihominis	0.05275	0	0	0	0	0.00106	0	0	0	0.04548	0	0.00159	0.02299	0	0	0.00269	0.10495	0	0	0.08181	0	0	0	0	0.05681	0	0	0	0	0	0.01661	0	0	0	0.00902	0.04646	0	0	0	0.01412	0	0	0	0	0	0	0	0	0	0.00301	0	0	0.83826	0.4159	1.66162	0.86806	0	0	0	0	0	0.02814	0.07061	0.02532	0.12575	0.06635	0.21429	0.00326	0	0	0	0.01603	0.06674	0	0	0	0.64432	0.00464	0	0.34883	0.6913	0.01847	0	0.01937	0.02735	0.00719	0	1.29588	0	0.68137	0.01615	0	0.00412	0.00629	0	0.02903	0.00695	0	0	0.4789	0	0.18145	0	0	0.00098	0.01014	0	0.03307	0.0068	0.00593	0	0.0323	0.00592	0	0	1.11443	0	0.01428	0.34996	0	0.01055	0.14336	0	0	0	0.03972	0	0.03354	0.756	0.29798	0.26159	0	0	0.23755	0	0.01069	0	0.29682	0.36971	0	0.02181	0	0	0.14112	0	0.13568	1.81131	0.44926	0.58406	0.00307	0.11307	1.55927	1.78891	0	0.02465	0	0	0.01427	0	0	0.81489	0.04904	0.00062	0.51636	0	0	0	0.36904	0.67581
Faecalibacterium_sp_HTFF	0	0	0	0	0	0	0	0	0	0	0	0	0.55616	0	0	0	0	0	0	0	0	0.08926	0.0177	0	0	0	0	0	0	0	0	0	0	0	0	0	0.06283	0	0	0	0.02563	0.00418	0	0	0	0	0	0	0	0.00541	0	0	0	0	0.04057	0.03473	0	1.57081	0	0	0	0.12327	0	0.25108	0	0.96798	0.00077	0	1.80696	0.02448	0.13902	0	0	0.00026	0.17179	0	0	0	0.61556	0	1.12337	0.64634	0	0.31154	0	0	0.00645	0	0	0	0	0	0.04696	0.00366	0.27296	0.05993	0	0.02332	0.14532	0	0	0	0.04083	0.25177	0.23333	0	0.02897	0	0.0122	0.02439	0.12247	0	0	0	0	0	0	0.15716	0	0.03197	0.07602	0	0	1.02046	0.12887	0	0	0	0	0	0.14973	0	0	0.00201	0	0	0.15975	0	0	0.45842	0	0	0	0	0	0	0	0	0	0	0	0	0	0	0	0	0	0	0	0	0	0	0	0	0	0	0	0	0
GGB51269_SGB5062	0	0	0	0	0	0	0	0	0	0	0	0	0	0	0	0	0	0	0	0	0	0	0	0	0	0	0	0	0	0	0	0	0	0	0	0	0	0	0	0	0	0	0	0	0	0	0	0	0	0	0	0	0	0	0	0	0	0	0	0	0	0	0	0	0	0	0.04537	0	0	0	0	0	0.06451	0	0	0	0	0	1.77855	0.0114	0	0	0	0	0.27036	0	0	0	0	0.52706	0	0	0	0	0	0	0.03245	0	0	0	0	0.55087	0.05043	0	0	0	0	0	0	0	0	0	0	0	0	0	0	0	0	0	0	0	0	0	0	0	0	0	0	0	0	0	0	0	0	0	0	0	0	0	0	0	0	0	0	0.00103	0	0.03158	0.3421	0	0	0	0	0	0	0	0	0	0.07491	0	0	0.06662	0	0	0	0	0	0	0
Megasphaera_micronuciformis	0	0	0	0	0.0122	0	0	0	0	0	0	0	0	0	0	0	0	0	0	0	0.00261	0	0	0	0.00742	0	0	0.00302	0	0	0	0	0	0.11761	0	0	0	0	0	0	0	0	0	0	0	0	0	0	0	0	0	0	0	0	0	0	1.76788	0	0	0	0	0	0	0	0.00689	0	0	0	0	0	0	0	0	0.02501	0	0	0	0	0.00266	0	0	0	0	0	0	0	0	0	0	0	0	0	0	0	0	0	0	0	0	0	0	0	0	0	0	0	0	0	0	0	0	0	0	0	0	0	0	0	0	0	0	0.07803	0	0	0	0	0	0	0	0	0	0	0	0	0	0	0	0	0	0	0	0	0	0	0	0	0	0	0	0	0	0	0	0	0	0	0.00399	0	0	0	0	0	0	0	0	0	0	0	0
GGB4682_SGB6472	0	0	0	0	0	0	0	0	0	0	0	0	0	0	0	0	0	0	0	0	0	0	0	0	0	0	0	0	0	0	0	0	0	0	0	0.29593	0	0	0	0	0	0	0	0	0	0	0	0	0	0.11021	0	0	0	0	0	0	0	0	0	0	0	0	0	0	0	0	0	0	0	0	0	0	0	0	0	0	0	0	0	0	0	0	0	0	0	0	0	0	0	0	0	0	0.23388	0	0.0703	0	0	0	0	0	0	0	0.53878	0	0	0	0	0	0	0	0	0	0	0	0	0	0	0	0	0	0	0	1.76057	0.14953	0	0	0	0	0	0	0	0	0	0	0	0	0	0	0	0	0	0	0	0	0	0	0	0	0	0	0	0	0	0	0	0	0	0	0	0	0	0	0	0	0	0	0	0	0
Firmicutes_bacterium	0	0	0	0.80293	0	0	0	0	0	0	0	0	0	0	0	0	0	1.74693	0	0	0	0	0	0	0	0	0	0	0	0	0	0	0	0	0	0	0	0	0	0	0	0	0	0	0	0	0	0	0	0	0	0	0	0	0	0	0	0	0	0	0	0	0	0	0	0	0	0	0	0	0	0	0	0	0	0	0	0	0	0	0	0	0	0	0	0	0	0	0	0	0	0.03775	0	0.10212	0	0	0	0	0	0	0	0	0	0	0	0	0	0	0	0	0	0	0	0	0	0	0	0	0	0	0	0	0	0	0	0	0	0	0	0	0	0	0	0	0	0	0	0	0	0	0	0	0	0	0	0	0	0	0	0	0	0	0	0	0	0	0	0	0	0	0	0	0	0	0	0	0	0	0
GGB4248_SGB5746	0	0	0	0	0	0	0	0	0	0	0	0	0	0	0	0	0	0	0	0	0	0	0	0	0	0	0	0	0	0	0	0	0	0	0	0	0	0	0	0	0	0	0	0	0	0	0	0	0	0	0	0	0	0	0	0	0	0	0	0	0	0	0	0	0	0	0	0	0	0	0	0	0	0	0	0	0	0	0	0	0	0	0	0	0	0	0	0	0	0	0	0	0	0	0	0	0	0	0	0	0	0	0	0	0	0	0	0	0	0	0	0	0	0	0	0	0	0	0	0	0	0	0	0	0	0	0	0	0	0	0	0	0	0	0	0	0	0	0	0	0	0	0	0	0	0	0	0	0	0	0	0	0	0	0	0	0	0	0	0	1.74121	0	0	0	0	0	0	0	0
GGB9602_SGB15028	0	0	0	0	0	0	0	0	0.07798	0	0	0	0	0	0	0	0	0	0	0	0	0	0.17593	0	0	0	0	0	0	0	0	0	0	0	0	0	0.2452	0	0	0	0	1.73457	0	0	0	0.13687	0	0	0	0.10207	0	0	0	0	0	0	0	0	0	0	0	0	0	0.02021	0	0	0	0	0	0.01179	0.18339	0	0.00725	0	0	0	0	0	0	0	0	0	0	0	0.02123	0	0	0	0	0	0	0	0.00937	0	0.05165	0.01392	0	0	0.05047	0	0.3426	0	0.25669	0.16844	0	0	0	0	0.1949	0	0.0722	0	0	0	0	0	0	0	0.00691	0	0	0	0	0.40281	0	0	0	0.02679	0	0	0.03884	0	0	0	0	0	0	0	0	0	0	0	0	0.00161	0	0	0	0	0	0	0	0	0	0	0	0	0	0	0	0	0	0	0	0	0	0	0	0	0.00403
Bacteroides_salyersiae	0.04359	0	0	0	0	0.003	0	0	0	0	0	0.01261	0.00534	0	0	0	0.05361	0	0	1.67993	0	0	0	0	0	0.00942	0	0	0	0	0	0	0.001	0	0	0.00526	0	0	0	0.00702	0	0.08273	0	0	0	0	0	0	0.01313	0	0.09969	0	0	0.51609	0	0.76653	0	0.09108	0.27722	0	0.41111	0.01393	6e-05	0	0.05966	0	0.07153	0.03338	0.35796	0.17998	0.11097	0.00675	0.07126	0	0	0	0	0.00721	0	0.11615	0	1.14111	0	0.00262	0	0	0	0	0	0.03262	0	0	0	0	0.00167	0	0	0	0.04754	0	0.03343	0.15966	0	0.06105	0	0	0	0	0	0	0	0.11824	0.0001	0.02024	0	0	0	0.00206	0.16508	0	0	0	0.04869	0.00701	0.04536	0.10826	0.15199	0.00802	0	0	0.03047	0	0	0	0.21393	0	0	0.00104	0.05226	0.15386	0	0.08476	0	0.36902	0	0.00053	0.29756	0	0	0	0.61405	0	0	0	0	1.71415	0	0.9615	0	0	0	0	0	0	0	0	0	0	0.02556
GGB9813_SGB15447	0	0	0	0	0	1.7111	0	0	0	0	0	0	0	0	0	0	0	0	0	0	0	0	0	0	0	0	0	0	0	0	0	0	0	0	0	0	0	0	0	0	0	0	0	0	0	0	0	0	0	0	0	0	0	0	0	0	0	0	0	0	0	0	0	0	0	0	0	0.81495	0	0	0	0	0	0	0.02818	0	0	0	0	0	0	0	0	0	0	0	0	0	0	0	0	0	0.00946	0	0	0	0	0	0	0	0	0	0	0	0	0	0	0	0	0	0	0	0	0	0	0	0	0	0	0	0	0	0	0	0	0	0	0.79109	0	0	0	0	0	0	0.90095	0	0	0	0	0	0	0	0	0.01572	0	0	0	0	0	0	0	0	0	0	0	0	0	0	0	0	0	0	0	0	0	0	0	0	0
Merdimonas_faecis	0	0	1.7092	0.76021	0	0	0	0	0	0	0	0	0	0	0	0	0	0	0	0	0	0	0	0	0	0	0	0	0	0	0	0	0	0	0	0	0	0	0	0	0	0.00612	0	0	0	0	0	0	0	0	0	0	0	0.01605	0	0	0	0	0	0	0	0	0	0.00084	0	0	0	0	0	0	0	0	0	0	0	0	0	0	0	0.03582	0	0	0	0	0	0.00838	0	0	0	0	0	0	0	0	0	0	0	0	0	0	0	0	0	0	0	0	0	0	0	0	0	0	0	0	0	0	0	0	0	0	0	0	0	0	0.29047	0	0	0	0.01049	0	0	0	0	0	0	0	0	0	0	0	0	0	0	0	0	0	0	0	0	0	0	0	0	0	0	0	0	0	0	0	0	0	0	0	0	0	0	0	0
GGB4591_SGB6350	0	0	0	0	0	0	0	0	0	0	0	0	0	0	0	0	0	0	0	0	0	0	0	0	0	0	0	0	0	0	0	0	0	0	0	0	0	0	0	0	0	0	0	0	0	0	0	0	0	0	0	0	0	0	0	0	0	0	0	0	0	0	0	0	0	0	0	0	0	0	0	0	0	0	0	0	0	0	0	0	0	0	0	0	0	0	0	0	0	0	0	0	0	0	0.08072	0	0	0	0	0	1.68828	0	0.00739	0	0	0	0	0	0	0	0	0	0	0	0	0	0	0	0	0	0	0	0.0156	0	0	0	0	0	0	0	0	0	0	0	0	0.32433	0	0	0	0	0	0	0	0	0	0	0	0	0	0	0	0	0	0	0	0	0	0	0	0	0	0	0	0	0	0	0	0	0
GGB4603_SGB6367	1.67794	0	0	0	0	0	0	0	0	0.18375	0	0	0	0.08687	0.05685	0	0.01465	0	0	0	0	0	0.205	0	0	0.04278	0	0	0	0	0	0	0	0	0	0	0	0	0	0	0	0	0	0	0.46081	0	0	0	0	0.01403	0	0	0	0	0	0	0	0	0	0	0.08875	0	0	0	0.111	0	0	0	0	0	0	0	0.0807	0	0	0	0	0	0	0	0.64703	0	0	0	0	0	0	0	0	0	0	0	0.01682	0	0	0	0	0	0	0	0.13048	0.41187	0.24037	0	0	0	0	0	0	0.00272	0	0.23591	0	0	0	0	0	0	0	0	0	0	0.01498	0	0	0	0.18551	0	0	0	0.03981	0	0	0	0	0	0	0	0	0	0	0	0	0	0	0	0	0	0.00056	0	0	0	0	0	0	0	0	0	0.03995	0	0	0	0	0	0	0	0	0	0
GGB9715_SGB15260	0.01341	0	0	0	0	0	0	0	0	0.41427	0	0	0.09706	0	0	0	0.43861	0	0	0	0	0.21314	0.47052	0	0	0	0	0	0	0.02125	0	0	1.37657	0	0	0.2946	1.67694	0.89132	0.00103	0	0	0	0	0	0	0	0	0	0	0.06148	0	0	0	0	0	0.15631	0	0	0	0	0	0.0345	0	0.07081	0	0	0	0.55499	0	0.05784	0.07315	0	0.08215	0	0	0	0	0.12025	0	0.68227	0.02924	0	0	1.38413	0	0	0.00081	0	0	0.93717	0	0.00372	0.03469	0	0.2578	0.07779	0	0.55204	0.15783	0	0.02229	0.02762	0	0.02125	0	0	0.01569	0	0	0.0103	0.01442	0	0	0	0.00045	0	0	0.00941	0	0.03163	0.8009	0	0.02142	0.32495	0	0	0.33629	0	0	0.04275	0.48059	0	0	0	0.09101	0.05965	0	0.05131	0	0	0	0	0	0.09323	0	0.00495	0	0	0	0	0	0	0.0259	0	0	0	0	0	0	0	0	0	0	0.35898	0	0	0	0.04375	0.01462
Clostridium_SGB4751	0.00034	0	0	0	0	0	0	0	0	0.02685	0	0	0.05564	0	0	0	0.01498	0	0.01249	0	0.15588	0.01297	0	0	0.04667	0.25389	0	0	0	0.02044	0	0	0	0	0	0	0.0123	0	0	0	0	0	0	0	0	0	0	0	0	0.00808	0.06032	0.07426	0	0	0	0.00965	0	0.10029	0	1.67042	0	0.00983	0	0.00594	0	0	0.00241	0.02921	0.11852	0.07828	0	0	0.07154	0	0.02732	0	0	0.01461	0.06203	0.02285	0	0.00599	0	0.08516	0	0	0.00899	0.25223	0	0	0.00645	0.10502	0.01038	0.0263	0.02222	0	0	0	0.00576	0	0.0168	0.01652	0	0.00267	0.02406	0	0.01047	0.0902	0.04091	0.04622	0.04582	0	0.03089	0.16302	0.18238	0	0	0.00581	0	0	0	0	0.00165	0	0.11843	0.18823	0.03422	0.00081	0	0	0.00494	0	0	0	0.1124	0	0.02583	0.02218	0.03896	0	0	0	0	0	0	0.01197	0	0	0.06939	0.00277	0	0	0.02187	0	0	0	0	0	0	0	0	0.00997	0.00237	0	0	0	0	0	0
bacterium_OL_1	0	0.1011	0	0	0	0.28072	0	0	0	0	0	0	0	0	0	0	0.00827	0	0	0	0	0	0	0	0	0	0	0	0	0.005	0	0	0	0	0	0	0	1.61828	0.19637	0	0	0.0042	0	0	0	0	0	0	0.00747	0	0	0	0	0	0	0	0	0	0	0	0	0	0	0.52845	0	0	0	0	0	0	0	0	0	0	0	0	0	0	0	0	0	0	0	0	0	1.66206	0	0	0	0	0	0	0	0	0	0.03366	0	0	0	0	0.00039	0	0	0	0	0	0.02096	0	0	0	0	0	0	0	0	0	0	0	0	0	0	0	0	0	0	0	0	0	0	0	0	0	0	0	0	0	0	0	0	0	0	0	0	0	0	0	0	0	0	0	0	0	0	0	0	0	0	0	0	0	0	0	0	0	0	0	0	0	0
GGB4689_SGB6487	0	0	0	0	0	0	0	0	0	0	0	0	0	0	0	0	0	0	0	0	0	0	0	0	0	0	0	0	0	0	0	0	0	0	0	0	0	0	0	0	0	0	0	0	0	0	0	0	0	0.01288	0	0	0	0	0	0	0	0	0	0	0	0	0	0	0	0	0	0	0	0.02235	0.25923	0	0	0	0	0	0	0	0	0	0	0	0	0	0	0	0	0	0	0	0	0	0	0	1.65747	0	0	0	0	0	0	0	0	0.19794	0	0	0	0	0	0	0	0	0	0	0	0	0	0	0	0	0	0	0	0	0	0	0	0	0	0	0	0	0	0	0	0	0	0	0	0	0	0	0	0	0	0	0	0	0	0	0	0	0	0	0	0	0	0	0	0	0	0	0	0	0	0	0	0	0
Coprobacillus_cateniformis	0	0	0.00759	0.00104	0	0	0	0	0	0	0	0	0	0	0	0	0	0.00383	0	0	0	0	0.13527	0	0	0.00046	0	0	0	0	0	0	0	0	0	0	0	0.09935	0	0	0	0	0	0	0.00272	0	0	0	0	0	0	0	0	0	0	0	0	0	0	0	0	0	0.00688	0.00704	0	0.00168	0	0.01656	0	0	0	0	0	0	0	0	0	0	0	0	0	0	0	0	0	0.02678	0	0	0	0	0	0	0	0	0	0.00028	0.00385	0.16224	0	0	0	0	0	0	0	0	0	0.01149	0	0	0	0	0	0	0	0	0	0	0	0	0	0	0	0.11724	0	0	0	0	0	0	0.00123	0	0	0	0	0	0	0	0	0	0	1.65527	0	0	0	0	0	0	0	0	0	0.01862	0	0	0	0	0	0	0	0	0	0	0	0	0	0	0	0	0
Bacteroides_caecigallinarum	0	0	0	0	0	0	0	0	0	0	0	0	0	0	0	0	0	0	0	0	0	0	0	0	0	0	0	0	0	0	0	0	0	0	0	0	0	0	0	0	0	0	0	0	0	0	0	0	0	0	0	0	0	0	0	0	0	0	0	0	0	0	0	0	0	0	0	0	0	0	0	0	0	0	0	0	0	0	0	0	0	0	0	0	0	0	0	0	0	0	0	0	0	0	0	0	0	0	0	0	0	0	0	0	0	0	0	0	0	0	0	0	0	0	0	0	0	0	0	0	0	0	0	0	0	0	0	0	0	0	0	0	0	0	0	0	0	0	0	0	0	0	1.65305	0	0	0	0	0.17701	0	0	0	0	0	0	0	0	0	0	0	0	0	0	0	0	0	0	0	0	0
GGB1568_SGB2155	0	0	0	0	0	0	0	0	0	0	0	0	0	0	0	0	0	0	0	0	0	0	0.79853	0	0	0	0	0	0	0	0	0	0	0	0	0	0	0	0	0	0	0	0	0	0	0	0	0	0	0	0	0	0	0	0	0	0	0	0	0	0	0	0	0	0	0	0	0	0	0	0	0	0	0	0	0	0	0	0	0	0	0	0	0	0	0	0.00567	0	0	0	0	0	0	0	0	0	0	0	0	0	0.00078	0	1.64134	0	0	0	0	0	0	0	0	0	0	0	0	0	0	0	0	0.17876	0	0	0	0	0	0	0	0	0	0	0	0	0	0.00616	0	0	0	0	0	0	0	0	0	0	0	0	0	0	0	0	0	0	0	0	0	0	0	0	0	0	0	0	0	0	0	0	0	0	0
Prevotella_sp_Marseille_P4119	0	0	0	0	0	0	0	0	0	0	0	0	0	0	0	0	0	0	0	0	0	0	0	0	0	0	0	0	0	0	0	0	0	0	0	0	0	0	0	0	0	0	0	0	0	0	0	0	0	0	0	0	0	0	0	0	0	0	0	0	0	0	0	0	0	0	0	0	0	0	0	0	0	0	0	0	0	0	0	0	0	0	0	0	0	0	0	0	0	0	0	0	0	0	0	0	0	0	0	0	0	0	0	0	0	0	0	0	0	0	0	0	0	0	0	0	0	0	0	0	0	0	1.61534	0	0	0	0	0	0	0	0	0	0	0	0	0	0	0	0	0	0	0	0	0	0	0	0	0	0	0	0	0	0	0	0	0	0	0	0	0	0	0	0	0	0	0	0	0	0
GGB3345_SGB4425	0	0	0	0	0	0	0	0.42151	0	0	0	0	0	0.04322	0.05678	1.60432	0.40956	0	0	0	0	0	0	0	0	0	0	0	0.67295	1.33974	0	0	0	0	0	0	1.10105	0	0	0	0.28461	0	0	0	0	0.21488	0	0	0	0.08734	0	0	0	0	0	0	0	0	0	0	0.6264	0	0.00184	1.02571	0	0.53473	0	0	0	0	0	0.00025	0	0.01149	0	0	0	0	0.11755	0.59076	0	0	0	1.22746	0.05885	0	0	0	0	0	0	0	0.04157	0.0154	0.02998	0.11783	0	0	0	0	0	0.30806	0	0	0	0	0.00291	0	0.0033	0.00079	0	0	0	0	0	0	0	0.00465	0	0	0	0	0.61253	0.53966	0	0	0	0	0	0	0.37464	0	0	0.0031	0	0.17273	0	0.92871	0.02604	0	0	0	0	0.0203	0	0	0	0.09004	0	0	0	1.16769	0	0.01663	0	0.02444	0	0	0.94007	0	0	0.0002	0	0	0	0	0	0	0.23212
Eubacterium_sp_AF34_35BH	0.08333	0.00203	0	0	0	0	0	0	0	0	0	0	0.00372	0	0	0	0	0	0	0	0	0.25817	0.09447	0	0	0.16556	0	0	0	0.02038	0	0	0.06195	0	0	0	0	0.04407	0	0.00093	0.16167	0.01689	0	0	0	0.10403	0	0.17077	0.00175	0.15968	0.05757	0	0.03942	0.09353	0	0.12775	0	0	1.38431	0.02604	0.01148	0	0	0	0.01368	0	0.66305	0.0067	0.09409	0.05447	0	0	0	1.60353	0	0	0	0	0.23211	0.02282	0.00703	0	0.07106	0	0.05958	0	0.00042	0.00262	0.1884	0	0.0207	0.01345	0	0.33597	0	0	0	0.00164	0.00336	0.01995	0.0105	0.08229	0	0	0	0.00274	0	0	0.01515	0	0.17863	0.00636	0	0	0	0	0	0.03254	0	0.02565	0	0	0	0	0	0	0.05104	0	0	0	0	0	0	0.02742	0	0	0	0	0	0	0.11827	0	0	0	0	0	0	0	0.00545	0	0	0.04803	0.00743	0	0.00797	0	0	0.00535	0.07461	0	0	0	0	0	0	0	0.12039	0.0495	0
GGB6574_SGB9290	0	0	0	0	0	0	0	0	0	0.23506	0	0	0	0.00026	0	0.2431	0	0	0	0	0	0	0	0	0	0	0	0	0	0	0	0	0	0	0	0	0	0	0	0	0.00773	0	0	0	0	0	0	0	0	0	0	0	0	0	0	0	0	0	0	0	0	0	0	0	0	0	0	0	0	0	0	0	0	0	0	0	0	0	0	0	0	0	0	0	0	0	0	0	0	0	0.13885	0	0.03491	0	0	0	0	0	0	0	0	0	0	0	0	0	0	0	0	0	0	0	0	0	0	0	0	0	0	0	0	0	0	0	0	0	0	0	0	0	0	0	0	0	0	0	0	0	0	0	0	0	1.59574	0	0	0	0	0	0	0	0	0	0	0	0	0	0	0	0	0	0	0	0	0	0	0	0	0	0
Oscillospiraceae_unclassified_SGB15252	0	0	0	0	0	0	0	0	0	0	0	0	0.001	0	0	0	0	0	0.05146	0	0	0	1.28939	0	0	0.30279	0	0	0	0	0	0	1.59043	0	0	0	0	0	0	0	0	0	0	0	0	0	0	0	0	0	0	0	0	0	0	0	0	0	0	0	0	0	0	0.00206	0	0	0	0	0	0	0.02202	0	0	0	0	0	0	0	0	0	0	0	0	0	0	0	0	0	0	0.02209	0	0	0.01744	0	0.0266	0.82476	0	0	1.1749	0	0.07071	0	0.07242	0.03004	0	0	0	0	0	0	0	0	0	0	0	0	0	0.00605	0	0	0.00176	0	0	0	0	0	0.03941	0	0	0	0	0	0	0	0.00568	0	0	0	0	0	0	0	0	0	0	0	0	0	0	0	0	0	0	0	0	0	0	0	0	0	0	0	0	0	0	0	0	0	0.00253
Veillonella_atypica	0	0	0.01621	0	0	0	0	0	0.00018	0	0.0798	0.00169	0.0073	0	0	0	0	0	0	0	0.0772	0	0	0	0.01164	0	0	0	0	0	0	0	0	0.43129	0.00588	0	0	0	0	0	0	0	0	0.00621	0	0	0	0	0	0	0	0	0	0.01736	0	0	0.17636	0	0	0	0	0	1.57708	0	0.2644	0	0	0	0.00379	0	0	0	0	0.0102	0.0039	0.00035	0.06055	0	0.0931	0	0.01682	0	0	0	0	0.00113	0.03435	0.01911	0	0	0.01076	0	0.01452	0.00062	0	0	0.0197	0	0	0	0.00801	0.04944	0.0149	0.0018	0	0	0.00029	0	0.08042	0	0	0	0	0	0	0	0.01916	0	0	0	0	0.05972	0	0	0	0	0.00053	0	0.001	0	0	0.09043	0	0.11682	0.00621	0	0	0	0	0	0	0	0.78369	0.02584	0	0	0	0	0	0	0	0.00095	0	0	0	0	0	0	0.01247	0	0	0	0	0.01338	0	0	0	0.01408	0
Catenibacterium_mitsuokai	0	0	0	0	0	0	0	0	0	0	0	0	0	0	0	0	0	0	0	0	0	0	0	0	0	0	0	0	0	0	0	0	0	0	0	0	0	0	0	0	0	0	0	0	0	0	0	0	0	0	0	0	0	0	0	0	0	0	0	0	0	0	0	0	0	0	0	0	0	0	0	0	0	0	0	0	0	0	0	0	0	0	0	0	0	0	0	0	0	0	0	0	0	0	0	1.56663	0	0	0	0	0	0	0	0	0	0	0	0	0	0	0	0	0	0	0	0	0	0	0	0	0	0	0	0	0	0	0	0	0	0	0	0	0	0	0	0	0	0	0	0	0	0	0	0	0	0	0	0	0	0	0	0	0	0	0	0	0	0	0	0	0	0	0	0	0	0	0	0	0
Eubacterium_SGB4329	0	0	0	0	0	0	0	0	0	0	0	0	0	0	0	0	0	0	0	0	0	0	0	0	0	0	0	0	0	0	0	0	0	0	0	0	0	0	0	0	0	0	0	0	0	0	0	0	0	0	0	0	0	0	0	0	0	0	0	0	0	0	0	0	0	0	0	0	0	0	0	0	0	0	0	0	0	0	0	0	0	0	0	0	0	0	0	0	0	0	0	0	0	0	0	0	0	0	0	0	0	0	0	0	0	0	0	0	0	0	0	0	0	0	0	0	0	0	0	0	0	0	0	0	0	0	0	0	0	0	0	0	0	0	0	0	0	0	1.56535	0	0	0	0	0	0	0	0	0	0	0	0	0	0	0	0	0	0	0	0	0	0	0	0	0	0	0	0	0	0
Desulfovibrio_piger	0.00274	0	0	0	0	0	0	0	0.75253	0	0	0.00926	0	0.25684	0.32307	0	0.39887	0	0	0	0	0	0.37527	0	0	0	0	0	0	0	0	1.55129	0.24382	0	0	0	0.03716	0.02272	0	0	0	0	0	0	0	0	0	0	0	0.07016	0	0	0	0	0	0	0	0	0	0	0	0	0	0	0	0	0	0	0	0	0	0.06521	0	0	0	0	0	0	0	0	0	0	0	0	0	0	0	0	0	0	0	0	0.01202	0	0	0	0	0	0	0	0	0.025	0	0	0.27082	0	0	0.22202	0	0	0.03522	0	0	0	0	0	0	0	0	0	0	0	0.07927	0	0	0.348	0	0	0	0	0	0	0	0	0	0	0.1268	0	0	0.18021	0	0	0	0	0	0.15931	0	0	0	0	0	0	0	0	0	0	0	0	0	0	0	0	0.03765	0	0	0	0	0	0
Frisingicoccus_caecimuris	0	0	0	0.19613	0	0	0	1.54568	0	0	0	0	0	0	0	0	0	0	0	0	0	0	0	0	0	0	0	0	0	0	0	0	0	0	0	0	0	0	0	0	0	0	0	0	0	0	0	0	0	0	0	0	0	0.00252	0	0	0	0	0	0	0	0	0	0	0	0	0	0	0	0	0	0	0	0	0	0	0	0	0	0	0	0	0	0	0	0	0	0	0	0	0	0	0	0	0	0	0	0	0	0	0	0	0	0	0.12137	0	0	0	0	0	0	0	0.01669	0	0	0	0	0	0	0	0	0	0	0	0	0.00414	0	0	0	0	0	0	0	0	0	0	0.08809	0	0	0.00249	0	0	0	0	0	0	0	0.01582	0	0.01115	0	0	0	0	0	0	0	0.0051	0	0	0	0	0	0	0	0	0	0	0
Alistipes_sp_AF17_16	0	0	0	0	0	0	0	1.54564	0	0.0125	0	0	0	0.03009	0.03035	0.21783	0	0	0	0	0.00072	0	0	0.06892	0	0.04718	0	0	0	0.02125	0	0.06694	0.04335	0	0	0.24883	0.01184	0	0	0.03399	0	0.22858	0	0	0	0.38003	0	0	0.11707	0	0.00767	0	0	0	0	0	0	0	0	0	0.26575	0	0	0.01619	0	0	0.19001	0.14477	0	0.01457	0.00403	0.0098	0	0	0.30422	0	0	0	0	0.18766	0.0034	0	0	0	0	0.06113	0	0	0	0.13607	0	0	0	0	0	0	0.01046	0.79082	0.19419	0	0	0.03066	0.28228	0.00756	0.19425	0.01358	0	0	0.06471	0	0	0	0.09196	0.02015	0	0	0	0.26327	0.23952	0.00098	0.06711	0	0.0256	0.18287	0.04884	0.02881	0.05183	0.01291	0.00389	0	0.2531	0	0.11252	0	0.00924	0	0.09546	0.04435	0.09753	0.07208	0	0.02849	0	0.00746	0.00801	0.0351	0	0.5617	0.03281	0	0	0	0	0	0	0	0	0.32498	0	0	0	0.16497	0	0.08011	0	0	0	0	0.00772
GGB9602_SGB15031	0	0	0	0	0	0	0	0	0	0.03144	0	0	0.00614	0.33833	0.4045	0	0	0	0	0	0	0	0	0	0	0.0113	0	0	0	0	0	0	0.00293	0	0	1.4677	0.41529	0	0	0.00581	0	0	0	0	0	0.04261	0	0	0	0.11282	0	0	0	0	0	0	0	0	0	0	0	0	0	0.02828	0	0	0	0	0	0.00435	0.16297	0	0.01236	0	0	0	0.00012	0.02148	0	0	0	0	0	1.40969	0.02389	0	0	0	0	0.34268	0	0	0.01431	0	0.73091	0.52183	0.17987	0	0.21634	0	0.02509	0	1.37905	0.13424	0.06692	0	0	0.01169	0.98448	0.00711	0	0.22711	0.14048	0	0.00102	0	0	1.23245	0	0.02905	0.6533	0	0.03045	0.00972	0	0	0	1.51062	0.04223	0	0.21277	0	0	0	0.07495	0	0.00736	0.11386	0.93926	0	0	0	0	0.18207	0.00148	0	0	0	0	0.09583	0	0	0	0	0	0	0	0	0	0	0	0	0	0	0	0	0	0	0
Adlercreutzia_equolifaciens	0.04286	0	0	0	0	1.50965	0	0.04848	0.6787	0.06495	0	0	0.13471	0.09316	0.02815	0.01109	0.08632	0	0	0.11971	0.0134	0.00252	0.78577	0	0	0.52743	0	0	0.32791	0	0	0	0.22787	0	0	0.16314	0.16578	0	0	0.0246	0	0.04307	0	0	0	0.38281	0	0.11453	0.16739	0.14501	0	0.05079	0	0	0	0	0	0	0	0	0.00455	0	0	0.02354	0	0	0.1059	0.01048	0	0.00496	0	0	0	0	0.00303	0	0	0.00797	0	0.00986	0	0.02453	0	0.01627	0.00092	0.0361	0	0	0	0	0	0.00113	0	0.11342	0	0.0187	0.01091	0.35069	0.07571	0	0.00092	0	0.00784	0	0	0	0	0.05856	0.00362	0.03243	0	0.03097	0.02022	0	0	0	0	0.00064	0	0.015	0.01481	0	0	0	0	0	0.00854	0	0.00529	0.00903	0.00874	0.00087	0.01745	0	0	0	0	0.00178	0.0073	0	0	0.01413	0	0	0	0	0.02021	0.00529	0	0	0	0.00761	0	0	0	0	0	0	0	0	0	0	0	0	0	0	0	0	0
GGB9712_SGB15244	0	0	0	0	0	0	0	0	0	0.08291	0	0	0.00134	0	0	0	0	0	0	0	0	0	0	0	0	0	0	0	0	0	0	0	0.01279	0	0	1.08327	0.36242	0	0	0	0	0	0	0	0	0	0	0	0	0.55661	0	0	0	0	0	0	0	0	0	0	0	0.00337	0	0.01141	0	0	0	0	0	0.00564	0.05146	0	0.00265	0	0	0	0	0	0	0	0	0	0	0	0.01379	0	0	0	0	0.09384	0	0	0.06123	0	0.07274	0.27092	0.00013	0	1.50195	0	0.03161	0	0.40727	0.07082	0	0	0	0	0	0	0.12142	0	0.12804	0	0	0	0	0.07028	0	0.08111	0	0	0.02399	0	0	0	0	0	0.00715	0	0.41	0	0	0	0.01601	0	0	0.16573	0	0	0	0	0	0.01444	0	0.0048	0	0	0	0	0	0	0.00498	0	0	0	0	0	0.35545	0	0	0.00552	0	0	0	0	0	0	0
Oscillospiraceae_bacterium	0.0674	0	0	0	0	0	0	0.00444	0	0.18191	0	0	0	0.54089	0.95617	0	0	0	0	0	0	0.01499	0.18346	0	0	0	0	0	0	0	0	0	0	0	0	0.04929	0.10141	0	0	0.04059	0.01578	1.08654	0	0	0	0.07057	0	0	0	0.22035	0	0	0	0	0	0	0	0	0	0	0	0	0	0.00185	0	0	0	0.15153	0	0.00234	0.0073	0	0.07986	0	0	0	0	0.0376	0	0	0	0	0	0.0039	0.00524	0	0	0	0	0	0	0	0.06397	0	0.01765	0.10717	0	0	0.24706	0	0.00638	0.00133	0.00456	0.00264	0.21365	0	0	0.3192	0	0	0.00719	0	0.01155	0	0	0	0	0.02762	0	0.00975	0.03603	0	0.02976	0.0622	0	0	0.00093	0.03045	0	0	0.0437	0.03298	0	0	0.00334	0.00227	0.1062	0.0584	0.08308	0.001	0	0	0	0.00959	0.00377	0	0	0.08836	0	1.49283	0	0	0	0	0	0	0	0	0.02658	0	0	0	0	0	0	0	0	0	0
GGB1379_SGB1880	0	0	0	0	0	0	0	0	0	0	0	0	0	0	0	0	0	0	0	0	0	0	0	0	0	0	0	0	0	0	0	0	0	0	0	0	0	0	0	0	0	0	0	0	0	0	0	0	0	0	0	0	0	0	0	0	0	0	0	0	0	0	0	0	0	0	0	0	0	0	0	0	0	0	0	0	0	0	0	0	0	0	0	0	0	0	0	0	0	0	0	0	0	0	0	0	0	0	0	0	0	0	0	0	0.96286	0	0	0	0	0	0	0	0	0	0	0	0	0	0	0	0	0	0	0	0	0	0	0	0	0	0	0	0	0	0	0	1.49161	0	0	0	0	0	0	0	0	0	0	0	0	0	0	0	0	0	0	0	0	0	0	0	0	0	0	0	0	0	0	0	0
Eubacteriaceae_bacterium_Marseille_Q4139	0	0.00207	0	0	0	0	0	1.4844	0	0	0	0	0	0	0	0	0	0	0	0	0	0	0	0	0	0	0	0	0	0	0	0	0	0	0	0	0	0	0	0	0	0	0	0	0	0	0.40333	0	0	0	0	0	0	0.01748	0	0	0	0	0	0	0	0	0	0	0	0	0	0	0	0	0	0	0	0	0	0	0	0	0	0	0	0	0	0.00327	0	0	0	0	0	0.02242	0	0	0	0	0	0	0	0	0	0	0.00158	0	0	0	0	0	0	0	0	0	0	0.01367	0.01433	0	0	0	0	0	0	0	0	0	0	0	0	0	0	0	0.04375	0	0	0	0	0	0	0	0	0	0	0	0	0	0	0	0	0	0	0	0	0	0	0	0	0	0	0	0	0	0	0	0	0	0	0	0	0	0	0	0
GGB1497_SGB2076	0	0	0	0	0	0	0	0	0	0	0	0	0	0	0	0	0	0	0	0	0	0	0	0	0	0	0	0	0	0	0	0	0	0	0	0	0	0	0	0	0	0	0	0	0	0	0	0	0	0	0	0	0	0	0	0	0	0	0	0	0	0	0	0	0	0	0	0	0	0	0	0	0	0	0	0	0	0	0	0	0	0	0	0	0	0	0	0	0	0	0	0	0	0	0	0	0	0	0	0	0	0	0	0	0	0	0	0	0	0	0	0	0	0	0	0	0	0	0	0	0	0	1.48165	0	0	0	0	0	0	0	0	0	0	0	0	0	0	0	0	0	0	0	0	0	0	0	0	0	0	0	0	0	0	0	0	0	0	0	0	0	0	0	0	0	0	0	0	0	0
Drancourtella_massiliensis	0	0	1.46208	0	0	0	0	0	0	0	0	0	0	0	0	0	0	0	0	0	0	0	0	0.83593	0	0	0	0	0	0	0	0	0	0	0	0	0	0	0	0	0	0	0	0	0	0	0	0	0	0	0	0	0	0	0	0	0	0	0	0	0	0	0	0	0	0	0	0	0	0	0	0	0	0	0	0	0	0	0	0	0	0	0	0	0	0	0	0	0	0	0	0	0	0	0	0	0	0	0	0	0	0	0	0	0	0	0	0	0	0	0	0	0	0	0	0	0	0	0	0	0	0	0	0	0	0	0	0	0	0	0	0	0	0	0	0	0	0	0	0	0	0	0	0	0	0	0	0	0	0	0	0	0	0	0	0	0	0	0	0	0	0	0	0	0	0	0	0	0
GGB3303_SGB4364	0	0	0	0	0	0	0	0	0	0	0	0	0	0	0	0	0	0	0	0	0	0	0	0	0	0	0	0	0	0	0	0	0	0	0	0	0	0	0	0	0	0	0	0	0	0	0	0	0	0	0	0	0	0	0	0	0	0	0	0	0	0	0	0	0	0	0	0	0	0	0	0	0	0	0	0	0	0	0	0	0	0	0	0	0	0	0	0	0	0	0	0	0	0	1.45481	0	0	0	0	0	0	0	0	0	0	0	0	0	0	0	0	0	0	0	0	0	0	0	0	0	0	0	0.00055	0	0	0	0	0	0	0	0	0	0	0	0	0	0	0	0	0	0	0	0	0	0	0	0	0	0	0	0	0	0	0	0	0	0	0	0	0	0	0	0	0	0	0	0	0	0
GGB3175_SGB4191	0.02911	0	0	0	0	0	0	0	0	0	0	0	0	0	0	0	0.17673	0	0	0	0	0	0	0	0	0	0	0	0	0	0	0	0	0	0	0	0	0	0	0	0	0	0	0	0	0.2165	0	0	0	0	0	0.05448	0	0	0	0	0	0	0	0	0.00454	0	0	0.10862	0.56574	0	0	0	0	0	0	0.02824	0.13125	0	0	0	0	0	0.73088	0.01536	0	0	0	0	1.06915	0	0	0	0	0.76803	0	0	0	0	0.37719	0	0	0	0.00838	0	0.02519	0.52109	0.06312	0	0	0.1201	0	0	0	0	0	0	0	0	0	0	0	0.00227	0	0.11825	0	0	0	0	0	0	0.12524	0	0.19361	0	0	0	0	0	1.4359	0	0	0	0.15505	0	0	0	0	0	0	0	0	0	0	1.02536	0	0	0.01694	0	0	0	0	0	0.14645	0	0	0.01198	0.11968	0	0	0	0	0	0.01211
Lacticaseibacillus_paracasei	0	0.46038	0	0	0	0	0	0.06878	0	0	0	0	0	0	0	0	0.00328	0	0	0	0	0	0	0	0	0	0	0	1.42827	0	0	0	0	0	0	0	0	0	0	0	0	0.00995	0	0	0	0	0	0	0	0	0	0	0	0	0	0	0	0	0	0	0	0	0	0	0	0	0	0	0	0	0	0	0	0	0	0	0	0	0	0	0	0	0	0	0	0	0	0	0	0	0	0	0	0	0.0025	0	0	0	0	0	0	0	0	0	0	0	0	0	0	0	0	0	0	0	0	0	0	0	0	0	0	0	0	0	0	0	0	0	0	0	0	0	0	0	0	0	0	0	0	0	0	0	0.02337	0	0	0	0	0	0	0	0	0	0	0	0	0	0	0	0	0	0	0	0	0	0	0	0	0	0
GGB3550_SGB4746	0	0	0	0	0	0	0	0	0	0	0	0	0	0.00271	0.00208	0	0	0	0	0	0	0	0	0	0	0	0	0	0	0	0	0	0	0	0	0	0.1742	0.0275	0	0	0	0	0	1.42015	0	0	0	0.10549	0.01102	0	0	0	0	0	0	0	0	0	0	0	0	0	0	0	0	0	0	0	0	0	0	0	0	0	0	0	0.2155	0	0	0	0	0	0.027	0	0	0	0	0	0.15307	0	0	0	0	0	0	0	0	0.00316	0	0	0	0	0	0	0	0	0	0	0	0	0	0	0.01145	0	0	0	0.01865	0	0	0	0	0	0	0	0	0	0	0	0	0	0	0	0.10441	0	0	0	0	0	0.0029	0	0	0	0	0	0	0	0	0	0	0	0	0	0	0	0	0	0	0	0	0	0	0	0	0	0	0	0	0	0
GGB4642_SGB6421	0	0	0	0	0	0	0	0	0	0	0	0	0	0	0	0	0	0	0	0	0	0	0	0	0	0	0	0	0	0	0	0	0	0	0	0	0	0	0	0	0	0	0	0	0	0.00908	0	0	0	0	0	0	0	0	0	0	0	0	0	0	0	0	0	0	0	0	0	0	0	0	0	0	0.06949	0	0	0	0	0.0131	0	0	0	0	0	0	0	0	0.06326	0	0	0	0	0	0	0	1.4111	0	0	0	0	0	0	0	0.01003	0.00078	0.06167	0	0	0	0	0.00514	0.30682	0	0	0	0	0	0	0.00857	0	1.17804	0	0	0.20475	0	0	0	0	0	0	0	0	0	0	0.03209	0	0	0.09391	0.1651	0	0	0	0	0	0	0	0	0	0	0	0	0	0	0	0	0	0	0	0	0	0	0	0	0	0	0	0	0	0	0
Mediterraneibacter_glycyrrhizinilyticus	0	0.00304	0.06173	0.11875	0	0	0	0	0	0	0.50618	0	0	0.0055	0.00413	1.40583	0	0	0	0	0	0	0.03898	0.88746	0.57962	0.02693	0.54255	0	0.02687	0	0.3296	0.28237	0	0	0	0	0	0.03919	0	0.03193	0.04018	0	0	0	0.12764	0	0	0.0081	0.00693	0	0	0	0	0.00318	0	0	0	0	0	0	0	0	0.00074	0	0.05488	0.00568	0.00104	0	0	0.05221	0	0	0	0.07186	0	0.00079	0.03155	0.00609	0	0	0	0	0.00077	0	0	0	0.02524	0	0.00714	0	0	0.10121	0	1.02793	0	0	0.21533	0	0	0.00785	0	0	0	0	0	0	0	0	0	0	0	0	0	0.05095	0.00245	0	0.02409	0	0	0	0	0.68284	0	0	0	0	0	0	0	0.06445	0	0	0	0.04732	0	0	0	0	0	0	0	0.16508	0	0	0	0	0	0.00039	0	0	0	0	0	0	0	0	0	0	0	0.45027	0	0	0	0	0.0024	0	0	0.28735	0
Intestinimonas_sp_MSJ_38	0	0	0	0	0	0	0	0	0.00777	0.01716	0	0	0.00062	0	0	0	0	0	0	0	0	0	0	0	0	0	0	0	0.04968	0	0	0	0.00645	0	0	0.07838	0	0	0	0	0	0.07719	0	0	0	0	0	0	0.02828	0	0	0	0	0	0	0	0	0	0	0	0	0	0	0.02884	0	0.07309	0.04532	0.08273	0	0	0	0	0	0	0.04876	0	0	0	0	0.01143	0	0	0	0.05952	0.00607	0.0909	0	0	0	0.02228	0	0	0.04041	0	0	0.05238	0	1.40048	0.04951	0	0.01091	0	0.08011	0	0.0615	0	0	0	0	0.01165	0	0	0.04242	0.02089	0	0	0.00169	0.00721	0	0.00035	0.02124	0	0	0.02271	0.03087	0.00813	0	0.08817	0.01265	0.0015	0.0754	0	0	0	0	0.01516	0.05209	0.02798	0	0.01117	0.00907	0	0	0.00305	0	0	0	0	0	0.00248	0	0	0	0	0	0	0	0	0	0	0	0	0	0	0	0	0	0	0
GGB3304_SGB4365	0	0	0	0	0	0	0	0	0	0	0	0	0	0	0	0	0	0	0	0	0	0	0	0	0	0	0	0	0	0	0	0	0	0	0	0	0	0	0	0	0	0	0	0	0	0	0	0	0	0	0	0	0	0	0	0	0	0	0	0	0	0	0	0	0	0	0	0	0	0	0	0	0	0	0	0	0	0	0	0	0	0	0	0	0	0	0	0	0	0	0	0	0	0	0	0	0	0	0	0	0	0	0	0	0	0	0	0	0	0	0.0824	0	0	0	0	0	0	0	0	0	0	0	0	0	0	0	0	0	0	0	0	0	0	0	0	0	0	0	0	0	0	0	0	1.39837	0	0	0	0	0	0	0	0	0	0	0	0	0	0	0	0	0	0	0	0	0	0	0	0	0
GGB3276_SGB4326	0	0	0	0	0	0	0	0	0	0	0	0	0	0	0	0	0	0	0	0	0	0	0	0	0	0	0	0	0	0	0	0	0	0	0	0	0	0	0	0	0	0	0	0	0	0	0	0	0	1.39375	0	0	0	0	0	0	0	0	0	0	0	0	0	0	0	0	0	0	0	0	0	0	0	0	0	0	0	0	0	0	0	0	0	0	0	0	0	0	0	0	0	0	0	0	0	0	0	0	0	0	0	0	0	0	0	0	0	0	0	0	0	0	0	0	0	0	0	0	0	0	0	0	0	0	0	0	0	0	0	0	0	0	0	0	0	0	0	0	0	0	0	0	0	0	0	0	0	0	0	0	0	0	0	0	0	0	0	0	0	0	0	0	0	0	0	0	0	0	0
Alistipes_montrealensis	0.03102	0	0	0	0	0	0	0	0	0	0	0	0	0.05558	0.06516	0	0	0.53644	0	0	0.01118	0	0	0	0	0	0	0	0	0	0	0	0	0	0	0	0	0	0	0	0	0	0	0	0	0.21071	0	0	0	0	0	0	0	0	0	0	0	0	0	0	0.05752	0	0	0	0	0	0	0	0	0	0	0	0	0	0	0	0	0	0	0	0	0	0	0	0	0	0	0	0	0	0	0.01181	0	0	0	0	0	0	0	0	0	0	0	0	0	0	0	0	0	0	0	0	0	0	0	0	0	0	0	0	0	0	0	0	0	0	0	0	0	0	0	0	0	0	0	0	0	0	0	0	0	0	0	0	0	0	0	1.38446	0	0.01634	0	0.26606	0	0	0	0.63649	0	0	0	0	0	0	0	0	0	0	0	0	0
GGB9708_SGB15233	0	0	0	0	0	0	0	0	0	0	0	0	0	0	0	0	0	0	0	0	0	0	0	0	0	0	0	0	0	0	0	0	0.00589	0	0	0	0	0	0	0	0	0	0	0	0	0	0	0	0	0.16509	0	0	0	0	0	0	0	0	0	0	0	0	0	0.01141	0	0	0	0	0	0	0.01943	0	0.04604	0	0	0	0	0	0	0.23206	0	0	0	0.70355	0.03186	0	0	0	0	0	0	0	0	0	0.28004	0.28027	0	0	1.38211	0	0	0	0.6255	0.02877	0.01459	0	0	0	0	0	0	0	0	0	0	0	0	0.01108	0	0.02327	0	0	0	0	0.00086	0	0	0	0	0	0.41422	0	0	0	0	0	0	0	0	0	0	0	0	0	0	0	0	0	0	0	0	0	0	0	0	0	0	0	0	0	0	0	0	0	0	0	0	0	0
Barnesiella_intestinihominis	0.91175	0.00082	0	0	0	0	0	0	0	0.10321	0	0	0.506	0	0	0	0.2378	0	0	0	0	0.22507	0	0	0	0	0	0	0	0	0	0.20944	0.02051	0	0	0.95856	0.42233	0.62067	0	0	0	0	0	0	0	0	0	0	0.34586	0.14939	0.23636	0	0	0	0	0.37467	0	0	0	0	0.45161	0.1263	0.00034	0	0.01853	0	0.18164	0.42843	0	0.36509	0.06756	0.21336	0	0	0	0	0	0.12775	0.51216	0.60958	0	0.00509	0	0.16364	0.05694	0	0.07751	0	0	0.18897	0.00982	0.18124	0.00081	0	0.20914	0	0	0.38137	0.81285	0	0.0305	0	0.16992	0.02733	0.09873	0.10478	0.00256	0	0.28158	0.0021	0	0	0.07671	0.0386	0	0	0	0.82211	0	0.02457	0	0	0.00968	0.72454	0.11728	0.02289	0	0.54052	0.03831	0	0.39801	0	0	0	0.0451	0.29344	0.07496	0.02631	0.22792	0.12851	0	0	0	0.01667	0	0.66885	1.3703	0	0	1.13286	0.08278	0	0	0	0.58848	0	0	0	0.40933	0.38968	0.46123	0	0.9102	0	0	0	0	0	0.00484
GGB1148_SGB1475	0	0	0	0	0	0	0	0	0	0	0	0	0	0	0	0	0	0	0	0	0	0	0	0	0	0	0	0	0	0	0	0	0	0	0	0	0	0	0	0	0	0	0	0	0	0	0	0	0	1.35592	0	0	0	0	0	0	0	0	0	0	0	0	0	0	0	0	0	0	0	0	0	0	0	0	0	0	0	0	0	0	0	0	0	0	0	0	0	0	0	0	0	0	0	0	0	0	0	0	0	0	0	0	0	0	0	0	0	0	0	0	0	0	0	0	0	0	0	0	0	0	0	0	0	0	0	0	0	0	0	0	0	0	0	0	0	0	0	0	0	0	0	0	0	0	0	0	0	0	0	0	0	0	0	0	0	0	0	0	0	0	0	0	0	0	0	0	0	0	0
Evtepia_gabavorous	0.17107	0.03753	0.59218	0.42501	0	0	0	1.34949	0	0.5414	0	0	0	0	0	1.34515	0.10319	0	0	0	0	0.14582	0	0	0	0.77821	0	0	0	0	0	0	0.80603	0	0	0	0.92816	0.85838	0	0	0.55643	0.67421	0	0	0	0	0	0.95234	0.38092	0.21283	0	0.03234	0.01819	0	0	0	0.07222	0.03588	0	0	0.01087	0	0	0	0	0.13195	0	0	0	0.17556	0.01367	0.01436	0	0	0.08141	0	0.00573	0.16124	0	0.12665	0	0.02606	0	0.25855	0	0	0	0	0	0.03627	0.00255	0.1572	0.03599	0.66254	0	0.04007	0.01094	0.69731	0.15034	0.17314	0.11409	0.02974	0	0.04537	0.11696	0	0	0.11096	0.14834	0.04478	0	0.04938	0.3304	0.11787	7e-05	0	0.00585	0.10085	0.02686	0.02702	0.0494	0.07294	0.03218	0	0	0.02321	0.08997	0.15441	0.10273	0.33479	0.09254	0	0.01907	0	0	0.09466	0.0623	0.03929	0	0	0.03481	0.19033	0	0.05129	0.001	0.02368	0.01402	0	0.00178	0.0028	0	0.00049	0	0	0	0.01041	0	0	0	0	0	0	0	0.0041	0	0	0.00268	0	0
GGB4605_SGB6376	0.61706	0	0	0	0	0	0	0	0	0	0	0	0.00116	0.21621	0.11432	0	0	0	0	0.61664	0	0	1.33629	0	0	0	0	0	0	0	0	0	0.00569	0	0	0	0	0	0	0	0	0.02259	0	0	0	0.85919	0	0	0	0.02576	0	0	0	0	0	0	0	0	0	0	0	0	0	0.05641	0	0	0	0	0	0.01517	0.17472	0	0	0	0	0	0	0	0	0	0.39762	0	0	0	0	0	0	0	0	0	0	0	0.01673	0	1.27416	0.29534	0	0	0	0	0	0	0.28117	0.13735	0.15612	0.14676	0	0	0.00808	0.00048	0	0	0	0	0	0	0	0	0	0.02531	0	0	0.4147	0	0	0	0.00168	0	0.00541	0	0	0	0	0	0	0	0.3594	0.4012	0	0	0	0	0	0	0	0	0	0.03075	0.00679	0	0	0	0	0	0	0	0	0	0	0	0	0.02291	0	0	0	0	0	0	0
Oliverpabstia_intestinalis	0.62406	0	0	0	0	0	0	0	0	0.03071	1.32117	0	0.04044	0.04906	0.04086	0	0.05092	0	0.01733	0	0	0.01297	0.01396	0	0	0	0	0	0	0.31539	0	0	0.53458	0	0	0.19586	0.03987	0	0	1.25336	0.10477	0.07054	0.13906	0	0	0	0	0.10256	0.58695	0.47666	0	0.03643	0	0	0.01842	0	0	0	0	0	0.01275	0	0.00077	0.02092	0.04362	0	0.01296	0.01234	0.34315	0.00996	0	0.01119	0.0085	0	0	0	0	0.00878	0	0.02279	0	0.02577	0	0.03469	0	0	0.38323	0.03926	0	0.03379	0.00938	0	0	0.00276	0.0005	0.00404	0.02277	0	0.06676	0.00639	0.02501	0.00532	0.01447	0.00396	0.02979	0.01947	0	0.0031	0.03535	0.15101	0	0	0.00968	0	0	0	0.01781	0.00204	0.02884	0.04303	0.01481	0	0.01369	0.01719	0.05742	0	0.0839	0.041	0.06377	0.0018	0.01239	0.02759	0.11439	0	0.07045	0.143	0.0045	0.00904	0	0.00809	0	0	0	0.00998	0	0	0	0	0	0.03526	0	0	0	0	0.00538	0	0	0	0	0	0	0	0	0.00097	0	0	0.00683	0	0
GGB3738_SGB5072	0	0	0	0	0	0	0	0	0	0	0	0.00137	0	0	0	0	0	0	0.00301	0	0	0	0	0	0	0	0	0	0	0	0	0	0	0	0	0	0	0	0	0	0	0	0	0	0.52332	0	0	0	0	0	0	0	0	0	0	0	0	0	0	0	0.00815	0.00621	0	0	0	0	0	0.03953	0	0	0	0	0	0	0	0	0	0	0	0	0.27355	0	0	0	0	0	1.31781	0	0	0	0.05666	0	0	6e-05	0	0	0	0	0.02107	0	0	0	0.264	0	0	0	0	0	0	0	0	0	0	0	0	0	0	0.04426	0	0	0	0	0	0	0	0	0	0	0	0	0	0	0	0	0	0	0	0	0	0	0	0	0	0	0	0	0	0	0.69621	0	0	0.00218	0	0	0	0	0	0	0	0	0.06206	0	0	0	0	0	0	0	0
GGB3288_SGB4342	0	0	0	0	0	0	0	0	0	0.01688	0	0	0	0.0685	0.08939	0	0	0	0	0	0	0	0	0	0	0	0	0	0	0	0	0	0	0	0	0	0.69065	0	0	0	1.31401	0	0	0	0	0	0	0	0	0	0	0	0	0	0	0	0	0	0	0	0	0	0	0	0	0	0	0.03915	0	0	0.00191	0	0.01483	0	0	0	0	0	0	0	0	0	0	0	0	0	0	0	0	0	0	0	0	0	0	0	0	0	0	0	0	0.00048	0	0.00586	0	0	0	0	0	0	0	0	0	0	0	0	0	0	0	0.07207	0	0	0	0	0	0	0.00603	0.23605	0	0	0.02344	0	0	0	0.01765	0	0	0	0	0	0	0.02951	0	0	0	0	0	0.03004	0	0	0	0	0	0	0	0	0	0	0	0	0	0	0	0	0	0	0	0	0
Clostridium_sp_AM49_4BH	0	0	0	0	0	0	0	0.13868	0	0	0	0.13035	0	0.11384	0.15596	0	0.34084	0	0	0.06331	0	0.0645	0.63182	0	0	0.21459	0	0	0.02711	0.12831	0	0	0	0	0	0.05061	0	0	0	0.19412	0	0.06458	0	0	0.05309	0	0	0	0	0	0	0	0	0	0	0	0	0	0	0	0.0841	0	0.0011	0	0.00205	0.83786	0.20248	0.52822	0.06793	0.21365	0.04316	0	0	1.27935	0.11027	0	0	0	0	0	0.15769	0.17273	0.13526	0	0	0	0	0	0	0	0	0	0	0.00319	0.01731	0.01777	0.13805	0	0	0	0.00032	0.11167	0.1004	0.06338	0.08311	0	0	0.17549	0.10262	0.03626	0	0	0	0	0	0	0	0.49344	0	0.00139	0.0149	0	0	0	0	0	0.05425	0.05358	0.02262	0.00128	0.34531	0	0	0	0	0	0.17454	0	0.00199	0.00054	0	0	0	0	0.00516	0.08516	0	0.34693	0	0	0	0	0.0509	0	0	0.05045	0	0	0.02083	0	0	0.01423	0.00541	0	0	0	0	0.02137	0.00986
GGB3138_SGB4151	0	0	0	0	0	0	0	0	0	0	0	0	0	0	0	0	0	0	0	0	0	0	0	0	0	0	0	0	0	0	0	0	0	0	0	0	0	0	0	0	0	0	0	0	0	0	0	0	0	0	0	0	0	0	0	0	0	0	0	0	0	0	0	0	0	0	0	0	0	0	0	0	0	0	0	0	0	0	0	0	0	0	0	0	0	0	0	0	0	0	0	0	0	0	0	0	0	0	0	0	0	0	0	0	0	0	0	0	0.1423	0	0	0	0	0	0	0	0	0	0	0	0	0	0	0	0	0	0	0	0	0	0	0	0	0	0	0	0	1.26425	0	0	0	0	0	0	0	0	0	0	0	0	0	0	0	0	0	0	0	0	0	0	0	0	0	0	0	0	0	0	0
Blautia_marasmi	0	0	0.31277	0.00305	0	0	0	0.03052	0	0	0.02158	0	0	0	0	0	0	0	0	0	0	0	0	1.25204	0	0	0	0	0	0	0	0	0	0.21487	0	0	0	0	0	0	0	0	0	0	0	0	0	0	0	0	0	0	0	0	0	0	0	0	0	0	0	0	0	0	0	0	0	0	0	0	0	0	0	0	0	0	0	0	0	0	0	0	0	0	0	0	0	0	0	0	0	0	0	0	0	0	0	0	0	0	0	0	0	0	0	0	0	0	0	0	0	0	0	0	0	0	0	0	0	0	0	0	0	0	0	0	0	0	0	0	0	0	0	0	0	0	0	0	0	0	0	0	0	0	0	0	0	0	0	0	0	0	0	0	0	0	0	0	0	0	0	0	0	0	0	0	0	0	0
GGB9691_SGB15198	0	0	0	0	0	0	0	0	0	0.02056	0	0	0	0	0	0	0	0	0	0	0	0	0	0	0	0	0	0	0	0	0	0	0	0	0	0	0	0	0	0	0	0.01054	0	0	0	0	0	0	0	1.24261	0	0	0	0	0	0	0	0	0	0	0	0	0	0.01077	0	0	0	0	0	0	0	0	0	0	0	0	0	0	0	0	0	0	0	0	0	0	0	0	0	0	0	0	0	0	0	0.08069	0.00036	0	0	0	0.00414	0	0	0	0.34028	0	0	0	0	0	0	0	0	0	0	0	0	0	0	0	0	0	0.06007	0.64151	0	0	0	0	0	0	0	0	0	0	0	0	0.0961	0.12187	0	0	0	0	0	0.00528	0	0	0	0	0	0	0	0	0	0	0	0	0	0	0	0	0	0	0	0	0	0	0	0	0
Clostridium_scindens	0	0.05954	0	1.24043	0.33161	0.12163	0	0.3457	0	0	0	0.05092	0	0.01844	0.02036	0.03241	0	0.04935	0	0.07507	0.00907	0	0.03085	0.36829	0	0.00166	0.14437	0	0.15353	0	0.0053	0.3789	0	0	0.0391	0	0.00265	1.06271	0	0.02293	0.25908	0.00561	0	0.76096	0	0.0267	0	0.74996	0.0069	0	0	0	0	0	0	0	0	0	0.01146	0	0	0	0	0	0.17644	0	0	0	0	0	0	0	0	0	0	0	0.00233	0	0	0	0	0	0	0	0	0	0	0	0.01288	0	0	0.01458	0	0.11422	0	0	0.51237	0	0	0	0	0	0	0	0	0	0	0	0	0	0	0	0	0	0	0	0	0	0	0.00109	0	0.03812	0	0	0	0	0	0	0	0	0	0	0	0	0	0	0	0	0	0	0	0	0	0	0	0	0	0	0	0	0	0	0	0	0	0	0	0	0	0	0	0	0	0	0	0	0	0.00049	0
Anaerotignum_faecicola	0.05367	0	0.03861	9e-05	0	0	0	0	0	0.17981	0	0.00684	0.04904	0.05715	0.08867	0.82261	0	0	0.02668	0.38381	0	0.66709	0.00496	0	0	0.25446	0	0	0	0.06823	0	0.14108	0.03743	0	0	0.18063	0.01076	0.03385	0	0.00652	0.04191	1.20767	0	0.01594	0	0.28787	0	0.00068	0.50912	0	0.12999	1.02862	0	0.00719	0	0.08598	0	0.12855	0	0	0	0.06638	0.04723	0.01326	0.06697	0.04632	0.27493	0.06071	0.13108	0.37881	0.12374	0.13432	0	0	0.12859	0	0.00096	0.11828	0.16802	0.29645	0.08879	0.1363	0.00424	0.10385	0.08245	0	0.10462	0	0	0.44521	0.02518	1.23714	0.02764	0.02374	0.1276	0.20424	0	0.26329	0.04644	0	0.0375	0.00703	0.00745	0.12435	0.18725	0.02494	0	0.24694	0.00407	0.00366	0.00042	0.72811	0.19112	0.00257	0.00052	0	0	0.04445	0	0.042	0.15297	0	0.37817	0.24999	0.00117	0.18058	0.04315	0.17655	0.03864	0.06836	0.06645	0.10785	0.0142	0.0008	0.12721	0.2178	0.17076	0.82567	0.10906	0.09824	0.0161	0.34773	0	0.0128	0.1014	0.16446	0	0.51955	0.23369	0.06891	0.0033	0.54984	0	0	0.0236	0	0	0.16056	0.60906	0	0	0.12955	0.38101	0.28927	0.30834	0	0	0.21467	0.01018
Monoglobus_pectinilyticus	0	0	0	0	0	0	0	1.23354	0	0.04536	0	0	0	0.0095	0.00267	0.1857	0	0	0	0	0	0	0	0	0	0	0	0	0	0	0	0	0	0	0	0	0	0	0	0	0.11384	0	0	0	0	0	0	0	0	0	0	0	0	0	0	0	0	0	0	0	0	0	0	0.0324	0	0.06648	0	0	0	0	0	0	0	0	0	0	0	0	0	0	0.00128	0	0	0	0	0.03153	0	0	0	0	0	0	0	0	0	0	0	0	0	0.02532	0	0	0.0719	0	0	0	0	0	0	0	0	0	0	0	0	0	0	0.00207	0	0	0	0	0	0	0	0	0	0.054	0	0.01456	0	0	0	0	0	0	0	0	0	0	0	0	0	0	0	0	0	0.02385	0	0	0	0	0.0007	0	0	0	0	0	0	0	0	0	0.02842	0	0	0	0	0	0
Turicibacter_sanguinis	0	0	0	0	0	0	0	0	0	0	0	0	0	0	0	0	0	0.00262	0	0	0.04482	0	0	0.00757	0	0	1.23063	0	0.00071	0	0	0	0	0	0.0152	0	0.01889	0	0.00341	0	0	0	0.01405	0	0	0	0	0.02602	0	0.00817	0	0	0	0	0	0	0	0	0	0	0	0	0	0	0	0	0	0	0	0	0	0.0009	0	0	0	0	0	0	0	0	0	0	0	0	0	0	0.02069	0	0	0	0	0	0	0	0	0	8e-05	0	0	0	0	0	0	0	0	0	0.13618	0	0	0	0	0	0	0	0	0	0	0	0	0	0	0	0	0	0	0	0	0	0	0	0	0	0	0	0	0	0	0	0	0	0	0	0	0	0	0	0	0	0	0	0	0	0	0	0	0	0	0	0	0	0	0.00462	0	0	0	0	0	0	0
Bifidobacterium_dentium	0	0.00847	0.45124	0	0	0	0.8885	0	0	0	0	0	0	0	0	0	0	0.293	0.00063	0	0	0	0	0.0075	0	0	0	0	0	0	0	0	0	0.00362	0.38266	0	0	0	0	0	0.01071	0	0	1.22933	0	0	0	0.2005	0	0	0	0	0	0	0	0	0.16043	0	0	0	0	0	0	0	0	0	0	0	0	0	0	0	0	0	0	0	0	0	0	0	0	0	0	0	0	0	0	0	0.01586	0	0	0	0	0	0	0	0	0	0	0	0	0	0.0011	0	0	0	0.00277	0	0	0	0	0	0	0	0	0	0	0	0	0	0	0	0	0	0	0	0	0	0	0	0	0	0	0	0	0	0	0	0	0	0	0	0.01176	0	0	0	0	0	0	0	0	0	0	0	0	0	0	0	0	0	0	0	0	0	0	0	0	0	0
Lacrimispora_amygdalina	0	0	0	0	0	0.01489	0	0	0	0.03786	0.04368	0.0109	0.2069	0.0052	0.00037	0.12169	0.13927	0	0.0026	0.16717	0	0.12125	0	0	0	0.2984	0	0	0.00061	0	0.00085	0	0.04392	0	0.12295	0	0	0	0	0.01512	0	0	0.52484	0	0.8978	0	0	0	0	0.00553	0.18514	0.10004	0.22422	0.64111	0.24711	0.04075	0	0.27364	0.64787	0	0.01655	0.12193	0.69137	0.02919	0.97124	0	0.10703	0.12283	0.18371	0.0679	0.06406	0.32711	0.07853	0.28265	0.09887	0.12621	0.43033	0.01576	0.24334	0	0.26244	0.16563	0.02174	0.04255	0.18392	0.05411	0.41802	0.33353	1.16287	0.13966	0.38646	0.39074	0.24419	0.23124	0.12077	0.01237	1.21441	0.03353	0	0.17528	0.01221	0.02686	0.00634	0.02006	0.04929	0.04348	0.21638	0.02832	0.00928	0.11638	0.01956	0.08777	0.08032	0.1664	0.05033	0.11727	0	0.00329	0.32596	0.00246	0.00728	0	0.11642	0.15048	0.10616	0.44733	0.06778	0.04173	0	0.02277	0.10793	0.27344	0	0.71636	0.09997	0.08561	0.10175	0.3127	0.01092	0.16669	0.15319	0	0	0.02321	0.06227	0.74146	0.02891	0.17908	1.07899	0.02531	0.00047	0.07563	0.25272	0.05928	0.02946	0.13029	0	0.05688	0.15089	0	0.16079	0.26297	0.28217	0.14669	0.13992	0	0.08605	0.02479	0.02517
GGB9739_SGB15313	0	0	0	1.20875	0	0	0	0	0	0	0	0	0	0	0	0	0	0	0	0	0	0	0	0	0	0	0	0	0	0	0	0	0	0	0	0	0	0	0	0	0	0	0	0	0	0	0	0	0	0	0	0	0	0	0	0	0	0	0	0	0	0	0	0	0	0	0	0	0	0	0	0	0	0	0	0	0	0	0	0	0	0	0	0	0	0	0	0	0	0	0	0	0	0	0	0	0	0	0	0	0	0	0	0	0	0	0	0	0	0	0	0	0	0	0	0	0	0	0	0	0	0	0	0	0	0	0	0	0	0	0	0	0	0	0	0	0	0	0	0	0	0	0	0	0	0	0	0	0	0	0	0	0	0	0	0	0	0	0	0	0	0	0	0	0	0	0	0	0
GGB4255_SGB5783	0	0	0	0	0	0	0	0	0	0	0	0	0	0	0	0	0	0	0	0	0	0	0	0	0	0	0	0	0	0	0	0	0	0	0	0	0	0	0	0	0	0	0	0	0	0	0	0	0	0	0	0	0	0	0	0	0	0	0	0	0	0	0	0	0	0	0	0	0	0	0	0	0	0	0	0	0	0	0	0	0	0	0	0	0	0	0	0	0	0	0	0	0	0	1.20571	0	0	0	0	0	0	0	0	0	0	0	0	0	0	0	0	0	0	0	0	0	0	0	0	0	0	0	0	0	0	0	0	0	0	0	0	0	0	0	0	0	0	0	0	0	0	0	0	0	0	0	0	0	0	0	0	0	0	0	0	0	0	0	0	0	0	0	0	0	0	0	0	0	0
GGB4580_SGB6330	0	0	0	0	0	0	0	0	0	0	0	0	0	0	0	0	0	0	0	0	0	0	0	0	0	0	0	0	0	0	0	0	0	0	0	0	0	0	0	0	0	0	0	0	0	0	0	0	0	0.00012	0	0	0	0	0	0	0	0	0	0	0	0	0	0	0	0	0	0	0	0.02834	0.22876	0	0	0	0	0	0	0	0	0	0	0	0	0	0	0	0	0	0	0	0	0	0	0	0	0	0	0	0	0	1.20247	0	0	0.22306	0	0	0	0	0	0	0	0	0	0	0	0	0	0	0	0	0	0	0	0	0	0	0	0	0	0	0	0	0	0	0	0	0	0	0	0	0	0	0	0	0	0	0	0	0	0	0	0	0	0	0	0	0	0	0	0	0	0	0	0	0	0	0	0	0
Mitsuokella_multacida	0	0	0	0	0	0	0	0	0	0	0	0	0	0	0	0	0	0	0	0	0	0	0	0	0	0	0	0	0	0	0	0	0.08456	0	0	0	0	0	0	0.76346	0	0.05956	0	0	0	0	0	0	0	0	0	0	0	0	0	0	0	0	0	0	0	0	0	0	0	0	0	0	0	0	0	0	0	0	0	0	0	0	0	0	0	0	0	0	0	0	0	0	0	0	0	0	0	0	1.1997	0.39597	0	0	0	0	0	0	0	0	0	0	0	0	0	0	0	0	0	0	0	0	0	0	0	0	0	0	0	0	0	0	0	0	0	0	0	0	0	0	0	0	0	0	0	0	0	0	0	0	0	0	0	0	0	0	0	0	0	0	0	0	0	0	0	0	0	0	0	0	0	0	0	0	0
Intestinibacter_bartlettii	0.02945	0	0.15682	0	0.08574	0.03485	0	0.02044	0.00152	0	0.16346	0.00051	0	0	0	0.00043	0	0.22126	0	0	0.00583	0	0.09315	0.122	0.05399	0.00178	0.37907	0	0.00497	0	0	0	0	0.08833	0.05098	0.00571	0	0.00264	0	0.03755	0.04307	0	1.18942	0.47962	0.03766	0	0.03152	0.19294	0	0	0	0	0	0	0	0	0	0	0	0.07958	0.00761	0	0	0	0.08485	0	0	0.00535	0	0	0	0	0.00305	0.05663	0.0061	0.00405	0	0	0	0	0	0	0.01501	0	0	0	0.00297	0	0.05857	0	0	0	0	0.02161	0	0	0.00305	0	0	0	0	0	0.00408	0	0	0	0.01568	0.00597	0.0041	0	0	0.00141	0.00067	0	0	0	0	0	0	0	0	0	0	0	0.00972	0	0.00227	0	0.0218	0	0.01253	0	0	0	0	0	0	0	0	0.00278	0	0	0	0	0	0	0	0	0	0	0	0	0	0	0	0	0	0	0	0	0.01047	0	0	0	0	0	0	0	0
GGB9524_SGB14924	0.01034	0	0	0	0	0	0	0	0	0	0	0	0	0.18762	0.2049	0	0	0	0	0	0	0	0.01062	0	0	0	0	0	0	0	0	0	0	0	0	0	0	0	0	0	0	0.0982	0	0	0	0	0	0	0	0.08214	0	0	0	0	0	0.01595	0	0	0	0	0.10834	0	0	0	0	0	0	0	0	0	0	0	0	0	0	0	0	0	0	0	0	0	0	0	0.02398	0	0.00302	0	0	0.27864	0	0	0	0	0.23544	0.01297	0.00554	0	1.15983	0	0.00266	0	0.27347	0.00109	0.13724	0	0	0	0	0	0	0	7e-05	0	0	0	0	0	0	0.03216	0.0932	0	0	0.10375	0	0	0	0.20838	0	0	0.02985	0	0	0	0.00934	0.00714	0.02468	0	0.04633	0	0	0	0	0.00661	0	0	0	0	0	0	0	0	0	0	0	0.00403	0	0	0	0	0	0	0	0	0	0	0	0	0
Butyricicoccus_SGB14990	0	0	0	0.0131	0	0	0	0	0	0	0	0	1.15744	0	0	0	0	0	0	0.12529	0	0	0	0	0	0	0	0	0	0	0	0	0	0	0	0	0	0	0	0	0	0	0	0	0	0	0	0	0.00218	0	0	0	0.23895	0	0.06841	0.01667	0	0	0	0	0	0.3202	0	0.02524	0.40826	0	0	0.25798	0.39649	0	0	0	0.30163	0	0	0	0	0	0	0	0	0	0	0	0	0	0.00262	0	0	0	0.13251	0	0.14946	0	0	0.11214	0	0	0	0.38679	0.26171	0	0.39791	0	0	0.18817	0.0527	0	0	0.15315	0	0	0.19498	0	0.26372	0	0	0	0.19025	0.02496	0.00407	0	0	0	0	0	0	0	0	0	0	0	0	0	0	0	0	0.21183	0	0	0	0	0	0.00912	0	0	0	0	0	0	0	0.00757	0	0	0	0	0	0	0	0	0	0	0	0	0	0	0	0	0
Eubacterium_sp_c_25	0	0	0	0	0	0	0	1.15373	0	0	0	0	0	0	0	0	0	0	0	0	0.00063	0	0	0	0	0	0	0	0	0	0	0	0	0	0	0	0	0.15855	0	0	0	0	0	0	0	0	0	0	0	0	0	0	0	0	0	0	0	0	0	0	0	0	0	0	0	0	0	0	0	0	0	0	0	0	0	0	0	0	0	0	0	0	0	0	0	0	0	0	0	0	0	0	0	0	0	0	0	0	0	0	0	0	0	0	0	0	0	0	0	0	0	0	0	0	0	0	0	0	0	0	0	0	0	0	0	0	0	0	0	0	0	0	0	0	0	0	0	0	0	0	0	0	0	0	0	0	0	0	0	0	0	0	0	0	0	0	0	0	0	0	0	0	0	0	0	0	0	0	0
GGB4700_SGB6506	0	0	0	0	0	0	0	0	0	0	0	0	0	0	0	0	0	0	0	0	0	0	0	0	0	0	0	0	0	0	0	0	0	0	0	0	0	0	0	0	0	0	0	0	0	0	0	0	0	0	0	0	0	0	0	0	0	0	0	0	0	0	0	0	0	0	0	0	0	0	0	0	0	0	0	0	0	0	0	0	0	0	0	0	0	0	0	0	0	1.15162	0	0	0	0	0.91848	0	0	0	0	0	0	0	0.32557	0	0	0	0	0	0	0	0	0	0	0	0	0	0	0	0	0	0	0	0	0	0	0	0	0.60929	0	0	0	0	0	0	0	0	0	0	0	0	0	0	0	0	0	0	0	0	0	0	0	0	0	0	0	0	0	0	0	0	0	0	0	0	0	0	0	0	0
Clostridium_sp_NSJ_42	0	0	0	0	0	0	0	0	0	0	0	0	0	0	0	0	0	0	0	0	0	0.00092	0	0	0	0	0	0	0	0	0.06959	0	0	0	0	0	0	0	0	0	0	0	0	0	0	0	0	0.04607	0	0	0	0	0	0.02071	0	0	0	0	0	0	0.00027	0	0.00035	0	0	0	0	0	0	0	0	0	0	0	0	0.44164	0	0	0	0	0	0	0	0	0	0	0.0113	0	0.00014	0	0	0.18211	0	0.14548	0	0	0	0	0	0	0	0	0	0	0	0	0	0	0	0.04684	0	0.01799	0.04945	0	0	0	0.52499	0	0	0	0	0	0	0	0	0	0	0	0	0	0	1.15092	0	0	0	0	0	0	0	0	0	0	0	0	0	0	0	0	0	0	0	0	0	0	0	0	0	0	0	0	0	0	0	0	0	0	0	0	0
Pseudoflavonifractor_phocaeensis	0	0	0	0	0.05467	0	0	0	0	0.05369	0	0	0	0	0	0	0	0	0	0	0	0	0	0	0	0	0	0	0	0	0	0	0	0	0	0	0	1.14606	0	0	0	0	0	0	0	0	0	0	0.01988	0	0	0	0	0	0	0	0	0	0	0	0	0	0	0	0	0	0.20021	0	0	0	0	0	0	0	0	0	0	0	0	0.91685	0	0	0	0	0	0	0	0	0	0	0	0	0	0	0	0	0	0	0	0	0	0	0	0	0	0	0	0	0	0	0	0	0	0.00797	0	0	0	0	0	0	0	0	0	0	0	0	0	0	0	0	0	0	0	0	0	0	0	0	0	0	0	0	0	0.00047	0	0	0	0	0.04866	0	0	0	0	0	0	0	0	0	0	0	0	0	0	0	0	0	0	0	0
Megasphaera_elsdenii	0	0	0	0	0	0	0	0	0	0	0	0	0	0	0	0	0.27156	0	0	0	0	0	0	0	0	0	0	0	0	0	0	0	0	0	0	0	0	0	0	0	0	0	0	0	0	0	0	0	0	0	0	0	0	0	0	0	0	0	0	0	0	0	0	0	0	0	0	0.0002	0	0	0	0	0	0	0	0	0	0	0	0.56969	0	0	0	0	0	0	0	0	0	0	0	0	1.12289	0	0	0	0	0.19241	0	0	0	0	0	0	0	0	0	0	0	0	0	0	0	0	0	0	0	0	0	0	0	0	0	0	0	0	0	0	0	0	0	0	0	0	0	0	0	0	0	0	0	0	0	0	0	0	0	0	0	0	0	0	0	0	0	0	0	0	0	0	0	0	0	0	0	0	0	0	0
GGB4604_SGB6369	0.2118	0	0	0	0	0	0	0	0	0	0	0	0	0	0	0	0	0	0	0	0	1.12259	0.52784	0	0	0	0	0	0	0	0	0	0	0	0	0	0	0	0	0	0	0	0	0	0.04321	0	0	0	0	0	0	0	0	0	0	0	0	0	0	0	0	0	0	0	0.04943	0	0	0	0	0.0047	0.09413	0	0	0	0	0	0	0	0	0	0.06464	0	0	0	0.01728	0	0.22003	0	0	0	0	0	0	0	0	0	0	0	0.02042	0	0.99085	0.5398	0	0.05324	0	0	0	0	0	0	0	0	0	0	0.00061	0	0	0	0	0.01318	0	0	0	0	0	0	0	0	0	0	0.02316	0	0	0	0	0	0	0.01824	0	0	0	0	0	0	0	0	0	0.1366	0	0	0	0	0	0	0	0	0	0	0	0	0	0.00105	0	0	0	0	0	0	0
Neglectibacter_timonensis	0	0	0	0	0	0	0	0	0	0	0	0	0	0	0	0	0	0	0	0	0	0	0	0	0	0	0	0	0	0	0	0	0	0	0	0	0	0	0	0	0	0	0	0	0	0	0	0	0	0	0	0	0	0	0	0	0	0	0	0	0	0	0	0	0	0	0	0	0	0	0	0	0	0	0	0	0	0.01125	0	0	0	0	0	0	0.00314	0	0.02816	0	0	0	0	0	0	0	0	0	0	0	0	0	0	0	0	0	0	0	0	0	0	0.00949	0	0	0	0	0	0	0	0	0	1.11261	0	0	0	0	0	0	0	0	0	0	0	0	0	0.03129	0	0	0	0	0.00383	0	0	0.12069	0	0	0	0	0	0	0	0	0	0	0	0	0	0	0	0	0	0	0	0	0	0	0	0	0	0	0
Paratractidigestivibacter_faecalis	0	0	0	0	0	0	0	0	0	0	0	0	0.15265	0	0	0	0	0	0	0	0	0	0	0	0	0	0	0	0	0	0	0	1.10908	0	0	0	0.00537	0	0	0	0	0	0	0	0	0	0	0	0	0	0	0	0	0	0	0	0	0	0	0	0	0	0	0	0	0	0	0	0	0	0	0	0	0	0	0	0	0	0	0	0	0	0	0	0	0	0	0	0	0	0	0	0	0	0	0	0	0	0	0	0	0	0	0	0	0	0	0	0	0	0	0	0	0	0	0	0	0	0	0	0	0	0	0	0	0	0	0	0	0	0	0	0	0	0	0	0	0	0	0	0	0	0	0	0	0	0	0	0	0	0	0	0	0	0	0	0	0	0	0	0	0	0	0	0	0	0	0	0
GGB33469_SGB15236	0.02044	0	0	0	0	0	0	0	0	0.17092	0	0	0.00325	0	0	0	0	0	0	0	0	0	0.0772	0	0	0	0	0	0	0	0	0	0.01399	0	0	0	0.0641	0	0	0	0	1.10737	0	0	0	0	0	0	0	0.22218	0	0	0	0	0	0	0	0	0	0	0.15781	0.00111	0	0.00988	0	0	0	0	0	0.00091	0.03946	0	0	0	0	0	0	0	0	0	0	0	0	0	0	0	0	0	0	0.00228	0	0	0.00899	0	0.13256	0.09616	0	0	0.53792	0	0.00129	0	0.33218	0.04379	0.0997	0	0	0	0	0	0	0	0	0	0	0	0	0.01176	0	0.00318	0	0	0	0	0	0.07447	0	0	0.05862	0	0.63082	0	0	0	0	0	0.02834	0.02036	0.23862	0	0	0	0	0.331	0	0.00703	0	0	0	0	0	0	0	0	0	0	0	0	0	0	0	0	0	0	0	0	0	0	0
GGB3733_SGB5066	0	0	0	0	0	0	0	0	0	0	0	0	0	0	0	0	0	0	0	0	0	0	0	0	0	0	0	0	0	0	0	0	0	0	0	0	0	0	0	0	0	0	0	0	0	0	0	0	0	0	0	0	0	0	0	0	0	0	0	0	0	0	0	0.1009	0	0	0	0	0	0	0	0	0	0	0	0	0	0	0	0	0	0	0	0	0	0	0	0	0	0	0	0	0	0	0	0	0	0	1.10352	0	0	0	0	0	0	0	0	0	0	0	0	0	0	0	0	0	0	0	0	0	0	0	0	0	0	0	0	0	0	0	0	0	0	0	0	0	0	0	0	0	0	0	0	0	0	0	0	0	0	0	0	0	0	0	0	0	0	0	0	0	0	0	0	0	0	0	0	0	0
Lactococcus_cremoris	0	0	0	0	0	0	0	0	0.01745	0	0	0	0	0	0	0	0	0	0	0	0	0	0	0	1.08469	0	0	0	0	0	0	0	0	0	0	0	0	0	0	0	0	0	0	0	0	0	0	0	0	0	0	0	0	0	0	0	0	0	0	0	0	0	0	0	0	0	0	0	0	0	0	0	0	0	0	0	0	0	0	0	0	0	0	0	0	0	0	0	0	0	0	0	0	0	0	0	0	0.00016	0	0	0	0	0	0	0	0	0	0	0	0	0	0	0	0	0	0	0	0	0	0	0	0	0	0	0	0	0	0	0	0	0	0	0	0.41097	0	0	0	0	0	0	0	0	0	0	0	0	0	0	0	0	0	0	0	0	0	0	0	0	0	0	0	0	0	0	0	0	0	0	0
Phocaeicola_faecicola	0	0	0	0	0	0	0	0	0	0	0	0	0	0	0	0	0	0	0	0	0	0	0	0	0	0	0	0	0	0	0	0	0	0	0	0	0.28209	0	0	0	0	1.08241	0	0	0	0	0	0	0	0	0	0	0	0	0	0	0	0	0	0	0	0	0	0	0	0	0	0	0	0	0	0	0	0	0	0	0	0	0	0	0	0	0	0	0	0	0	0	0	0	0	0	0	0	0	0	0	0	0.0007	0	0	0	0	0	0	0	0	0	0	0	0	0	0	0	0	0	0	0	0	0	0	0	0	0	0	0	0	0	0	0	0	0	0	0	0	0	0	0	0	0	0	0	0	0	0	0	0	0	0	0	0	0	0	0	0	0	0	0	0	0	0	0	0	0	0	0	0	0	0
GGB9453_SGB14845	0	0	0	0	0	0	0	1.07816	0	0	0	0	0	0.53684	0.39864	0	0	0.00156	0	0	0	0	0.02424	0	0	0	0	0	0	0	0	0	0	0	0	0	0	0	0	0	0	0	0	0	0	0	0	0	0	0	0	0	0	0	0	0	0	0	0	0	0	0	0	0	0	0	0	0	0	0	0	0	0	0	0	0	0	0	0	0	0	0	0	0	0	0	0	0	0	0	0	0	0	0	0	0	0	0	0	0	0	0	0	0	0	0	0	0	0	0	0	0.00059	0	0	0	0	0	0	0.00039	0	0	0	0	0	0.31875	0	0	0.00712	0.02979	0	0	0	0	0	0.00282	0	0	0	0	0	0	0.10479	0	0	0	0	0	0	0	0	0	0	0	0	0	0	0	0	0	0	0	0	0	0	0	0	0	0	0
GGB4588_SGB6347	0	0	0	0	0	0	0	0	0	0	0	0	0	0	0	0	0	0	0	0	0	0	0	0	0	0	0	0	0	0	0	0	0	0	0	0.13465	0	0	0	0	0	0.0602	0	0	0	0	0	0	0	0.02027	0	0	0	0	0	0	0	0	0	0	0	0	0	0	0	0	0	0	0	0	0	0	0	0	0	0	0	0	0	0	0.02029	0	0	0	0	0	0.00269	0	0	0	0	0	0	0	0.08613	0	0	0	0	0	0.55719	0.48732	0.68401	0	0.45896	0	0	0	0	0	0	0	0	0	0	0	0	0	0	0.16703	0	0	0	0	0	0	0.01496	0	0	0	1.00535	0	0	0.00072	0	0	1.06099	0	0	0.04089	0	0	0	0	0	0	0	0	0	0	0	0	0	0	0	0	0	0	0	0	0	0	0	0	0	0	0	0	0
Roseburia_sp_AM59_24XD	0	0	0	0	0	0	0	0	0	0.00697	0	0	0	0	0	0	0	0	0	0	0	0	0	0	0	0	0	0	0	0.09497	0	0	0	0	0	0	0	0	0	0	0	0	0	0	0	0	0	0	0	0	0	0	0	0	0	0	0	0	0	0	0	0	0	0	0	0	0	0	0	0.03872	0.21561	0.12743	0.1182	0	0	0	0	0.33402	0	0	0.06974	0	0.00635	0.87174	1.05126	0	0	0	0	0	0	0	0	0	0	0.06613	0	0	0	0	0	0.00363	0	0.36305	0	0	0	0	0	0	0	0	0	0	0	0	0	0	0	0	0	0	0.24451	0	0	0	0	0	0	0	0	0	0	0	0	0.01842	0	0	0.03358	0	0	0.0159	0	0	0.01756	0	0	0	0	0	0	0.27329	0	0	0	0	0	0	0	0	0	0	0	0	0	0	0	0	0
Coprococcus_catus	0	0	0	0	0	0.12957	0	0	0.28815	0.12519	0	0.3668	0.53939	0.01878	0.02392	0	0	0	0.84355	0	0	0.09821	0.19087	0	0	0	0	0	0.21982	0.66371	0	0.13259	0.17424	0	0	0.16196	0.26341	0	0	0.45111	0.07181	0.07874	0.27762	0	0	0.12214	0.30733	0	0.7664	0.3391	0	0.07	0.01563	0	0	0.18741	0	0	0	0	0.08866	0.01084	0.50736	0.05609	0.0209	0	0.13387	0.09372	0.07696	0.13842	0.34634	0.01568	0.06587	0.98434	0.0399	0.02646	0.01189	0.04166	0.2885	0	0.19415	0.04808	0.04474	0.16602	0.05027	0	1.04836	0	0.0917	0.1347	0.04707	0	0.03169	0.01489	0.05329	0.13147	0.00973	0	0.07576	0.0241	0.04735	0.01873	0.25775	0.44499	0.25172	0.01155	0.06393	0.20813	0.07168	0.05382	0	0.33741	0.06922	0.0325	0	0.00497	0	0.04546	0	0.23334	0.12658	0	0.02283	0.13716	0.02584	0.02471	0.13658	0.07485	0.14888	0.15508	0.068	0	0.10405	0	0.02238	0.12263	0.09572	0.17904	0.06346	0	0.12437	0.08105	0	0	0.01405	0.02628	0	0	0	0.00128	0.01035	0	0.00026	0	0.01521	0	0	0	0	0.05581	0	0.0009	0	0.0033	0	0	0	0	0
Romboutsia_timonensis	0	0.36774	0.0367	0.00986	0	0.08933	0.03084	0.00377	0	0.03754	0	0	9e-05	0	0	0.01694	0	0.04407	0.29522	0	0.03126	0.05415	0.08013	0.01927	0.06342	0.06439	0.02592	0	0.03349	0.03158	0.15402	0.00761	0	1.04793	0.0091	0.09641	0.06087	0.06969	0.27029	0.30043	0.14265	0	0.00736	0.0123	0.02586	0.00691	0.06169	0.43659	0.05325	0.09293	0	0	0.03596	0.02137	0.11557	0.00413	0.06727	0	0	0	0.00971	0.00186	0.88101	0.02981	0.12811	0.02087	0.0108	0.02603	0.05162	0.00301	0.00109	0	0.11185	0.10686	0.01089	0.03358	0	0.00906	0	0.01783	0.01856	0.02212	0.00935	0	0.00356	0.02127	0.14897	0.53364	0.02164	0	0.00677	0.00419	0.02729	0.16256	0.05033	0.0002	0.0369	0.31114	0.02077	0.02254	0.20534	0.07523	0.04495	0.00587	0.00317	0.01001	0.45821	0.00089	0.02473	0.21109	0.06999	0.03002	0.06465	0.02325	0.01281	0.01017	0.28885	0.00862	0	0.02109	0	0.03591	0	0.00158	0.00035	0	0.03363	0.01133	0.00775	0	0.00137	0.75063	0.01194	0.01566	0.00495	0	0	0	0.00475	0.00282	0.14046	0	0	0	0	0.00524	0.00392	0.00549	0.2491	0	0	0	0	0	0.03304	0	0.01181	0	0.00277	0	0.10122	0.23587	0.00187	0	0	0	0	0	0.00622
GGB9634_SGB15097	0	0	0	0	0	0	0	0	0	0	0	0	0	0	0	0	0	0	0	0	0	0	0	0	0	0	0	0	0	0	0	0	0	0	0	0	0	0	0	0	0	0	0	0	0	0	0	0	0	1.0429	0	0	0	0	0	0	0	0	0	0	0	0	0	0	0	0	0	0	0	0	0.02192	0	0	0	0	0	0	0	0	0	0	0	0	0	0	0	0	0	0	0	0	0	0	0	0	0	0	0	0	0	0	0	0.24023	0.02503	0	0	0	0	0	0	0	0	0	0	0	0	0	0	0	0	0	0	0	0	0	0	0	0	0	0	0	0	0	0	0	0	0	0	0	0	0	0	0	0	0	0	0	0	0	0	0	0	0	0	0	0	0	0	0	0	0	0	0	0	0	0	0	0	0.00069
Clostridium_sp_AF20_17LB	0.24218	0	0	0.1084	0	0.01604	0	0	0.02309	0.00019	0	0.04368	0.00871	0	0	0	0.25006	0.00319	0.00331	0.02127	0	0.0137	0	0	0	0	0	0	0	0.00138	0	0	0.05091	0	0	0	0	0	0	0	0	0	0	0	0	0	0	0	0.00145	0.00704	0	0.2238	0.04297	0	0.08261	0.18502	0	0.00212	0	0	0.02981	0.00063	0.00112	0.00357	0	0.48485	0.06178	0.03482	0.31174	0.01211	0.20463	0.01267	0.08168	0.00355	0.01474	1.03688	0	0	0.37276	0.05335	0.00462	0.04399	0.00371	0.16974	0.14954	0	0	0.40728	0	0.08277	0.01375	0.03672	0.03574	0.03206	0.03441	0	0	0.00161	0	0.01456	0.15054	0.03859	0.0203	0.06032	0	0.0445	0.00267	0.00088	0.02267	0.01252	0	0.05445	0	0	0.01074	0	0	0.03342	0	0	0	0	0.03383	0.06876	0.01546	0.00299	0.1027	0.01386	0.5288	0.0207	0.00907	0.1497	0	8e-05	8e-05	0	0	0.00086	0.02267	0.03195	0.01626	0	0	0.06854	0.15278	0.16036	0.03469	0	0.14976	0.0912	0.01866	0	0.0625	0	0.0398	0.0085	0.29272	0	0.04261	0	0	0.05931	0.06047	0	0	0	0.08172	0.00118	0
Faecalibacterium_sp_CLA_AA_H233	0	0	0	0	0	0	0	0	0	0	0	0	0.01318	0	0	0	0	0	0	0	0	0.57145	0	0	0	0	0	0	0	0	0	0	0	0	0	0	0	0	0	0	0	0.18611	0	0	0	0	0	0	0	0.02473	0	0	0	0	0	0	0	0	0	0	0	0	0	0.00014	0	0	0	0	0	0.06321	0.58847	0	0	0	0	0	0	0	0	0	0	0	0.03878	0	0	0	0	0	0	0	0	0	0	0	0.0099	0	0	0	0.38349	0	0	0	0.11262	0.62307	0	0	0.008	0.80753	0	0	0.00259	0	0	0	0	0	0	0	0	0	0	0	0.07079	0	0	0	1.03599	0	0.0107	0	0.07064	0	0	0	0	0	0	0	0	0	0	0	0	0	0.03027	0	0	0.00622	0	0	0	0	0	0	0	0	0	0	0	0	0	0	0	0	0	0	0	0	0
Coprococcus_sp_OM04_5BH	0	0	0	0	0	0	0	0	0	0	0	0	0	0	0	0	0	0	0	0	0	0	0	0	0	0	0	0	0	0	0	0	0	0	0	0	0	0	0	0	0	0	0	0	0	0	0	0	0	1.03395	0	0	0	0	0	0	0	0	0	0	0	0	0	0.34967	0	0	0	0	0	0	0	0	0.37305	0	0	0	0	0	0	0	0	0	0	0	0	0	0	0	0	0	0	0	0	0	0	0	0	0	0	0	0	0	0.1644	0	0	0	0	0	0	0	0	0	0	0	0	0	0	0	0	0	0	0	0	0	0	0	0	0	0	0	0	0	0	0	0	0	0	0	0	0	0	0	0	0	0	0	0	0	0	0	0	0	0	0	0	0	0	0	0	0	0	0	0	0	0	0	0	0	0
Eubacterium_sp_AF16_48	0.0138	0	0	0	0	0	0	0	0	0	0	0	0	0	0	0	0.00183	0	0	0	0	1.03243	0	0	0	0	0	0	0	0.00518	0	0	0	0	0	0.17775	0	0	0	0	0.02579	0	0	0	0	0	0	0.0029	0	0.01086	0	0	0	0	0	0.0033	0	0	0	0	0	0	0	0.04059	0.03853	0	0	0.00862	0	0	0	0	0	0	0.06501	0	0	0	0.00235	0	0	0	0	0	0	0.15894	0	0	0	0	0	0	0	0	0	0	0	0	0	0	0	0.00407	0	0	0.00256	0	0	0	0.00218	0	0	0	0	0	0	0	0	0.00224	0	0	0	0	0	0.04231	0	0	0	0	0	0	0.03117	0	0	0	0	0	0	0	7e-05	0	0	0	0	0.02236	0	0	0	0	0	0	0	0	0	0	0	0	0	0	0.02324	0	0	0	0	0	0	0	0	0	0
GGB3433_SGB4573	0	0	0	0	0	0	0	1.03212	0	0	0	0	0	0	0	0	0	0	0	0	0	0	0	0	0	0	0	0	0	0	0	0	0	0	0	0	0.07316	0	0	0	0	0	0	0	0	0	0	0	0	0	0	0	0	0	0	0	0	0	0	0	0	0	0	0	0	0	0	0	0	0	0	0	0	0	0	0	0	0	0	0	0	0	0	0	0	0	0	0	0	0	0	0	0	0	0	0	0	0	0	0	0	0	0	0	0	0	0	0	0	0	0	0	0	0	0	0	0	0	0	0	0	0	0	0	0	0	0	0	0	0	0	0	0	0	0	0	0	0	0	0	0	0	0	0	0	0	0	0.00966	0	0	0	0	0	0	0	0	0	0	0	0	0	0	0	0	0	0	0	0	0
Streptococcus_australis	0.04066	1.02792	0.01222	0.02052	0	0.05687	0.07161	0.00343	0.01459	0.03965	0.01142	0.06399	0.00027	0.00749	0.00268	0.00427	0.00295	0.00152	0	0.15172	0.04488	0.00096	0.01825	0.02602	0.02633	0.05845	0.02659	0.044	0.01247	0.01119	0.00324	0.00495	0.00861	0.02988	0.01914	0.00042	0.00488	0.01508	0.03253	0	0.01414	0.00991	0.07	0.02337	0.02381	0	0.04382	0.06618	0.06012	0.01301	0	0	0	0	0	0	0.00023	0	0.00084	0.01843	0	0.00407	0	0.00535	0.09717	0	0	0.0164	0	0.0015	0	0	0	0.30311	0.00297	0	0	0	0	0.05753	0.00841	0.00126	0	0.00904	0	0.01894	0.01164	0.00408	0.0084	0	0	0	0	0.00254	0	0.00133	0	0	0	0.00212	0.02378	0	0.00238	0	0.00354	0.00057	0.02006	0	0.00762	0.03101	0.00215	0.00962	0.0632	0.00122	0.00596	0	0.09005	0	0	5e-05	0.00277	0.03134	0	0	0.00597	0.01704	0	0.0362	0.01632	0.00623	0.00263	0.00406	0	0.01205	0.00139	0	0	0	0	0.00325	0	0	0	0.00134	0	0	0	0	0	0	0	0	0	0	0	0	0	0	0	0	0	0	0	0	0	0	0	0	0
Bacteroides_sp_Marseille_P3684	0	0	0	0	0	0	0	0	0	0	0	0	0	1.02744	1.00364	0	0	0	0	0	0	0	0	0	0	0	0	0	0	0	0	0	0	0	0	0	0	0	0	0	0	0	0	0	0	0	0	0	0	0	0	0	0	0	0	0	0	0	0	0	0	0	0	0	0	0	0	0	0	0	0	0	0	0	0	0	0	0	0	0	0	0	0	0	0	0	0	0	0	0	0	0	0	0	0	0	0	0	0	0	0	0	0	0	0	0	0	0	0	0	0	0	0	0	0	0	0	0	0	0	0	0	0	0	0	0	0	0	0	0	0	0	0	0	0	0	0	0	0	0	0	0	0	0	0	0	0	0	0	0	0	0	0	0	0	0	0	0	0	0	0	0	0	0	0	0	0	0	0
GGB1689_SGB2321	0	0	0	0	0	0	0	0	0.00146	0	0	0	0.02003	0	0	0	0	0	0	0	0	0	0	0	0	0	0	0	0	0	0	0	0	0	0	0	0	0	0	0	0	0	0	0	0	0	0	0	0	0.02706	0	0	0	0	0	0	0	0	0	0	0	0	0	0	0	0	0	0	0	0	0	0	0	0	0	0	0	0	0	0	0	0	0	1.01474	0	0	0	0	0	0.08362	0	0	0	0	0	0	0	0	0	0	0	0.17908	0	0	0	0	0	0	0	0	0	0	0	0	0	0	0	0	0	0	0	0	0	0	0	0	0	0.20303	0	0	0	0	0	0	0	0	0	0	0	0	0	0	0	0	0	0	0	0	0	0	0	0	0	0	0	0	0	0	0	0	0	0	0	0	0	0	0	0	0
Phascolarctobacterium_sp_ET69	0	0	0	0	0	0	0	0	0	1.01352	0	0	0	0	0	0	0	0	0	0	0	0	0	0	0	0	0	0	0	0	0	0	0	0	0	0	0	0	0	0	0	0	0	0	0	0.52125	0	0	0	0.05899	0	0	0	0	0	0	0	0	0	0	0	0	0	0	0	0	0	0	0	0	0	0	0	0	0	0	0	0	0	0	0	0	0	0	0	0	0	0	0	0	0	0	0	0	0	0	0	0	0	0	0	0	0	0	0	0	0	0.16567	0.47582	0	0	0	0	0	0	0	0	0	0	0	0	0	0	0	0	0	0	0.53331	0	0	0	0	0	0	0	0	0	0	0	0	0	0	0	0	0	0	0	0	0	0	0	0	0	0	0	0	0	0	0	0	0	0	0	0	0	0	0	0	0
Bacteroidales_unclassified_SGB2124	0	0	0	0	0	0	0	0	0	0	0	0	0	0	0	0	0	0	0	0	0	0	0	0	0	0	0	0	0	0	0	0	0	0	0	0	0	0	0	0	0	0	0	0	0	0	0	0	0	0	0	0	0	0	0	0	0	0	0	0	0	0	0	0	0	0	0	0	0	0	0	0	0	0	0	0	0	0	0	0	0	0	0	0	0	0	0	0	0	0.99798	0	0	0	0	0	0	0	0	0	0	0	0	0	0	0	0	0	0	0	0	0	0	0	0	0	0	0	0	0	0	0	0	0	0	0	0	0	0	0	0	0	0	0	0	0.01259	0	0	0	0	0	0	0	0	0	0	0	0	0	0	0	0	0	0	0	0	0	0	0	0	0	0	0	0	0	0	0	0	0	0
GGB4677_SGB6466	0	0	0	0	0	0	0	0	0	0	0	0	0	0	0	0	0	0	0	0	0	0	0	0	0	0	0	0	0	0	0	0	0	0	0	0	0	0	0	0	0	0	0	0	0	0	0	0	0	0	0	0	0	0	0	0	0	0	0	0	0	0	0	0	0	0	0	0	0	0	0	0	0	0	0	0	0	0.00925	0	0	0	0	0	0	0	0	0.02694	0	0	0	0	0	0	0	0	0	0	0	0	0	0	0	0	0	0	0	0	0	0	0.00281	0	0	0	0	0	0	0	0	0	0.99659	0	0	0	0	0	0	0	0	0	0	0	0	0	0.0151	0	0	0	0	0	0	0	0	0	0	0	0	0	0	0	0	0	0	0	0	0	0	0	0	0	0	0	0	0	0	0	0	0	0	0
Methanobrevibacter_smithii	0	0	0	0	0	0	0	0	0	0	0	0	0	0	0	0	0.00113	0	0	0	0	0	0	0	0	0	0	0	0	0	0	0	0	0	0	0	0	0	0	0	0	0	0	0	0	0.04918	0	0	0	0.99493	0	0	0	0	0	0	0	0	0	0	0	0	0	0	0	0	0	0	0	0.00295	0.0388	0	0	0	0	0	0	0	0	0	0	0	0	0	0	0	0	0	0	0	0	0	0	0	0	0	0	0	0	0	0.0079	0	0	0.07811	0	0	0	0	0	0	0	0	0.46274	0	0	0	0	0	0	0	0	0	0	0	0	0	0	0	0	0	0	0	0	0	0.05912	0	0	0	0	0	0	0	0	0	0	0	0	0	0	0	0	0	0	0	0	0	0	0	0	0	0	0	0	0	0	0	0	0	0
Sutterella_SGB9281	0	0	0	0	0.07017	0	0	0	0	0.06753	0	0	0	0	0	0	0	0.0196	0	0	0	0	0	0	0	0.03672	0	0	0	0	0	0	0	0	0	0	0.00135	0.00471	0	0	0	0	0	0	0	0	0	0	0	0	0	0	0	0	0	0	0	0	0	0	0	0	0	0	0	0	0	0	0	0	0	0	0.05603	0	0	0	0	0	0	0	0	0	0	0	0	0	0	0	0	0	0	0.51122	0.1211	0	0	0	0	0	0	0	0	0	0	0	0	0	0	0	0	0	0	0	0	0	0	0	0	0	0	0	0	0	0	0	0	0	0	0	0	0	0	0	0	0	0	0	0	0	0	0	0	0	0	0.99149	0	0	0	0	0	0	0	0	0	0	0	0	0	0	0	0	0	0.1333	0	0	0	0	0	0	0
GGB3740_SGB5076	0	0	0	0	0	0.02473	0	0	0	0	0	0	0	0	0	0	0.10409	0	0.51164	0	0	0	0.01254	0	0.02168	0	0	0	0	0.25171	0	0	0	0	0	0	0	0	0	0.04447	0	0	0.09538	0	0	0	0.07401	0	0	0.0149	0	0	0	0.9906	0	0	0	0	0	0	0	0	0	0	0	0	0	0.01303	0	0.00852	0.19551	0	0	0	0	0	0	0	0	0	0	0	0.0539	0	0.54997	0	0	0	0	0	0.17124	0	0.10661	0	0	0	0	0	0.00971	0	0	0	0.04457	0.06048	0	0	0	0	0	0.67014	0	0	0	0	0.33881	0	0	0	0	0	0	0	0	0	0	0	0.00196	0	0	0	0.62279	0	0	0	0	0	0	0.18057	0	0	0	0	0.01545	0	0	0.00252	0	0	0	0	0	0	0	0	0.16428	0	0	0	0	0	0.03031	0	0.00961	0	0	0	0	0	0.24353
Christensenella_intestinihominis	0	0	0	0	0.07708	0	0	0.00174	0	0	0	0.00458	0.00014	0.00415	0.00189	0	0	0	0	0	0	0	0	0	0	0	0	0	0	0.00086	0	0	0	0	0	0	0	0	0	0	0	0	0	0	0	0.0007	0	0	0	0	0	0	0	0	0	0	0	0	0	0	0	0	0	0.00404	0	0	0	0.00202	0	0	0	0	0	0	0	0	0	0	0	0	0	0	0	0.02437	0	0.01816	0	0	0	0	0	0	0	0	0	0	0	0.98823	0	0	0	0	0.00099	0	0	0	0	0	0	0	0	0	0	0	0	0	0	0	0	0.00012	0	0	0	0	0	0	0	0	0	0	0	0	0	0	0	0	0	0	0	0	0	0	0	0	0	0	0	0	0	0	0	0	0	0	0	0	0	0	0	0	0	0	0	0	0	0	0	0	0
Intestinimonas_massiliensis	0	0	0	0	0	0	0	0	0	0	0.00519	0	0	0.0012	0.0007	0	0	0.96885	0	0	0	0	0	0	0	0	0	0	0	0	0	0.29602	0	0	0	0	0.00319	0.00715	0	0	0	0.07288	0	0	0	0	0	0	0	0.01099	0	0	0.02884	0	0	0	0	0	0	0	0	0	0	0	0	0.0079	0	0	0	0	0	0	0	0	0	0	0	0	0	0	0	0	0	0	0	0	0	0	0	0	0	0	0	0	0.00012	0	0	0.12979	0	0.05324	0	0	0.00085	0	0	0	0	0.33861	0	0	0.00056	0.01895	0.01359	0	0	0	0	0.00102	0	0	0	0	0	0	0	0	0	0	0	0	8e-05	0	0	0	0	0	0	0	0.0056	0	0	0	0	0	0	0	0	0	0.01832	0	0	0	0	0	0	0	0	0.03122	0.00064	0	0	0	0	0	0	0	0	0	0
Allisonella_histaminiformans	0	0	0	0	0	0.00483	0	0	0	0	0	0.00449	0.17789	0.07518	0.10708	0.18579	0	0	0.31032	0	0	0	0	0	0	0	0	0	0	0	0	0	0	0	0	0	0	0	0	0	0	0.00601	0.06388	0	0	0	0	0	0	0	0	0.01181	0	0	0.20581	0	0	0.07357	0	0	0	0.05122	0	0	0	0.11852	0.12412	0.09176	0	0	0	0.03787	0	0	0.1393	0	0.24143	0.05061	0	0.0814	0	0	0	0	0	0	0	0	0	0	0.10051	0.05397	0.15753	0	0	0	0	0	0.00648	0	0	0.04113	0.01144	0.00073	0.05468	0	0.14517	0	0.12871	0.08233	0	0	0.02082	0	0	0	0	0.02135	0	0	0	0.9622	0.00827	0	0.10165	0.04298	0	0.02419	0	0.04225	0.03667	0	0	0	0	0	0.02606	0.34848	0.02381	0.06135	0	0	0	0	0	0.05664	0	0.01669	0.05614	0	0	0	0.00724	0.0157	0	0	0	0.00826	0	0	0	0	0.07998	0	0	0.01889	0	0	0
GGB3486_SGB4658	0	0	0	0	0	0	0	0	0	0	0	0	0	0	0	0	0	0	0	0	0	0.01368	0	0	0	0	0	0	0	0	0	0	0	0	0	0	0	0	0	0	0	0	0	0	0	0	0	0	0	0	0	0.1444	0	0	0	0	0	0	0	0	0	0	0	0.01284	0	0	0	0	0	0.15817	0	0	0.43601	0	0	0	0	0	0	0	0	0	0	0	0.46436	0	0	0	0	0	0	0	0	0	0	0	0	0	0	0	0.05751	0	0.01739	0	0	0	0	0	0	0	0	0.00417	0	0	0	0	0.00468	0	0	0	0	0	0.021	0	0	0	0	0	0	0	0.02167	0	0	0	0	0	0	0	0	0	0	0	0	0	0	0	0.02195	0	0.96111	0	0	0	0	0	0	0	0	0	0	0	0	0	0	0	0	0	0	0	0
Lachnoclostridium_phocaeense	0	0	0.95641	0	0	0	0	0	0	0	0	0	0	0	0	0	0	0	0	0	0	0	0	0.16315	0	0	0	0	0	0	0	0	0	0	0	0	0	0	0	0	0	0	0	0	0	0	0	0.02102	0	0	0	0	0	0	0	0	0	0	0	0	0	0	0	0	0.00937	0	0	0	0	0	0	0	0	0	0	0	0	0	0	0	0	0	0	0	0	0	0	0	0	0	0	0	0	0	0	0	0	0	0	0	0	0	0	0	0	0	0	0	0	0	0	0	0	0	0	0	0	0	0	0	0	0	0	0	0	0	0	0	0	0	0	0	0	0	0	0	0	0	0	0	0	0.03376	0	0	0	0	0	0	0	0	0	0	0	0	0	0	0	0	0	0	0	0	0	0	0	0	0	0	0
Alistipes_indistinctus	0.00391	0	0.16877	0	0	0	0	0.16299	0	0	0.01335	0	0	0	0	0.02854	0	0	0	0	0	0.03187	0.00146	0.00742	0	0	0	0	0.01211	0	0	0.16261	0.03909	0.03119	0	0.95583	0	0.13821	0.01583	0	0	0	0	0	0	0	0	0	0	0	0	0	0	0	0	0.03224	0.01199	0	0	0.20026	0.02384	0	0	0.02243	0	0.02276	0.00152	0.0079	0	0	0	0	0	0	0	0	0	0.06846	0.00742	0.0165	0	0.00723	0	0	0	0.08791	0	0	0.0254	0	0	0.10539	0	0	0.15648	0.3302	0.02109	0.1699	0.1104	0	0	0	0.02168	0	0	0.00092	0	0.18388	0.00694	0	0	0.01367	0.00084	0	0	0	0	0.46737	0	0	0	0.07411	0.00028	0.85349	0	0.30311	0	0.29476	0	0	0	0	0	0	0	0.07383	0	0.80962	0.01077	0.00431	0	0.02533	0	0.10532	0.06872	0.00125	0	0.06086	0.00283	0.21396	0	0.26556	0	0	0.01007	0.13318	0	0.87174	0.25018	0.48558	0	0.16524	0.00976	0.00923	0	0.01804	0.00095	0	0
Ligilactobacillus_salivarius	0	0.95305	0.10191	0	0	0	0	0	0	0	0.14931	0	0	0	0	0	0	0	0.00963	0	0	0	0	0	0	0	0	0	0	0	0	0	0.14611	0	0.00913	0	0	0	0	0	0	0	0	0	0	0	0	0.07434	0	0	0	0	0	0	0	0	0	0	0	0	0	0	0	0	0	0	0	0	0	0	0	0	0	0	0	0	0	0	0	0	0	0	0	0	0	0	0	0	0	0	0	0	0	0	0	0	0.00221	0	0	0	0	0	0	0	0	0	0	0	0	0	0	0	0	0	0	0	0	0	0	0	0	0	0	0	0	0	0	0	0	0	0	0	0	0	0	0	0	0	0	0	0	0	0	0	0	0	0	0	0	0	0	0	0	0	0	0	0	0.0247	0	0	0	0	0	0	0	0	0	0	0
GGB9719_SGB15272	0.00216	0	0	0	0	0.03684	0	0.57833	0	0.00423	0	0	0	0.05837	0.04195	0	0	0.58678	0	0	0	0	0.05368	0.01024	0	0	0	0	0.77358	0.04024	0	0	0.05569	0	0	0.12265	0	0.06475	0	0.03388	0.24962	0.10865	0	0	0	0.00422	0	0.17039	0.02369	0.00015	0	0	0	0	0.00414	0	0	0	0	0	0	0	0	0	0.01632	0.03072	0	0	0	0.01931	0	0	0	0	0.00527	0	0	0.01076	0.01262	0	0	0	0	0.1531	0	0.00225	0	0	0	0	0	0	0	0	0	0	0	0	0.00023	0	0	0	0.00579	0	0	0	0	0	0.01239	0.00033	0.00202	0.01828	0.01408	0	0	0	0	0.00171	0	0	0.00842	0	0	0	0.95065	0	0	0.04979	0	0	0.03818	0	0.00529	0	0.00749	0	0	0.00317	0.09606	0	0	0.00138	0	0	0	0	0	0	0	0	0	0	0	0	0	0	0	0	0.00399	0	0	0	0	0	0	0	0	0.00171	0
GGB9593_SGB15015	0	0	0	0	0	0	0	0	0	0	0	0	0	0	0	0	0	0	0	0	0	0.00888	0.17695	0	0	0	0	0	0	0.0554	0	0	0	0	0	0	0	0	0	0	0	0	0	0	0	0	0	0	0	0.1405	0.02075	0	0.11233	0	0	0	0	0	0	0	0	0	0	0.03215	0	0	0	0	0	0.04273	0.15558	0	0.00024	0	0	0	0	0	0	0	0	0	0	0	0.13923	0	0	0	0	0	0	0	0.05451	0	0.14884	0.34829	0	0	0.43077	0.35322	0	0	0.94769	0.35552	0.08627	0.01532	0	0	0.2904	0	0.37528	0.11978	0	0	0	0	0	0	0	0	0.04114	0	0	0	0.00218	0	0	0	0.00527	0	0	0	0	0	0	0	0.065	0.01028	0	0	0	0	0	0.03632	0	0	0	0	0	0.25057	0	0	0	0	0	0	0	0	0.0734	0	0	0.01126	0	0	0	0	0	0	0
GGB1663_SGB2279	0	0	0	0	0	0	0	0	0.20474	0	0	0	0	0.00592	0.01243	0	0.01309	0	0	0	0	0	0.94761	0	0	0	0	0	0	0.00334	0	0	0	0	0	0	0.00251	0	0	0	0	0	0	0	0	0.00799	0	0	0	0	0	0	0	0	0	0	0	0	0	0	0	0.15721	0	0	0	0	0	0	0	0	0	0	0	0	0	0	0	0	0	0	0	0	0	0	0	0	0	0	0	0	0	0	0.03586	0	0	0	0	0	0	0	0	0	0	0	0.27917	0	0	0	0	0	0.04282	0	0	0	0	0	0	0	0.38339	0.02417	0.29782	0	0.86658	0	0.03736	0	0	0	0	0	0	0	0	0	0	0	0.14242	0	0	0	0	0	0	0	0	0	0	0	0	0	0	0	0	0	0	0	0	0	0	0	0	0	0	0	0	0	0	0	0.18357
Fusobacterium_hominis	0	0	0	0	0	0	0	0	0	0	0	0	0	0	0.00209	0	0	0	0	0	0	0	0	0	0	0	0	0	0	0	0	0	0	0	0	0	0	0	0.93585	0	0	0	0	0	0	0	0	0	0	0	0	0	0	0	0	0	0	0	0	0	0	0	0	0	0	0	0	0	0	0	0	0	0	0	0	0	0	0	0	0	0	0	0	0	0	0	0	0	0	0	0	0	0	0	0	0	0	0	0	0	0	0	0	0	0	0	0	0	0	0	0	0	0	0	0	0	0	0	0	0	0	0	0	0	0	0	0	0	0	0	0	0	0	0	0	0	0	0	0	0	0	0	0	0	0	0	0	0	0	0	0	0	0	0	0	0	0.03442	0	0	0	0	0	0	0	0	0.4358	0	0	0
GGB3653_SGB4964	0.01704	0	0	0	0	0	0	0	0.07443	0.06684	0	0	0	0.04382	0.04866	0	0.00081	0	0	0	0	0	0.05639	0	0	0.00847	0	0	0	0.00773	0	0	0.00218	0	0	0.13549	0	0	0	0	0.0678	0.06211	0	0	0	0.03327	0	0	0.16848	0.17841	0	0	0	0.09496	0	0	0	0	0	0	0.14119	0	0	0.04395	0	0.02227	0.05431	0.93536	0	0.00137	0.01515	0	0	0	0	0	0	0.0069	0.01714	0.17173	0.00877	0	0	0.27099	0	0	0.00276	0	0	0.04668	0	0	0.01112	0	0.00032	0.05811	0	0	0.15773	0	0.09726	0	0.23899	0.03868	0.37907	0	0	0.07229	0.00304	0.00068	0.00329	0	0.01188	0	0	0	0	0.00123	0.08705	0.12545	0.36177	0	0.01028	0.10502	0.12894	0.00771	0.2453	0.00971	0.00448	0	0.09054	0	0	0.00027	0	0.03202	0.11179	0.03056	0.26318	0.01672	0	0.08918	0	0	0	0	0	0	0	0.06234	0	0.00354	0	0	0	0	0	0	0.01617	0	0	0	0	0	0	0	0	0	0
Lachnospiraceae_bacterium_AM48_27BH	0.28341	0	0	0	0	0.01377	0	0	0.01819	0.1563	0	0	0.10565	0.60131	0.93239	0	0.19063	0	0.07407	0.16222	0.15527	0.1333	0.00841	0	0	0.65779	0	0	0	0.05503	0	0	0.11819	0	0	0.01166	0.0343	0	0	0.03138	0	0.01062	0.01727	0	0	0.02761	0	0.00633	0.07262	0.12434	0.04602	0.1971	0.27541	0	0.03929	0.04737	0	0.21119	0	0	0.0307	0.06697	0	0.02738	0.28923	0	0.05206	0.05972	0.18868	0.05373	0.12723	0.1277	0.1532	0.09517	0.00507	0	0	0.01488	0.14441	0.07498	0.29912	0.04731	0.01077	0	0.42852	0.07936	0.05462	0	0.14088	0.32786	0.22421	0	0.18075	0	0.05249	0.01567	0	0.00148	0.0123	0.06392	0.11049	0.06324	0.03343	0.04559	0.03564	0.06689	0.07593	0.02318	0.2089	0.60397	0	0.05733	0.30985	0.04326	0	0	0	0.17876	0	0.01927	0.00531	0	0.09659	0.06008	0.10999	0.09378	0.02546	0.03554	0.10186	0.00183	0.05165	0.32915	0.30376	0	0.15309	0.109	0.06054	0.17961	0.05154	0.20425	0	0.00043	0	0.065	0.32026	0.19283	0.05878	0.03939	0.51323	0.06312	0.00051	0.01112	0.08465	0	0.03321	0	0	0.04163	0.09349	0	0.25327	0.1666	0.15418	0	0	0	0.00104	0	0
GGB3737_SGB5071	0	0	0	0	0	0	0	0	0	0	0	0	0	0	0	0	0	0	0	0	0	0	0	0	0	0	0	0	0	0	0	0	0	0	0	0	0	0	0	0	0	0	0	0	0	0	0	0	0	0	0	0	0	0	0	0	0	0	0	0	0	0	0	0	0	0	0	0	0	0	0	0	0	0	0	0	0	0	0	0	0	0	0	0	0	0	0	0	0	0	0	0	0	0	0.92994	0	0	0.07107	0	0	0	0	0	0	0	0	0	0	0	0	0	0	0.05886	0	0	0	0	0	0	0	0	0	0	0	0	0	0	0	0	0	0.03175	0	0	0	0	0	0	0	0	0	0	0	0	0	0	0	0	0	0	0	0	0	0	0	0	0	0	0	0	0	0	0.00622	0	0.00755	0	0	0	0	0
Blautia_faecicola	0	0	0	0	0	0	0	0	0.54081	0	0	0	0.01381	0	0	0	0	0	0	0	0	0.00192	0	0	0	0	0	0	0	0	0	0	0.15221	0	0	0.05292	0	0	0	0	0	0	0	0	0	0	0	0	0	0.23446	0	0	0.03085	0	0	0.07144	0	0	0	0	0	0.0145	0	0.01222	0	0	0.14697	0	0	0	0.016	0	0.04672	0	0.12929	0	0	0.00924	0.1023	0	0	0	0	0	0	0	0	0	0.25657	0	0.00152	0	0.01733	0	0.02201	0.05436	0	0.20433	0	0.08399	0.20392	0	0.13289	0.0252	0	0	0.07633	0	0	0	0	0	0.00355	0	0.11266	0	0	0.00797	0	0.01011	0	0	0.16276	0	0	0	0	0	0	0.36644	0.03541	0.92694	0	0	0.00134	0	0	0.16152	0	0.0304	0	0	0	0	0	0	0	0	0	0.00594	0.0157	0	0.00011	0	0.00991	0	0	0	0	0	0	0	0	0	0	0	0	0.00746	0
Alistipes_ihumii	0.00317	0	0	0	0	0	0	0	0	0.06851	0.90815	0	0	0	0	0	0.0758	0	0	0	0	0	0.14981	0	0	0	0	0	0	0	0	0.07817	0.0887	0	0	0	0.00288	0.24073	0	0.02905	0.18238	0.06651	0	0	0	0	0	0	0.19878	0	0.02056	0.09037	0.04182	0	0	0.04868	0	0	0	0.27633	0	0.02495	0	0.0168	0	0	0.04667	0.16615	0	0.09976	0	0.01218	0	0	0	0	0	0.12115	0	0	0	0.06663	0	0.0996	0	0	0	0	0	0	0	0	0	0	0.05791	0.02223	0	0	0.01931	0.08592	0	0	0	0	0.07576	0	0	0	0.05086	0	0	0.47988	0.05457	0.00632	0	0	0	0.12584	0	0	0	0	0.00504	0	0.12775	0.04642	0	0.08333	0.0036	0	0.07637	0	0	0	0.00332	0.0006	0.02285	0	0.1683	0	0	0.44823	0	0.39702	0	0.06824	0	0	0	0	0.01585	0	0	0	0.00884	0	0	0	0.80643	0	0	0	0	0	0	0	0	0	0
Clostridium_SGB4909	0	0	0	0	0	0	0	0	0	0	0	0	0	0	0	0	0.19401	0	0	0	0	0	0	0	0	0.00493	0	0	0	0	0	0	0	0	0	0	0	0	0	0	0	0.90343	0	0	0	0	0	0	0	0	0	0	0	0	0	0.29452	0	0	0	0	0	0	0	0	0	0	0	0	0	0	0	0	0	0	0	0	0	0	0	0	0	0	0	0	0.00554	0	0	0	0	0	0	0	0	0	0	0	0	0	0	0	0	0	0	0	0	0	0	0	0	0	0	0	0	0	0	0	0	0	0	0	0	0	0	0	0	0	0.02104	0	0	0	0	0	0	0	0	0	0	0	0	0	0	0	0	0	0	0	0	0	0	0	0	0	0	0	0	0	0	0	0	0	0	0	0	0	0	0	0	0	0.00077
GGB781_SGB1024	0	0	0	0	0	0	0	0	0	0	0	0	0	0	0	0	0	0	0	0	0	0.12033	0	0	0	0	0	0	0	0	0	0	0	0	0	0	0	0	0	0	0	0	0	0	0	0	0	0	0	0	0	0	0	0	0	0	0	0	0	0	0	0	0	0	0	0	0	0	0	0.00598	0.89459	0	0	0	0	0	0	0	0	0	0	0	0	0	0	0	0	0	0	0	0	0	0	0	0	0	0	0	0	0	0	0	0	0.04073	0	0	0	0	0	0	0	0	0	0	0	0	0	0	0	0	0	0	0	0	0	0	0	0	0	0	0	0.00372	0	0	0	0	0	0	0	0	0	0	0	0	0	0	0	0	0	0	0	0	0	0	0	0	0	0	0	0	0	0	0	0	0	0	0	0	0
Clostridia_bacterium	0	0.00514	0	0	0	0	0	0	0	0	0	0	0	0	0	0	0	0	0	0	0	0	0	0	0	0	0	0	0	0	0	0	0	0	0	0	0	0	0	0	0	0	0	0	0	0	0	0	0	0	0	0	0	0	0	0	0	0	0	0	0	0	0	0	0	0	0	0	0	0	0	0	0	0	0	0	0	0	0	0	0	0	0	0	0	0	0	0	0.29781	0	0	0	0	0	0	0	0	0	0	0	0	0	0	0	0	0	0	0	0	0	0	0	0	0	0	0	0.02869	0	0	0	0	0	0	0	0	0	0	0	0	0	0	0	0	0.00657	0	0	0	0	0	0	0	0	0	0	0	0	0	0	0	0	0.00638	0	0	0	0	0	0	0	0	0	0	0	0	0	0	0	0.88987	0	0
Parabacteroides_acidifaciens	0	0	0	0	0	0	0	0	0	0	0	0	0	0	0	0.06182	0	0	0	0	0	0	0	0	0	0	0	0	0	0	0	0	0	0	0	0	0	0	0	0	0	0	0	0	0	0	0	0	0	0	0	0	0	0	0	0	0	0	0	0	0	0	0	0	0.00879	0	0	0	0	0	0	0	0	0	0	0	0	0	0	0	0	0	0	0	0	0	0	0	0	0	0	0	0	0	0	0	0	0	0	0	0	0	0	0	0	0	0	0	0	0	0	0.72131	0	0	0	0	0	0	0	0	0	0	0	0	0	0	0	0	0	0	0	0	0	0	0	0	0	0	0	0	0	0	0	0	0	0	0	0	0	0	0	0	0	0	0	0	0	0.88799	0	0	0	0	0	0	0	0	0	0	0
GGB3433_SGB4574	0	0.8854	0	0	0	0	0	0	0	0	0	0	0	0	0	0	0	0	0	0	0	0	0	0	0	0	0	0	0	0	0	0	0	0	0	0	0	0	0	0	0	0	0	0	0	0	0	0	0	0	0	0	0	0	0	0	0	0	0	0	0	0	0	0	0	0.00283	0	0	0	0	0	0	0	0	0	0	0	0	0	0	0	0	0	0	0	0	0	0	0	0	0	0	0	0	0	0	0	0	0	0	0	0	0	0	0	0	0	0	0	0	0	0	0	0	0	0	0	0	0	0	0	0	0	0	0	0	0	0	0	0	0	0	0	0	0	0	0	0	0	0	0	0	0	0	0	0	0	0	0	0	0	0	0	0	0	0	0	0	0	0	0	0	0	0	0	0	0	0	0
GGB3612_SGB4882	0	0	0	0	0	0	0	0	0	0	0	0	0	0	0	0	0.03897	0	0	0	0	0	0.09559	0	0	0	0	0	0	0	0	0	0	0	0	0.06952	0.04704	0	0	0	0	0.02084	0	0	0.03951	0	0	0	0.00438	0.00763	0	0.88264	0	0	0	0	0	0	0	0	0.00377	0	0	0.01302	0.03978	0	0	0	0	0	0	0	0.0843	0	0	0	0	0	0	0	0	0	0	0	0.64422	0	0	0	0.01189	0	0	0	0	0	0	0	0	0	0.03887	0	0.13353	0	0.03431	0	0	0	0	0	0.04584	0	0	0	0	0	0	0	0	0.00441	0	0.00143	0	0	0	0	0.27863	0	0	0	0	0	0	0	0	0	0.00682	0	0	0	0	0	0	0	0	0	0	0	0	0	0	0.13707	0	0	0.02101	0	0.00925	0.03512	0	0	0.00044	0	0	0.45279	0.00626	0	0	0	0	0	0
GGB13283_SGB4948	0	0	0	0	0	0	0	0	0	0	0	0	0	0	0	0	0	0	0	0	0	0	0	0	0	0	0	0	0	0	0	0	0	0	0	0	0	0	0	0	0	0	0	0	0	0	0	0	0	0	0	0	0	0	0	0	0	0	0	0	0	0	0	0	0	0	0	0	0	0	0	0	0	0	0	0	0	0	0	0	0	0	0	0	0	0	0	0	0	0	0	0	0	0	0	0	0	0	0.02386	0	0	0	0.88114	0	0	0	0	0	0	0	0	0	0	0	0	0	0	0	0	0	0	0	0	0	0	0	0	0	0	0	0	0	0	0	0	0	0	0	0	0	0	0	0	0	0	0	0	0	0	0.21391	0	0	0	0	0	0	0	0	0	0	0	0	0	0	0	0	0	0	0
Streptococcus_gordonii	0	0.01639	0.03157	0.00656	0.00023	0	0	0	0	0.00071	0.8782	0	0	0	0	0	0	0.00223	0	0.00018	0.007	0	0	0	0.00834	0	0.00529	0	0	0	0.00351	0	0	0.00011	0.02012	0	0	0	0.00849	0	0	0	0.00447	0	0	0	0	0.01293	0.00167	0	0	0	0	0	0	0	0	0	0	0	0	0	0	0	0.04884	0	0	0	0	0	0	0	0	0.00632	0	0	0	0	0	0.00105	0	0	0	0	0	0	0	0	0.0122	0	0	0	0.00337	0	0	0	0	0	0	0	0	0	0	0	0	0	0.00739	0	0	0	0	0	0.00086	0	0	0	0.04141	0	0	0	0	0	0	0	0	0	0	0	0	0	0	0	0	0.00161	0	0	0	0	0	0	0	0	0	0	0	0	0	0	0	0	0	0	0	0	0	0	0	0	0	0	0	0	0	0	0	0	0	0	0
GGB3052_SGB4053	0	0.0181	0	0	0	0	0	0	0	0	0	0	0	0	0	0	0	0	0	0	0	0	0	0	0	0	0	0	0	0	0	0	0.87814	0	0	0	0	0	0	0	0	0	0	0	0	0	0	0	0	0.4152	0	0	0	0	0	0	0	0	0	0	0	0	0	0	0	0	0	0	0	0	0	0	0	0	0	0	0	0	0	0	0	0	0	0	0	0	0	0	0	0	0	0	0	0	0	0	0	0	0	0	0	0	0	0	0	0	0	0	0	0	0.00726	0	0	0	0	0	0	0	0	0	0	0	0	0	0	0	0	0	0	0	0	0	0	0	0	0	0	0	0	0	0	0	0	0	0	0	0	0	0	0	0	0	0	0	0	0	0	0	0	0	0	0	0	0	0	0	0	0	0
Lawsonibacter_asaccharolyticus	0	0	0.86248	0	0	0	0	0.05742	0	0.02206	0	0	0.00553	0.03817	0.03977	0	0	0	0	0.00835	0	0	0.0169	0.81588	0	0.00916	0	0	0.05047	0.00951	0	0.20837	0	0	0	0.05007	0.28359	0.06694	0	0.00112	0.3231	0.15928	0	0	0	0.02341	0	0	0.01913	0	0.00416	0.42989	0.06492	0.15367	0	0	0	0.00494	0.06331	0	0	0.02208	0	0.083	0.02594	0.08862	0.05378	0.01586	0.01113	0.02621	0	0.1303	0	0.12055	0.00897	0	0	0.01871	0	0.07167	0	0.02533	0.13355	0.14426	0.00287	0.23696	0	0	0.02834	0	0	0.04587	0	0	0.02291	0.00278	0	0.07547	0.00591	0.125	0	0	0.02847	7e-05	0.03138	0	0	0.13303	0.00067	0	0.00047	0.01544	0.01795	0.01471	0	0	0	0.00674	0.06282	0	0.01857	0	0	0.01778	0.01769	0.02227	0.05884	0.00735	0.00566	0	0.13733	0	0.00378	0	0.02431	0	0.01053	0	0.06285	0.01064	0	0.16718	0.8771	0.02902	0	0.00522	0.06651	0.00398	0	0	0	0.04658	0	0.26963	0	0.01545	0	0.00658	0.01965	0	0.02731	0.0069	0	0.12675	0.06559	0	0.00701	0	0
Butyricimonas_virosa	0.06491	0	0.0141	0	0	0.02325	0	0	0	0.00383	0	0	0.00234	0.01348	0.01737	0.22947	0.00614	0	0	0.51991	0	0	0.11004	0.03926	0	0	0	0	0	0.0446	0	0.05878	0.08313	0	0	0.01935	0.00319	0.0156	0	0	0	0.04119	0	0	0	0.0234	0	0	0.00024	0	0	0	0	0	0	0	0	0	0.00432	0	0.06837	0.01211	0	0.02025	0.00026	0	0.00094	0.0103	0.00015	0	0.00437	0	0	0	0.1963	0	0.00234	0.03101	0	0	0	0.24386	0	0	0.00708	0.06956	0	0	0	0.00429	0	0	0.00972	0	0.04098	0.03914	0	0.29243	0.03496	0	0	0.00431	0.00796	0.00057	0.00566	0.00614	0	0.09979	0.00687	0	0	0.01165	0	0.0062	0	0	0	0	0.02526	0	0.00065	0	0.0034	0.05008	0.00014	0.02725	0	0.003	0	0	0.09104	0	0.01682	0	0	0.04946	0	0	0.14301	0.1224	0.00467	0.8745	0	0.61761	0.11745	0.0556	0	0	0.20746	0.20823	0.27283	0	0	0	0.09219	0.43073	0.11096	0.12833	0	0	0	0.0964	0	0.26096	0	0	0	0	0.00093
Anaerotignum_lactatifermentans	0	0	0.00546	0	0	0	0	0.15661	0	0	0	0	0	0	0	0	0	0	0	0	0	0	0	0	0	0	0	0	0	0	0	0	0	0	0	0	0	0	0	0.02279	0	0	0	0	0	0	0	0	0	0	0	0	0	0	0	0	0	0	0	0	0	0	0	0	0	0.87117	0	0	0	0	0	0	0	0	0	0	0	0	0	0	0	0	0	0	0	0	0	0	0	0	0	0	0	0.00051	0	0	0	0	0	0	0	0	0	0	0	0	0	0	0	0	0	0	0	0	0	0	0	0	0	0	0	0	0	0	0	0	0	0	0	0	0	0	0	0	0	0	0	0	0	0	0	0.17848	0	0	0	0	0	0	0	0	0	0	0	0	0	0	0	0	0	0	0	0	0	0	0	0	0	0	0
Raoultibacter_timonensis	0.00264	0	0.07453	0	0	0.03851	0	0	0	0	0	0	0.00052	0.00053	0	0.0471	0	0	0	0	0	0	0.0077	0	0	0.00067	0	0	0.13018	0.00961	0	0.863	0	0	0	0	0.00616	0.02773	0	0	0	0	0	0	0	0.00982	0	0	0	0	0	0	0	0	0	0	0	0	0	0	0	0	0	0	0	0	0	0.00131	0	0	0	0	0	0	0	0	0	0	0	0	0	0.00704	0	0	0	0	0	0	0.00051	0	0	0	0	0	0	0	0	0	0	0	0	0	0	0	0	0	0	0	0	0	0	0	0	0	0	0	0	0	0	0	0	0	0	0	0	0	0	0	0	0.01799	0	0	0	0	0	0	0	0	0	0	0	0	0	0	0	0	0	0	0	0	0	0	0	0	0	0	0	0	0	0	0	0	0	0	0	0	0	0	0
Oscillospiraceae_unclassified_SGB15256	0	0	0	0	0	0	0	0	0.00088	0	0	0	0	0	0	0	0	0	0	0	0	0	0	0	0	0	0	0	0	0	0	0	0	0	0	0	0.86032	0	0.00133	0	0	0	0	0	0	0	0	0	0	0.30454	0	0	0	0	0	0	0	0	0	0	0	0	0	0.02444	0	0	0	0	0	0.00076	0.03089	0	0	0	0	0	0	0	0	0	0	0	0	0	0.00248	0	0.00131	0	0	0	0	0	0	0	0.12042	0.13439	0	0	0	0	0	0	0	0.04	0	0	0	0	0	0	0	0	0	0	0	0	0	0.02878	0	0.14978	0	0	0	0	0	0	0	0	0	0	0	0	0	0.00098	0.00935	0	0	0	0	0	0	0	0	0	0	0.43221	0	0	0	0	0	0	0	0	0	0	0	0	0	0	0	0	0	0	0	0	0	0	0
GGB4711_SGB6524	0	0	0	0	0	0	0	0	0	0	0	0	0	0	0	0	0	0	0	0	0	0	0	0	0	0	0	0	0	0	0	0	0	0	0	0	0	0	0	0	0	0	0	0	0	0	0	0	0	0	0	0	0	0	0	0	0	0	0	0	0	0	0	0	0	0	0	0	0	0	0	0	0	0	0	0	0	0.00612	0	0	0	0	0	0	0	0	0.00548	0	0	0	0	0	0	0	0	0	0	0	0	0	0	0	0.42975	0	0	0	0	0	0	0.00131	0	0	0	0	0	0	0	0	0	0.85456	0	0	0	0	0	0	0	0	0	0	0	0	0	0.00767	0	0	0	0	0	0	0	0	0	0	0	0	0	0	0	0	0	0	0	0	0	0	0	0	0	0	0	0	0	0	0	0	0	0	0
Collinsella_stercoris	0	0	0	0	0	0	0	0	0	0	0	0	0	0	0	0	0	0	0	0	0	0	0	0	0	0	0	0	0	0	0	0	0.0057	0	0	0	0	0.84907	0	0	0	0	0	0	0	0	0	0	0	0	0	0	0	0	0	0	0	0	0	0	0	0	0	0	0	0	0	0	0	0	0	0	0	0	0	0	0	0	0	0	0	0	0	0	0	0	0	0	0	0	0	0	0	0	0	0	0	0	0	0	0	0	0	0	0	0	0	0	0	0	0	0	0	0	0	0	0	0	0	0	0	0	0	0	0	0	0	0	0	0	0	0	0	0	0	0	0	0	0	0	0	0	0	0	0	0	0	0	0	0	0	0	0	0	0	0	0	0	0	0	0	0	0	0	0	0	0	0	0
Collinsella_SGB14754	0	0.01512	0	0	0	0	0	0	0	0	0	0	0	0	0	0	0	0	0	0	0.00053	0	0	0.04434	0	0	0	0.51746	0	0	0	0	0	0.84733	0	0	0	0.06091	0	0	0	0	0	0	0	0	0	0	0	0	0	0	0	0	0	0	0	0	0	0	0	0	0	0	0	0	0	0	0	0	0	0	0	0	0	0	0	0	0	0	0	0	0	0	0	0	0	0	0	0	0	0	0	0	0	0	0	0	0	0	0	0	0	0	0	0	0	0	0	0	0	0	0	0	0	0	0	0	0	0	0	0	0	0	0	0	0	0	0	0	0	0	0	0	0	0	0	0	0	0	0	0	0	0	0	0	0	0	0	0	0	0	0	0	0	0	0	0	0	0	0	0	0	0	0	0	0	0	0
Coprobacter_fastidiosus	0.13814	0	0	0	0	0	0	0	0.0001	0	0	0	0	0	0	0	0	0	0	0	0	0	0	0	0	0	0	0	0	0	0	0	0.00012	0	0	0	0	0	0	0	0	0	0	0	0	0	0	0	0	0	0	0	0	0	0	0	0	0	0	0	0	0.02613	0	0	0	0	0	0.26184	0	0	0.02437	0	0	0	0	0	0	0	0	0	0	0	0	0	0.01464	0	0	0	0	0	0	0	0	0	0.20417	0	0	0.02327	0.17492	0	0	0.00635	0	0.00228	0	0.02407	0	0	0.00127	0	0	0	0	0	0	0	0	0.01399	0.00765	0	0	0	0	0	0.06944	0	0	0.04664	0	0	0	0	0	0	0	0	0	0	0.10241	0.03824	0	0	0	0.01101	0	0.09809	0	0	0	0	0.15145	0.84275	0	0	0	0	0	0	0	0	0	0	0	0	0	0	0	0	0
GGB9646_SGB15123	0.0211	0	0	0	0	0	0	0.01856	0	0.00071	0	0	0	0	0	0	0.00963	0	0	0	0	0	0.83236	0	0	0	0	0	0	0	0	0	0	0	0	0.00258	0	0	0	0	0	0	0	0	0	0	0	0	0	0	0	0	0	0	0	0	0	0	0	0	0.01233	0	0	0	0	0	0	0	0	0	0.00372	0	0	0	0	0	0	0	0	0	0	0	0	0	0.00599	0	0	0	0	0.00868	0	0	0	0	0.00093	0	0	0	0	0	0	0	6e-05	0.00189	0.00901	0	0	0.02794	0	0	0	0.00386	0.00084	0	0	0	0	0	0.01607	0	0.13955	0	0	0.02135	0	0	0	0.00026	0.00252	0	0.00271	0	0	0	0.00813	0	0.00174	0	0	0.0362	0	0	0	0	0	0	0	0	0	0	0	0	0	0	0	0	0	0	0.07006	0	0	0	0	0	0	0	0	0	0
Clostridium_SGB48024	0	0	0	0	0	0	0	0	0	0	0	0	0	0	0	0	0	0	0	0	0	0.00875	0	0	0	0	0	0	0	0	0	0	0	0	0	0	0	0	0	0	0	0	0	0	0	0	0	0	0	0	0.01252	0.09442	0.01434	0	0	0.0028	0	0	0	0	0.01578	0.18207	0	0	0	0	0	0.00834	0	0.00294	0.06294	0	0	0	0	0	0	0.00501	0	0	0	0.00189	0	0	0	0	0	0	0	0	0	0	0.00138	0.00347	0.00746	0	0.41347	0	0	0.02377	0	0.02734	0.0657	0.05776	0	0	0	0	0	0.03475	0	0	0	0	0.02005	0	0	0	0	0	0	0	0	0.08037	0	0	0.02807	0	0	0	0	0	0	0	0	0	0	0	0	0	0.82076	0	0	0	0	0	0	0	0	0	0	0	0	0	0	0	0	0	0	0	0	0	0	0	0	0	0	0	0
Collinsella_tanakaei	0	0	0	0	0	0	0	0	0	0	0	0	0	0	0	0.65277	0	0	0	0	0.01305	0	0	0	0	0	0	0	0	0	0	0.81749	0.00875	0	0	0	0.41215	0	0	0	0	0	0	0	0	0	0	0	0	0	0	0	0	0	0	0	0	0	0	0	0	0	0.00194	0	0	0	0	0	0	0	0	0	0	0	0.00348	0	0	0	0	0	0	0	0	0	0	0	0	0	0	0	0	0	0	0	0	0	0	0	0	0	7e-05	0	0	0	0	0	0	0	0	0	0	0	0	0	0	0	0	0	0	0	0	0	0	0	0	0.09662	0	0.01546	0	0	0	0	0	0	0.78723	0	0	0	0	0	0	0	0.02424	0	0	0	0	0	0	0	0	0	0	0	0	0	0	0	0	0	0	0	0	0	0	0	0	0	0
GGB9766_SGB15383	0	0	0	0	0	0	0	0	0	0.06235	0	0	0	0	0	0	0	0	0	0	0	0	0.14807	0	0	0	0	0	0	0	0	0	0.03746	0	0	0.05377	0.05679	0	0	0.00575	0.80793	0	0	0	0	0.08029	0	0	0	0.11756	0	0	0	0	0	0	0	0	0	0	0	0	0	0.04245	0	0	0	0.02525	0	0.00023	0.00459	0	0.02049	0	0	0	0	0	0	0	0	0	0	0	0.01628	0	0	0	0	0	0	0	0.01019	0	0.02061	0.01732	0.00106	0	0.05789	0	0.01642	0.02593	0.07171	0.02233	0.00596	0	0	0	0.00395	0.05688	0	0	0	0	0	0	0	0.00456	0	0.07037	0	0	0	0	0	0	0	0	0.03362	0	0.02421	0	0	0	0	0	0	0	0	0	0	0	0	0	0	0	0	0	0	0	0	0	0	0	0	0	0	0	0	0	0	0	0	0	0	0	0	0	0
GGB9559_SGB14969	0.31092	0	0	0	0	0	0	0	0	0.17505	0	0	0.07851	0	0	0	0	0	0.80347	0	0	0	0	0	0	0.00033	0	0	0	0.03462	0	0	0	0	0	0	0.113	0	0	0	0	0.07915	0	0	0	0.04578	0	0	0	0.03268	0	0	0	0	0	0	0	0	0	0	0.04237	0	0	0	0	0	0.04093	0	0	0	0	0	0.01249	0	0.00901	0	0	0	0	0	0	0.03243	0	0.09649	0	0	0	0	0	0	0	0	0.04773	0	0	0	0	0	0	0	0.02894	0	0	0	0.007	0	0	0	0.00104	0.00265	0	0	0.00135	0	0	0	0	0	0	0.00133	0.01317	0	0	0	0	0	0	0	0	0	0.24884	0	0	0	0.00243	0	0	0	0	0	0	0	0	0	0	0	0	0	0	0	0	0	0	0	0	0	0	0	0	0	0	0	0	0	0	0	0	0	0
Kineothrix_SGB4886	0	0	0	0	0	0	0	0	0	0	0	0	0	0	0	0	0	0	0	0	0	0	0	0	0	0	0	0	0	0	0	0	0	0	0	0	0	0	0	0	0	0	0	0	0	0	0	0	0	0.78874	0	0	0	0	0	0	0	0	0	0	0	0	0	0	0	0	0	0	0	0	0	0	0	0	0	0	0	0	0	0	0	0	0	0	0	0	0	0	0	0	0	0	0	0	0	0.00386	0	0	0	0	0	0	0	0	0	0	0	0	0	0	0	0	0	0	0	0	0	0.33787	0	0	0	0	0.12959	0	0	0	0	0.00194	0	0	0	0	0	0	0	0	0	0.00087	0	0.03573	0	0	0	0	0.08185	0	0	0	0	0.06181	0	0	0	0	0	0	0	0	0	0	0	0	0	0	0	0	0	0	0
Acidaminococcus_intestini	0	0	0	0	0	0	0	0	0	0	0	0	0	0	0	0	0	0	0	0	0	0	0	0	0	0	0	0.20095	0	0	0	0	0	0	0	0	0	0	0	0	0	0	0	0	0	0	0	0	0	0	0	0	0	0	0	0	0	0	0	0	0	0	0	0	0	0	0	0	0	0	0	0	0	0	0	0	0	0	0	0	0	0	0	0	0	0	0	0	0	0	0	0	0	0	0	0	0	0	0	0	0	0	0	0	0	0	0	0	0	0	0	0	0	0	0	0	0	0	0	0	0	0	0	0	0	0	0	0	0	0	0	0	0	0	0.05116	0	0	0	0	0	0	0	0	0	0	0	0	0	0	0	0	0	0	0	0	0	0	0.78834	0	0	0	0	0	0	0	0	0	0	0
Bacteroides_nordii	0.01425	0	0.03379	0	0	0	0	0.00086	0	0	0.00582	0	0	0.02331	0.05824	0.00331	0.00063	0.12833	0	0.01805	0	0.04695	0.01409	0.01983	0	0	0	0	0	0.00168	0	0.07645	0	0	0	0.02075	0.00198	0.00109	0	0	0.12241	0	0	0	0	0.09342	0	0.07204	0.01033	0	0	0.21613	0	0.01463	0	0.00384	0.49377	0	0.07587	0	0.00203	0	0	0.00192	0.00102	0	0.02017	0.00148	0	0.00222	0	0	0	0	0.11943	0	0	0.00367	0	0	0	0	0	0.0044	0.00348	0.00864	0	0	0.02068	0.00465	0	0.00019	0	0	0.00562	0.00424	0.00412	0.00489	0.00677	0	0	0.001	0.2524	0	0.04745	0	0	0.2118	0	0	0.00426	0.06223	0	0	0	0	0	0.0238	0	0	0.01424	0.02648	0	0	0	0	0.00043	0	0	0	0.21105	0	0.07465	0	0.00047	0	0.02444	0	0.02114	0.00347	0.01272	0.00844	0	0.36885	0.00121	0.0208	0	0.01439	0.33208	0.02486	0.02928	0.00124	0.14545	0.77859	0.02338	0.05541	0.70705	0.0117	0.1406	0	0	0.01365	0.0392	0.08377	0.11631	0	0.4016	0	0
GGB9640_SGB15115	0	0	0	0	0	0	0	0	0	0	0	0	0.77749	0	0	0	0	0	0	0	0	0	0	0	0	0	0	0	0	0	0	0	0	0	0	0	0	0	0	0	0	0	0	0	0	0	0	0	0	0	0	0	0	0	0	0	0	0	0	0	0	0	0	0.00534	0	0	0	0	0	0	0	0	0	0	0	0	0	0	0	0	0	0	0	0	0	0	0	0	0	0	0	0	0	0	0.00279	0	0	0	0.03445	0	0.07978	0	0	0	0	0	0	0	0	0	0	0	0	0	0	0	0	0.02139	0	0.0656	0	0	0	0	0	0	0	0	0	0	0	0	0	0	0	0	0	0	0	0.1171	0	0	0	0	0	0	0	0	0	0	0	0	0	0	0	0	0	0	0	0	0	0	0	0	0	0	0	0	0
Weissella_confusa	0	0	0	0	0	0.76556	0	0	0	0	0	0.01731	0	0.00621	0.00353	0	0.00153	0.00249	0	0	0	0	0	0	0	0	0	0	0	0	0	0	0	0	0	0	0	0	0	0	0	0	0.00948	0	0	0	0	0	0	0	0	0	0	0	0.05154	0	0	0	0	0	0.0139	0.00041	0	0	0	0	0	0	0	0	0	0	0	0	0.00019	0.17635	0.00838	0	0	0	0	0	0	0	0	0	0	0	0	0	0	0	0	0.09649	0	0	0	0	0	0.00411	0	0	0	0	0	0	0	0	0	0	0	0	0	0	0	0	0	0	0	0	0	0	0	0	0	0	0	0	0	0.00468	0	0	0	0	0	0	0	0	0	0	0	0	0	0	0	0	0	0	0	0	0	0	0	0	0	0	0	0	0	0	0	0	0	0	0	0	0	0	0
GGB4723_SGB6540	0	0	0	0	0	0	0	0	0	0	0	0	0	0	0	0	0	0	0	0	0	0	0.76448	0	0	0	0	0	0	0	0	0	0.0026	0	0	0	0	0	0	0	0	0	0	0	0	0	0	0	0	0	0	0	0	0	0	0	0	0	0	0	0	0	0	0.09428	0	0	0	0	0	0.02702	0.21366	0	0.0888	0	0	0	0	0	0.01937	0	0	0	0	0	0.01893	0	0	0	0	0	0	0	0	0	0	0	0	0	0	0	0	0	0.26473	0.23993	0	0	0	0	0	0	0	0.02414	0	0	0	0	0	0	0	0	0	0	0.02582	0	0	0	0	0	0	0	0	0	0	0	0	0	0	0	0	0	0	0	0	0	0	0	0	0	0	0	0	0	0	0	0	0	0	0	0	0	0	0	0	0	0	0	0	0	0
GGB3478_SGB4643	0	0	0	0	0	0	0	0	0	0	0	0	0	0	0	0	0	0	0	0	0	0	0	0	0	0	0	0	0	0	0	0	0	0	0	0	0	0	0	0	0	0	0	0	0	0	0	0	0	0	0	0	0	0	0	0.75986	0	0	0	0	0	0	0	0	0.08844	0	0	0	0	0.01212	0.15026	0	0	0	0	0	0	0	0	0	0	0	0	0	0	0	0	0	0	0	0	0	0	0	0	0	0	0	0	0	0	0.04979	0	0.10528	0	0	0	0	0.06659	0	0	0	0	0	0	0	0	0	0	0	0	0	0	0	0	0	0	0	0	0	0	0	0	0	0	0	0	0	0	0	0	0	0	0	0	0	0	0	0	0	0	0	0	0	0	0	0	0	0	0	0	0	0	0	0	0	0	0	0
GGB4704_SGB6511	0	0	0	0	0	0	0	0	0	0	0	0	0	0	0	0	0	0	0	0	0	0	0	0	0	0	0	0	0	0	0	0	0	0	0	0	0	0	0	0	0	0	0	0	0	0	0	0	0	0.01222	0	0	0	0	0	0	0	0	0	0	0	0	0	0.00071	0	0	0	0	0	0	0	0	0	0	0	0	0	0	0	0	0	0	0	0	0	0	0	0	0	0	0	0	0	0	0	0	0	0	0	0	0.75644	0	0	0	0	0	0	0	0	0	0	0	0	0	0	0	0	0	0	0	0	0	0.02191	0	0	0	0	0	0	0	0	0	0	0	0	0	0	0	0	0	0	0	0	0	0	0	0	0	0	0	0	0	0	0	0.01133	0	0	0	0	0	0	0	0	0	0	0	0	0	0
Parabacteroides_massiliensis	0	0	0	0	0	0	0	0	0	0	0	0	0	0	0	0	0.74643	0	0	0	0	0	0	0	0	0	0	0	0	0	0	0	0	0	0	0	0	0	0	0	0	0	0	0	0	0	0	0	0	0	0	0	0	0	0	0	0	0	0	0	0	0	0	0	0	0	0	0	0	0	0	0	0	0	0	0	0	0	0	0	0	0	0	0	0	0	0	0	0	0	0	0	0	0	0	0	0	0	0	0	0	0	0	0	0	0	0	0	0	0	0	0	0	0	0	0	0	0	0	0	0	0	0	0	0	0	0	0	0	0	0	0	0	0	0	0	0	0	0	0	0	0	0	0	0	0	0	0	0	0	0	0	0	0	0	0	0	0	0	0	0	0	0	0	0	0	0	0	0
Bacteroides_sp_GM023	0	0	0	0	0	0	0	0	0	0	0	0	0	0	0	0	0	0	0	0	0	0	0	0	0	0	0	0	0	0	0	0	0	0.0019	0	0	0	0	0	0	0	0	0	0	0	0	0	0	0	0	0	0	0	0	0	0	0	0	0	0	0	0	0	0	0	0	0	0	0	0	0	0	0	0	0	0	0	0	0	0	0	0	0	0	0	0	0	0	0	0	0	0	0	0	0	0	0	0	0	0	0	0	0	0	0	0	0	0	0	0	0	0	0	0	0	0	0	0	0	0	0	0	0	0	0	0	0	0	0	0	0	0	0	0	0	0	0	0	0	0	0	0	0	0	0	0	0	0	0	0	0	0	0	0	0	0	0	0	0	0	0	0	0	0	0	0.74392	0	0	0
GGB1630_SGB2238	0	0	0	0	0	0	0	0	0	0	0	0	0	0	0	0	0	0	0	0	0	0	0	0	0	0	0	0	0	0	0	0	0	0	0	0	0	0	0	0	0	0	0	0	0	0	0	0	0	0	0	0	0	0	0	0	0	0	0	0	0	0	0	0	0	0	0	0	0	0	0	0	0	0	0	0	0	0	0	0	0	0	0	0	0	0	0	0	0	0	0	0	0	0	0	0	0	0	0	0	0	0	0	0	0.74264	0	0	0	0	0	0	0	0	0	0	0	0	0	0	0	0	0	0	0	0	0	0	0	0	0	0	0	0	0	0	0	0.48051	0	0	0	0	0	0	0	0	0	0	0	0	0	0	0	0	0	0	0	0	0	0	0	0	0	0	0	0	0	0	0	0
Massilistercora_timonensis	0	0	0.73866	0	0	0	0	0	0	0	0	0	0	0	0	0	0	0	0	0	0	0	0	0	0	0	0	0	0	0	0	0	0	0	0	0	0	0	0	0	0	0.02581	0	0	0	0	0	0	0	0	0	0	0	0	0	0	0	0	0	0	0	0	0	0	0	0	0	0	0	0	0	0	0	0	0	0	0	0	0	0	0	0	0	0.00181	0	0	0	0	0	0	0	0	0	0	0	0	0	0	0	0	0	0	0	0	0	0	0	0	0	0	0	0	0	0	0	0	0	0	0	0	0	0	0	0	0	0	0	0	0	0	0	0	0	0	0	0	0	0	0	0	0	0	0	0	0	0	0	0	0	0	0	0	0	0	0	0	0	0	0	0	0	0	0	0	0	0	0	0	0
Ligilactobacillus_ruminis	0	0	0	0	0	0	0	0	0	0	0	0	0	0	0	0	0	0	0	0	0	0	0	0	0	0	0	0	0	0	0	0	0	0	0	0	0	0	0	0	0	0	0	0	0	0	0	0	0	0	0	0	0	0	0	0	0	0	0	0	0	0	0	0	0.18987	0	0	0	0	0	0	0	0	0	0	0	0	0	0	0	0	0	0	0	0	0	0	0	0	0	0	0	0	0	0.09861	0	0	0	0	0	0	0	0	0	0	0	0.00601	0	0	0	0	0	0.73468	0	0	0	0	0	0	0	0	0	0	0	0	0	0	0	0	0	0	0	0	0	0	0	0	0	0	0	0	0	0	0	0	0	0.0505	0	0	0	0	0	0	0	0	0	0	0	0	0	0	0	0	0	0	0	0	0	0
Veillonella_rogosae	0.00108	0.01822	0.00686	0	0	0	0	0	0	0.08351	0	0.00105	0.00077	0	0	0	0.01699	0	0	0	0.09697	0	0	0	0	0.00995	0	0.00237	0	0	0	0.00253	0	0.0444	0	0	0.00154	0	0.07051	0	0	0	0	0.00392	0	0	0	0	0	0.00269	0	0	0	0	0	0	0.15705	0	0	0	0	0	0.01481	0	0.09541	0.03889	0	0.00047	0	0.00314	0	0.07804	0.00565	0.73121	0.00588	0	0.00489	0	0.00072	0	0.0405	0	0	0	0.00437	0	0.00425	0.0917	0	0	0.10193	0	0.00145	0	0	0	0	0	0	0	0.02946	0.01881	0	0	0	0.00125	0	0	0.55672	0.02945	0	0	0.08462	0	0	0	0.01049	0	0	0	0	0.00133	0	0	0	0	0	0.00712	0	0	0.00054	0.22659	0	0.07879	0	0	0	0	0	0.00328	0.00641	0	0.02536	0.00545	0	0.00518	0	0	0	0	0	0	0	0	0	0	0	0	0	0	0	0.0109	0	0	0	0	0	0	0
Blautia_SGB4815	0.08894	0	0	0	0	0.337	0	0	0.00333	0	0	0.06147	0	0.01181	0.00116	0.03537	0	0	0	0	0	0	0.00336	0	0	0.02158	0	0	0	0.01643	0	0	0.05595	0	0	0	0.02503	0.00705	0	0	0.02558	0.01482	0	0	0	0.19847	0.25849	0.63175	0.00503	0.72662	0	0	0	0	0	0.02469	0	0	0	0	0.00816	0.00122	0.00076	0	0.01042	0	0	0	0	0.00374	0	0	0	0.00323	0	0	0	0	0.00121	0	0.00028	0.00119	0	0.00735	0	0	0	0	0	0	0	0	0	0	0	0	0.01942	0.08449	0.00115	0	0.00538	0.00065	0	0	0.00113	0	0.00499	0	0.0058	0.01144	0.00094	0	0	0.00407	0	0	0	0.00184	0	0.03913	0	0	0	0	0.00022	0	0	0.00406	0	0	0	0.02428	0	0	0	0	0	0	0.00061	0	0.00186	0.06231	0	0	0	0	0	0	0	0	0	0	0	0	0	0	0	0	0	0	0	0	0	0	0	0	0	0	0
Megasphaera_hominis	0	0	0	0	0	0	0	0	0	0	0	0	0	0	0	0.47242	0.14131	0	0	0	0.01402	0	0	0	0	0.0001	0	0	0	0.00616	0	0	0	0	0	0	0	0.01917	0	0	0	0	0	0	0	0	0	0	0	0	0	0	0	0	0	0	0	0	0	0	0.0422	0	0	0.02923	0	0	0	0	0	0	0	0	0	0	0	0	0	0	0	0	0	0	0	0	0	0.11836	0	0	0	0	0	0	0	0	0	0	0	0	0	0	0	0	0	0	0	0	0	0	0	0	0	0	0	0	0	0	0	0	0	0	0	0	0	0	0	0	0	0	0.13828	0	0	0	0	0	0	0	0	0	0	0	0.08964	0.72245	0	0	0	0	0	0	0	0	0	0	0	0	0	0	0	0.01109	0	0	0	0	0	0	0	0	0	0	0
Butyricicoccus_SGB14985	0	0	0	0	0	0	0	0	0	0	0	0	0	0	0	0	0	0	0	0	0	0	0	0	0	0	0	0	0	0	0	0	0	0	0	0	0	0	0	0	0	0	0	0	0	0	0.71387	0	0	0	0	0	0	0	0	0	0	0	0	0	0	0	0	0	0	0	0	0	0	0	0	0	0	0	0	0	0	0	0	0	0	0	0	0	0	0	0	0	0	0	0	0.00126	0	0	0	0	0	0	0	0	0	0	0	0	0	0	0	0	0	0	0	0	0	0	0	0	0.0159	0	0	0	0	0	0	0	0	0	0	0	0	0	0	0	0	0	0	0	0	0	0	0	0	0	0	0	0	0	0	0	0	0	0	0	0	0	0	0	0	0	0	0	0	0	0	0	0	0	0	0	0
GGB9760_SGB15374	0.01989	0	0	0	0	0	0	0	0	0.71275	0	0	0.18674	0	0	0	0	0	0	0	0	0	0	0	0	0	0	0	0	0	0	0	0.40545	0	0	0.1906	0.39637	0	0	0	0	0	0	0	0	0.24966	0	0	0	0.56614	0	0.01233	0	0	0	0	0	0	0	0	0	0	0	0.03576	0	0	0	0.02119	0	0.07785	0.16011	0	0	0	0.11018	0	0	0.00034	0	0	0	0	0	0	0.07337	0	0	0	0	0	0	0	0.02645	0	0.07571	0.01227	0.04565	0	0.04727	0	0	0	0.11853	0.33346	0	0	0	0	0.53958	0	0.454	0	0.32536	0	0	0	0	0	0	0.26277	0	0	0.0227	0	0	0	0	0	0	0.18689	0	0	0	0	0.08034	0	0	0.06669	0	0.08435	0	0	0	0.05109	0.00196	0.00236	0	0	0	0.02055	0	0	0	0	0	0	0	0	0.01953	0	0	0.00477	0	0	0	0	0	0	0.00456
GGB3550_SGB4747	0	0	0	0	0	0	0	0	0	0	0	0	0	0	0	0.242	0	0	0	0	0	0	0	0.02415	0	0	0	0	0	0	0	0	0	0	0	0	0	0	0	0	0	0	0	0	0	0	0	0	0	0	0	0	0	0	0	0	0	0	0	0	0	0	0	0.00178	0	0	0	0	0	0	0	0	0	0	0	0	0	0	0	0	0	0	0	0.02045	0	0.01274	0.28289	0	0	0	0	0.7105	0	0.03057	0	0	0	0	0	0	0	0	0	0	0	0	0	0	0	0	0	0.02762	0	0.06285	0	0	0	0	0	0	0	0	0	0	0	0	0	0	0	0	0	0	0	0	0	0	0	0	0	0	0	0	0	0	0	0	0	0	0	0	0	0	0	0	0	0	0	0	0	0	0	0	0	0	0.02904	0	0	0	0
Ruminococcus_sp_AF41_9	0	0	0	0	0	0	0	0	0	0	0	0	0	0	0	0	0.0116	0	0.13873	0	0	0	0	0	0	0	0	0	0	0.51157	0	0	0.01559	0	0	0.14108	0.0874	0	0	0	0	0	0	0	0	0.70834	0	0.0008	0	0.06056	0	0	0	0	0	0.02034	0	0	0	0	0	0	0	0.00767	0	0	0	0	0.01937	0	0	0	0	0.00591	0	0	0	0	0.00022	0	0.00867	0	0	0	0.00174	0	0	0	0	0	0	0	0	0	0	0	0	0	0	0	0	0	0.00227	0	0	0	0	0	0	0.00186	0	0	0	0	0	0	0	0.00547	0	0	0	0	0	0	0	0	0.0004	0	0.00851	0.00735	0	0	0	0	0	0	0	0	0.00705	0.00301	0	0	0	0	0	0	0	0	0	0	0	0	0	0	0	0	0	0	0.00954	0	0	0	0	0	0.01609	0	0	0	0.00332
GGB9425_SGB14795	0	0	0	0	0	0	0	0	0	0	0	0	0	0	0	0	0	0	0	0	0	0	0	0.70271	0	0	0	0	0	0	0	0	0	0	0	0	0	0	0	0	0	0	0	0	0	0	0	0	0	0	0	0	0	0	0	0	0	0	0	0	0	0	0	0	0	0	0	0	0	0	0	0	0	0	0	0	0	0	0	0	0	0	0	0	0	0	0	0	0	0	0	0	0	0	0	0.03453	0	0	0	0	0	0	0	0	0	0	0	0	0	0	0.00422	0	0	0	0	0	0	0	0	0	0	0	0	0	0	0	0	0.00798	0	0	0	0	0	0	0	0	0	0	0	0	0	0	0.00305	0	0	0	0	0	0	0	0	0	0	0	0	0	0	0	0	0	0	0	0	0	0	0	0	0	0
Vescimonas_SGB15087	0	0	0	0	0	0	0	0	0	0	0	0	0.00198	0	0	0	0	0	0	0	0	0	0.07873	0	0	0	0	0	0	0	0	0	0	0	0	0.01424	0	0.05529	0	0	0	0	0	0	0	0	0	0	0	0.05453	0.00323	0	0	0	0	0	0	0	0	0	0	0	0	0	0	0	0	0	0	0	0.0022	0.07172	0	0	0	0	0	0	0	0	0	0	0	0	0.01067	0	0	0	0	0	0	0	0.20553	0	0.24119	0	0	0	0.70244	0	0.00618	0	0.03233	0.0009	0	0	0	0	0.03528	0.00166	0.05027	0	0	0	0	0	0	0	0.10002	0.00727	0	0	0	0	0	0	0	0.08709	0	0	0	0	0	0	0.0889	0	0	0.20603	0	0	0	0	0	0.00278	0	0.0433	0	0	0	0	0	0	0	0	0	0	0	0	0	0	0	0	0.01989	0	0	0	0	0	0
Desulfovibrio_porci	0	0	0	0	0	0	0	0	0	0	0	0	0	0	0	0	0	0	0	0	0	0	0	0	0	0	0	0	0	0	0	0	0	0	0	0	0	0	0	0	0	0	0	0	0	0	0	0	0	0	0	0	0	0	0	0	0	0	0	0	0	0	0	0	0	0	0	0	0	0	0	0	0	0	0	0	0	0	0	0	0	0	0	0	0	0	0	0	0	0	0	0	0	0	0	0	0	0	0.69936	0	0	0	0	0	0	0	0	0	0	0	0	0	0	0	0	0	0	0	0	0	0	0	0	0	0	0	0	0	0	0	0	0	0	0	0	0	0	0	0	0	0	0	0	0	0	0	0	0	0	0	0	0	0	0	0	0	0	0	0	0	0	0	0	0	0	0	0	0	0
GGB3139_SGB4152	0	0	0	0	0	0	0	0	0	0	0	0	0	0	0	0	0	0	0	0	0	0	0	0	0	0	0	0	0	0	0	0	0	0	0	0	0	0	0	0	0	0	0	0	0	0	0	0	0	0	0	0	0	0	0	0	0	0	0	0	0	0	0	0	0	0	0	0	0	0	0	0	0	0	0	0	0	0	0	0	0	0	0	0	0	0	0	0	0	0	0	0	0	0	0.69518	0	0	0	0	0	0	0	0	0	0	0	0	0	0	0	0	0	0	0	0	0	0	0	0	0	0	0	0	0	0	0	0	0	0	0	0	0	0	0	0	0	0	0	0	0	0	0	0	0	0	0	0	0	0	0	0	0	0	0	0	0	0	0	0	0	0	0	0	0	0	0	0	0	0
Senegalimassilia_anaerobia	0	0	0	0	0	0	0	0	0	0	0	0	0.17049	0	0	0	0	0	0	0	0	0.03501	0	0	0	0.68414	0	0	0	0.20986	0	0	0.36578	0	0	0	0	0	0	0	0	0.06845	0	0	0	0	0	0	0	0	0	0	0	0	0	0	0	0	0	0	0	0	0	0	0	0	0	0	0	0	0	0	0	0	0	0	0	0	0	0	0	0	0	0	0.00735	0	0	0	0	0	0	0	0	0	0	0	0	0	0	0	0	0	0	0.00505	0	0	0.00527	0	0.00878	0	0	0	0	0	0	0.00465	0	0	0	0	0	0	0	0.0146	0	0	0	0	0	0	0	0	0	0	0	0	0	0	0	0.00277	0	0	0	0	0	0	0	0	0	0	0	0	0	0	0	0	0	0	0	0	0	0	0	0.01038	0	0	0	0.00428	0
Holdemania_sp_1001095H_141210_F2	0	0	0	0	0	0	0	0	0	0	0	0	0	0	0	0	0	0	0	0	0	0	0	0	0	0	0	0	0	0	0	0	0	0	0	0.09719	0	0	0	0	0	0	0	0	0	0	0	0	0.06345	0	0	0.04025	0	0	0	0	0	0	0	0	0	0	0	0.00867	0	0	0.01842	0	0	0	0.00034	0	0	0.00953	0	0	0	7e-05	0.01637	0	0	0	0	0	0	0	0	0	0	0	0	0	0	0	0.03741	0	0	0.6769	0	0	0	0	0	0.00421	0	0	0	0.39056	0	0	0	0	0	0	0	0	0	0	0	0	0.02332	0	0	0	0.00532	0	0	0	0	0	0.0543	0	0	0	0	0	0	0	0	0	0	0.01712	0.00102	0	0	0	0	0	0	0	0	0	0	0	0	0	0	0	0	0	0	0	0	0	0	0	0	0	0
GGB3109_SGB4121	0	0	0.09637	0.04361	0	0	0.0043	0.06131	0	0	0.30367	0.16159	0	0.05932	0.08154	0.34217	0	0.10845	0	0.03987	0.14154	0.04741	0	0.49733	0.08913	0	0.02031	0.08164	0	0	0.03731	0	0	0.32094	0.13034	0	0	0.03871	0.14282	0	0.13476	0.01284	0.1438	0.00263	0.0007	0	0.00639	0	0	0	0.02254	0	0.03395	0	0	0	0	0.03441	0.0979	0	0	0	0.00179	0.04257	0.36814	0	0.18777	0.05805	0.11633	0	0	0.0082	0	0.32291	0.12595	0.19567	0.0138	0	0.00296	0.29065	0.09597	0	0	0.16598	0	0.16827	0.16855	0	0.2783	0.02713	0	0	0	0.00458	0	0	0	0	0	0.11546	0	0	0	0	0	0.02304	0.05362	0.02278	0.05207	0.07977	0	0	0.0552	0.09955	0.22003	0.08338	0.02161	0	0	0	0.1148	0	0	0	0	0.04916	0.21908	0.09624	0.17086	0	0	0	0.07053	0.0488	0	0	0	0	0.06245	0	0	0.67287	0	0	0	0	0	0	0	0.00573	0	0.22607	0	0.01791	0	0	0	0	0	0	0	0	0	0.0411	0.01915	0	0.0319	0.0307	0
Alistipes_senegalensis	0.60137	0	0	0	0	0	0	0.06964	0	0.00625	0	0	0	0	0	0	0.14784	0	0	0	0	0.10682	0	0	0	0	0	0	0	0	0	0	0	0	0	0	0.00916	0	0	0.0012	0.22407	0	0	0	0	0	0	0	0	0.00141	0	0	0	0.00633	0	0	0	0	0	0	0	0	0	0	0	0	0.01521	0	0	0	0	0	0	0	0	0	0.0034	0	0	0.05036	0	0	0	0	0.06837	0	0	0	0	0.04182	0	0	0	0	0	0.13898	0	0	0.03912	0	0	0.01848	0.02934	0	0.0012	0	0	0	0.02017	0	0	0	0.01146	0	0	0	0	0	0.02395	0.00179	0.04138	0	0	0.01222	0	0	0	0	0	0	0	0	0	0	0	0	0	0	0	0	0	0.00522	0	0.67073	0	0	0	0	0	0	0.00731	0	0	0	0.00641	0	0	0	0	0	0	0.09228	0.07247	0	0	0	0	0	0.04132
Blautia_stercoris	0.47547	0	0	0	0.01966	0	0	0	0	0.01468	0	0.10194	0.03995	0	0	0	0	0	0.14608	0	0	0.012	0	0	0	0.04482	0	0	0	0.03411	0	0.6691	0.07617	0	0	0.2023	0.47759	0	0	0.1396	0.00925	0.01524	0.30513	0	0	0	0	0	0.12898	0.16686	0	0.02081	0.00479	0	0.00852	0	0	0	0	0.00682	0.02446	0.0152	0	0.0408	0	0.03273	0.00055	0	0.05565	0.09253	0.05893	0	0	0.23279	0.02102	0	0	0.00459	0	0	0.01191	0.01271	0	0	0.09155	0	0	0	0	0.0383	0.05753	0	0	0.04642	0.00492	0.01306	0	0	0	0.01582	0	0.00777	0.03386	0.13737	0.00492	0.00538	0.00709	0.01526	0	0.00167	0.04823	0	0.00961	0.00687	0.03882	0.00506	0	0	7e-05	0	0.00096	0	0.06981	0	0	0	0.09435	0.00026	8e-05	0.02013	0.00045	0.12724	0.01494	0	0.00344	0.03181	0	0.03855	0.00929	0.00274	0	0.19335	0	0	0	0	0.00148	0	0.05738	0.04646	0	0	0	0	0.00955	0	0	0	0	0	0	0	0	0.00012	0	0	0	0.00414	0
Enterococcus_faecalis	0	0	0.00198	0.17935	0.66904	0	0	0	0	0	0	0	0	0	0	0	0	0	0	0	0	0	0	0	0	0	0	0	0	0	0	0	0	0	0	0	0	0.43432	0	0	0	0	0	0	0	0	0	0	0	0	0	0	0	0	0	0	0	0	0	0	0	0	0	0	0	0	0	0	0	0	0	0	0	0	0	0	0	0	0	0	0	0	0	0	0	0	0	0	0	0	0	0	0	0	0	0	0	0	0	0	0	0	0	0	0	0	0	0	0	0	0	0	0	0	0	0	0	0	0	0	0	0	0	0	0	0.00247	0	0	0	0	0	0	0	0	0	0	0	0	0	0	0	0	0	0	0	0	0	0	0	0	0	0	0	0	0	0	0	0	0	0	0	0	0	0	0	0	0	0	0
Eubacterium_limosum	0	0	0	0	0.01914	0	0.2497	0.66736	0	0	0.0214	0	0	0.00083	0	0	0	0	0	0	0	0	0	0	0	0	0	0	0	0	0	0	0	0.2444	0.48969	0	0	0.01365	0.1138	0	0	0	0	0	0	0.00024	0	0	0	0	0	0	0	0	0	0	0	0	0	0	0	0	0	0	0	0	0	0	0	0	0	0	0	0	0	0	0	0	0	0	0	0	0	0	0	0	0	0	0	0	0	0	0	0	0	0	0	0	0	0	0	0	0	0	0	0	0	0	0	0	0	0	0	0	0	0	0	0	0	0	0	0	0	0	0	0	0	0	0	0	0	0	0	0	0	0	0	0	0	0	0	0	0	0	0	0	0	0	0	0	0	0	0	0	0	0	0	0	0	0	0	0	0	0	0	0	0	0	0
GGB3819_SGB5184	0	0	0	0	0	0	0	0	0	0	0	0	0	0	0	0	0	0	0	0	0	0	0	0	0	0	0.22918	0	0	0	0	0	0	0	0	0	0	0	0	0	0	0	0	0	0	0	0	0.00537	0.04156	0	0	0	0	0	0	0	0	0	0	0	0	0	0	0	0	0	0	0	0	0	0	0	0	0	0	0	0	0.08903	0	0	0	0	0.43868	0	0	0	0.08736	0	0	0.01793	0	0	0	0	0	0	0.66321	0	0	0	0	0	0	0	0	0	0	0	0	0	0	0	0.0395	0	0	0	0	0	0	0	0	0	0	0	0	0	0	0	0	0	0	0	0	0.00621	0	0	0	0	0	0	0	0	0	0	0	0	0	0	0	0	0.00078	0	0	0	0	0	0	0	0	0	0	0	0	0	0	0	0	0	0
Fusicatenibacter_sp_CLA_AA_H277	0.38581	0.11737	0	0	0	0	0	0.00183	0	0.09154	0	0.07473	0.14969	0.05917	0.04662	0.22167	0.07471	0	0.09319	0.02654	0	0.05062	0.04298	0	0	0.1096	0	0	0	0.21798	0	0	0.21638	0	0	0.04469	0.08425	0.013	0	0.05506	0.024	0.02238	0	0	0	0.14787	0	0.04891	0.20103	0.05014	0.00473	0.07642	0.01343	0	0	0.04699	0	0.00932	0	0	0.12564	0.00345	0.03634	0.11738	0.4498	0	0.02089	0.28387	0.11289	0.02576	0.01465	0.01303	0.04748	0	0.04935	0.05294	0	0.08484	0.10949	0.27961	0.15612	0.09711	0.01425	0.11289	0.03533	0.19678	0.03918	0	0	0.02757	0.00705	0.00159	0.01703	0.07822	0.02656	0.06906	0.03497	0.25387	0.03649	0.08084	0.42657	0	0.16189	0.04179	0.12965	0.02218	0.006	0.07532	0.08435	0.20481	0	0.10396	0.01072	0.04553	0	0	0	0.03152	0.19534	0.11796	0.07787	0	0.0016	0.01252	0.046	0.01162	0.2018	0.04737	0.197	0.1688	0.0123	0.66319	0.14749	0.08977	0.0409	0.04901	0.05115	0.04488	0	0.02018	0	0.02311	0	0	0	0	0	0	0	0.05176	0	0	0	0	0.01094	0	0.0064	0	0	0	0	0	0	0	0	0	0	0	0
GGB3548_SGB4744	0	0	0	0	0	0	0	0	0	0	0	0	0	0	0	0	0	0	0	0	0	0	0	0	0	0	0	0	0	0	0	0	0	0	0	0	0.6629	0	0	0	0	0	0	0	0	0	0	0	0.00349	0	0	0	0	0	0	0	0	0	0	0	0	0	0	0	0	0	0	0	0	0	0	0	0	0	0	0	0	0	0	0	0	0	0	0	0	0	0	0	0	0.01816	0	0	0	0	0	0	0	0.14572	0	0	0	0	0	0	0	0	0	0	0	0	0	0	0	0	0	0	0	0	0	0	0	0	0	0	0	0	0	0	0	0	0	0	0	0	0	0	0	0	0.0352	0	0	0	0	0	0	0	0	0	0	0	0	0	0	0	0	0	0	0	0	0	0	0	0	0	0	0	0	0	0
Jutongia_hominis	0	0	0	0	0	0	0	0	0	0	0	0	0	0	0	0.14152	0	0	0	0	0	0.0147	0	0	0	0	0	0	0	0	0	0.05721	0.00128	0	0	0.00445	0	0	0	0	0.01818	0	0	0	0	0	0	0.00168	0	0	0	0.19157	0.21256	0.13357	0	0.25531	0	0.16097	0	0	0.0045	0	0	0.00982	0	0	0	0.05163	0	0	0	0	0.0013	0	0	0.29178	0	0	0.01915	0.00725	0	0	0	0	0.01335	0.02523	0	0	0	0.05223	0	0	0	0	0.00563	0	0	0	0	0.11054	0	0.03922	0.65427	0	0.06713	0	0	0	0.03494	0	0	0.00067	0	0	0	0	0	0	0	0	0	0	0	0	0	0	0.10419	0	0	0	0.04936	0	0	0.00284	0	0	0.16245	0	0	0	0	0	0	0	0	0	0.02295	0	0	0.0617	0	0	0	0	0	0	0	0.00932	0	0	0	0.02102	0	0.05697	0	0	0	0	0
Enterocloster_asparagiformis	0.01363	0	0	0	0.65409	0	0	0.01551	0	0	0	0	0	0	0	0.06917	0	0	0	0	0.00316	0	0.01104	0	0	0	0	0	0.00195	0.00493	0	0	9e-05	0	0	0	0.00138	0.00404	0	0	0.00141	0.02067	0	0	0	0	0	0	0	0	0	0	0	0	0	0	0	0	0	0	0	0	0	0	0.00059	0	0	0.02515	0	0	0	0	0	0	0	0	0	0	0	0.00244	0	0.03557	0	0.0352	0.00154	0	0	0	0.03517	0	0	0.07163	0	0.00036	0.00166	0	0	0	0.00099	0	0	0	0	0	0	0	0	0.05043	0.00101	0	0	0.02455	0	0.00509	0	0	0	0.00071	0.04008	0	0	0	0	0.00882	0.04604	0	0	0	0	0	0.01814	0.03368	0	0	0.00048	0	0	0	0.00741	0.0127	0	0.00084	0	0	0.00462	0	0	0	0.00329	0	0	0	0	0	0	0	0	0.00249	0.00142	0	0	0	0	0	0	0	0	0	0
GGB33512_SGB15202	0	0	0	0	0	0	0	0	0	0	0	0	0	0	0	0	0	0	0	0	0	0	0	0	0	0	0	0	0	0	0	0	0	0	0	0	0.02381	0	0	0	0	0.24911	0	0	0	0	0	0	0	0	0	0	0	0	0	0	0	0	0	0	0	0	0	0	0	0	0	0	0	0	0	0	0	0	0	0	0	0	0	0	0	0	0	0	0	0	0	0	0	0	0	0	0	0	0	0	0	0	0.00514	0	0	0	0.00853	0	0.0029	0	0	0	0	0	0	0	0	0	0	0	0	0.00093	0	0	0	0	0	0	0.63947	0	0	0	0	0	0	0	0	0	0	0	0	0	0.00728	0	0	0	0	0	0	0	0	0	0	0	0	0	0	0	0	0	0	0	0	0	0	0	0	0	0	0	0	0	0
Prevotella_SGB1687	0	0	0	0	0	0	0	0	0	0	0	0	0	0	0	0	0	0	0	0	0	0	0	0	0	0	0	0	0	0	0	0	0	0	0	0	0	0	0	0	0	0	0	0	0	0	0	0	0	0	0	0	0	0	0	0	0	0	0	0	0	0	0	0	0	0	0	0	0	0	0	0	0	0	0	0	0	0	0	0	0	0	0	0	0	0	0	0	0	0	0	0	0	0	0	0	0	0	0	0	0	0	0	0	0	0	0	0	0	0	0	0	0	0	0	0	0	0	0	0	0	0	0	0	0	0	0	0	0.6305	0	0	0	0	0	0	0	0	0	0	0	0	0	0	0	0	0	0	0	0	0	0	0	0	0	0	0	0	0	0	0	0	0	0	0	0	0	0	0	0
Erysipelatoclostridium_SGB66626	0	0	0	0.0277	0	0	0	0	0	0	0	0	0	0	0	0	0	0	0	0	0	0	0	0	0	0	0	0	0	0	0	0	0	0	0	0	0	0	0	0	0	0	0	0	0	0.00211	0.15634	0	0	0	0	0	0	0	0	0	0	0	0	0	0	0	0	0	0	0	0	0	0	0	0	0	0	0.62521	0.03757	0	0	0	0	0	0	0	0	0	0	0	0	0	0	0	0.01392	0	0	0	0	0	0	0	0	0	0	0	0	0	0.00813	0	0	0	0	0	0	0.00138	0	0	0	0	0	0	0	0	0	0	0	0	0	0	0	0	0	0	0	0	0	0	0	0	0	0	0	0	0	0	0	0	0	0	0	0	0	0	0	0	0	0	0	0	0	0	0	0	0	0	0	0	0	0	0	0	0
Lawsonibacter_hominis	0.00412	0	0	0	0	0	0	0	0	0	0	0	0	0.00194	0.00408	0	0	0	0	0	0	0	0.00645	0	0	0	0	0	0	0	0	0	0	0	0	0.00203	0.01443	0	0	0	0	0.61311	0	0	0	0.00352	0	0	0	0	0	0	0	0	0	0	0	0	0	0	0	0	0	0	0	0	0	0.00015	0	0	0	0	0	0	0	0	0	0	0	0	0	0	0	0	0	0	0	0	0	0	0	0	0	0	0	0	0	0	0.00676	0	0	0	0.00056	0	0.03466	0	0	0	0	0	0	0.01207	0	0	0	0	0	0	0	0	0	0	0	0	0	0	0	0	0	0	0.00196	0	0	0	0	0	0	0	0.12104	0	0	0	0	0	0	0	0	0	0	0.00662	0	0	0	0	0	0	0	0	0.00793	0	0	0	0	0	0	0	0	0	0
GGB9636_SGB15107	0	0	0	0	0	0	0	0	0	0.00352	0	0	0	0	0	0	0	0	0	0	0	0	0	0	0	0	0	0	0	0	0	0	0	0	0	0	0	0	0	0	0	0	0	0	0	0	0	0	0	0.34081	0	0	0	0	0	0	0	0	0	0	0	0	0	0	0	0	0	0	0	0	0.00216	0	0	0	0	0	0	0	0	0	0	0	0	0	0	0	0.00996	0	0	0	0	0	0	0	0.59808	0	0	0	0	0	0	0	0.01206	0.00074	0	0	0	0	0	0	0	0	0	0	0	0	0	0	0	0.1791	0	0	0	0.14806	0	0	0	0	0	0	0	0	0	0.00559	0	0	0	0	0	0	0	0	0	0	0	0	0	0	0	0	0	0	0	0	0	0	0	0	0	0	0	0	0	0	0	0	0	0	0
Bacteroides_propionicigenes	0	0	0	0	0	0	0	0	0	0	0	0	0	0	0	0	0	0	0	0	0	0	0	0	0	0	0	0	0	0	0	0	0	0	0	0	0	0	0	0	0	0	0	0	0	0	0	0	0	0	0	0	0	0.598	0	0	0	0	0	0	0	0	0	0	0	0	0	0	0	0	0	0	0	0	0	0	0	0	0	0	0	0	0	0	0	0	0	0	0	0	0	0	0	0	0	0	0	0	0	0	0	0	0	0	0	0	0	0	0	0	0	0	0	0	0	0	0	0	0	0	0	0	0	0	0	0	0	0	0	0	0	0	0	0	0	0	0	0	0	0	0	0	0	0	0	0	0	0	0	0	0	0	0	0	0	0	0	0	0	0	0	0	0	0	0	0	0	0	0
Amedibacillus_dolichus	0	0.18643	0	0.0047	0	0	0	0	0	0	0	0	0	0	0	0.01835	0	0	0	0	0	0	0	0	0	0	0	0	0.00551	0	0	0	0	0	0	0	0	0	0	0	0	0	0	0	0	0	0	0	0	0	0	0	0	0	0	0	0	0	0	0	0	0	0	0	0.01973	0.06387	0	0	0	0	0	0	0	0	0.01537	0	0	0	0	0	0	0	0	0	0	0	0.57262	0	0.59752	0	0	0	0	0	0	0	0	0	0	0	0	0	0	0	0	0	0	0	0	0	0	0	0	0	0.00473	0	0.01307	0	0	0	0	0	0	0	0	0	0	0	0	0.05157	0.00414	0	0	0	0	0	0	0	0	0	0	0	0	0	0	0	0	0	0.00071	0	0	0	0	0	0	0	0	0	0	0	0	0	0	0	0.03112	0	0	0	0
GGB4699_SGB6502	0	0	0	0	0	0	0	0	0	0	0	0	0	0	0	0	0	0	0	0	0	0	0	0	0	0	0	0	0	0	0	0	0	0	0	0	0	0	0	0	0	0	0	0	0	0	0	0	0	0	0	0	0	0	0	0	0	0	0	0	0	0	0	0	0	0	0	0	0	0	0	0	0	0	0	0	0	0.00448	0	0	0	0	0	0	0	0	0.01014	0	0	0	0	0	0	0	0	0	0	0	0	0	0	0	0	0	0	0	0	0	0	0.00061	0	0	0	0	0	0	0	0	0	0.59536	0	0	0	0	0	0	0	0	0	0	0	0	0	0.00623	0	0	0	0	0	0	0	0	0	0	0	0	0	0	0	0	0	0	0	0	0	0	0	0	0	0	0	0	0	0	0	0	0	0	0
Limosilactobacillus_mucosae	0	0	0.02263	0	0	0	0	0	0	0	0	0	0	0	0	0	0	0	0.00184	0	0	0	0	0	0	0	0	0.59011	0	0	0	0	0.04432	0	0	0	0	0	0	0	0	0	0	0.00281	0	0	0	0.02821	0	0	0	0	0	0	0	0	0	0	0	0	0	0	0	0	0	0	0	0	0	0	0	0	0	0	0	0	0	0	0	0	0	0	0	0	0	0	0	0	0	0	0	0	0	0	0	0	0	0	0	0	0	0	0	0	0	0	0	0	0	0	0	0	0	0	0	0	0	0	0	0	0	0	0	0	0	0	0	0	0	0	0	0	0	0	0	0	0	0	0	0	0	0	0	0	0	0	0	0	0	0	0	0	0	0	0	0	0	0.12146	0	0	0	0	0	0	0	0	0	0	0
GGB4558_SGB6289	0	0	0	0	0	0	0	0	0	0	0	0	0	0	0	0	0	0	0	0	0	0	0	0	0	0	0	0	0	0	0	0	0	0	0	0	0	0	0	0	0	0	0	0	0	0	0	0	0	0.19062	0	0	0	0	0	0	0	0	0	0	0	0	0	0	0	0	0	0	0	0.00371	0.04613	0	0	0	0	0	0	0	0	0	0	0	0	0	0	0	0	0	0	0.27581	0	0	0	0	0	0.20787	0	0	0	0	0	0	0	0.05077	0	0	0	0	0	0	0.02453	0	0	0	0	0	0	0	0	0	0	0	0.58856	0	0	0	0	0	0	0	0	0	0	0	0	0	0	0	0	0	0	0	0	0	0	0	0	0	0	0	0	0	0	0	0	0	0	0	0	0	0	0	0	0	0	0	0	0	0
GGB9290_SGB14247	0	0	0	0	0	0	0	0	0	0.02311	0	0	0	0	0	0	0.00511	0	0	0	0	0	0	0	0	0	0	0	0	0	0	0	0	0	0	0.05383	0	0	0	0	0	0	0	0	0	0	0	0	0	0.0511	0	0	0	0	0	0	0	0	0	0	0	0	0	0	0	0	0	0	0	0	0	0	0	0	0	0	0	0	0	0	0	0	0	0	0	0	0	0	0	0	0	0	0	0	0	0	0	0	0.0432	0	0	0	0.04287	0	0.2158	0	0	0	0	0	0	0	0	0	0	0	0	0.00242	0	0	0.1752	0	0	0	0	0	0	0	0	0	0.26749	0	0	0	0	0	0.08263	0	0	0	0	0	0	0	0	0	0	0	0	0	0	0	0	0	0	0	0	0.58809	0	0	0	0.00866	0	0	0	0	0	0	0
GGB3490_SGB4664	0	0	0	0	0	0	0	0	0	0.01725	0	0	0	0	0	0	0	0	0	0	0	0	0	0	0	0	0	0	0.00952	0	0	0	0	0	0	0	0	0	0	0	0	0	0	0	0	0	0	0	0.00464	0	0	0	0.10234	0.00473	0	0	0	0.02915	0	0	0.01022	0	0	0	0	0	0.03758	0	0.02111	0	0	0	0	0.04509	0	0	0	0	0.09562	0	0.13834	0	0	0.03032	0.09617	0	0	0	0	0.03143	0	0	0	0	0	0	0	0	0.00814	0.03656	0.05308	0.10417	0.05805	0	0.00673	0	0	0	0	0	0	0.01059	0	0	0	0	0	0	0	0	0	0	0	0.00695	0	0	0	0	0	0	0.05894	0	0	0	0	0	0.00989	0	0	0	0	0	0	0	0	0.01027	0	0.0384	0.28948	0	0	0.01879	0	0	0.03086	0.58273	0	0	0.01344	0	0	0.07099	0	0.01217	0	0	0.03255	0	0
Citrobacter_portucalensis	0	0	0	0	0	0	0	0	0	0	0	0	0	0	0	0	0	0	0	0	0	0	0.00642	0	0.00136	0	0	0	0	0	0	0	0	0	0	0	0	0	0	0	0	0	0.00785	0	0	0	0.00402	0	0	0	0	0.00364	0	0	0	0	0.00258	0.0014	0	0	0.0379	0	0	0.00688	0	0	0	0	0	0	0	0	0	0	0.00101	0.22494	0	0	0	0	0	0	0.006	0	0	0.00187	0	0.58209	0	0	0	0	0.01324	0.00315	0.00076	0	0	0	0	0	0	0	0	0	0	0	0	0	0	0	0	0	0	0	0	0	0	0	0	0	0	0.04029	0.00492	0	0	0	0	0	0	0	0	0	0.31311	0	0	0	0	0	0	0.0521	0	0	0.03127	0.01622	0	0	0	0	0	0	0	0	0	0	0	0	0	0	0	0	0	0	0	0	0	0	0	0.00737	0
Clostridiales_bacterium	0.05888	0	0	0	0	0.06604	0	0	0.00293	0	0.03215	0.06086	0	0	0	0.55557	0.01281	0.38408	0	0.00074	0	0	0	0.52026	0.00276	0.03216	0	0	0.08733	0	0	0	0	0	0	0.00268	0	0.12349	0	0.08882	0.01595	0.03429	0	0.05131	0	0.00806	0	0	0	0	0	0.2694	0.07481	0	0	0.00399	0	0	0.01833	0	0.03577	0.00028	0.00612	0	0.13835	0.07852	0.05519	0.03619	0	0.0298	0	0.06709	0	0.4839	0.26743	0.02064	0	0.03857	0	0.03742	0	0	0.39811	0.01794	0.0029	0.00148	0	0	0.48321	0.01643	0	0.57869	0	0	0.00292	0	0	0.05207	0.00625	0.17335	0	0	0	0	0.00983	0	0	0.04576	0	0	0	0.00182	0	0	0	0	0.0095	0.01784	0.07088	0	0.00122	0.08405	0	0	0.00222	0.01253	0.00507	0	0	0	0.06048	0.00146	0.19862	0	0.01408	0	0.00832	0	0.00407	0.02218	0	0.2394	0	0.00181	0	0.04165	0.10765	0.00097	0	0.00622	0.00055	0.09622	0.01805	0	0	0.03246	0	0	0.02038	0	0.04127	0.00351	0	0	0	0	0.01267	0.05282	0
Coprobacter_secundus	0.00988	0	0	0	0	0	0	0	0	0	0	0	0	0	0	0.00334	0	0	0	0	0	0	0	0	0	0	0	0	0	0	0	0	0	0	0	0	0	0	0	0	0	0	0	0	0	0	0	0	0	0	0	0	0	0	0	0	0	0	0	0	0	0	0	0	0	0	0	0	0	0.0003	0	0.02119	0.0027	0	0	0	0	0	0	0.00197	0	0	0	0.06156	0	0	0	0	0.01032	0	0	0	0	0	0	0	0	0.09943	0	0	0	0	0.03513	0	0	0	0	0	0	0	0	0	0	0	0	0	0	0.00713	0.06452	0	0	0	0	0	0	0.02309	0	0.00818	0	0	0	0	0	0	0	0	0	0	0	0.00323	0	0	0	0	0	0	0	0	0	0	0	0	0.1064	0	0	0.00283	0	0	0	0.57695	0	0.00587	0.03545	0	0	0	0.50652	0	0
Clostridium_sp_AM33_3	0.10309	0	0	0	0	0	0	0	0.01792	0.02463	0	0	0.00707	0.01167	0.00731	0.10129	0.06575	0	0.22004	0	0	0.0189	0.00726	0	0	0.11114	0	0	0.00979	0	0	0	0	0	0	0	0.001	0	0	0	0	0	0	0	0	0	0	0	0	0.01395	0.09367	0.22919	0.03015	0	0	0.02591	0	0.15631	0	0	0.03072	0.24491	0	0.0227	0.56434	0.15142	0.04424	0.05599	0.22085	0.08823	0.1842	0.12164	0.03465	0.12311	0.04339	0	0	0.00349	0.4271	0.00371	0.36027	0.04836	0.0035	0	0.05368	0.04665	0	0.2046	0.15296	0.06241	0.01913	0.21247	0.05556	0.01272	0.06243	0.01122	0	0.00518	0.00409	0.03715	0.12968	0.02317	0.02757	0.13069	0.0118	0.01535	0.05048	0.00603	0.05782	0.02993	0	0	0.01594	0.03414	0.06011	0.10545	0	0.01965	0	5e-05	0.00291	0	0.04658	0	0.06967	0.04105	0.06301	0.01165	0.02857	0.01087	0.03009	0.43864	0.01353	0	0.05652	0.0851	0.03027	0.06698	0.02135	0.06077	0	0	0	0.00885	0.07524	0	0.027	0.08904	0	0.02777	0.0021	0.00126	0.06039	0	0.01975	0.01642	0	0.04034	0.21494	0	0	0.03721	0.03817	0	0	0	0.02243	0	0.02625
Enorma_massiliensis	0	0.01506	0	0	0	0	0	0.12839	0	0	0	0	0	0	0	0	0	0	0	0	0.55899	0	0	0	0	0	0	0	0	0	0	0	0	0	0	0	0	0	0	0	0	0	0	0	0	0	0	0.00604	0	0	0	0	0	0	0	0	0	0	0	0	0	0	0	0	0	0.0002	0	0	0	0	0	0	0	0	0	0	0	0	0	0	0	0	0	0	0	0	0	0	0	0	0	0	0	0	0	0	0	0	0	0	0	0	0	0	0	0	0	0	0	0	0	0	0	0	0	0	0	0	0	0	0	0	0	0	0	0	0	0	0	0	0	0	0	0	0	0	0	0	0.00673	0	0	0	0.02141	0	0	0	0	0	0	0	0	0	0	0	0	0	0	0	0	0.0108	0	0	0	0	0	0	0.00659	0	0
GGB3340_SGB4419	0	0	0	0	0	0	0	0	0	0	0	0	0	0	0	0	0	0	0	0	0	0	0	0	0	0	0	0	0	0	0	0	0	0	0	0	0	0	0	0	0	0	0	0	0	0	0	0	0	0.55846	0	0	0	0	0	0	0	0	0	0	0	0	0	0	0	0	0	0	0	0	0	0	0	0	0	0	0	0	0	0	0	0	0.10258	0	0	0	0	0	0	0.28007	0	0	0.05673	0	0	0	0	0	0.24921	0	0	0	0	0	0	0	0	0	0	0.00194	0	0	0	0	0	0	0	0	0	0	0	0	0	0	0	0	0	0	0	0	0	0	0	0	0.35251	0	0	0	0	0	0	0	0	0	0.00912	0	0	0	0	0	0	0	0	0	0	0	0	0	0	0	0	0	0	0	0	0	0	0	0
Enterocloster_citroniae	0.02537	0	0.22116	0.00924	0.0328	0	0	0.01839	0	0	0.02481	0	0	0.00942	0.015	0.07101	0	0.00432	0	0.01898	0.00327	0.00476	0.00663	0.00769	0	0.01206	0.01267	0	0.00041	0	0.00787	0	0	0.06103	0.00652	0	0.00061	0.00275	0.03486	0.00479	0	0.01344	0	0.0099	0	0	0	0.01115	0	0	0.0024	0	0	0	0.00125	0	0	0	0.01555	0.08264	0.06025	0.00153	0	0	0.00213	0.02834	0.01387	0.01864	0	0.00579	0	0	0	0	7e-05	0	0.01241	0.0048	0	0.00408	0.00148	0.01202	0.01345	0.00331	0	0	0.02607	0	0.05845	0	0	0.02962	0	0.0001	0	0	0	0.01879	0	0.01104	0	0	0	0	0.00438	0	0	0.03975	0.00319	0	0.00137	0.01167	0.00104	0.00856	0	0	0	0	0.06571	0	0.00075	0.55639	0	0.00694	0.00313	0.00149	0.00073	0.00065	0	0.00036	0	0.00387	0	0	0	0	0.00272	0	0.01252	0.00191	6e-05	0.01638	0	0	0.0016	0.0008	0	0.01454	0.01	0	0	0	0.01092	0.00402	0	0	0	0	0.01693	0.11317	0	0	0.00577	0	0	0	0	0.00025	0
Roseburia_SGB4939	0.55257	0	0	0	0	0	0	0	0	0	0	0	0	0	0	0	0	0	0	0.2583	0	0	0	0	0	0	0	0	0	0	0	0	0	0	0	0	0.03396	0	0	0	0	0	0	0	0.45997	0	0	0	0	0	0	0	0	0	0	0	0	0	0	0	0	0	0	0	0	0	0	0	0	0	0	0	0	0	0	0	0	0	0	0	0	0	0	0	0	0	0	0	0	0	0	0	0	0	0	0	0	0	0	0	0	0	0	0	0	0	0	0	0	0	0	0	0	0	0	0	0	0	0	0	0	0	0	0	0	0	0	0	0	0	0	0	0	0	0	0	0	0	0	0	0	0	0	0	0	0	0.00604	0	0.11092	0	0	0	0	0	0.09674	0	0	0	0	0	0	0	0	0	0	0	0	0	0
Holdemania_massiliensis	0	0	0	0	0	0	0	0	0	0	0.54954	0	0	0.03262	0.04716	0.23832	0	0	0	0	0	0.0064	0.00622	0	0	0.02307	0	0	0	0.01787	0	0.03817	0	0	0	0.02519	0.02454	0.00378	0	0	0.12922	0.00158	0	0	0	0	0	0	0	0	0	0	0.00958	0	0	0	0	0	0	0	0	0	0	0	0	0	0	0	0	0.02479	0	0	0	0	0.00899	0	0	0.02101	0.00517	0.02386	0.0047	0	0	0.02495	0.01823	0	0	0	0	0.00024	0	0	0	0	0	0	0	0	0.00168	0.03142	0.01693	0	0.02741	0	0	0	0	0	0	0	0.00314	0.01123	0	0	0	0	0	0.01122	0.17062	0.02291	0	0	0	0	0	0	0.01514	0	0	0.072	0.00383	0	0	0	0	0	0	0	0.01974	0	0	0.0375	0	0	0	0	0.00096	0	0	0	0	0	0	0	0	0	0	0.00026	0	0	0	0	0	0	0	0	0	0	0
GGB9697_SGB15213	0	0	0	0	0	0	0	0	0	0	0	0	0	0	0	0	0	0	0	0	0	0	0	0	0	0	0	0	0	0	0	0	0	0	0	0	0	0	0	0	0	0	0	0	0	0	0	0	0	0.54895	0	0	0	0	0	0	0	0	0	0	0	0	0	0	0	0	0	0	0	0	0	0	0	0	0	0	0	0	0	0	0	0	0	0	0	0	0	0	0	0	0	0	0.00041	0	0.00407	0.01555	0	0	0	0	0	0	0.00109	0	0	0	0	0	0	0	0	0	0	0	0	0	0	0.00628	0	0.0014	0	0	0.00799	0.01299	0	0	0	0	0.00124	0	0	0	0	0	0	0	0	0	0	0	0	0	0	0	0	0	0	0	0	0	0	0	0	0	0	0	0	0	0	0	0	0	0	0	0	0	0	0	0
Bacteroides_fluxus	0	0	0	0	0	0	0	0	0	0	0	0	0	0.19745	0.54846	0	0	0	0	0	0	0	0	0	0	0	0	0	0	0	0	0	0	0	0	0	0	0	0	0	0	0	0	0	0	0	0	0	0	0	0	0	0	0	0	0	0	0	0	0	0	0	0	0	0	0	0	0	0	0	0	0	0	0	0	0	0	0	0	0	0	0	0	0	0	0	0	0	0	0	0	0	0	0	0	0	0	0	0	0	0	0	0	0	0.17765	0	0	0	0	0	0	0	0	0	0	0	0	0	0	0	0	0	0	0	0	0	0	0	0	0	0	0	0	0	0	0	0.14836	0	0	0	0	0	0	0	0	0	0	0	0	0	0	0	0	0	0	0	0	0	0	0	0	0	0	0	0	0	0	0	0
GGB4583_SGB6334	0.00159	0	0	0	0	0	0	0	0	0	0	0	0	0	0	0	0	0	0	0	0	0	0	0	0	0	0	0	0	0.0502	0	0	0	0	0	0	0	0	0	0	0	0	0	0	0	0	0	0	0	0	0	0	0	0	0	0	0	0	0	0	0	0	0	0	0	0	0	0	0	0	0	0	0	0	0	0	0	0	0	0	0	0	0	0	0	0	0	0	0	0	0	0	0	0	5e-05	0	0	0	0	0	0	0.05397	0.04549	0	0	0	0	0	0.0193	0	0	0	0	0	0	0	0	0.06108	0	0	0	0	0	0	0	0	0.54533	0	0	0	0	0	0	0	0	0	0	0	0.1227	0	0	0	0	0	0	0	0	0	0	0	0	0	0	0	0	0	0	0	0	0	0	0	0	0	0	0	0	0	0
GGB1364_SGB1834	0	0	0	0	0	0	0	0	0	0	0	0	0	0	0	0	0	0.54115	0	0	0	0	0	0	0	0	0	0	0	0	0	0	0	0	0	0	0	0	0	0	0	0	0	0	0	0	0	0	0	0	0	0	0	0	0	0	0	0	0	0	0	0	0	0	0	0	0	0	0	0	0	0	0	0	0	0	0	0	0	0	0	0	0	0	0	0	0	0	0	0	0	0	0	0	0	0	0	0	0	0	0	0	0	0	0	0	0	0	0	0	0	0	0	0	0	0	0	0	0	0	0	0	0	0	0	0	0	0	0	0	0	0	0	0	0	0	0	0	0	0	0	0	0	0	0	0	0	0	0	0	0	0	0	0	0	0	0	0	0	0	0	0	0	0	0	0	0	0	0
Dorea_sp_AF36_15AT	0.2474	0	0	0	0	0	0	0	0	0.11224	0	0	0.062	0.03859	0.03125	0.14556	0.01586	0	0.08085	0	0	0.01068	0	0	0.14481	0	0	0	0	0.06139	0	0	0	0	0	0.11544	0.03781	0	0	0	0	0.01892	0.10494	0	0	0.53856	0	0	0.11969	0.05958	0	0.02339	0	0	0	0	0	0.01514	0	0	0.00756	0.02399	0	0.10892	0	0	0.03386	0.0159	0.00146	0.02362	0.03134	0	0	0	0.00384	0.02651	0	0.01442	0.03097	0.00462	0.04511	0.0182	0.01909	0.00794	0.00114	0	0.09628	0	0	0.00425	0	0	0.00142	0	0.00456	0.00422	0.00252	0.09205	0.04365	0.02488	0.0285	0.00275	0.03848	0.06906	0.01192	0.00352	0.00903	0.03718	0.0668	0.07455	0.01626	0.14605	0.01126	0.00013	0	0	0	0.0073	0.01872	0.03375	0.00975	0	0.00063	0.02037	0.0093	0	0.02934	0.0176	0.01563	0.32931	0.01258	0.25416	0.0238	0	0.04533	0.00023	0	0.00255	0.02017	0.00459	0.01175	0.04654	0	0	0	0	0	0	0	0	0	0	0	0	0	0	0	0	0	0	0	0	0	0	0	0	0	0	0.00277
Clostridium_sp_AM29_11AC	0	0.19934	0	0.05866	0	0.00396	0	0	0	0	0	0	0	0	0	0	0	0.00062	0	0	0	0	0	0.0131	0	0	0	0	0	0.0251	0	0	0	0	0	0	0	0	0	0	0	0	0	0	0	0.03024	0	0.0124	0	0	0	0	0	0.1156	0	0	0	0	0	0	0	0	0	0.0522	0	0	0	0	0	0	0	0	0	0	0	0	0	0	0	0	0	0	0	0.07275	0	0.17975	0	0	0	0	0	0	0	0	0	0	0	0	0	0	0	0	0	0	0	0	0	0	0	0	0	0.04669	0	0	0.01869	0	0	0	0	0	0	0	0	0	0	0	0	0	0.00137	0	0	0	0	0	0	0	0	0	0	0	0	0.53849	0	0	0	0	0	0	0	0	0	0	0	0	0	0	0.00279	0	0	0	0	0	0	0	0.00116	0	0	0	0
Lachnospiraceae_bacterium	0.24988	0	0	0	0	0.03781	0	0	0.00109	0.03958	0	0.02855	0.00612	0.0429	0.05559	0	0.0337	0	0.00618	0.14262	0.01821	0.00511	0.1148	0.05664	0	0.05911	0	0	0.32062	0.12856	0	0.04077	0.2542	0	0	0.04013	0.0724	0	0.01683	0	0.04187	0.02129	0.0188	0	0.01361	0.1324	0	0.0758	0.46515	0.53612	0	0	0	0	0	0.26369	0	0	0	0	0.11049	0	0.01267	0.27045	0	0	0	0.00559	0.0024	0.00823	0	0	0	0.03077	0	0	0	0.00015	0	0.00022	0.00321	0.00678	0	0.00504	0.01036	0	0.0415	0	0	0	0	0	0	0	0	0.00013	0.00612	0.00483	0.01104	0	0.01004	0	0.01065	7e-05	0	0	0.00203	0.01345	0.10973	0.02621	0.00067	0	0.00486	0.0037	0.00932	0	0.00679	0	0.01315	0.01158	0.02228	0	0	0	0.02157	0	0.00312	0.00424	0.0048	0.01087	0.00376	0	0.0017	0	0	0	0	0	0	0.00451	0	0	0	0	0	0	0	0	0	0.39031	0.00115	0	0.08249	0	0.02385	0	0	0	0	0	0	0	0	0	0	0	0	0	0.00122
GGB4706_SGB6513	0	0	0	0	0	0	0	0	0	0	0	0	0	0	0	0	0	0	0	0	0	0	0	0	0	0	0	0	0	0	0	0	0	0	0	0	0	0	0	0	0	0	0	0	0	0	0	0	0	0	0	0	0	0	0	0	0	0	0	0	0	0	0	0	0	0	0	0	0	0	0	0	0	0	0	0	0	0	0	0	0	0	0	0	0	0	0	0	0	0	0	0	0	0	0	0	0	0	0	0	0.53492	0	0	0	0	0	0	0	0	0	0	0	0	0	0	0	0	0	0	0	0	0	0	0	0	0	0	0	0	0	0	0	0	0	0	0	0	0	0	0	0	0	0	0	0	0	0	0	0	0	0	0	0	0	0	0	0	0	0	0	0	0	0	0	0	0	0	0	0
GGB3444_SGB4594	0	0	0	0	0	0	0	0.53011	0	0	0	0	0	0	0	0	0	0	0	0	0	0	0	0.05601	0	0	0	0	0	0	0	0	0	0	0	0	0	0.00079	0	0	0	0.00076	0	0	0	0	0	0	0	0	0	0	0	0	0	0	0	0	0	0	0	0	0	0	0	0.00283	0.002	0	0	0	0	0	0	0	0	0	0	0	0	0.00186	0	0	0	0	0	0.00019	0	0	0	0	0	0	0	0	0	0	0	0	0	0	0	0	0	0	0	0	0	0	0	0	0	0.00083	0.00031	0	0	0	0	0	0	0.00028	0	0	0	0	0.00181	0	0	0	0	0	0	0	0	0	0	0	0	0	0	0	0	0	0	0	0	0	0	0.03369	0	0	0	0.00867	0	0	0	0	0	0	0	0	0	0	0	0	0	0	0	0	0
GGB3142_SGB4155	0.00634	0	0	0	0	0	0	0	0	0	0	0	0	0	0	0	0	0	0	0	0	0	0	0	0	0	0	0	0	0	0	0	0.03468	0	0	0	0	0	0	0	0	0	0	0	0	0.19195	0	0	0	0	0	0	0	0	0	0	0	0	0	0	0	0	0	0	0	0	0	0	0	0.01225	0.13744	0	0	0	0	0	0	0	0	0	0	0	0	0	0	0	0	0	0	0	0	0	0	0	0.01855	0	0	0	0	0	0	0	0	0.1321	0	0	0	0	0	0	0.00434	0	0	0	0	0	0	0	0	0.0759	0	0	0.01006	0	0	0	0	0.52825	0	0	0	0	0	0	0	0	0	0	0.0151	0	0	0	0	0	0	0	0	0	0	0	0	0	0	0	0	0	0	0	0	0	0	0	0	0	0	0	0	0	0
GGB9345_SGB14311	0.05243	0	0	0	0	0	0	0	0	0.01399	0	0	0	0.01019	0.01706	0	0	0	0	0	0	0	0.45378	0	0	0	0	0	0	0.02649	0	0	0.00477	0	0	0.00894	0.00986	0	0	0	0	0	0	0	0	0	0	0	0	0.52552	0	0	0	0	0	0	0	0	0	0	0	0	0	0	0	0	0	0	0	0	0.00597	0	0	0	0	0	0	0	0	0	0	0	0	0	0.00901	0	0	0	0	0.0498	0	0	0	0	0.23564	0.05279	0	0	0.08991	0	0.00346	0	0.43544	0.00872	0.00312	0	0	0	0	0.0021	0.00467	0	0.05998	0	0	0	0	0.02761	0	0.05288	0	0	0.00649	0.28086	0	0.06193	0	0.05113	0	0	0.04121	0	0	0	0.0091	0	0	0	0	0	0	0	0	0	0	0.01395	0	0	0	0	0	0	0	0	0	0	0	0	0.22342	0	0	0	0	0	0	0	0	0	0
Clostridiaceae_bacterium_CLA_AA_H274	0	0	0	0	0	0	0	0	0	0	0	0	0	0	0	0	0	0	0	0	0	0.03598	0.01404	0	0	0	0	0	0	0	0	0	0	0	0	0	0	0	0	0	0	0	0	0	0	0	0	0	0	0	0	0	0	0	0	0.0773	0	0	0	0	0	0	0.00014	0.04033	0	0	0	0	0.51891	0.25741	0.20291	0	0	0	0	0	0	0	0	0	0	0	0	0	0.32102	0	0	0	0	0	0	0	0.00963	0	0.22247	0	0	0	0	0	0	0	0	0.15529	0	0	0	0	0	0	0	0	0	0	0	0	0	0.1269	0	0	0	0	0.03422	0	0	0	0.27582	0	0	0	0	0	0	0	0	0.43513	0	0	0	0.24629	0	0	0	0	0	0	0	0	0	0	0	0	0	0	0	0	0.22529	0	0	0	0	0	0	0	0	0	0.04793	0	0
GGB9635_SGB15103	0	0	0	0	0	0	0	0	0	0.02515	0	0	0	0	0	0	0	0	0	0	0	0	0	0	0	0	0	0	0	0	0	0	0	0	0	0	0	0	0	0	0	0	0	0	0	0	0	0	0	0.29621	0	0	0	0	0	0	0	0	0	0	0	0	0	0	0	0	0	0	0	0	0.01538	0	0	0	0	0	0	0	0	0	0	0	0	0	0	0	0	0	0	0.16703	0	0	0	0	0	0	0	0	0.28572	0	0	0	0	0.00375	0	0	0	0	0	0	0	0	0	0	0	0	0	0	0	0	0	0	0.15545	0	0	0	0	0	0	0	0.5179	0	0	0	0	0	0	0	0	0	0	0	0	0.20662	0	0	0	0	0	0	0	0	0.01584	0	0	0	0	0	0	0	0	0	0	0	0	0	0	0	0
GGB6512_SGB9198	0	0	0	0	0	0	0	0	0	0	0	0	0	0	0	0	0	0	0	0	0	0	0	0	0	0	0	0	0	0	0	0	0	0	0	0	0	0	0	0	0	0	0	0	0	0	0	0	0	0	0	0	0	0	0	0	0	0	0	0	0	0	0	0	0	0	0	0	0	0	0	0	0	0	0	0	0	0	0	0	0	0	0	0	0	0	0	0	0	0	0	0	0	0	0	0	0	0	0	0	0	0	0	0	0	0	0	0	0	0	0	0	0	0	0	0	0	0	0	0	0	0	0.51776	0	0	0	0	0	0	0	0	0	0	0	0	0	0	0	0	0	0	0	0	0	0	0	0	0	0	0	0	0	0	0	0	0	0	0	0	0	0	0	0	0	0	0	0	0	0
Enterobacter_roggenkampii	0	0	0	0	0.04019	0	0	0	0	0	0.0088	0	0	0	0	0	0.00287	0	0.02566	0	0.13292	0	0	0	0	0	0	0	0	0	0	0	0	0	0	0	0	0	0	0	0	0	0.00214	0	0	0	0.44816	0	0	0	0	0	0	0	0	0	0	0	0	0	0.00321	0	0	0	0.50911	0	0	0	0	0	0	0	0	0	0	0	0	0	0	0	0	0	0	0	0	0	0	0	0	0	0	0	0.00423	0.19658	0	0	0	0	0	0	0	0	0.03578	0	0	0	0	0	0	0	0	0	0	0	0	0	0	0	0	0	0	0	0	0	0	0	0	0	0	0	0	0	0	0	0	0	0	0	0	0.00281	0	0	0	0	0	0	0	0	0	0.0062	0	0	0	0	0	0	0	0	0	0	0	0	0	0	0	0.00437	0	0	0
Bacteroides_sp_AF39_11AC	0.30513	0	0	0	0	0	0	0	0	0	0	0	0	0	0	0	0	0	0	0	0	0	0	0	0	0	0	0	0	0	0	0	0	0	0	0	0	0	0	0	0	0	0	0	0.50812	0	0	0	0	0	0	0	0	0	0	0	0	0	0	0	0	0	0	0	0	0	0	0	0	0	0	0	0	0	0	0	0	0	0	0	0	0	0	0	0	0	0	0	0	0	0	0	0	0	0	0	0	0	0	0	0	0	0	0	0	0	0	0	0	0	0	0	0	0	0	0	0	0	0	0	0	0	0	0.33966	0	0	0	0	0	0	0	0	0	0	0	0	0	0	0	0	0	0	0	0	0	0	0	0	0	0	0	0	0	0	0	0	0	0	0	0	0	0	0	0	0	0	0	0	0
Butyricicoccus_intestinisimiae	0	0	0	0	0	0	0	0	0	0	0	0	0.01543	0	0	0	0	0	0	0	0	0	0	0	0	0	0	0	0	0	0	0	0	0	0	0.05167	0	0	0	0	0	0	0	0	0	0	0	0	0	0.49798	0	0	0	0	0	0	0	0	0	0	0	0	0	0	0	0	0	0	0	0.00031	0.02576	0	0	0	0	0	0	0	0	0	0	0	0	0	0	0	0	0	0	0	0	0	0	0	0	0	0	0	0	0	0	0	0	0.04498	0	0	0	0	0	0	0	0	0	0	0	0	0	0	0	0	0	0	0	0	0	0	0	0	0	0	0	0	0	0	0	0	0	0	0	0	0	0	0	0	0	0	0	0	0	0	0	0	0	0	0	0	0	0	0	0	0	0	0	0	0	0	0	0	0
Clostridium_spiroforme	0	0	0.03844	0	0.02912	0	0	0	0	0	0	0	0	0	0	0.02028	0	0	0	0	0	0	0	0.00379	0	0	0	0	0.0004	0	0	0	0	0.49594	0	0	0	0	0	0	0	0	0	0.16966	0	0	0.00371	0	0	0	0	0	0	0.00242	0	0	0	0	0	0	0	0	0	0	0.02965	0.00602	0	0.00061	0	0	0	0	0	0	0	0	0	0	0.00861	0	0	0	0	0	0	0.00366	0.00665	0.1762	0	0	0	0	0	0	0	0	0	0	0	0	0.04428	0	0	0	0	0	0.0347	0	0	0.0044	0	0	0.01268	0	0.00386	0	0	0	0	0	0	0	0	0	0	0	0	0	0	0	0.02384	0	0.00094	0	0	0	0	0	0	0	0	0	0	0	0	0	0	0	0	0	0	0	0	0	0	0	0	0	0	0	0	0	0	0	0	0	0	0	0
Lentihominibacter_hominis	0.00035	0	0.49204	0	0	0.09097	0	0.1835	0	0	0	0.02086	0	0	0	0.20767	0	0	0	0.00916	0	0	0	0.03789	0	0.0078	0	0	0.02563	0.01188	0	0	0	0	0	0.04742	0	0	0	0.11562	0.00249	0	0	0	0	0.0002	0	0.16396	0.0225	0	0	0	0	0	0.0035	0	0	0	0	0	0	0	0	0	0	0	0	0	0	0	0	0	0	0	0	0	0	0	0	0	0	0	0	0	0	0	0	0	0.00341	0	0	0	0	0	0	0	0	0.00396	0	0	0	0	0	0	0	0	0	0	0	0	0	0	0	0	0	0	0	0	0	0	0	0	0	0	0	0	0	0	0	0	0	0	0	0	0	0	0	0	0.00432	0	0	0.04518	0	0	0	0	0	0	0	0	0	0	0	0	0	0	0	0	0	0	0	0	0	0	0	0	0	0	0
GGB3167_SGB4181	0.49149	0	0	0	0	0	0	0	0	0	0	0	0	0.0335	0.08893	0	0	0.06514	0	0	0	0	0	0	0	0	0	0	0	0	0	0	0	0	0	0	0	0	0	0	0	0	0	0	0	0	0	0	0	0	0	0	0	0	0	0	0	0	0	0	0	0	0	0	0	0	0	0	0	0	0	0	0	0	0	0	0	0	0	0	0	0	0	0	0	0	0	0	0	0	0	0	0	0	0	0	0	0	0	0	0	0	0	0	0	0	0	0	0	0	0	0	0	0	0	0	0	0	0	0	0	0	0	0	0	0	0	0	0	0	0	0	0	0	0	0	0	0	0	0	0	0	0	0	0	0	0	0	0	0	0	0	0	0	0.14071	0	0	0	0	0	0	0	0	0	0	0	0	0	0
GGB36599_SGB9269	0	0	0	0	0	0	0	0	0	0	0	0	0	0	0	0	0	0	0	0	0	0	0	0	0	0	0	0	0	0	0	0	0	0	0	0	0	0	0	0	0	0	0	0	0	0	0	0	0	0	0	0	0	0	0	0	0	0	0	0	0	0	0	0	0	0	0	0	0	0	0	0	0	0	0	0	0	0	0	0	0	0	0	0	0	0	0	0	0	0	0	0	0	0	0	0	0	0	0	0	0	0	0	0	0	0	0	0	0	0	0	0	0	0	0	0	0	0	0	0	0	0	0	0	0	0	0	0	0	0	0	0	0	0	0	0	0	0	0	0	0	0	0	0	0	0	0	0	0	0	0	0	0	0.48965	0	0	0	0	0	0	0	0	0	0	0	0	0	0	0
Parabacteroides_sp_AGMB00274	0	0	0	0	0	0	0	0	0	0	0	0	0	0	0	0	0.02659	0	0	0	0	0	0	0	0	0	0	0	0	0	0	0	0.03232	0	0	0	0.11086	0	0	0	0	0	0	0	0	0	0	0	0	0.00225	0	0	0	0	0	0	0	0	0	0	0	0	0	0	0	0	0	0	0	0	0	0	0	0	0	0	0	0	0	0	0	0	0	0	0	0	0	0	0	0	0	0	0	0	0	0	0	0	0	0	0.00942	0.48759	0	0	0	0	0	0	0	0	0	0	0	0	0	0	0	0	0	0	0	0	0	0	0	0	0	0	0	0	0	0	0	0	0	0	0	0	0	0	0	0	0	0	0	0	0	0	0	0	0	0	0	0	0	0	0	0	0	0	0	0	0	0	0	0	0	0	0
GGB9760_SGB15373	0	0	0	0	0	0.02112	0	0	0	0	0	0.07427	0.12788	0.04018	0.02069	0	0.05146	0	0.00955	0	0	0.09034	0.19612	0	0	0.08632	0	0	0.26469	0	0	0	0.0652	0	0	0.06745	0.00762	0	0	0.10502	0.48676	0	0	0	0	0.19652	0	0	0.10646	0.08435	0.0461	0	0	0	0	0	0	0	0	0	0.1208	0	0	0.10687	0	0	0	0.04447	0.00414	0.08989	0.02181	0	0.03325	0	0	0	0	0.11322	0.12471	0.00219	0.04274	0.01447	0.02828	0.0751	0.00543	0	0	0	0	0.02903	0	0	0.02278	0	0.00422	0.01465	0.00473	0.37883	0.00014	0	0.14715	0.09096	0.07885	0.04471	0.00528	0.02111	0	0.21353	0.05414	0.46162	0	0.39891	0.05394	0.06158	0	0	0	0.1261	0	0.0653	0.23	0	0.01628	0.0476	0.28279	0.11123	0.05201	0.04119	0.06094	0.0883	0.04973	0	0	0	0.0469	0.02606	0	0.01164	0.03061	0.00592	0.00046	0	0	0	0	0	0	0.0443	0	0	0	0	0	0	0.0486	0	0	0	0.0082	0	0	0	0	0	0	0	0	0	0
Blautia_schinkii	0	0	0	0	0	0	0	0	0	0.00867	0	0	0.0108	0	0	0	0	0	0	0	0	0	0	0	0	0	0	0	0	0	0	0	0	0	0	0.10538	0	0	0	0	0	0	0	0	0	0	0	0.00938	0	0.48667	0	0	0	0	0	0	0	0	0	0	0	0	0	0	0	0	0	0	0	0	0	0	0	0	0	0	0	0	0	0	0	0	0	0	0	0	0	0	0	0	0	0	0	0	0	0	0	0	0	0	0	0	0	0	0.0012	0	0	0	0	0	0	0	0	0	0	0	0	0	0.00112	0	0	0	0	0	0	0	0	0	0	0	0	0	0	0	0	0.05231	0	0.00783	0	0	0	0	0	0	0	0	0	0	0	0	0	0	0	0	0	0	0	0	0	0	0	0	0	0	0	0	0	0	0
Bacteroides_togonis	0	0	0	0	0	0	0	0	0	0	0	0	0	0	0	0	0	0	0	0	0	0	0	0	0	0	0	0	0	0	0	0	0	0	0	0	0	0	0	0	0	0	0	0	0	0	0	0	0	0	0	0	0	0	0	0	0	0	0	0	0	0	0	0	0	0	0	0	0	0	0	0	0	0	0	0	0	0	0	0	0	0	0	0	0	0	0	0	0	0	0	0	0	0	0	0	0	0	0	0	0	0	0	0	0	0	0	0	0	0	0	0	0	0	0	0	0	0	0	0	0	0	0	0	0	0	0	0.48482	0	0	0	0	0	0	0	0	0	0	0	0	0	0	0	0	0	0	0	0	0	0	0	0	0	0	0	0	0	0	0	0	0	0	0	0	0	0	0	0	0
Parabacteroides_johnsonii	0	0	0	0	0	0	0	0	0	0	0	0	0	0	0	0	0	0	0	0.22658	0	0	0	0	0	0	0	0	0	0	0	0	0	0	0.00347	0.02006	0	0	0	0.00873	0	0	0	0	0	0.04228	0	0	0	0	0	0.08794	0	0	0	0	0	0	0	0	0	0	0	0	0	0	0	0	0	0	0	0	0	0	0	0	0	0	0	0.00082	0	0	0	0	0	0	0.05826	0	0	0	0	0	0	0	0	0	0	0	0	0	0	0	0	0	0.01878	0	0.00199	0	0	0	0	0	0.02553	0.03229	0	0	0	0	9e-05	0	0	0	0	0	0	0	0	0	0	0	0	0.02286	0	0	0	0	0.00512	0	0	0	0	0.46989	0	0	0	0.02139	0	0.45732	0	0	0.00046	0	0	0	0	0	0	0	0	0	0	0.00449	0	0	0	0	0	0	0
GGB36331_SGB15121	0	0	0	0	0.08662	0	0	0	0	0	0	0	0	0.24236	0.15809	0	0	0	0	0	0	0	0	0	0	0	0	0	0	0.46714	0	0	0	0	0	0	0	0	0	0	0	0	0	0	0	0	0	0	0	0	0.00893	0	0	0	0	0.05797	0	0	0	0	0	0	0	0	0	0	0	0.00992	0	0	0	0	0	0	0	0	0	0	0.02352	0	0.00179	0	0.04027	0	0	0	0	0	0	0	0	0	0	0	0	0	0	0	0	0	0	0	0	0.00283	0	0	0	0	0	0	0	0	0	0	0	0	0	0	0	0	0	0	0	0	0.01468	0	0	0	0	0	0	0	0	0	0.06446	0	0	0	0	0	0	0	0	0	0	0	0	0.00344	0	0	0	0	0	0	0	0	0	0	0	0	0	0	0	0	0	0	0	0.01679	0
Colidextribacter_sp_210702_DFI_3_9	0	0	0	0	0	0	0	0	0	0.00061	0	0	0	0	0	0	0.1865	0	0	0.00745	0	0.01925	0	0	0	0	0	0	0	0	0	0	0	0	0	0	0	0	0	0	0	0	0	0	0	0	0	0	0	0	0	0	0.02015	0	0	0	0	0	0	0	0.00063	0.00311	0.04093	0	0	0	0	0	0.0069	0	0.00351	0.0419	0	0	0.0005	0	0	0	0	0	0	0.00409	0	0	0.01226	0	0.01576	0	0.05204	0	0.00081	0	0.07235	0	0.01658	0	0	0	0	0.00609	0.00312	0.00322	0	0	0	0	0	0.00103	0	0	0	0	0	0	0	0	0	0.00112	0	0	0	0	0.05868	0.0127	0	0.00447	0	0	0	0	0	0	0	0	0	0	0	0	0	0	0.00182	0	0	0.01061	0.03941	0.46701	0	0.01242	0	0	0	0.00339	0.01363	0	0	0	0	0.01342	0.01864	0	0	0.03075	0.05127	0	0	0	0	0	0.04158
GGB9509_SGB14907	0	0	0	0	0	0	0	0	0	0	0	0	0	0	0	0	0	0	0	0	0	0	0	0	0	0	0	0	0	0	0	0	0	0	0	0	0	0	0	0	0	0	0	0	0	0	0	0	0	0	0	0	0	0	0	0	0	0	0	0	0	0	0	0	0	0	0	0	0	0	0	0	0	0	0	0	0	0	0	0	0	0	0	0	0	0	0	0	0	0	0	0	0	0	0	0	0	0	0	0	0	0	0	0	0	0	0	0	0	0	0	0	0	0	0	0	0	0	0	0	0	0	0	0	0	0	0	0.46101	0	0	0	0	0	0	0	0	0	0	0.07105	0	0	0	0	0	0	0	0	0	0	0	0	0	0	0	0	0	0	0	0	0	0	0	0	0	0	0	0	0	0
Megasphaera_sp_AM44_1BH	0	0	0	0	0	0	0	0	0	0	0	0	0	0	0	0	0	0	0	0	0	0	0	0	0	0	0	0	0	0	0	0	0.04263	0	0	0	0	0	0	0	0	0.03738	0	0	0	0	0	0	0	0	0	0	0	0	0	0	0	0	0	0	0	0	0	0	0	0	0.07113	0	0	0	0	0	0.45631	0	0	0	0	0	0	0	0	0	0	0	0	0	0	0	0	0	0	0	0	0	0	0	0	0	0	0	0	0	0	0	0	0	0	0	0	0	0	0	0	0	0	0	0	0	0	0	0	0	0	0	0	0	0	0	0	0	0	0	0	0	0	0	0	0	0	0	0	0	0	0	0	0	0	0	0	0	0	0	0	0	0	0	0	0	0	0	0	0	0	0	0	0	0	0	0
GGB3818_SGB5183	0	0	0	0	0	0	0	0.07122	0	0	0.45598	0	0	0	0	0.3381	0	0	0	0	0	0	0.10889	0.12958	0	0.03423	0	0	0	0	0	0.38268	0	0	0	0.11082	0	0.00378	0	0	0	0	0	0	0	0	0	0	0	0	0	0	0	0	0	0	0	0	0	0	0	0	0	0	0	0	0	0	0	0	0	0	0	0	0	0	0	0	0	0	0	0	0	0	0.03279	0	0	0	0	0	0	0.01891	0	0	0	0	0	0	0	0	0	0	0	0	0	0	0	0	0	0	0	0	0	0	0	0	0	0	0	0	0	0	0	0	0	0	0	0	0	0	0	0	0	0	0	0	0	0	0	0	0	0	0	0	0	0	0	0	0	0	0	0	0	0	0	0	0	0	0.04332	0	0	0	0	0	0	0	0	0	0
Hydrogenoanaerobacterium_saccharovorans	0	0	0.4047	0	0	0	0	0	0	0.02935	0	0.00179	0	0.05173	0.0717	0	0.10115	0	0	0.0229	0	0	0.02899	0	0	0	0.00025	0	0	0.00237	0	0.0524	0.45108	0	0	0.05961	0.43054	0	0	0.00535	0.06468	0.26961	0	0	0	0.00453	0	0.02201	0	0.00609	0	0.01493	0.01419	0	0	0.00651	0	0	0.07815	0	0.01645	0.00316	0	0.0233	0.02668	0.0838	0.04766	0.05446	0	0.04394	0	0.09825	0	0	0.0672	0	0	0.1157	0.0222	0.05965	0	0.03522	0.04128	0.11181	0.01108	0.07165	0.04434	0	0	0.05355	0	0	0.00401	0	0.05599	0.01195	0	0.01759	0	0.03408	0	0.04444	0.00468	0	0	0.00206	0.00405	0.00122	0	0.00147	0.00115	0.04326	0.00041	0.03648	0	0	0	0	0	0	0.03414	0	0.02402	0.05235	0.07251	0.03342	0.00978	0.09108	0.00302	0	0.08411	0.01043	0	0	0.01269	0.00954	0	0.00593	0.01494	0.00323	0	0.04691	0	0	0.00029	0.38248	0.00516	0	0	0.01798	0.01456	0.01002	0.00972	0	0	0	0	0.02437	0.11034	0	0.01248	0	0.00755	0	0.04569	0	0.00922	0.00729	0.00693
GGB1505_SGB2085	0	0	0	0	0	0	0	0	0	0	0	0	0	0	0	0	0.00315	0	0	0	0	0	0	0	0	0	0	0	0	0	0	0	0	0	0	0	0	0	0	0	0	0	0	0	0	0	0	0	0	0	0	0	0	0	0	0	0	0	0	0	0	0	0	0	0	0	0	0	0	0	0	0	0	0	0	0	0	0	0	0	0	0	0	0	0	0	0	0	0	0	0	0	0	0	0	0	0	0	0	0	0	0	0	0	0	0	0	0	0	0	0	0	0	0	0	0	0	0	0	0	0	0	0	0	0.02462	0	0	0	0	0	0	0	0	0	0.44995	0	0	0	0	0	0	0	0	0	0	0	0	0.08051	0	0	0	0	0	0	0	0	0	0	0	0	0	0	0	0	0	0	0	0	0
GGB4723_SGB6541	0	0	0	0	0	0	0	0	0	0	0	0	0	0	0	0	0	0	0	0	0	0	0	0	0	0	0	0	0	0	0	0	0	0	0	0	0	0	0	0	0	0	0	0	0	0	0	0	0	0	0	0	0	0	0	0	0	0	0	0	0	0	0	0	0	0	0	0	0	0	0	0	0	0	0	0	0	0	0	0	0	0	0	0	0.44876	0	0	0	0	0	0	0	0	0	0	0	0	0	0	0	0	0	0	0	0	0	0	0	0	0	0	0	0	0	0	0	0	0	0	0	0	0	0	0	0	0	0	0	0	0	0	0	0	0	0	0	0	0	0	0	0	0	0	0	0	0	0	0	0	0	0	0	0	0	0	0	0	0	0	0	0	0	0	0	0	0	0	0	0
Clostridium_SGB6179	0	0.00519	0.30142	0	0	0	0	0	0	0	0	0	0	0	0	0	0	0	0	0	0	0	0.00123	0	0	0.0011	0	0	0	0	0	0	0	0	0.00287	0	0	0.07343	0.04868	0.12943	0.00073	0	0	0	0	0.03741	0	0	0	0	0	0	0	0	0	0	0.15185	0	0	0	0	0	0	0	0	0	0	0	0	0	0.00912	0	0	0	0.00053	0.02168	0	0	0	0	0	0	0	0	0	0	0.00203	0	0	0	0	0	0	0.01071	0	0	0.00371	0	0	0	0	0.02516	0.00432	0.00947	0.0013	0.04645	0	0	0.01795	0.44816	0	0.0079	0.00619	0	0.02645	0	0.07177	0	0	0	0	0	0.03097	0	0	0	0.00721	0	0	0	0	0	0	0	0	0	0.00318	0	0	0	0	0	0	0	0	0	0	0	0	0	0	0	0	0	0	0	0	0	0	0	0.00019	0	0	0	0	0	0	0	0
Intestinibacillus_sp_Marseille_P6563	0	0	0	0.03549	0.00534	0	0	0	0	0.00133	0	0	0	0.00673	0.00752	0	0	0	0	0	0	0	0	0.4473	0	0	0	0	0.00297	0	0	0	0.00365	0	0	0	0	0	0	0	0	0.01727	0	0	0	0	0	0	0	0	0	0	0	0	0	0	0	0	0	0	0	0	0	0	0	0	0	0	0	0	0	0	0	0	0.00282	0	0	0	0	0.00101	0	0	0	0	0	0	0	0	0	0	0	0	0	0	0	0	0	0	0	0	0	0	0	0	0.00135	0	0	0	0	0	0	0	0	0	0	0	0	0	0	0	0	0	0	0	0	0	0	0	0	0	0	0	0	0	0	0	0	0	3e-05	0	0.00055	0	0	0	0	0	0	0	0	0	0	0	0	0	0	0	0	0	0	0	0	0	0	0	0	0	0	0	0
GGB3321_SGB4395	0.00098	0	0	0	0	0	0	0	0	0	0	0	0	0	0	0	0	0	0	0	0	0	0	0	0	0	0	0	0	0	0	0	0	0	0	0	0	0	0	0	0	0.04834	0	0	0	0	0	0	0	0.05678	0	0	0	0.02146	0	0	0	0	0	0	0	0	0	0	0	0	0	0	0	0.04192	0	0	0	0	0	0	0	0	0	0	0	0	0	0.03374	0	0	0	0	0	0.02236	0	0	0.00061	0	0.0128	0	0	0	0	0	0	0	0	0	0.01265	0	0	0	0	0	0	0	0	0	0	0	0	0.44727	0	0	0	0	0.02756	0	0	0	0	0.00668	0	0	0	0	0	0	0.02002	0.12389	0	0	0	0	0	0	0	0	0	0	0	0	0	0	0	0	0	0	0.00574	0	0	0	0	0	0	0	0	0	0	0	0	0	0
GGB9707_SGB15229	0.04516	0	0	0	0	0	0	0	0	0	0	0	0.01475	0.28582	0.22644	0	0.07161	0	0	0	0	0.33206	0.01784	0	0	0	0	0	0	0.02565	0	0	0.04173	0	0	0.15321	0.10698	0	0	0	0	0	0	0	0	0.02927	0	0	0	0.11015	0	0.07462	0	0	0	0	0	0	0	0	0.03499	0.00221	0	0.02152	0	0	0	0.17966	0	0.01694	0.02196	0	0.00452	0	0	0	0	0.02744	0	0.09375	0	0	0	0.0473	0.0129	0	0	0	0	0.00954	0	0	0.08616	0	0.07198	0.23568	0	0.1065	0.08221	0	0.04614	0	0.07925	0.01904	0.29873	0	0	0	0.0065	0.02557	0.08776	0	0	0	0	0	0	0.02603	0.25061	0.03003	0.03024	0	0.24444	0.28323	0	0.03101	0.06755	0.20764	0.0286	0	0.08192	0.0731	0	0	0.02647	0.0718	0.22525	0.08772	0	0.05334	0	0	0	0	0.00493	0.00097	0	0	0	0	0	0	0.05217	0	0	0	0	0.44363	0.02982	0	0	0	0.00275	0.01197	0	0	0	0	0
GGB36267_SGB14177	0	0	0	0	0	0	0	0	0	0	0	0	0	0.00541	0.0068	0	0	0	0	0	0	0	0.44327	0	0	0	0	0	0	0.00672	0	0	0	0	0	0	0	0	0	0	0	0	0	0	0	0.00945	0	0	0	0	0	0	0	0	0	0	0	0	0	0	0.00058	0	0	0	0	0	0	0	0	0	0.00806	0	0	0	0	0	0	0	0	0	0	0	0.00095	0	0	0	0	0	0	0.00726	0	0	0	0	0	0	0	0	0	0	0	0	0.0005	0.00487	0	0	0	0.00835	0	0	0	0.01356	0	0	0	0	0	0.00018	0	0	0	0	0	0.01311	0	0	0	0	0	0	0	0	0	0	0	0	0	0.02969	0	0	0	0	0	0	0	0	0	0	0	0	0	0	0	0	0	0	0	0	0.0137	0	0	0	0	0	0	0	0	0	0
bacterium_210917_DFI_7_65	0.06704	0.02985	0	0	0	0.22012	0	0	0	0.01637	0	0.01305	0	0.07689	0.0659	0.44217	0.06211	0.08311	0.0001	0	0	0.10317	0.00306	0.21928	0.02321	0.04285	0.41568	0	0	0.0069	0	0	0.40423	0	0.16891	0.00824	0.09102	0.03955	0	0.0867	0.03586	0	0.04547	0.14424	0	0.04003	0	0	0.07598	0.01676	0.01482	0.09345	0.05118	0	0	0.00062	0	0.03617	0	0.30683	0.01991	0.0088	0	0.00125	0.04442	0.09695	0.00787	0.05444	0.01245	0.01994	0	0.02334	0	0.04431	0.04649	0.01609	0.01024	0.08151	0	0.0465	0	0.01998	0.10521	0.05439	0.02383	0	0	0	0.09697	0.02215	0.01001	0.0762	0.00931	0	0.00709	0.01974	0	0.001	0.04487	0.10841	0.00054	0.00635	0.031	0	0.04452	0	0	0.06329	0.00331	0	0	0	0.00245	0.02311	0.03378	0	0.02398	0.00293	0	0	0.0007	0	0.0109	0	0.03094	0.0294	0.05143	0.02027	0.00933	0	0.01281	0.04911	0.02595	0	0.02257	0.02731	0.03974	0	0.00959	0.04025	0.01482	0.0455	0	0.0046	0.01093	0.04992	0.01431	0.04082	0.02981	0.00644	0.00244	0.01474	0.03782	0	0	0.01937	0	0.03836	0	0	0	0.14137	0.03173	0.00381	0.00893	0	0.01753	0.00383	0
Blautia_luti	0	0	0	0	0	0	0	0	0	0	0	0	0.03234	0.01381	0.02038	0	0.0281	0	0.43559	0	0	0	0	0	0	0	0	0	0	0	0	0	0	0	0	0.07413	0	0	0	0	0	0	0	0	0	0	0	0	0.02586	0.16735	0	0	0	0	0	0	0	0.02701	0	0	0	0.00353	0	0.00109	0	0	0	0.00029	0	0	0	0	0	0	0	0	0	0	0.00283	0	0.00227	0	0	0	0	0	0	0	0	0	0	0	0.00925	0	0	0.00432	0	0	0	0	0	0	0	0.00304	0	0	0.00594	0	0	0.30484	0	0	0	0.01921	0.0148	0.01523	0	0.00203	0.00879	0.00673	0	0	0	0	0	0	0.00537	0.01301	0	0.03313	0	0	0	0	0	0.00335	0	0.05111	0	0.0063	0.00948	0	0	0	0	0	0	0	0	0.00108	0	0	0	0	0.00762	0	0	0	0	0	0	0	0	0	0	0	0	0	0
Citrobacter_freundii	0	0	0	0	0	0	0	0	0	0	0	0.04994	0	0	0	0	0	0	0	0	0	0	0	0	0.43458	0	0	0	0	0	0	0	0	0	0	0	0	0	0	0	0	0	0	0	0	0	0.00164	0	0	0	0	0	0	0	0	0	0.00265	0	0	0	0.01231	0	0	0	0	0	0	0	0	0	0	0	0	0	0	0.03243	0	0	0	0	0	0	0.01162	0	0	0	0	0	0	0	0	0	0	0.00103	0	0	0	0	0	0	0	0	0	0	0	0	0	0	0	0	0	0	0	0	0	0	0	0	0	0	0	0	0	0	0	0	0	0	0	0	0	0	0.00547	0	0	0	0	0	0	0.03903	0	0	0	0	0	0	0	0	0	0	0	0	0	0	0	0	0	0	0	0	0	0	0	0	0	0	0	0	0
Clostridiaceae_bacterium_AF18_31LB	0.03266	0	0	0	0	0	0	0	0	0.07205	0.01557	0.01084	0.00321	0.0471	0.05277	0.01269	0.15835	0	0.19632	0.07661	0.00764	0.07963	0.00968	0	0.01003	0.0198	0	0	0	0.00749	0	0.00458	0.00488	0	0	0.00157	0	0	0	0	0	0.01834	0.02866	0	0	0.03081	0	0	0.00551	0.01916	0	0.21203	0.06647	0	0	0.19945	0	0.12039	0.09453	0	0.12997	0.434	0.1609	0.03036	0.15349	0.21957	0.12937	0.04619	0.27875	0.05843	0.16177	0.22609	0.15474	0	0.14544	0	0.02923	0.10781	0.21708	0.05917	0.07781	0.05859	0	0.12552	0.31384	0.04701	0.17035	0	0.17228	0.2508	0.2389	0.18643	0.09676	0.01219	0.0986	0.04684	0.00015	0.02586	0.00084	0.06057	0.12493	0.11037	0.03428	0.04779	0.09551	0.0067	0.0426	0.01256	0.04357	0.03637	0.00963	0.03417	0.05337	0.06074	0	0.02399	0.03556	0.0459	0.11125	0.00026	0.01124	0	0.08313	0.15461	0.08559	0.13544	0.18702	0.09148	0.06644	0.00652	0.06844	0.28131	0.10976	0.04189	0.06857	0.0972	0.15859	0.18821	0.05978	0.23339	0.07598	0.0329	0	0.00647	0.00612	0.04836	0.01223	0.01983	0	0.22126	0.01372	0	0.02747	0	0.03638	0.07965	0	0.03152	0.17068	0	0.10832	0.02276	0.00254	0	0	0	0.00204	0.00236	0.00265
Sutterella_SGB9293	0	0	0	0	0	0	0	0	0.00203	0	0	0	0	0	0	0	0	0	0	0	0	0	0.00919	0	0	0	0	0	0	0	0	0	0	0	0	0	0	0	0	0	0	0	0	0	0	0	0	0	0	0	0	0	0	0	0	0	0	0	0	0	0	0	0	0	0	0	0	0	0	0	0	0	0	0	0	0	0	0	0	0	0	0	0	0	0	0	0	0	0	0	0	0	0	0	0	0	0	0	0	0	0	0	0	0	0	0	0	0	0	0	0	0	0	0	0	0	0	0	0	0	0	0	0	0	0	0	0	0	0	0	0	0	0	0	0	0	0	0	0	0	0	0	0	0	0	0	0	0	0	0	0	0	0	0	0.42825	0	0	0	0	0	0	0	0	0	0	0	0	0	0
GGB3321_SGB4394	0	0	0	0	0	0	0	0	0	0	0	0	0	0	0	0	0	0	0	0	0	0	0.00674	0	0	0.00369	0	0	0	0.06432	0	0	0	0	0	0.06547	0	0	0	0.11391	0.13594	0	0	0	0	0	0	0	0	0.00889	0	0	0.01173	0	0	0.00681	0	0	0	0	0	0	0	0	0	0.09524	0	0.00054	0	0.03441	0.42698	0	0	0	0	0	0	0	0	0.00843	0	0	0	0	0	0	0	0	0	0	0	0	0	0	0	0.03487	0	0	0.04228	0.02399	0.00288	0.00199	0.01203	0.33917	0.01141	0.00247	0	0	0	0	0	0	0	0	0	0	0	0	0	0.00058	0.00494	0	0	0.01053	0	0	0	0.01893	0	0	0.1344	0	0	0	0	0	0	0.03132	0.00066	0	0	0	0	0	0	0	0.02698	0	0	0	0	0.12048	0.31974	0	0	0	0	0.08782	0	0	0	0	0	0	0	0	0	0	0
Klebsiella_variicola	0.42481	0	0	0	0	0	0	0	0	0	0.01636	0	0	0.00969	0.01279	0	0	0	0.00836	0.21636	0.03056	0	0	0	0	0	0	0.05063	0	0	0	0	0	0	0	0	0	0	0	0	0.01077	0	0.0103	0	0	0	0.06254	0	0	0.16718	0	0	0	0	0	0	0	0	0	0	0.01756	0	0	0	0	0	0	0	0	0	0	0	0	0	0	0	0	0	0	0	0	0	0	0	0	0	0	0	0.0534	0	0	0	0	0.02708	0	0	0	0	0	0	0	0	0	0	0	0	0	0	0	0.24228	0	0	0	0	0.00762	0	0	0	0	0.00915	0.0028	0	0	0	0	0	0	0	0	0	0	0	0.00575	0	0	0	0	0	0	0	0	0	0.00647	0	0	0	0	0	0	0.00991	0	0	0	0	0	0	0	0	0	0	0	0	0	0	0	0	0.05459	0	0
Clostridium_sp_AF12_28	0.00403	0	0	0	0	0	0	0	0.00104	0.01096	0	0	0	0	0	0	0	0	0.00602	0	0	0	0	0	0	0	0	0	0	0.00041	0	0	0.00974	0	0	0	0	0	0	0	0	0	0	0	0	0	0	0	0.00977	0.00895	0	0	0	0	0	0.05828	0	0	0	0	0	0	0	0	0	0	0	0	0	0.00948	0.00595	0	0.07474	0	0.00954	0	0	0	0	0	0	0.00699	0	0	0	0	0	0	0	0.10943	0.00555	0	0.00215	0	0.02873	0	0.00271	0	0	0	0	0.03683	0.03386	0.00048	0	0.02115	0.00426	0.0664	0.01737	0.04159	0	0	0	0.00294	0.00432	0	0	0.00392	0	0	0	0	0.02645	0	0	0.00208	0.01234	0	0	0	0.00076	0.08436	0	0	0.00052	0	0	0.00226	0.00444	0.02277	0	0	0	0.04461	0.06909	0.0185	0	0.00088	0.01469	0.01654	0	0	0.04626	0	0.04502	0	0	0.00533	0.42336	0	0	0.09101	0.0299	0	0	0	0	0	0
GGB9524_SGB14923	0	0	0	0	0	0	0	0	0	0	0	0	0	0	0	0	0	0	0	0	0	0	0	0	0	0	0	0	0	0	0	0	0	0	0	0.00296	0.42109	0	0	0	0.02246	0	0	0	0	0	0	0	0	0	0	0	0	0	0	0	0	0	0	0	0	0	0	0	0	0	0	0	0	0	0	0	0	0	0	0	0	0	0	0	0	0	0	0	0	0	0	0	0	0	0	0	0	0	0	0	0	0	0	0	0	0	0	0	0	0	0	0	0	0	0	0	0	0	0	0	0	0	0	0	0	0	0	0	0	0	0	0	0	0	0	0	0	0	0	0	0	0	0	0	0	0	0	0	0	0	0	0.02529	0	0.06851	0	0	0	0	0	0	0	0	0.03904	0	0	0	0	0	0	0	0	0	0
GGB4257_SGB5789	0	0	0	0	0	0	0	0	0	0	0	0	0	0	0	0	0	0	0	0	0	0	0	0	0	0	0	0	0	0	0	0	0	0	0	0	0	0	0	0	0	0	0	0	0	0	0	0	0	0	0	0	0	0	0	0	0	0	0	0	0	0	0	0	0	0	0	0	0	0	0	0	0	0	0	0	0	0	0	0	0	0	0	0	0	0	0	0	0	0	0	0	0	0	0	0	0	0	0	0	0	0	0	0	0	0	0	0	0	0	0	0	0	0	0	0	0	0	0	0	0	0	0	0	0	0	0	0	0	0	0	0	0	0	0	0	0	0	0	0	0	0	0	0	0	0	0	0	0	0	0	0	0	0	0	0	0	0	0	0	0	0	0	0	0	0	0	0.4201	0
Rothia_mucilaginosa	0.02207	0.15238	0.0366	0.03666	0	0.00222	0.01331	0	0.00272	0.03378	0.29588	0.04064	0.00927	0.02602	0.00827	0	0.06914	0	0.01626	0.00139	0.41956	0	0.00555	0.00971	0.01774	0.01893	0.06687	0.18726	0.02052	0	0.37784	0.00655	0.04589	0.3897	0.02627	0.00057	0.01192	0.00465	0.04822	0	0.00546	0.04664	0.19879	0.00223	0.01237	0.03198	0.01383	0.00757	0.02123	0.07208	0	0	0	0.0028	0	0	0.01867	0	0	0	0	0	0.01107	0.00087	0.02031	0	0	0.00012	0	0	0	0	0	0.10092	0	0.00051	0.00679	0	0.07589	0.0593	0.03612	0.00083	0	0.00994	0.00934	0	0.01219	0.02287	0.03302	0	0	0	0.00296	0	0	0.00234	0	0	0	0	0.02002	0.01241	0.01953	0	0	0	0.00266	0	0.03151	0.01462	0.00919	0	0.02321	0	0.01445	0	0.21107	0	0.00136	0.0048	0	0.01941	0	0	0.00018	0	0.00497	0.01005	0.01075	0.03658	0.00021	0	0	0.01051	0.00523	0	0	0	0.00034	0.00613	0	0	0	0.00084	0	0	0	0	0.00093	0	0	0	0	0	0	0	0	0	0	0	0	0	0	0	0	0	0	0	0
Clostridia_bacterium_UC5_1_1D1	0	0	0.00849	0	0.055	0.08187	0	0.15961	0.33197	0.0074	0	0.06038	0	0.01249	0.00944	0.26492	0.00243	0	0.00083	0	0.06471	0.00727	0.03134	0.41924	0	0.02018	0	0	0.05528	0	0	0.22185	0.04956	0	0.03122	0.00703	0.03719	0.00484	0	0.00315	0.06644	0.06718	0	0.01286	0	0.00842	0.01854	0.0189	0	0	0.00297	0	0	0	0	0	0	0.00433	0	0.03185	0.01142	0	0	0.00293	0	0	0.02128	0	0	0.00633	0	0	0	0.08663	0	0	0.00335	0.02873	0	0.01996	0	0.00845	0.04987	0.01175	0	0.01735	0	0.01168	0.014	0	0	0.01934	0	0.01184	0	0	0	0.06348	0	0	0	0	0	0	0.01475	0	0	0.09283	0.01117	0	0.00512	0.03881	0.02025	0.01496	0	0	0	0	0.10213	0	0	0	0	0	0.02362	0.00151	0.04192	0	0.00331	0.00621	0.04082	0.00989	0.02152	0	0.00132	0	0.00625	0	0.01213	0	0	0.00899	0.00913	0	0	0	0	0	0	0	0	0	0	0	0	0	0	0	0	0	0	0	0	0.00794	0	0	0	0	0
GGB9424_SGB14794	0	0	0	0	0	0	0	0	0	0	0	0	0	0.03878	0.0196	0	0	0	0	0	0	0	0.12949	0	0	0	0	0	0	0	0	0	0	0	0	0	0.03825	0	0	0	0	0.09007	0	0	0	0.21399	0	0	0	0.41786	0	0	0	0	0	0	0	0	0	0	0	0	0	0	0	0	0	0	0	0	0	0	0	0	0	0	0	0	0	0	0	0	0	0	0.00689	0	0	0	0	0	0	0	0	0	0	0	0	0	0	0	0	0	0.01275	0	0	0	0	0	0	0	0.00188	0	0	0	0	0	0	0	0	0	0	0	0	0	0	0	0	0	0	0	0	0	0	0	0	0	0	0	0	0	0	0	0	0	0	0	0	0	0	0	0	0	0	0	0	0	0	0	0	0	0	0	0	0	0	0	0	0	0
GGB13489_SGB15224	0	0	0	0	0	0	0	0	0	0	0	0	0	0	0	0	0	0	0	0	0	0	0	0	0	0	0	0	0	0	0	0	0.04753	0	0	0	0	0	0	0	0	0	0	0	0	0	0	0	0	0.18422	0	0	0	0	0	0	0	0	0	0	0	0	0	0	0	0	0	0	0	0	0.01939	0	0	0	0	0	0	0	0	0	0	0	0	0	0	0	0	0	0	0	0	0	0	0	0.04342	0	0	0	0.30629	0	0	0	0	0.02362	0	0	0	0	0	0	0.05474	0	0	0	0	0	0	0.14307	0	0.01184	0.4177	0	0	0	0	0	0	0	0	0	0.07363	0.00629	0	0	0	0	0	0	0	0	0	0	0	0.0089	0	0	0	0	0	0	0	0	0	0	0	0	0	0	0	0	0	0	0	0	0	0	0	0	0
Faecalitalea_cylindroides	0	0	0	0	0	0	0	0	0	0	0	0	0	0.00301	0.00102	0	0	0	0	0	0	0	0.41662	0	0	0	0	0	0	0	0	0	0.0037	0	0	0	0.0111	0	0	0	0	0.02204	0	0	0	0	0	0	0	0	0	0	0	0	0	0	0.13929	0	0	0	0	0	0	0	0	0	0	0	0	0	0	0	0	0	0	0	0	0	0	0	0	0	0	0	0	0	0	0	0	0	0	0	0	0	0	0	0	0	0	0	0	0	0	0	0	0	0	0	0	0	0.0008	0	0	0.01528	0	0	0	0	0	0	0	0	0	0	0	0	0	0	0	0	0	0	0	0	0	0	0	0	0	0	0	0	0	0	0	0	0	0	0	0	0	0	0	0	0	0	0	0	0	0	0	0	0	0	0	0	0	0	0
Parabacteroides_faecis	0	0	0.07199	0	0	0	0	0	0	0	0	0	0	0	0	0.0063	0	0	0	0	0	0	0	0	0	0	0	0	0	0	0	0	0	0	0	0	0	0	0	0	0	0.00578	0	0	0	0	0	0	0	0	0	0	0	0	0	0	0	0	0	0	0	0	0	0	0	0	0	0	0	0	0	0	0	0	0.05909	0	0	0	0	0	0	0.00931	0	0	0	0	0	0	0	0	0	0.4154	0	0	0.00913	0	0.00571	0.02202	0	0	0	0	0	0	0	0	0	0	0	0	0	0	0	0	0	0	0	0	0	0	0	0	0	0	0	0	0	0	0	0	0	0.01245	0	0	0	0	0	0	0	0	0	0.22034	0	0	0	0	0	0	0	0	0	0	0	0	0.001	0	0	0	0	0	0	0	0	0	0	0	0	0	0
Blautia_hydrogenotrophica	0	0	0	0	0	0	0	0.41203	0.09184	0	0	0	0	0	0	0	0	0	0	0	0	0	0	0	0	0.0123	0	0	0	0	0	0	0	0	0	0	0.06739	0	0	0.16332	0.01733	0	0	0	0	0.11629	0	0	0.14894	0	0	0	0	0	0	0	0	0	0	0	0	0	0	0	0	0	0	0	0	0	0	0	0	0	0	0	0	0	0	0	0	0	0	0	0	0	0	0	0	0	0	0	0	0.01868	0	0	0	0.13994	0	0	0	0	0	0	0.00339	0	0	0.00057	0	0	0	0	0	0	0	0	0	0	0	0	0	0	0	0	0	0	0	0.00015	0	0	0	0	0	0	0	0	0	0	0	0	0	0.03955	0	0	0	0	0	0.00731	0	0	0	0	0	0	0	0	0	0	0	0	0	0	0	0	0	0	0	0	0
GGB38239_SGB47716	0	0	0	0	0	0	0	0	0	0	0	0	0.01505	0	0	0	0	0	0	0	0	0	0	0	0	0	0	0	0	0	0	0	0	0	0	0.01302	0	0	0	0	0	0	0	0	0	0	0	0	0	0.00391	0	0.05978	0	0	0	0	0	0	0	0	0.09722	0.02031	0	0.03167	0	0	0	0	0	0	0	0	0	0	0	0	0	0	0	0	0	0	0	0	0	0	0	0	0	0	0	0	0.00963	0	0.01569	0	0	0	0	0	0.13887	0	0	0	0	0	0	0	0.02534	0	0	0	0	0	0	0	0	0	0	0.0026	0.03516	0	0	0	0	0	0	0	0	0.16791	0	0.41099	0	0	0	0	0	0	0	0.14307	0	0	0	0	0.04698	0	0	0	0	0	0	0	0.04684	0	0	0	0	0	0	0	0	0.01777	0.10948	0	0	0	0	0	0
Eubacterium_hominis	0.00155	0	0	0	0	0.00292	0	0	0	0	0	0	0	0.00219	0.00361	0.04073	0	0	0	0.08471	0	0	0	0	0	0.03383	0	0.1442	0	0	0.02298	0.05731	0	0	0.23834	0	0	0.08712	0	0.09342	0	0	0.00219	0	0	0	0	0.40885	0.13145	0	0	0	0	0	0.02473	0	0	0.00154	0	0	0	0	0.003	0	0.31072	0	0	0	0	0	0	0	0	0.08001	0	0	0	0	0.00198	0	0	0.00368	0	0	0	0	0.1841	0	0.02627	0	0.00117	0.01664	0	0.29767	0	0	0	0.01365	0.00217	0	0	0	0	0	0	0	0	0	0	0	0	0	0.02812	0.00043	0	0	0.00426	0	0.03477	0	0	0	0	0	0	0	0	0	0	0	0.00301	0	0	0	0.00121	0	0	0	0	0	0	0	0	0	0	0.00069	0	0	0.01381	0	0.00389	0	0	0	0	0	0	0	0	0	0	0	0	0	0	0	0	0	0
Guopingia_tenuis	0.00894	0	0	0	0	0	0	0	0	0.0096	0	0	0	0.04554	0.05194	0	0	0	0	0	0	0	0.01119	0	0	0	0	0	0	0.01086	0	0	0	0	0	0.02726	0.00249	0	0	0.00886	0.01352	0.00967	0	0	0	0.00771	0	0	0.02363	0.00066	0	0	0	0	0	0	0	0	0	0	0.01377	0	0	0	0	0.00024	0	0.0601	0	0.00527	0	0	0	0	0.0011	0	0	0.00354	0	0.02808	0	0	0.0023	0.00914	0	0.00474	0.00236	0	0	0	0	0	0	0	0.0003	0.01021	0	0.40519	0.01427	0.00191	0	0.00279	0.00446	0	0.00643	0	0	0.05784	0	0	0.00015	0.00274	0.00683	0.00299	0	0	0	0	0	0.00013	0.0023	0	0	0.00485	0.00344	0	0.00365	0.00787	0	0	0.01171	0	0	0	0.00807	0	0	0	0.00967	0	0	0.01352	0	0	0	0	0	0	0	0	0	0	0	0	0	0	0	0	0	0	0	0	0	0	0	0	0	0	0
Eubacterium_callanderi	0	0.00059	0	0	0	0.01911	0	0	0	0	0	0	0	0	0	0	0	0	0	0	0.00342	0	0	0	0	0	0	0	0.40354	0	0	0	0	0	0	0	0	0	0	0.02901	0.01386	0	0	0	0	0	0	0	0	0	0	0	0	0	0	0	0	0	0	0	0	0	0	0	0	0	0	0	0	0	0	0	0	0	0	0	0	0	0	0	0	0	0	0	0	0	0	0	0	0	0	0	0	0	0	0	0	0	0	0	0	0	0	0	0	0	0	0	0	0	0	0	0.00169	0	0	0	0	0	0	0	0	0.00198	0	0	0	0	0	0	0	0	0	0	0.0029	0	0	0	0	0	0	0	0	0	0	0	0	0	0	0	0	0	0	0	0	0	0	0	0	0	0	0	0	0	0	0	0	0	0	0	0
GGB1096_SGB1408	0	0	0	0	0	0	0	0	0	0	0	0	0	0	0	0	0	0	0	0	0	0	0	0	0	0	0	0	0	0	0	0	0.40141	0	0	0	0.10507	0	0	0	0	0	0	0	0	0	0	0	0	0.30976	0	0	0	0	0	0	0	0.06759	0	0	0	0	0	0	0	0	0	0	0	0	0	0	0	0	0	0	0	0	0	0	0	0	0	0	0	0	0	0	0	0	0	0	0.1023	0	0	0	0	0	0	0	0	0	0	0	0	0	0	0	0	0	0.0826	0	0	0	0	0	0	0	0	0	0	0	0	0	0	0	0	0	0	0	0	0	0	0	0	0	0	0	0	0	0	0	0	0	0	0	0	0	0	0	0	0	0	0	0	0	0	0	0	0	0	0	0	0	0	0	0	0	0
GGB3637_SGB4930	0	0	0	0	0	0	0	0	0	0	0	0	0	0	0	0	0	0	0	0	0	0	0	0	0	0	0	0	0	0	0	0	0	0	0	0	0	0	0	0	0	0	0	0	0	0	0	0	0	0.24695	0	0	0	0	0	0	0	0	0	0	0	0	0	0	0	0	0	0	0	0	0	0	0	0	0	0	0	0	0	0	0	0	0	0	0	0	0	0	0	0	0	0	0	0	0	0	0	0	0	0	0	0.4014	0	0	0	0	0	0	0	0	0	0	0	0	0	0	0	0	0	0	0	0	0	0	0	0	0	0	0	0	0	0	0	0	0	0	0	0	0	0	0	0	0	0	0	0	0	0	0	0	0	0	0	0	0	0	0	0	0	0	0	0	0	0	0	0	0	0	0
GGB1247_SGB1668	0	0	0	0	0	0	0	0	0	0	0	0	0	0	0	0	0	0	0	0	0	0	0	0	0	0	0	0	0	0	0	0	0	0	0	0	0	0	0	0	0	0	0	0	0	0	0	0	0	0	0	0	0	0	0	0	0	0	0	0	0	0	0	0	0	0	0	0	0	0	0	0	0	0	0	0	0	0	0	0	0	0	0	0	0	0	0	0	0	0	0	0	0	0	0	0	0	0	0	0	0	0	0	0	0	0	0	0	0	0	0	0	0	0	0	0	0	0	0	0	0	0	0	0	0	0	0	0	0	0	0	0	0	0	0	0	0	0.39872	0	0	0	0	0	0	0	0	0	0	0	0	0	0	0	0	0	0	0	0	0	0	0	0	0	0	0	0	0	0	0
Butyricimonas_faecihominis	0	0	0	0	0	0	0	0	0	0	0	0	0.02165	0	0	0	0	0	0	0	0	0	0	0	0	0	0	0	0	0	0	0	0.01957	0	0	0	0.07763	0	0	0	0	0.00068	0	0	0	0	0	0	0.0077	0	0	0	0.1487	0	0	0	0	0	0	0	0	0.01167	0	0	0	0	0.04189	0.00495	0	0.02818	0	0.09889	0	0	0	0	0.00624	0	0	0	0	0	0	0.00381	0.00777	0	0	0	0	0.01021	0	0	0.0155	0	0.01053	0	0	0	0.0299	0.02125	0	0	0	0	0.01533	0	0	0	0	0	0.00018	0	0.00203	0	0	0	0	0.03431	0.05843	0	0	0	0.01549	0.12367	0.0575	0.39866	0.00763	0.0165	0	0	0.0173	0	0	0	0	0	0.00509	0.00368	0	0	0	0	0	0.04648	0	0	0	0	0	0	0.06154	0	0	0	0	0	0	0	0.02648	0	0	0	0	0	0	0	0	0	0
Butyricimonas_synergistica	0.1635	0	0	0	0	0	0	0	0	0	0	0	0	0.01956	0.02286	0	0	0	0	0	0	0	0	0.00147	0	0	0	0	0	0	0	0.03033	0	0	0	0.00481	0.02182	0	0	0	0	0.01385	0	0	0	0.0064	0	0.00076	0	0	0	0.02601	0	0	0	0	0	0	0	0	0.09299	0	0	0	0	0	0.04308	0	0	0	0	0	0	0	0	0	0	0	0	0	0	0.00455	0	0.05425	0	0	0	0	0	0.126	0	0.00758	0	0	0	0	0	0	0	0	0	0	0.04	0	0.00078	0	0	0.00243	0	0	0	0	0	0	0	0	0	0	0.01972	0.00149	0	0	0.0073	0	0	0.00659	0	0	0	0	0	0	0	0	0	0	0	0	0.01737	0.01299	0.0019	0	0	0.06184	0.39555	0.00544	0	0.03343	0.04297	0	0	0.00892	0	0	0.00027	0	0	0	0	0	0	0	0	0	0	0	0	0.00266	0
Massiliimalia_massiliensis	0	0	0	0	0	0	0	0	0	0	0	0	0	0.03718	0.03422	0	0	0	0	0	0	0	0.0012	0	0	0	0	0	0	0.0001	0	0	0.00404	0	0	0	0.01433	0	0	0.01205	0.39505	0	0	0	0	0	0	0.01514	0	0.00679	0	0	0	0	0	0	0	0	0	0	0	0	0	0	0	0.00015	0.00033	0.00052	0	0	0	0	0	0	0	0	0	0	0	0	0	0	0	0.00327	0	0	0	0	0	0	0	0	0	0	0	0	0	0	0	0	0	0	0.002	0	0	0	0	0.00678	0	0	0	0	0	0	0	0	0	0	0	0.00922	0	0	0	0	0	0	0	0	0	0	0.0014	0	0	0	0	0	0	0	0.00145	0	0	0.00147	0	0	0	0	0	0	0	0	0	0	0	0	0	0	0	0	0	0	0	0	0	0	0	0	0	0	0
GGB4658_SGB6445	0	0	0	0	0	0	0	0	0	0.34532	0	0	0	0	0	0	0	0	0.39499	0	0	0	0	0	0	0	0	0	0	0	0	0	0	0	0	0	0	0	0	0	0	0	0	0	0	0	0	0	0	0	0	0	0	0	0	0	0	0	0	0	0	0	0	0	0	0	0	0	0	0	0	0	0	0	0	0	0	0	0	0	0	0	0	0	0.10792	0	0	0	0	0	0	0	0	0	0	0	0	0	0	0	0	0	0.07294	0	0	0	0	0	0	0	0	0	0	0	0	0	0	0	0	0	0	0	0	0	0	0	0	0	0	0	0	0	0	0	0	0	0	0	0	0	0	0	0	0	0	0	0	0	0	0	0	0	0	0	0	0	0	0	0	0	0	0	0	0	0	0	0	0	0
GGB33665_SGB47358	0	0	0	0	0	0	0	0	0	0	0	0	0	0	0	0	0	0	0	0	0	0	0	0	0	0	0	0	0	0	0	0	0	0	0	0	0	0	0	0	0	0	0	0	0	0	0	0	0	0	0	0	0	0	0	0	0	0	0	0	0	0	0	0	0	0	0	0	0	0	0	0	0	0	0	0	0	0	0	0	0	0	0	0	0	0	0	0	0	0	0	0	0	0	0	0	0	0	0	0	0	0	0	0	0	0	0	0	0	0	0	0	0	0	0	0	0	0	0	0	0	0	0.39473	0	0	0	0	0	0	0	0	0	0	0	0	0	0	0	0	0	0	0	0	0	0	0	0	0	0	0	0	0	0	0	0	0	0	0	0	0	0	0	0	0	0	0	0	0	0
Clostridium_sp_AM42_4	0.00564	0	0	0	0	0	0	0	0	0.04429	0	0	0.02084	0.02522	0.0588	0	0.04108	0	0.02963	0.02884	0	0.01423	0.00784	0	0	0	0	0	0	0	0	0	0	0	0	0	0	0.01867	0	0	0	0	0.00281	0	0	0	0	0	0	0	0	0	0.00414	0	0.02114	0	0	0.03406	0	0	0	0.01086	0.39421	0.00013	0	0	0	0	0.05845	0.04149	0	0	0.01476	0.06337	0.04443	0.2394	0	0	0.02468	0.001	0.32807	0.01974	0	0	0	0	0	0.04679	0	0	0	0.06809	0.0023	0.00443	0.00153	0	0	0	0.00254	0.00609	0.02138	0	0.00228	0	0	0.01217	0.00564	0	0.04939	0.05086	0.12949	0	0.00254	0.03135	0	0.02246	0	0	0	0	0	0	0	0	0.01386	0.05289	0.02465	0.01738	0.00222	0	0.05878	0	0.08358	0	0.04882	0.01683	0	0	0.00771	0	0	0	0	0.00297	0.0537	0.099	0	0.02821	0.0939	0.01301	0	0	0.03424	0	0	0.01204	0	0.00586	0.01238	0	0	0.06319	0.00135	0	0	0	0.00847	0.00707	0
Eubacterium_tenue	0	0	0	0	0	0	0	0	0	0	0	0	0	0	0	0	0	0	0	0	0	0	0	0	0	0	0	0	0	0	0	0	0	0	0	0	0	0	0	0	0.0005	0	0	0	0	0	0	0	0	0	0	0	0	0	0	0	0.00164	0	0	0	0	0	0.38572	0	0	0	0	0	0	0	0	0	0	0	0	0	0	0	0	0	0	0	0	0	0	0	0	0	0	0	0	0	0	0	0	0	0	0	0	0	0	0	0	0	0	0	0	0	0	0	0	0	0	0	0	0	0	0	0	0	0	0	0	0	0	0	0	0	0	0	0	0	0	0	0	0	0	0	0	0	0	0	0	0	0	0	0	0	0	0	0	0	0	0	0	0	0	0	0	0	0.00076	0	0	0	0	0	0	0	0
GGB3496_SGB4671	0	0	0	0	0	0	0	0	0	0	0	0	0	0	0	0	0	0.37981	0	0	0	0	0	0	0	0	0	0	0	0	0	0	0	0	0	0	0	0	0	0	0	0	0	0	0	0	0	0	0	0	0	0	0	0	0	0	0	0	0	0	0	0	0	0	0	0	0	0	0	0	0	0	0	0	0	0	0	0	0	0	0	0	0	0	0	0	0	0	0	0	0	0	0	0	0	0	0	0	0	0	0	0	0	0	0	0	0	0	0	0	0	0	0	0	0	0	0	0	0	0	0	0	0	0	0	0	0	0	0	0	0	0	0	0	0	0	0	0	0	0	0	0	0	0	0	0	0	0	0	0	0	0	0	0	0	0	0	0	0	0	0	0	0	0	0	0	0	0	0
Enterobacter_hormaechei	0	0	0.03489	0	0	0.00019	0	0	0	0	0.36984	0	0	0	0	0	0	0	0.02274	0	0	0	0	0.27428	0	0	0	0	0	0	0	0	0	0	0	0	0	0	0	0	0.00163	0	0.00079	0	0	0	0.33536	0	0	0	0	0	0	0	0	0.03156	0.01646	0	0.08377	0	0	0	0	0	0	0	0	0	0	0	0	0	0	0	0.04262	0.00108	0	0	0.03639	0	0	0	0	0	0	0	0	0	0	0	0	0	0.01028	0	0	0	0	0	0	0.00347	0	0	0.0155	0	0	0	0	0	0	0.05661	0	0	0	0	0	0	0	0	0	0	0	0	0	0	0	0	0	0	0	0	0	0	0	0	0	0	0	0	0	0	0	0	0	0	0	0	0	0	0	0.027	0	0	0	0	0	0	0	0	0	0	0	0	0	0	0	0	0	0	0
Lentihominibacter_faecis	0.11144	0	0.00108	0	0	0	0	0	0	0.02755	0.18382	0.05183	0.05559	0	0	0	0.00431	0.00208	0.00032	0.18452	0	0.00759	0.06157	0	0	0.03397	0	0	0.36927	0.12655	0	0.0059	0.06446	0	0	0.04642	0.01351	0.33345	0	0.15364	0	0	0.00042	0	0	0	0	0	0.32755	0.08376	0	0	0	0	0.00152	0	0	0	0	0	0.00243	0	0	0	0.01873	0	0	0.00021	0	0.01135	0	0	0	0	0	0	0	0.03032	0	0	0	0	0	0.00444	0.00143	0	0	0	0.01186	0	0	0	0	0	0	0.00746	0	0.19594	0.00572	0	0.00224	0	0.00037	0.00812	0.01005	0	0	0.00692	0.00091	0.00162	0.00013	0	0.00137	0	0	0	0	0	0	0.02029	0.00359	0	0	0	0	0	0	0.00032	0.0017	0	0	0.0043	0.01893	0	0.00099	0	0	0.00372	0.01173	0	0	0	0	0	0	0	0	0.00226	0	0	0	0	0	0	0	0	0	0	0	0	0	0	0	0	0	0	0	0	0
GGB9509_SGB14906	0	0	0	0	0	0	0	0	0	0	0	0	0	0	0	0	0	0	0	0	0.01215	0	0	0	0	0	0	0	0	0.01164	0	0	0	0	0	0	0	0	0	0	0	0	0	0	0	0	0	0	0	0	0	0	0	0	0	0	0	0	0	0	0	0	0	0	0	0	0	0	0	0	0	0	0	0	0	0	0	0	0	0	0	0	0	0	0	0	0	0	0	0	0	0	0.01688	0	0	0	0	0	0	0	0	0.02058	0	0	0	0	0	0	0	0	0	0	0.15722	0	0	0	0	0	0	0	0	0	0	0	0.3692	0	0	0	0	0	0	0	0	0	0.01107	0	0	0	0	0	0	0	0	0	0	0.0131	0	0	0	0	0	0	0	0	0	0	0	0	0	0	0	0	0	0	0	0	0	0	0
Amedibacterium_intestinale	0	0	0	0	0	0	0	0	0	0	0	0	0	0	0	0	0	0.31743	0	0	0	0	0	0.22184	0.00265	0	0	0	0	0	0	0	0	0	0	0	0	0	0.36733	0	0	0	0	0	0	0	0	0	0	0	0	0	0	0	0	0	0	0	0	0	0	0	0	0	0	0	0	0	0	0	0	0	0	0	0	0.01092	0	0	0	0	0	0	0	0	0	0	0	0	0	0	0	0	0	0.07	0	0	0	0	0	0	0	0	0	0	0	0	0	0	0	0	0	0	0	0	0	0	0	0	0	0	0	0	0	0	0	0	0	0	0	0	0	0	0	0	0	0	0	0	0	0	0	0	0	0	0	0	0	0	0	0	0	0	0	0	0	0	0.00106	0	0	0	0	0	0	0	0	0	0	0	0
GGB2982_SGB3964	0.08797	0	0	0	0	0	0	0.11367	0	0.01413	0	0	0	0.36591	0.3553	0	0	0	0	0	0	0.04595	0.20726	0	0	0.00658	0	0	0.00134	0	0	0	0	0	0	0.19782	0	0	0	0.01315	0.06336	0	0	0	0	0.09946	0	0.00464	0.00688	0	0.01183	0	0	0	0	0	0	0	0	0	0	0	0	0	0.0012	0	0	0	0	0	0	0	0	0	0	0	0	0.04022	0	0	0	0.01788	0	0.05495	0	0	0	0	0	0	0	0.03199	0	0	0	0.08784	0	0	0.11071	0.04681	0	0	0	0	0	0	0	0.07541	0.12024	0.00103	0	0.02023	0.03588	0	0	0	0	0	0	0	0.00357	0	0	0.01758	0	0	0.06102	0	0	0	0	0.00528	0	0	0.06062	0.05152	0	0.05432	0	0	0	0	0	0	0	0.00896	0	0	0	0.00104	0	0.01627	0.00413	0	0.00897	0	0	0.04127	0.01318	0	0	0	0	0	0	0	0.00505	0	0
Mediterraneibacter_sp_NSJ_151	0	0	0	0	0	0	0	0	0	0.01133	0	0.36551	0.01391	0	0	0	0.04472	0	0.0556	0.02646	0	0	0.04617	0	0	0	0	0	0	0.00703	0	0	0.02053	0	0	0.03985	0.01761	0	0.01009	0	0	0	0.31424	0	0	0	0	0	0	0.04429	0.00463	0	0	0	0	0	0	0	0	0	0	0.00217	0	0.04906	0	0	0	0	0.00647	0.00798	0.01003	0	0.01113	0	0.01172	0	0	0	0	0	0	0.02283	0	0	0.0169	0	0	0.04454	0	0	0	0	0	0	0.00988	0.02906	0	0.0031	0.02431	0	0.00654	0.00189	0	0.02355	0	0.03782	0	0.05845	0	0.0056	0	0	0	0	0.02118	0.02199	0	0.00062	0	0	0	0	0	0	0	0	0.02073	0.00147	0	0	0	0	0	0	0	0	0	0.01248	0	0	0	0	0	0	0	0	0	0	0.01911	0.0043	0	0.01778	0.00267	0	0	0	0	0	0.00531	0	0	0	0	0	0	0	0	0	0.00334
Vescimonas_SGB15086	0	0	0	0	0	0	0	0	0	0	0	0	0	0	0	0	0	0	0	0	0	0	0	0	0	0	0	0	0	0	0	0	0	0	0	0	0.08993	0	0	0	0	0	0	0	0	0	0	0	0	0.00013	0	0	0	0	0	0	0	0	0	0	0	0	0	0	0	0	0	0	0	0	0	0	0	0	0	0	0	0	0	0	0	0	0	0	0	0	0	0	0	0	0	0	0	0	0	0	0	0	0	0	0	0	0	0	0	0	0	0	0	0	0	0	0	0	0	0	0	0	0	0	0	0	0.36532	0	0	0	0	0	0	0	0	0	0	0	0	0	0	0	0	0	0	0	0	0	0	0	0	0	0	0	0	0	0	0	0	0	0	0	0	0	0	0	0	0	0	0	0	0	0
GGB9759_SGB15370	0	0	0	0	0	0	0	0	0	0	0	0	0	0.09488	0.06306	0	0	0	0.0063	0	0	0.00982	0.01573	0	0	0.22727	0	0	0	0	0	0	0	0	0	0.0013	0	0	0	0	0	0	0	0	0	0	0	0	0	0.05171	0	0	0	0	0	0.06642	0	0	0	0	0	0	0	0.00538	0	0	0	0.03022	0.07648	0	0.01041	0	0	0	0	0	0	0	0	0.17401	0	0	0	0	0	0	0	0	0	0	0.00029	0	0.01308	0	0.02966	0.08292	0.00295	0	0.00395	0	0	0	0	0.01408	0.03309	0	0	0	0.01552	0	0.36476	0	0	0	0	0	0	0	0	0	0	0	0	0.00826	0	0	0	0.07804	0.03899	0.25243	0.06961	0	0	0	0.0244	0	0.01358	0.01713	0.00641	0.02137	0.0365	0	0	0	0	0	0	0	0	0	0	0	0	0	0	0	0	0	0.01279	0	0	0	0	0	0	0	0	0	0
Comamonas_kerstersii	0	0	0	0	0	0	0	0	0	0	0	0	0	0	0	0	0	0	0	0	0	0	0.00082	0	0	0	0	0	0	0	0	0	0	0	0	0	0	0	0	0	0	0	0	0	0	0	0	0	0	0	0	0	0	0	0	0	0	0	0	0	0	0	0	0	0	0	0	0	0	0	0	0	0	0	0	0	0	0	0	0	0	0	0	0	0.00338	0	0	0	0	0	0	0	0	0	0	0	0	0	0	0	0	0	0	0	0	0	0	0	0	0	0	0	0	0	0	0	0	0	0	0	0	0	0	0	0	0	0	0	0	0	0	0	0	0	0	0	0	0	0	0	0	0	0	0	0	0	0	0	0	0	0	0	0	0	0	0	0	0	0	0	0	0.36305	0.0067	0	0	0	0	0	0.00257
Morganella_morganii	0	0	0	0	0	0	0	0	0	0	0	0.00134	0	0	0	0	0	0	0	0	0	0	0	0	0	0	0	0	0	0	0	0	0	0	0	0	0	0	0	0	0	0	0.02156	0	0	0	0.11174	0	0	0	0	0	0	0	0	0	0	0	0	0	0	0	0	0	0	0	0	0	0	0	0	0	0	0	0	0	0	0	0	0	0	0	0	0	0	0	0	0	0	0	0	0	0	0	0	0	0	0	0	0	0	0	0	0	0	0	0	0	0	0	0	0	0	0	0.35951	0	0	0	0	0	0	0	0	0	0	0	0	0	0	0	0	0	0	0	0	0	0	0	0	0	0	0	0	0	0	0	0	0	0	0	0	0	0	0	0	0	0	0	0	0	0	0	0	0	0	0	0	0	0
Lacticaseibacillus_rhamnosus	0	0.21243	0	0	0	0	0	0	0	0	0	0	0	0	0	0	0	0	0	0	0	0	0	0	0	0	0.35616	0	0	0	0	0	0	0	0	0	0	0	0	0	0	0	0	0	0	0	0	0	0	0	0	0	0	0	0	0	0	0	0	0	0	0	0	0	0	0	0	0	0	0	0	0	0	0	0	0	0	0	0	0	0	0	0	0	0	0	0	0	0	0	0	0	0	0	0	0	0.04254	0	0	0	0	0	0	0	0	0	0	0	0	0	0	0	0	0	0	0	0	0	0	0	0	0	0	0	0	0	0	0	0	0	0	0	0	0	0	0	0	0	0	0	0	0	0	0	0	0	0	0	0	0	0	0	0	0	0	0	0	0	0	0	0	0	0	0	0	0	0	0	0
Alistipes_dispar	0	0	0	0	0	0	0	0	0	0	0	0	0	0.01527	0.01371	0	0	0	0	0	0	0	0	0	0	0	0	0	0	0	0	0	0	0	0	0	0	0	0	0.00668	0	0	0	0	0	0	0	0	0	0	0	0	0	0	0	0	0	0	0	0	0	0.01004	0	0	0.00784	0	0	0.05387	0	0	0.00336	0	0	0	0	0	0	0	0	0	0	0	0	0	0	0	0	0	0	0.00952	0	0	0	0	0	0	0	0	0	0	0	0.00725	0	0.00194	0	0	0	0.17927	0	0.00028	0	0	0.02536	0.04215	0	0	0	0.07032	0	0	0	0	0	0	0	0.16543	0.04336	0	0	0	0.03343	0	0	0	0.01524	0	0	0	0	0.00743	0	0	0	0	0	0.03114	0	0	0	0	0	0	0.23382	0	0	0	0	0	0	0	0	0.34535	0	0	0	0	0	0	0
GGB3176_SGB4194	0	0	0	0	0	0	0	0	0	0	0	0	0	0	0	0	0	0	0	0	0	0	0	0	0	0	0	0	0	0	0	0	0	0	0	0	0	0	0	0	0	0	0	0	0	0	0	0	0	0.08942	0	0	0	0	0	0	0	0	0	0	0	0	0	0.3	0	0	0	0	0	0	0	0	0	0	0	0	0	0	0	0	0.04551	0	0	0	0	0	0	0	0	0	0	0	0	0	0	0	0	0	0	0	0	0	0	0	0	0	0	0	0	0	0	0.25917	0	0	0	0	0	0	0	0	0	0	0.34535	0	0	0	0	0	0	0	0	0	0	0	0	0.01034	0	0	0	0	0	0	0	0	0	0	0	0	0	0	0	0	0	0	0	0	0	0	0	0	0	0	0	0	0	0	0	0	0
GGB4703_SGB6510	0	0	0	0	0	0	0	0	0	0	0	0	0	0	0	0	0	0	0	0	0	0	0	0	0	0	0	0	0	0	0	0	0	0	0	0	0	0	0	0	0	0	0	0	0	0	0	0	0	0	0	0	0	0	0	0	0	0	0	0	0	0	0	0	0	0	0	0	0	0	0	0	0	0	0	0	0	0	0	0	0	0	0	0	0	0	0	0	0	0.10177	0	0	0	0	0.34286	0	0	0	0	0	0	0	0	0	0	0	0	0	0	0	0	0	0	0	0	0	0	0	0	0.0261	0	0	0	0	0	0	0	0	0	0	0	0	0	0	0	0	0	0	0	0	0	0	0	0	0	0	0	0	0	0	0	0	0	0	0	0	0	0	0	0	0	0	0	0	0	0	0	0	0
Lactococcus_lactis	0.02555	0	0	0	0	0	0	0	0	0	0	0	0	0.00038	0	0	0	0	0	0	0	0	0	0	0	0	0	0	0	0	0	0	0	0	0	0	0	0	0	0	0	0	0	0	0	0.00923	0	0	0	0	0	0	0	0	0	0	0	0	0	0	0.00242	0	0	0	0	0	0	0	0	0	0	0	0	0	0	0.00218	0	0	0	0	0	0	0	0	0	0	0.00954	0	0	0	0	0	0	0.00745	0	0	0	0	0	0	0	0	0	0	0	0	0	0	0	0	0	0	0	0	0	0	0	0	0	0	0	0	0	0	0	0	0	0	0	0	0	0	0	0.34261	0	0	0	0	0	0	0	0	0	0	0	0	0	0	0	0	0	0	0	0	0	0	0	0	0	0	0	0	0	0	0	0	0	0	0
Streptococcus_lutetiensis	0	0	0	0	0	0	0	0.34149	0	0	0	0	0	0	0	0	0	0	0	0	0	0	0	0	0	0	0	0.16923	0	0	0	0	0	0	0	0	0	0	0	0	0	0	0	0	0	0	0	0	0	0	0	0	0	0	0	0	0	0	0	0	0	0	0	0	0	0	0	0	0	0.00315	0	0	0	0	0	0.02959	0.05306	0	0	0	0	0	0	0	0	0	0	0	0	0	0	0	0	0	0	0	0	0	0	0	0	0	0	0	0	0	0	0	0	0	0	0	0	0	0	0	0	0	0	0	0	0	0	0	0	0	0	0	0	0	0	0	0	0	0	0	0	0	0	0	0	0	0	0	0	0	0	0	0	0	0	0	0	0	0	0	0	0	0	0	0	0	0	0	0	0	0	0	0
Caniella_SGB63087	0	0	0	0	0	0	0	0	0	0	0	0	0	0	0	0	0	0	0	0	0	0	0	0	0	0	0	0	0.34031	0	0	0	0	0	0	0	0	0	0	0	0	0	0	0	0	0	0	0	0	0	0	0	0	0	0	0	0	0	0	0	0	0	0	0	0	0	0	0	0	0	0	0	0	0	0	0	0	0	0	0	0	0	0	0	0	0	0	0	0	0	0	0	0	0	0	0	0	0	0	0	0	0	0	0	0	0	0	0	0	0	0	0	0	0	0	0	0	0	0	0	0	0	0	0	0	0	0	0	0	0	0	0	0	0	0	0	0	0	0	0	0	0	0	0	0	0	0	0	0	0	0	0	0	0	0	0	0	0	0	0	0	0	0	0	0	0	0	0	0
GGB9365_SGB14341	0	0	0	0	0	0.18381	0	0	0.03982	0	0.03505	0	0.23155	0.00945	0.00253	0.03192	0	0	0	0	0	0	0	0	0	0.33913	0	0	0	0	0	0	0	0	0	0.13447	0	0	0	0	0	0.03608	0	0	0	0	0	0	0	0.02114	0	0	0	0	0	0	0	0	0	0	0.0035	0	0	0	0	0	0.00359	0	0	0	0	0	0	0	0	0	0	0	0	0	0	0	0	0	0	0	0	0	0	0	0	0	0	0	0.00268	0	0	0	0	0	0	0	0.01478	0	0	0.00094	0.0135	0.01896	0.00139	0	0	0	0	0	0	0	0	0.01596	0	0.02763	0.00098	0	0	0	0.00096	0	0.03808	0	0.00504	0	0.02079	0	0	0	0.00213	0	0	0	0.00063	0	0	0.23019	0	0	0	0	0	0	0	0	0	0	0	0	0	0	0	0	0	0	0	0	0	0	0	0	0	0	0
GGB9412_SGB14770	0	0	0	0	0	0	0	0	0	0	0	0	0.00301	0	0	0	0	0	0	0	0	0	0	0	0	0	0	0	0	0	0	0	0	0	0	0	0	0	0	0	0	0	0	0	0	0	0	0	0	0	0	0	0	0	0	0	0	0	0	0	0	0	0	0	0	0	0	0	0	0	0	0	0	0	0	0	0	9e-05	0	0	0	0	0	0	0	0	0	0	0	0	0	0	0	0	0	0	0	0	0	0	0	0	0	0.02534	0	0	0	0	0.21008	0	0	0	0	0	0	0	0	0	0	0.33724	0	0	0	0	0	0	0	0	0.05985	0	0	0	0	0.0015	0	0	0	0	0	0	0	0	0	0	0	0	0	0	0	0	0	0	0	0	0	0	0	0	0	0	0	0	0	0	0	0	0	0	0
Fusobacterium_ulcerans	0	0	0	0	0.03081	0	0	0	0	0	0.01174	0	0	0	0	0	0	0.01514	0	0.0516	0	0	0	0	0.00039	0	0	0	0	0	0.01802	0	0	0.23481	0	0	0	0	0.00762	0	0	0	0	0.00229	0	0	0	0	0	0	0	0	0	0	0	0	0	0	0	0.33699	0	0	0	0	0	0	0	0	0	0	0	0	0	0	0	0	0	0	0	0	0	0	0	0	0	0	0	0	0.06293	0	0	0.189	0	0	0	0	0	0	0	0	0	0	0	0	0	0	0	0	0	0	0	0	0	0	0	0	0	0	0	0	0	0.00645	0	0	0	0	0	0	0	0	0	0	0	0	0	0	0	0	0	0	0	0	0	0	0	0	0	0	0	0	0	0	0	0	0	0	0.01824	0	0	0	0	0	0	0	0	0.03384	0	0	0
GGB2653_SGB3574	0.00865	0	0	0	0	0.01273	0	0.05014	0.00248	0.00408	0	0	0	0.11156	0.11602	0.01438	0	0.03726	0	0	0	0	0	0	0	0	0	0	0	0.00879	0	0	0.04469	0	0	0.05742	0	0	0	0.05121	0.33657	0	0	0	0	0	0	0	0.13248	0	0	0	0	0	0	0.00251	0	0	0	0	0.02491	0	0	0.01347	0	0	0.0622	0.10786	0	0	0	0.01372	0	0	0	0	0	0	0	0.03426	0	0	0	0.05701	0	0.05292	0	0	0	0.00724	0	0	0.00047	0	0	0.07205	0	0.22941	0	0	0	0.0012	0	0	0.02254	0	0	0.09311	0.01053	0	0.00232	0.03366	0.01134	0.00642	0	0	0	0.01724	0.03762	0	0.07537	0	0	0.01722	0.01215	0.02219	0.0016	0.01257	0	0	0.07335	0	0	0	0.004	0	0.02057	0.00518	0	0	0	0.0089	0	0.02317	0.00093	0	0	0.02295	0.02513	0	0	0	0.01295	0	0	0	0	0.00519	0.05592	0	0	0	0.00028	0.0748	0	0	0	0.00768	0
GGB9614_SGB15049	0.00011	0	0	0	0	0	0	0.0016	0	0.04978	0	0.00123	0.00489	0.01208	0.00688	0	0.11931	0.07072	0.03823	0	0	0.20459	0	0	0	0	0	0	0	0	0	0	0	0	0	0.00817	0.00685	0	0	0	0	0.03529	0	0	0	0.01565	0	0	0.07479	0	0.03108	0.04193	0.0799	0	0	0.0283	0	0.01549	0	0	0.10483	0.03654	0	0	0	0.07534	0	0	0.05412	0.02889	0.01734	0.2788	0.02995	0	0	0	0	0.00341	0.08909	0.00629	0.00245	0.06876	0	0	0.03667	0	0.00654	0	0	0.03223	0.01457	0.02058	0.00843	0	0	0.00513	0	0.00378	0.01052	0.0341	0	0.00726	0	0	0.0081	0.00391	0	0.05763	0	0	0	0.00203	0	7e-05	0	0	0.00045	0.01077	0.02282	0	0.00121	0	0.03392	0	0	0.03646	0.01645	0.01519	0.00489	0	0.03067	0.01238	0	0	0.00396	0.00154	0.01522	0	0.00074	0.02285	0.01396	0.00448	0	0.00892	0.05094	0.33647	0	0.01272	0.21612	0.06515	0	0.12589	0.11802	0	0.02991	0.03327	0	0.02457	0.09708	0	0.03441	0.04054	0.06914	0	0.10265	0	0	0.27565	0
GGB9783_SGB15405	0	0	0	0	0	0	0	0	0	0	0	0	0	0	0	0	0	0	0	0	0	0	0	0	0	0	0	0	0	0	0	0	0	0	0	0	0	0	0	0	0	0	0	0	0	0	0	0	0	0	0	0	0	0	0	0	0	0	0	0	0	0	0	0	0	0	0	0	0	0	0	0	0	0	0	0	0	0	0	0	0	0	0	0	0	0	0	0	0	0	0	0	0	0	0	0	0	0	0	0	0	0	0	0	0	0	0	0	0	0	0	0	0	0	0	0	0	0	0	0	0	0	0	0	0	0	0	0.33571	0	0	0	0	0	0	0	0	0	0	0	0	0	0	0	0	0	0	0	0	0	0	0	0	0	0	0	0	0	0	0	0	0	0	0	0	0	0	0	0	0
Lachnospira_SGB5083	0	0	0	0	0	0	0	0	0	0	0	0	0	0	0	0	0	0	0	0	0	0	0	0	0	0	0	0	0	0	0	0	0	0	0	0	0	0	0	0	0	0	0	0	0	0	0	0	0	0	0	0	0	0	0	0	0	0	0	0	0	0	0	0.33551	0	0	0	0	0	0	0	0	0	0	0	0	0	0.22412	0	0	0	0	0	0	0	0	0	0	0	0	0	0	0	0	0.19471	0.00048	0	0	0.05191	0	0	0	0	0	0	0	0	0	0	0	0	0	0	0	0	0	0	0	0	0	0	0	0	0	0	0	0	0	0	0	0	0	0	0	0.04001	0	0	0	0	0	0	0	0	0	0	0	0	0	0	0	0	0	0	0	0	0	0	0	0	0	0	0.02595	0	0	0	0	0	0	0
GGB28369_SGB40949	0	0	0	0	0	0	0	0	0	0	0	0	0	0	0	0	0	0	0	0	0	0	0	0	0	0	0	0	0	0	0	0	0	0	0	0	0	0	0	0	0	0	0	0	0	0	0	0	0	0	0	0	0	0	0	0	0	0	0	0	0	0	0	0	0	0	0	0	0	0	0	0	0	0	0	0	0	0	0	0	0	0	0	0	0	0	0	0	0	0.19004	0	0	0	0	0	0	0	0	0	0	0	0	0	0	0	0	0	0	0	0	0	0	0	0	0	0	0	0	0	0	0	0	0	0	0	0	0	0	0	0	0	0	0	0	0	0	0	0	0	0	0	0	0	0	0	0	0	0	0	0.33104	0	0	0	0	0	0	0	0	0	0	0	0	0	0	0	0	0	0	0
GGB9252_SGB14196	0	0	0	0	0	0	0	0	0	0	0	0	0	0	0	0	0	0	0	0	0	0	0	0	0	0	0	0	0	0	0	0	0	0	0	0	0	0	0	0	0	0	0	0	0	0	0	0	0	0	0	0	0	0	0	0	0	0	0	0	0	0	0	0	0	0	0	0	0	0	0.00141	0	0	0	0	0	0	0	0	0	0	0	0	0	0	0	0	0	0	0	0	0	0	0	0	0	0	0	0	0	0	0	0	0	0	0	0	0	0	0	0	0	0	0	0	0	0	0	0	0	0	0	0	0	0	0	0	0.33097	0	0	0	0	0	0	0	0	0	0	0	0	0	0	0	0	0	0	0	0	0	0	0	0	0	0	0	0	0	0	0	0	0	0	0	0	0	0	0	0	0
Lactobacillus_kefiranofaciens	0	0	0	0	0	0	0	0	0	0	0	0	0	0	0	0	0	0	0	0	0	0	0	0	0	0	0	0	0	0	0	0	0	0	0	0	0	0	0	0	0	0	0	0	0	0	0	0	0	0	0	0	0	0	0	0	0	0	0	0	0	0	0	0	0	0	0	0	0	0	0	0	0	0	0	0	0	0	0	0	0	0	0	0	0	0	0	0	0	0	0	0	0	0	0	0	0	0	0	0	0	0	0	0	0	0	0	0	0	0	0	0	0	0	0	0	0	0	0	0	0	0	0	0	0	0	0	0	0	0	0	0	0	0.33062	0	0	0	0	0	0	0	0	0	0	0	0	0	0	0	0	0	0	0	0	0	0	0	0	0	0	0	0	0	0	0	0	0	0	0
Clostridium_saudiense	0	0	0	0	0	0.01315	0	0	0	0.00257	0	0	0	0	0	0	0	0.00695	0	0	0	0	0	0.32787	0	0	0.00143	0	0	0.00068	0.00486	0	0	0	0	0.00197	0	0	0.10494	0	0.00574	0	0.00125	0	0.01281	0	0	0.20882	0	0.00249	0	0	0	0.02053	0	0	0	0.00884	0	0	0	0	0.00986	0	0	0	0	0	0	0	0.00098	0	0	0	0	0	0	0	0	0	0	0	0	0	0	0	0.14564	0.09018	0	0	0	0.01742	0	0.00459	0	0	0.00969	0	0	0	0	0	0	0.0021	0	0	0.03991	0	0.00173	0	0	0	0	0	0	0	0.00653	0	0	0	0	0	0	0	0	0	0	0	0	0	0	0.02831	0	0	0	0	0	0	0	0	0	0	0	0	0	0.0398	0	0	0	0	0	0	0	0	0	0	0	0	0	0	0	0	0	0	0	0	0	0	0
Bianquea_renquensis	0.025	0	0	0	0	0	0	0	0	0	0	0	0	0	0	0	0	0	0	0	0	0.01066	0	0	0	0	0	0	0	0	0	0	0	0	0	0.00378	0	0	0	0	0.00272	0	0	0	0	0.0016	0	0	0	0	0	0	0	0	0	0	0	0	0	0	0.00055	0	0	0	0	0	0	0.00944	0	0.02054	0	0	0	0	0	0	0	0	0	0	0	0	0	0	0.00069	0.00013	0	0	0	0	0	0	0	0	0	0	0	0	0.00724	0	0	0	0.00126	0	0	0	0	0	0	0	0	0.32708	0.005	0	0	0	0	0.0012	0	0	0	0.00858	0	0.04811	0	0	0	0	0	0	0	0	0	0	0.00343	0	0	0.01754	0.00469	0	0	0	0	0	0	0	0	0	0	0	0	0	0	0	0	0	0	0	0	0	0	0	0	0	0	0	0	0	0
Mediterraneibacter_catenae	0	0	0.32458	0	0	0	0	0	0	0	0	0	0	0	0	0	0	0	0	0	0	0	0	0	0	0	0	0	0	0	0	0	0	0	0	0	0	0	0	0	0	0	0	0	0	0	0	0	0	0	0	0	0	0	0	0	0	0	0	0	0	0	0	0	0	0	0	0	0	0	0	0	0	0	0	0	0	0	0	0	0	0	0	0	0	0	0	0	0	0	0	0	0	0	0	0	0	0	0	0	0	0	0	0	0	0	0	0	0	0	0	0	0	0	0	0	0	0	0	0	0	0	0	0	0	0	0	0	0	0	0	0	0	0	0	0	0	0	0	0	0	0	0	0	0	0	0	0	0	0	0	0	0	0	0	0	0	0	0	0	0	0	0	0	0	0	0	0	0
GGB13727_SGB8655	0	0	0	0	0	0	0	0	0	0	0	0	0	0	0	0	0	0	0	0	0	0	0	0	0	0	0	0	0	0	0	0	0	0	0	0	0	0	0	0	0	0	0	0	0	0	0	0	0	0.09514	0	0	0	0	0	0	0	0	0	0	0	0	0	0	0	0	0	0	0	0	0	0	0	0	0	0	0	0	0	0	0	0	0	0	0	0	0	0	0	0	0	0	0	0	0	0	0	0	0	0	0.02933	0	0	0	0	0	0	0	0	0	0	0	0	0	0	0	0	0	0	0	0	0	0	0	0	0	0	0	0	0	0	0	0	0	0	0	0	0	0	0	0	0	0	0	0.31527	0	0	0	0	0	0	0	0	0	0	0	0	0	0	0	0	0	0	0	0	0	0	0	0
GGB3005_SGB3996	0	0	0	0	0	0	0	0.0444	0	0	0	0	0	0	0	0	0	0	0	0	0	0	0	0	0	0	0	0	0	0	0	0.31225	0	0	0	0	0.00073	0	0	0.01712	0.07886	0	0	0	0	0	0	0	0	0	0	0	0	0	0	0	0	0	0	0	0	0	0	0	0	0	0	0.01458	0	0	0	0	0	0	0.09343	0	0	0.02107	0	0	0	0	0	0.02729	0	0	0	0	0	0	0	0	0	0	0.00067	0	0	0	0	0.01723	0	0	0	0	0.01861	0	0	0.0218	0	0	0	0	0.00919	0	0	0	0	0	0	0.00735	0	0	0	0	0.00817	0	0	0	0	0	0	0	0	0	0	0	0	0	0.1192	0	0	0.28043	0	0	0	0	0	0	0	0	0	0	0	0	0	0	0	0	0	0	0	0	0	0	0	0	0	0	0
Anaeromassilibacillus_senegalensis	0	0	0	0	0	0	0	0.31153	0	0.00079	0	0	0	0.01733	0.00807	0	0	0.00909	0	0	0	0	0	0	0	0	0	0	0.01827	0.01303	0	0	0	0	0	0	0	0.00964	0	0.05548	0.26802	0.09274	0	0	0	0.00165	0	0	0.00492	0	0	0	0	0.00031	0	0	0	0	0	0	0.00807	0	0	0.02267	0	0.0003	0	0.00588	0	0.00091	0	0	0	0	0	0	0	0.01352	0	0.00758	0	0	0.00213	0.08894	0	0.0677	0	0	0	0	0	0	0	0	0.0013	0.01031	0	0	0	0	0	0	0	0	0.00207	0	0	0	0	0	0.00434	0.00812	0.03494	0	0	0	0	0.00059	0	0	0.0018	0	0	0.01687	0.02301	0.00916	0	0.0368	0.01797	0	0.09255	0	0.01115	0	0.00079	0	0	0	0	0	0	0.06765	0	0	0	0	0.01195	0.00039	0	0	0	0.0571	0	0	0	0	0	0	0	0	0	0	0	0	0	0	0	0.00886	0
GGB13493_SGB15238	0	0	0	0	0	0	0	0	0	0	0	0	0	0	0	0	0	0	0	0	0	0	0	0	0	0	0	0	0	0	0	0	0	0	0	0.2328	0	0	0	0	0	0	0	0	0	0	0	0	0	0.05343	0	0	0	0	0	0	0	0	0	0	0	0	0	0.01319	0	0	0	0	0	0	0.0018	0	0	0	0	0	0	0	0	0	0	0	0	0	0.01253	0	0	0	0	0.04086	0	0	0.09714	0	0.06488	0.19035	0	0	0.2755	0	0	0	0	0	0	0	0	0	0	0	0	0	0	0	0	0	0	0.05769	0	0	0	0	0.31144	0	0	0	0	0.01665	0	0	0.04895	0	0	0	0	0	0	0	0	0	0	0	0	0	0.00131	0	0	0.1221	0	0	0	0	0	0	0	0	0	0	0	0	0	0	0	0	0	0	0	0	0
Escherichia_fergusonii	0	0	0	0	0	0	0	0	0	0	0	0	0	0.00411	0.00558	0	0	0	0	0	0	0	0	0	0	0	0	0	0	0	0.00102	0	0	0	0	0	0	0	0	0	0	0	0.0014	0	0	0	0.31107	0	0	0	0	0	0	0	0	0	0	0	0	0	0	0	0	0	0	0	0	0	0	0	0	0	0	0	0	0	0	0	0	0	0	0	0	0	0	0	0	0	0	0	0	0	0	0	0	0	0	0	0	0	0	0	0	0	0	0	0	0	0	0	0	0	0	0	0	0	0	0	0	0	0	0	0	0	0	0	0	0	0	0	0	0	0	0	0	0	0	0	0	0	0	0	0	0	0	0	0	0	0	0	0	0	0	0	0	0	0	0	0	0	0	0	0	0	0	0	0	0	0
GGB9770_SGB15390	0	0	0	0	0	0	0	0.30988	0.12252	0	0	0	0	0.02727	0.01116	0	0	0	0	0	0	0	0.25451	0	0	0	0	0	0	0.02488	0	0	0	0	0	0.02307	0.00131	0	0	0	0	0	0	0	0	0	0	0	0	0	0	0	0	0	0	0	0	0	0	0	0	0	0	0	0	0	0	0	0	0	0	0	0	0	0	0	0	0	0	0	0	0	0	0.01187	0	0	0	0	0	0	0	0	0	0	0	0	0	0	0	0	0	0	0	0	0	0	0	0	0	0	0	0	0.1257	0	0	0	0	0	0	0.0887	0	0	0	0.06996	0.00673	0	0	0.071	0	0	0	0	0	0	0	0	0	0	0	0	0	0.00161	0	0	0	0	0	0	0	0	0	0	0	0	0	0	0	0	0	0	0	0	0	0	0	0	0	0	0
Turicibacter_bilis	0	0	0.0922	0	0	0.01145	0	0	0	0.03126	0	0	0	0	0	0.00056	0	0.00152	0	0	0.00373	0	0.00029	0.30865	0.00713	0	0	0.00045	0	0.00012	0	0	0	0.00146	0	0.002	0	0	0	0	0.05708	0	0.00654	0.00125	0.02628	0	0	0.1425	0	0.02191	0	0	0	0	0	0	0	0	0	0	0	0	0.02392	0	0.03006	0	0	0.00101	0	0	0	0	0	0.06228	0	0	0	0	0	0	0	0	0	0	0.01848	0	0	0.00367	0	0	0	0	0	0	0	0	0.02627	0	0	0	0	0.00668	0.00379	0	0	0	0.13041	0	0.00424	0	0	0	0.00741	0	0.0091	0	0	0	0	0	0	0	0	0	0	0	0	0	0.00113	0	0	0	0	0	0	0	0	0	0	0	0	0	0	0	0	0.02297	0	0	0	0	0	0	0	0	0.00092	0	0	0	0	0	0.00098	0.04565	0	0	0	0	0	0	0
GGB9253_SGB14198	0	0	0	0	0	0	0	0	0	0.00191	0	0	0	0	0	0	0	0	0	0	0	0	0	0	0	0	0	0	0	0	0	0	0	0	0	0	0	0	0	0	0	0	0	0	0	0	0	0	0	0	0	0.1705	0	0	0	0	0	0	0	0	0	0	0	0	0	0	0	0	0	0	0	0	0	0	0	0	0	0	0	0	0	0	0	0	0.00858	0	0	0	0	0	0	0	0	0	0.00092	0	0	0	0.00419	0	0	0	0	0	0.00107	0	0	0	0	0	0	0.30799	0	0	0	0	0	0.03352	0	0.0088	0	0	0	0	0	0	0	0	0	0	0.00103	0	0	0	0	0	0	0	0	0	0	0	0	0	0	0	0	0	0	0	0	0	0	0	0	0	0	0	0	0	0	0	0.00099	0	0	0	0	0	0
GGB2958_SGB3940	0	0	0	0	0	0	0	0	0	0	0	0	0	0	0	0	0	0	0	0	0	0	0.30624	0	0	0	0	0	0	0	0	0	0	0	0	0	0	0	0	0	0	0	0	0	0	0	0	0	0	0.07725	0	0	0	0	0	0	0	0	0	0	0	0	0	0	0	0	0	0	0	0	0	0	0	0	0	0	0	0	0	0	0	0	0	0	0	0	0	0	0	0	0	0	0	0	0	0.00832	0	0	0	0	0	0	0.00637	0	0	0	0	0	0	0	0	0	0	0	0	0	0	0.01012	0	0.01563	0	0	0	0	0	0	0	0	0	0	0	0	0	0	0	0	0	0.00115	0	0	0	0	0	0.02471	0	0	0	0	0	0	0	0	0	0	0	0	0	0	0	0	0	0	0	0	0	0	0	0	0
GGB4617_SGB6392	0.30616	0	0	0	0	0	0	0	0	0	0	0	0	0	0	0	0	0	0	0	0	0	0	0	0	0	0	0	0	0	0	0	0	0	0	0	0	0	0	0	0	0	0	0	0	0	0	0	0	0	0	0	0	0	0	0	0	0	0	0	0	0	0	0	0	0	0	0	0	0	0	0	0	0	0	0	0	0	0	0	0	0	0	0	0	0	0	0	0	0	0	0	0	0	0	0	0	0	0	0	0	0	0	0	0	0	0	0	0	0	0	0	0	0	0	0	0	0	0	0	0	0	0	0	0	0	0	0	0	0	0	0	0	0	0	0	0	0	0	0	0	0	0	0	0	0	0	0	0	0	0	0	0	0	0	0	0	0	0	0	0	0	0	0	0	0	0	0	0
Emergencia_timonensis	0	0	0	0	0	0	0	0.30319	0	0	0	0	0	0.00672	0.00423	0.01716	0	0	0	0	0	0	0	0	0	0	0	0	0	0	0	0	0	0	0	0	0	0	0	0	0.11962	0	0	0	0	0	0	0.00164	0	0	0	0	0	0	0	0	0	0	0	0	0.02246	0	0	0	0	0	0	0	0	0	0	0	0	0	0	0	0	0	0	0	0	0	0	0	0	0	0	0	0	0	0	0	0	0	0	0	0	0	0	0	0	0	0	0	0	0	0	0	0	0	0	0.00178	0	0	0	0	0	0	0.0045	0	0	0	0	0	0	0	0	0	0	0	0	0	0	0	0	0	0	0	0.04156	0	0	0	0	0	0	0	0	0	0	0	0	0	0	0	0	0	0	0	0	0	0	0	0	0	0	0	0	0.00507	0
Wansuia_hejianensis	0.01508	0.016	0	0	0	0.01676	0	0.07007	0	0.00066	0	0.00031	0.00012	0.00508	0.00495	0.02343	0	0	0	0	0	0	0.01792	0	0	0.00137	0	0	0	0.00893	0	0.1743	0.00886	0	0	0.03426	0.00747	0.02655	0	0.01469	0.03233	0.01464	0	0	0	0.01085	0	0.03839	0.05224	0.00247	0.00156	0	0	0	0	0	0.01884	0	0	0	0.00686	0	0	0.00718	0	0.01061	0.0136	0.01795	0	0.01502	0	0	0	0	0.00654	0	0	0.01329	0	0.01784	0	0.02378	0.01821	0.01549	0	0.01316	0	0	0.03588	0	0	0.0115	0	0.06172	0.00283	0.01496	0	0.1997	0.022	0.00432	0.00038	0	0.0331	0.00087	0.0141	0	0	0.01793	0.00778	0.00081	0.01676	0.00951	0.00443	0.0007	0	0	0	0.00102	0	0.01523	0.01318	0.30257	0	0.00055	0.06371	0	0.01049	0.00422	0.00379	0.03449	0.01961	0.00051	0.01094	0	0.00664	0	0.00028	0	0.01609	0.00019	0	0.03303	0	0	0	0	0	0	0	0	0	0	0	0	0	0	0	0	0	0.16963	0	0	0	0	0	0	0	0	0
GGB51960_SGB72480	0	0	0	0	0	0	0	0	0	0.00423	0	0	0	0	0	0	0	0	0	0	0	0	0.01123	0	0	0	0	0	0	0	0	0	0.00098	0	0	0	0	0	0	0	0	0	0	0	0	0	0	0.30104	0	0.06653	0	0	0	0	0	0	0	0	0	0	0	0	0	0	0	0	0	0	0	0	0	0	0	0	0	0	0	0	0	0	0	0	0	0	0	0	0	0	0	0	0	0	0	0	0	0	0	0	0	0	0	0	0	0	0	0	0	0	0	0	0	0	0	0	0	0	0	0	0	0	0	0	0	0	0	0	0	0	0	0	0	0	0	0	0	0	0	0	0	0	0	0	0	0	0	0	0	0	0	0	0	0	0	0	0	0	0	0	0	0	0	0	0	0	0	0	0	0	0
Clostridiaceae_unclassified_SGB4771	0.04095	0	0	0	0	0	0	0	0	0	0	0	0	0.02454	0.02474	0	0	0	0	0	0	0.09048	0.0482	0	0	0	0	0	0	0	0	0	0.00726	0	0	0.0125	0	0	0	0	0	0	0	0	0	0.02512	0	0	0.00128	0.01297	0.04413	0	0.04661	0	0	0.20478	0	0	0	0	0	0.01456	0	0.07854	0.2833	0	0.08487	0.03237	0.10388	0.08501	0.27442	0.01328	0.0229	0	0.06788	0	0	0.0123	0	0.06287	0	0	0.08206	0	0.30101	0	0	0	0.1263	0.05201	0.00919	0	0.01498	0	0.05401	0.00131	0.0024	0.0005	0.02129	0.10011	0.18962	0	0.14264	0.23086	0.02742	0	0.00705	0.00289	0.01435	0.01891	0	0	0	0.00879	0.00185	0	0	0.02926	0	0.00299	0.00672	0	0.01192	0.04252	0.00084	0	0.08928	0	0	0.01646	0.02625	0.15358	0.01253	0	0.05197	0.01837	0.03238	0.02148	0.17488	0.08336	0	0	0	0	0	0	0	0	0	0.03009	0	0	0	0	0.02876	0.06465	0	0	0.06916	0	0	0	0	0	0	0	0.00202	0	0
Haemophilus_haemolyticus	0	0	0	0	0	0	0	0	0	0	0	0	0	0	0	0	0	0	0	0	0	0	0	0	0	0	0	0	0	0	0	0	0	0	0	0	0	0	0	0	0	0	0	0	0	0	0	0	0	0	0	0	0	0	0	0	0	0	0	0	0	0	0	0	0	0	0	0	0	0	0	0	0	0	0	0	0	0	0	0	0	0	0	0	0	0	0	0	0	0	0	0	0	0	0	0	0	0	0	0	0	0	0	0	0	0	0	0	0	0	0	0	0	0	0	0	0	0	0	0	0	0	0	0	0	0	0	0	0	0	0	0	0	0	0	0	0	0	0	0	0	0	0	0.29867	0	0	0	0	0	0	0	0	0	0	0	0	0	0	0	0	0	0	0	0	0	0	0	0	0
Klebsiella_aerogenes	0	0	0.00193	0	0	0	0	0	0	0	0	0	0	0.00442	0.01455	0	0	0	0	0	0	0	0	0	0	0	0	0	0	0	0	0	0	0	0	0	0	0	0	0	0.09334	0	0.00961	0	0	0	0.02314	0	0	0	0	0	0	0	0	0	0	0	0	0	0	0	0	0	0.00914	0	0	0	0	0	0	0	0	0	0	0	0	0	0	0	0	0	0	0	0	0	0	0	0.29616	0	0	0	0	0	0	0	0	0	0	0	0	0	0.00287	0	0	0	0	0	0	0	0	0	0	0	0	0	0	0	0	0	0	0	0	0	0	0	0	0	0	0	0	0	0	0	0	0	0	0	0	0	0	0	0	0	0	0.04488	0	0	0	0	0	0	0	0	0	0	0	0	0	0	0	0	0	0	0	0	0	0	0
Clostridium_SGB4657	0	0	0	0	0	0	0	0	0	0	0	0	0	0	0	0	0	0	0	0	0	0	0	0	0	0	0	0	0	0	0	0	0	0	0	0	0	0	0	0	0	0	0	0	0	0	0	0	0	0	0	0	0	0	0	0	0	0	0	0	0	0	0	0	0	0	0	0	0	0	0	0	0	0	0	0	0	0	0	0	0	0	0	0	0	0	0	0	0	0	0	0	0	0	0	0	0	0	0	0	0	0	0	0	0	0	0	0	0	0	0	0	0	0	0	0	0	0	0	0	0	0	0	0	0	0	0	0	0	0	0	0	0	0	0	0	0	0	0	0	0	0	0	0	0	0	0.29353	0	0	0	0	0	0	0	0	0	0	0	0	0	0	0	0	0	0	0	0	0	0
Cloacibacillus_porcorum	0	0	0	0	0	0	0	0	0	0	0	0	0	0.01832	0.03092	0	0	0.29335	0	0	0	0	0.00913	0	0	0	0	0	0	0	0	0	0	0	0	0	0.00478	0.00664	0	0	0	0.00309	0	0	0	0.01786	0	0	0	0	0	0	0	0	0	0	0.25923	0	0	0	0	0	0	0	0	0	0	0	0	0	0	0	0	0	0	0	0	0	0	0	0	0	0	0	0	0	0.00033	0	0	0	0	0	0	0	0	0	0	0	0.00183	0	0	0	0.02962	0.00241	0.00308	0	0	0	0	0	0	0	0.00651	0	0	0	0	0	0.00292	0	0	0	0	0	0	0	0	0	0	0	0	0	0	0	0	0	0	0	0	0	0	0	0	0	0	0	0	0	0	0	0	0	0	0	0	0	0	0	0	0	0	0	0	0	0	0	0	0	0
TM7_phylum_sp_oral_taxon_352	0.03848	0	0.03239	0.01246	0	0.0054	0.0474	0.01083	0.06835	0	0	0.10584	0.09264	0.01593	0.01829	0.112	0	0	0.0328	0.01889	0.29224	0	0.0034	0.00701	0.10278	0.00077	0.02784	0	0.00498	0	0	0.04698	0	0.19923	0.01818	0.01042	0.01051	0.03051	0.00704	0	0.03247	0.02442	0.03184	0.00854	0.02918	0.05537	0.05112	0.00138	0.00204	0	0	0	0	0.00926	0.01169	0	0.03191	0	0	0.00764	0	0.00546	0	0.01097	0.04327	0	0	0.01845	0	0.00155	0	0	0	0.03987	0.03935	0	0.02738	0	0.00435	0	0.00865	0.00051	0	0	0	0.0021	0.0296	0.12419	0.01769	0	0	0.00928	0	0.0099	0.0023	0.00806	0.01274	0.04192	0	0.01248	0.07003	0.03423	0.00967	0.00153	0.00862	0.01021	0.06329	0	0.01781	0.00074	0.02224	0.00554	0.01055	0.02656	0.07409	0.00563	0.01689	0.00078	0.00042	0.00624	0	0.05423	0	0	0	0	0	0.00482	0.0042	0.03539	0.06198	0.00342	0	0.02684	0.00967	0	0	0.00748	0	0.00108	0	0.00515	0	0	0	0	0	0	0	0	0	0.00337	0	0	0	0	0	0	0	0	0	0	0	0.00241	0	0	0	0	0
GGB9608_SGB15042	0.00413	0	0	0	0	0	0	0	0	0	0	0	0	0	0	0	0	0	0	0	0	0	0.03671	0	0	0	0	0	0	0	0	0	0	0	0	0	0	0	0	0	0	0	0	0	0	0	0	0	0	0.2897	0	0	0	0	0	0	0	0	0	0	0	0	0	0	0	0	0	0	0	0	0	0	0	0	0	0	0	0	0	0	0	0	0	0	0	0	0	0	0	0.03451	0	0	0	0	0.00955	0	0	0	0	0	0	0	0	0	0	0	0	0	0	0	0	0	0	0	0	0	0	0	0	0	0	0	0	0	0	0	0	0	0	0	0	0	0	0	0	0	0	0	0	0	0	0	0	0	0	0	0	0.00145	0	0	0	0	0	0	0	0	0	0	0	0	0	0	0	0	0	0	0	0	0
Zhenpiania_hominis	0	0	0	0	0.00187	0.11562	0	0.00839	0.28922	0.00042	0	0	0.00164	0.01241	0.00818	0	0.01191	0	0	0	0	0	0.00954	0	0	0.06967	0	0	0	0	0	0	0.2151	0	0	0.00026	0.00644	0.006	0	0.03174	0.06118	0	0	0	0	0.01107	0	0.09159	0.01926	0	0	0	0	0	0	0	0	0	0	0	0	0	0	0	0	0	0	0	0	0	0	0	0	0	0	0	0	0	0	0.00109	0	0	0	0	0	0	0	0	0	0	0	0	0	0	0	0	0	0.00709	0	0	0	0	0	0	0	0	0	0	0	0	0	0	0	0	0	0	0	0	0	0	0	0	0	0	0	0	0	0	0.00048	0	0	0	0	0	0	0	0	0	0	0	0	0.00437	0	0	0	0	0	0	0	0	0	0	0	0	0	0	0	0	0	0	0	0	0	0	0	0	0.00216	0	0
GGB9616_SGB15051	0	0	0	0	0	0	0	0	0	0	0	0	0.02112	0	0	0	0	0	0.03049	0	0	0	0	0	0	0	0	0	0	0	0	0	0	0	0	0.00536	0	0	0	0	0	0.00117	0.00085	0	0	0	0	0	0	0.01179	0	0	0	0	0	0.0028	0	0.00635	0	0	0	0	0	0.00597	0	0	0	0.01631	0.01488	0	0.06016	0	0.03857	0	0.02112	0	0	0	0	0	0	0.04209	0	0	0	0.02724	0	0	0	0	0	0	0	0	0	0.03387	0	0	0.00815	0	0	0	0	0.02511	0.09516	0.01489	0	0	0	0	0	0	0	0	0	0	0	0.02768	0	0.00215	0	0	0	0	0.00301	0	0.00594	0.00661	0	0	0	0	0	0	0	0	0.03398	0	0	0	0	0	0	0.0447	0.11601	0.28574	0	0	0	0.17963	0	0	0.28703	0	0.21994	0	0	0	0.05379	0	0	0.07767	0.05522	0	0	0	0	0	0
GGB9759_SGB15372	0	0	0	0	0	0	0	0	0	0	0	0	0	0	0	0	0	0	0	0	0	0	0	0	0	0	0	0	0	0	0	0	0.11265	0	0	0	0	0	0	0	0	0	0	0	0	0	0	0	0.28691	0	0	0	0	0	0	0	0	0	0	0	0	0	0	0	0	0	0	0	0	0.01449	0	0	0	0	0	0	0	0	0	0	0	0	0	0	0	0	0	0	0	0	0	0	0.00346	0	0	0	0	0	0	0	0	0	0	0.00347	0	0	0	0	0	0	0	0	0	0	0	0	0	0	0	0.01158	0	0	0	0	0	0	0	0	0	0	0	0	0	0	0	0	0	0	0	0	0	0	0	0	0	0	0	0	0	0	0	0	0	0	0	0	0	0	0	0	0	0	0	0	0	0	0	0	0
GGB1153_SGB1481	0	0	0	0	0	0	0	0	0	0	0	0	0	0	0	0	0	0	0	0	0	0	0	0	0	0	0	0	0	0	0	0	0	0	0	0	0	0	0	0	0	0	0	0	0	0	0	0	0	0	0	0	0	0	0	0	0	0	0	0	0	0	0	0	0	0	0	0	0	0	0	0	0	0	0	0	0	0	0	0	0	0	0	0	0	0	0	0	0	0	0	0	0	0	0	0	0	0	0	0	0	0	0	0	0	0	0	0	0	0	0	0	0	0	0	0	0	0.28622	0	0	0	0	0	0	0	0	0	0	0	0	0	0	0	0	0	0	0	0	0	0	0	0	0	0	0	0	0	0	0	0	0	0	0	0	0	0	0	0	0	0	0	0	0	0	0	0	0	0	0
Roseburia_sp_BX1005	0	0	0	0	0	0	0	0	0	0	0	0	0	0.0069	0.01136	0	0	0	0	0	0	0	0	0	0	0	0	0	0	0	0	0	0	0	0	0.00201	0	0	0	0	0	0	0	0	0	0	0	0	0	0	0	0	0	0	0	0	0	0	0	0	0	0	0	0	0	0	0	0	0	0.00307	0.03822	0	0.00912	0	0	0	0	0	0	0	0	0.2841	0	0	0	0	0	0	0	0	0	0	0.00047	0	0.01802	0.00996	0	0	0	0	0	0	7e-05	0.04588	0	0	0	0	0.0402	0	0	7e-05	0	0	0	0	0	0.00865	0	0	0.02884	0	0.00444	0	0	0	0	0.00614	0	0	0.00254	0	0	0	0	0	0	0	0.01314	0	0	0	0	0	0.00123	0	0	0	0	0	0	0	0	0	0	0	0	0	0	0	0	0	0	0	0	0	0	0	0
Parabacteroides_gordonii	0	0	0	0	0	0	0	0.04288	0	0	0.00106	0	0	0	0	0	0	0.12174	0	0	0	0.063	0.28311	0	0	0	0	0	0	0	0	0.00419	0	0.00443	0	0	0	0	0	0	0	0	0	0	0	0.00134	0	0	0	0	0	0	0	0	0	0	0	0	0	0	0	0	0	0	0	0	0	0	0	0	0	0	0	0	0	0	0	0.0155	0	0	0	0	0	0	0	0	0	0	0	0	0	0.01621	0	0	0	0	0.00134	0	0	0	0	0	0	0	0	0	0	0	0	0	0	0.0261	0	0	0	0	0	0	0	0	0	0	0	0	0	0	0	0	0	0	0	0	0	0	0	0	0	0	0.00071	0	0	0	0	0	0.00295	0.01666	0	0.022	0	0	0.00051	0	0	0	0	0.06266	0.01085	0.00507	0.07079	0	0	0	0.00063	0	0	0	0	0	0
Lachnoclostridium_pacaense	0	0	0	0	0	0	0	0	0	0	0	0	0	0	0	0	0	0	0	0.01645	0	0	0.00608	0	0	0	0	0	0	0	0	0	0	0	0	0	0	0.00209	0.28165	0	0	0.00552	0	0	0	0	0	0	0	0	0	0	0	0	0	0	0	0	0	0	0	0	0	0	0	0	0	0	0	0	0	0	0	0	0	0	0	0	0	0	0	0.00241	0.00055	0.01036	0	0	0	0	0	0	0	0	0	0	0	0	0	0	0	0	0	0	0	0	0	0	0	0	0	0	0	0.0028	0.00049	0	0	0	0	0	0.26812	0	0	0	0	0	0	0	0	0	0	0	0	0	0	0	0	0	0	0	0	0.00564	0	0	0	0	0	0	0	0	0	0	0	0	0	0	0	0	0	0	0	0	0	0	0	0	0	0	0	0	0
GGB87445_SGB15180	0	0	0	0	0	0	0	0	0	0	0	0	0	0	0	0	0	0	0	0	0	0	0	0	0	0	0	0	0	0	0	0	0	0	0	0	0	0	0	0	0	0	0	0	0	0	0	0	0	0.17709	0	0	0	0	0	0	0	0	0	0	0	0	0	0	0	0	0	0	0	0	0.02861	0	0	0	0	0	0	0	0	0	0	0	0	0.07706	0	0	0	0	0	0.14908	0	0	0	0	0.08448	0.00032	0	0	0.02492	0	0	0	0.27996	0.00436	0	0	0	0	0	0	0	0	0	0	0	0	0	0.0016	0	0.00534	0	0	0	0	0	0	0	0	0	0	0.06967	0	0	0	0	0	0	0	0	0	0	0	0	0	0	0	0	0	0	0	0	0	0	0	0	0	0	0	0	0	0	0	0	0	0	0	0	0	0
Parvimonas_micra	0	0	0	0	0	0	0	0	0	0	0	0.11208	0	0	0	0	0	0	0	0	0	0	0	0	0	0	0.03243	0	0.01844	0	0	0	0.0111	0	0	0	0	0.00997	0	0	0	0	0	0	0.01749	0	0	0	0	0	0	0	0	0	0	0	0	0	0	0	0	0	0	0	0	0	0	0.00603	0	0.00022	0	0	0	0	0.00013	0	0	0	0	0	0	0	0	0	0	0	0	0	0	0	0	0	0	0	0	0	0.00013	0	0	0	0	0.03067	0	0	0	0	0.00092	0.00806	0.00752	0	0	0	0	0	0.00136	0	0	0	0	0	0	0	0	0	0.27853	0	0	0	0	0	0	0.0096	0	0	0	0	0	0	0	0	0	0	0	0	0	0	0	0	0	0	0	0	0	0	0	0	0	0	0	0	0	0	0	0	0	0	0	0	0
Butyricimonas_paravirosa	0	0	0	0	0	0	0	0	0	0.00572	0	0	0	0	0	0.01118	0	0	0	0.0786	0	0.07766	0	0.0084	0	0	0	0	0	0	0	0	0	0	0	0.04791	0.00739	0	0	0	0	0	0	0	0	0	0	0	0.00732	0	0	0	0	0	0	0.00793	0.01081	0	0.01688	0	0.27805	0	0	0	0	0	0.02418	0.00777	0.01419	0	0	0	0	0.00099	0	0	0	0.00774	0	0.01275	0	0	0	0	0	0	0	0	0.03169	0	0	0.06354	0	0	0	0.00322	0	0	0	0	0	0	0	0	0.00965	0.00763	0	0.00843	0	0	0	0	0	0	0	0	0	0.01216	0	0	0	0	0	0	0.00579	0	0.00989	0	0	0	0	0	0	0	0	0	0	0	0	0	0	0	0	0	0	0	0.16319	0.09419	0	0	0	0.15918	0	0	0	0	0	0.02456	0.07476	0	0	0	0	0	0	0	0	0.27187	0
Alistipes_SGB2300	0	0	0	0	0	0	0	0	0	0	0	0	0	0	0	0	0	0	0	0	0	0	0	0.00161	0	0	0	0	0	0.27796	0	0	0	0	0	0	0	0	0	0	0	0	0	0	0	0	0	0	0	0	0	0	0	0	0	0	0	0	0	0	0	0	0	0	0	0	0	0	0	0	0	0	0	0	0	0	0	0	0	0	0	0	0	0	0	0	0	0	0	0.02803	0	0	0	0	0	0	0	0	0	0	0	0	0	0	0	0	0	0	0	0	0	0	0	0	0	0	0	0	0	0	0	0	0	0	0	0	0.00059	0	0	0	0	0	0	0	0	0.00465	0	0	0	0	0	0	0	0	0	0	0	0	0	0	0	0	0	0	0	0	0	0.11638	0	0	0	0	0	0	0	0	0	0	0
Lawsonibacter_SGB15145	0	0	0	0	0	0	0	0	0.00273	0	0	0	0	0.01544	0.01355	0.00758	0	0	0.01274	0	0	0.05675	0	0	0	0	0	0	0	0	0	0	0.00065	0	0	0	0	0	0	0	0	0	0	0	0	0	0	0	0.05592	0.00773	0	0	0	0.18014	0	0.03117	0	0.00192	0	0	0.00214	0	0	0	0	0	0	0.00379	0	0	0.0279	0	0.0276	0	0	0	0	0	0.14888	0	0	0.00657	0	0	0.04766	0	0	0.27413	0	0	0	0	0.04671	0	0.03631	0.00293	0	0	0	0	0.01024	0.01422	0	0.0001	0	0.00174	0	0.00094	0	0	0	0.00072	0	0	0	0	0	0.01175	0.04401	0	0	0	0.05544	0	0.03478	0	0	0.01412	0	0	0.00331	0	0.00373	0	0.0089	0.00583	0	0	0	0	0.02386	0	0	0	0.03674	0	0.07811	0	0	0	0	0	0	0	0.03106	0	0	0	0	0	0	0	0	0	0	0	0	0.0117	0
Faecalicatena_contorta	0	0	0.16828	0.01416	0.00249	0	0	0.27386	0	0	0.10612	0	0	0.00801	0.00506	0.043	0	0.0195	0	0	0	0	0.01219	0.18925	0	0.00304	0	0	0.01697	0.01474	0	0.08156	0	0	0.00333	0.04441	0	0	0.06271	0	0.08269	0.00837	0	0.01853	0	0.00366	0	0.02259	0	0	0	0.00851	0	0	0.02155	0	0	0	0.00998	0	0.00134	0	0	0.00375	0	0.00741	0.00218	0	0	0.00258	0	0	0	0	0	0	0	0.00261	0	0.00957	0	0.00019	0	0.00359	0	0.01442	0.00667	0	0.02676	0	0	0	0	0	0.00073	0	0.06074	0.12535	0	0.00076	0	0	0.00141	0	0.00114	0	0	0	0	0	0.00059	0.06962	0.00691	0	0	0	0	0	0	0	0.003	0	0	0	0.02235	0	0.00367	0.00284	0	0	0.00125	0.00127	0	0	0	0	0	0	0	0	0	0.00028	0	0	0	0	0.00187	0.00792	0	0	0	0.00129	0	0	0	0	0	0	0	0.01977	0	0	0	0.00368	0	0	0	0.00056	0
GGB1661_SGB2275	0	0	0	0	0	0	0	0	0	0	0	0	0	0	0	0	0	0	0	0	0	0	0	0	0	0	0	0	0	0	0	0	0	0	0	0	0.00208	0	0	0	0	0	0	0	0	0	0	0	0	0	0	0	0	0	0	0	0	0	0	0	0	0	0	0	0	0	0	0	0	0	0	0	0	0	0	0	0	0	0	0	0	0	0	0	0	0	0	0	0	0	0	0	0	0	0	0	0	0	0.00991	0	0	0	0	0	0	0	0	0	0	0	0	0	0	0	0	0	0	0	0	0.00022	0	0	0	0	0	0	0	0	0	0	0	0	0	0	0	0	0	0	0	0	0	0	0	0	0	0.02702	0	0	0	0	0	0	0	0	0	0	0	0	0.27223	0	0	0	0	0	0	0	0	0	0
GGB4653_SGB6440	0	0	0	0	0	0	0	0	0	0	0	0	0	0	0	0	0	0	0	0	0	0	0	0	0	0	0	0	0	0	0	0	0	0	0	0.12759	0	0	0	0	0	0.0152	0	0	0	0	0	0	0	0.02205	0	0	0	0	0	0	0	0	0	0	0.10734	0	0	0.26757	0	0	0	0	0	0.03177	0.17743	0	0.0343	0	0	0	0	0	0	0	0	0	0	0	0	0	0	0	0	0	0	0	0	0	0.04758	0	0	0	0	0	0	0	0.06648	0.24824	0	0	0	0	0	0	0	0	0	0	0	0	0	0	0	0	0	0	0	0	0	0	0	0	0	0	0	0	0	0	0	0	0	0	0	0	0	0	0	0	0	0	0	0	0	0	0	0	0	0	0	0	0	0	0	0	0	0	0	0	0	0	0	0	0
GGB4676_SGB6465	0	0	0	0	0	0	0	0	0	0	0	0	0	0	0	0	0	0	0	0	0	0	0	0	0	0	0	0	0	0	0	0	0	0	0	0	0	0	0	0	0	0	0	0	0	0	0	0	0	0.002	0	0	0	0	0	0	0	0	0	0	0	0	0	0	0	0	0	0	0	0	0	0	0	0	0	0	0	0	0	0	0	0	0	0	0	0	0	0	0	0	0	0	0	0	0.26492	0	0	0	0.01073	0	0	0	0	0	0	0	0	0	0	0	0	0	0	0	0	0	0	0.14549	0	0	0	0	0	0	0	0	0	0	0	0	0	0	0	0	0	0	0	0	0	0	0	0	0	0	0	0	0	0	0	0	0	0	0	0	0	0	0	0	0	0	0	0	0	0	0	0	0	0	0
Bacteroides_stercorirosoris	0	0	0	0	0	0	0	0	0	0	0	0	0	0	0	0	0	0	0	0	0	0	0	0	0	0	0	0	0	0	0	0	0	0	0	0	0	0	0	0	0	0.00395	0	0	0	0	0	0	0	0	0	0	0	0	0	0	0	0	0	0	0	0	0	0	0	0	0	0	0	0	0	0	0	0	0	0	0	0	0	0	0	0	0	0	0	0	0	0	0	0	0	0	0	0	0	0	0	0	0	0	0	0	0	0	0	0	0	0	0	0	0	0.05893	0	0	0	0	0	0	0	0	0	0	0	0	0	0	0	0	0	0	0	0	0	0	0	0	0	0	0	0	0	0	0	0	0	0	0	0	0	0	0	0	0	0	0	0.00979	0	0	0	0	0.26211	0	0	0	0	0	0	0	0
Lactonifactor_longoviformis	0	0	0.11762	0.26074	0.00723	0	0	0	0.03674	0	0.00984	0	0	0	0	0.00674	0	0.00166	0	0	0	0	0	0	0	0	0	0	0.00479	0	0	0	0	0	0	0	0	0.02127	0	0	0.00454	0	0	0	0	0.009	0	0.02003	0.00324	0	0	0	0	0	0	0	0	0	0	0	0	0	0	0	0	0	0	0	0	0	0	0	0	0	0	0	0	0	0	0	0	0	0	0	0	0.00302	0.0004	0	0	0	0	0	0	0	0	0	0	0	0	0	0	0	0	0	0	0	0	0	0.00167	0	0	0	0	0	0	0	0	0	0	0	0	0.00178	0	0	0	0	0	0	0	0	0	0	0	0	0	0	0	0	0	0	0	0	0	0	0	0	0	0	0	0	0	0	0	0	0	0	0	0	0	0	0	0	0	0	0	0	0	0	0
GGB9667_SGB15164	0	0	0	0	0	0	0	0.00588	0.05384	0.03546	0	0	0	0.25779	0.21965	0	0.0205	0	0	0	0	0	0	0	0	0	0	0	0	0	0	0	0.00862	0	0	0	0.00549	0	0	0.10236	0	0	0	0	0	0.00406	0	0	0.01513	0.00292	0	0	0	0	0	0	0	0	0	0	0	0	0	0	0	0	0	0	0	0	0	0	0	0	0	0	0	0.00526	0	0	0	0	0	0	0	0	0	0	0	0	0	0	0	0	0	0.00129	0	0.01309	0	0	0	0	0	0	0	0	0	0	0	0	0	0	0	0	0	0	0	0	0	0	0.001	0	0	0	0	0	0	0	0	0	0.09791	0	0	0	0.00285	0	0	0	0	0	0	0.01997	0	0	0	0	0	0	0	0	0	0.01065	0	0	0	0	0	0.02641	0	0	0	0	0	0	0	0	0	0	0
Anaerotruncus_massiliensis	0	0	0	0	0	0	0	0	0	0	0	0	0	0.00457	0.00259	0	0	0	0	0	0	0	0	0	0	0	0	0	0	0	0	0	0	0	0	0	0	0	0	0	0	0	0	0	0	0.03835	0	0	0	0	0	0	0	0	0	0	0	0	0	0	0	0	0	0	0	0	0	0	0	0	0	0	0	0	0	0	0	0	0	0	0	0	0	0	0	0	0	0	0	0	0	0	0	0	0	0	0	0	0	0	0	0	0	0.00051	0	0	0	0	0	0	0	0	0	0	0	0	0	0	0	0	0.25324	0	0	0	0	0	0	0	0	0	0	0	0	0	0	0	0	0	0.02829	0	0	0	0	0	0	0	0	0	0	0	0	0	0	0	0	0	0	0	0.02351	0	0	0	0	0	0	0	0	0	0
Pseudoruminococcus_massiliensis	0	0	0	0	0	0	0	0	0	0	0	0	0	0	0	0	0	0	0	0	0	0	0.06275	0	0	0	0	0	0	0	0	0	0	0	0	0	0	0	0	0	0	0	0	0	0	0	0	0	0	0	0	0	0	0	0	0	0	0	0	0	0	0	0	0	0	0	0	0	0	0.00189	0.08788	0	0.00963	0	0	0	0	0	0	0	0	0	0	0	0.02018	0	0	0	0	0	0	0	0	0	0.0026	0	0	0	0	0	0.14585	0.00108	0.25117	0.02125	0	0	0	0	0	0	0.00353	0.02904	0	0	0	0	0	0	0	0	0	0	0	0	0	0	0	0	0	0	0	0	0	0	0	0	0	0	0	0	0	0	0	0	0	0	0	0	0	0	0	0	0	0	0	0	0	0	0	0	0	0	0	0	0	0	0	0	0
GGB3730_SGB5060	0	0	0	0	0	0	0	0	0	0	0	0	0	0	0	0	0.08489	0	0.20622	0	0	0	0	0	0	0	0	0	0	0	0	0	0	0	0	0.20023	0	0	0	0	0	0	0	0	0	0	0	0.25109	0	0.05992	0	0	0	0	0	0	0	0	0	0	0	0	0	0	0	0	0	0	0	0.00033	0.00613	0	0.23099	0	0	0	0	0	0	0	0	0	0	0	0	0	0	0	0	0	0	0	0	0	0	0.07744	0	0	0	0	0	0.09074	0	0.02615	0	0	0	0	0	0	0.06761	0	0	0	0	0	0	0	0	0	0	0	0	0	0	0	0	0	0	0	0	0	0	0	0	0	0	0	0	0	0	0	0	0	0	0	0	0	0	0	0	0	0	0	0	0	0	0	0	0	0	0	0	0	0	0	0	0	0
Anaerotruncus_colihominis	0	0	0.02005	0	0	0.00219	0	0.25081	0.12405	0	0	0	0	0.00665	0.00916	0.21477	0	0	0	0	0.00899	0.01227	0.02026	0	0	0	0	0	0	0	0	0.06873	0	0	0	0.01275	0.02008	0.00197	0	0	0.11684	0.01985	0	0	0	0	0	0.0113	0	0	0	0.00493	0	0	0	0	0	0	0	0	0.03374	0	0	0	0	0.02624	0.0077	0.00969	0	0.00457	0	0	0	0	0.00425	0	0	0.00472	0	0.04852	0	0.00041	0.191	0.03045	0	0.00024	0.01764	0	0	0	0	0	0	0	0	0	0	0	0.00014	0.01027	0	0	0	0	0.01184	0	0	0.03082	0.0003	0	0	0.0688	0	0	0	0	0	0	0.03881	0	0.02419	0	0	0	0.02377	0.00362	0	0	0	0	0.00959	0	0	0	0	0	0	0	0.01718	0	0	0.05618	0	0.03611	0	0	0	0.00298	0	0	0	0.00029	0	0	0	0.00282	0	0	0	0	0	0	0	0.00387	0	0	0	0	0
GGB3609_SGB4877	0	0	0.24936	0	0	0	0	0	0	0	0	0	0	0	0	0	0	0	0	0	0	0	0	0	0	0	0	0	0	0	0	0	0	0	0	0	0	0	0	0	0	0	0	0	0	0	0	0	0	0	0	0	0	0	0	0	0	0	0	0	0	0	0	0	0	0	0	0	0	0	0	0	0	0	0	0	0	0	0	0	0	0	0	0	0	0	0	0	0	0	0	0	0	0	0	0	0	0	0	0	0	0	0	0	0	0	0	0	0	0	0	0	0	0	0	0	0	0	0	0	0	0	0	0	0	0	0	0	0	0	0	0	0	0	0	0	0	0	0	0	0	0	0	0	0	0	0	0	0	0	0	0	0	0	0	0	0	0	0	0	0	0	0	0	0	0	0	0	0
Jilunia_laotingensis	0	0	0	0	0	0	0	0	0	0	0	0	0	0	0	0	0	0	0	0	0	0	0	0	0	0	0	0	0	0.00038	0	0	0	0	0	0	0	0	0	0	0	0	0	0	0	0	0	0	0	0	0	0	0.24905	0	0	0.07314	0	0	0	0	0	0.00521	0	0	0	0	0	0	0	0	0	0	0	0	0	0	0	0	0	0	0	0	0	0	0	0	0	0	0.03082	0	0	0	0	0	0	0	0	0.05898	0	0.2075	9e-05	0	0	0	0	0	0	0	0.00304	0	0	0	0	0	0	0	0	0.00174	0.24879	0	0	0	0	0	0	0	0	0	0	0	0	0	0	0	0	0.00347	0	0	0	0	0	0	0	0.18273	0	0.04592	0	0.08742	0	0	0.1154	0	0	0	0.08848	0	0	0	0	0	0	0	0	0	0	0	0	0	0
Streptococcus_mitis	0	0.01184	0.03862	0.05087	0	0.01815	0.01601	0	0	0.00692	0	0.02922	0	0.02164	0.01073	0.00486	0	0	0.00324	0.01071	0.00821	0	0.00435	0	0	0.00352	0.06146	0	0.01451	0.00217	0.02466	0	0.01718	0.24888	0.0019	0	0	0.02651	0.02618	0	0	0	0.00288	0.00201	0.00171	0	0.03261	0.00761	0.00548	0	0	0	0	0	0	0	0	0	0	0	0	0	0	0	0.10345	0	0	0	0.00066	0	0	0	0	0	0.00185	0	0	0	0	0	0	0	0	0.00201	0	0.0048	0.10814	0	0.00262	0	0	0	0	0.01986	0	0	0	0	0	0	0.00638	0	0	0	0	0	0.01075	0	0	0.02241	0.00155	0	0	0	0.00301	0	0.03643	0	0	0	0	0	0	0	0	0	0	0	0	0	0	0	0	0.01129	0	0	0	0	0	0	0	0	0	0.001	0	0	0	0	0	0	0	0	0	0	0	0	0	0	0	0	0	0	0	0	0	0	0	0	0
GGB4605_SGB6378	0	0	0	0	0	0	0	0	0	0	0	0	0	0	0	0	0	0	0	0	0	0	0	0	0	0	0	0	0	0	0	0	0	0	0	0	0	0	0	0	0	0	0	0	0	0	0	0	0	0	0	0	0	0	0	0	0	0	0	0	0	0	0	0	0	0	0	0	0	0	0.00421	0	0	0	0	0	0	0	0	0	0.0242	0	0	0	0	0	0.00249	0	0	0	0	0	0	0	0.22824	0	0	0	0	0	0	0	0	0.00867	0	0	0	0	0	0	0	0	0	0	0	0	0	0	0	0.24651	0	0	0.01481	0	0	0	0	0	0	0	0	0	0	0.00134	0	0	0	0.01916	0	0	0	0	0	0	0	0	0	0	0	0	0	0	0	0	0	0	0	0	0	0	0	0	0	0	0	0	0	0	0
Clostridiaceae_bacterium_Marseille_Q4143	0	0	0	0	0	0	0	0	0	0.00126	0	0	0	0.00045	0.00233	0	0.04037	0	0.00857	0	0	0.01136	0	0	0	0.0134	0	0	0	0.00143	0	0	0.00018	0	0	0	0	0	0	0	0	0	0	0	0	0	0	0	0	0	0	0.0751	0.11262	0	0.002	0.00045	0	0	0.16038	0	0.01856	0.03393	0	0.00012	0	0.04036	0	0.02387	0	0.00665	0.05033	0.04703	0.09065	0	0.04197	0	0	0.04095	0.2462	0.00218	0.0875	0.03501	0	0.04662	0.12824	0	0.1684	0	0	0.10421	0.04998	0.03674	0.08141	0.00686	0.05655	0.02334	0.00275	0	0.01031	0.08584	0.00976	0.03939	0.02565	0.0172	0.00986	0.01432	0.01845	0.00562	0.01871	0.02206	0	0	0.01288	0	0	0	0.00944	0.02195	0	0.0045	0.00547	0	0.05716	0.10124	0.11043	0.06505	0.05267	0.07855	0	0	0.03986	0.17289	0.03041	0	0.0544	0	0.03599	0.12293	0.0063	0.06349	0	0	0	0.01323	0.00917	0.01113	0	0.0049	0.24217	0.0358	0.00889	0	0.00496	0	0.01235	0	0.03694	0	0	0	0	0.00887	0.01314	0	0	0	0	0.00424	0
Longibaculum_muris	0	0	0.24127	0	0	0	0	0	0	0	0	0	0	0	0	0.18504	0	0	0	0	0	0	0	0	0	0	0	0	0	0	0	0	0	0	0	0	0	0	0.09965	0	0.00566	0	0	0	0	0	0	0	0.03142	0	0	0	0	0	0	0	0	0	0	0	0	0	0	0	0	0	0	0	0	0	0	0	0	0	0	0	0	0	0	0	0	0	0	0	0	0	0	0	0	0	0	0.00627	0	0.12787	0	0	0	0	0	0	0	0	0	0	0	0	0	0	0	0	0	0	0	0	0	0	0	0	0	0	0	0	0	0	0	0	0	0	0	0	0	0	0	0	0	0	0	0	0	0	0	0	0	0	0	0	0	0	0	0	0	0	0	0	0	0	0	0	0	0	0	0	0	0	0	0	0	0	0
Desulfovibrio_desulfuricans	0	0	0	0	0.20718	0	0.00101	0	0	0	0	0	0	0	0	0	0	0.17958	0	0	0	0	0	0	0	0	0	0	0	0	0	0	0	0	0	0	0	0	0	0	0	0	0	0	0	0	0	0	0	0	0	0	0	0	0	0	0	0	0	0	0	0	0	0	0	0	0	0	0	0	0	0	0	0	0	0	0	0	0	0	0	0	0	0	0	0.00236	0	0	0	0	0	0	0	0	0	0.00747	0	0	0	0	0	0	0	0	0	0	0	0	0	0	0	0.02291	0	0	0	0	0	0	0	0	0	0	0	0	0	0	0	0	0.00639	0	0.02211	0	0.00122	0	0	0	0	0	0.23881	0	0	0	0	0	0	0	0	0	0	0	0	0	0	0	0	0	0	0	0	0	0	0	0	0	0	0	0	0	0
GGB35068_SGB47850	0	0	0	0	0	0	0	0	0	0.0462	0	0	0.0242	0	0	0	0	0	0.23867	0.07033	0	0	0	0	0	0	0	0	0	0.00664	0	0	0.00747	0	0	0.01859	0.00501	0	0	0	0	0	0.09768	0	0	0.03015	0	0	0	0.03766	0	0	0	0	0	0	0	0	0	0	0	0	0	0	0	0	0	0.01622	0	0.00297	0	0	0	0	0.00173	0	0	0	0	0	0	0	0	0	0	0	0	0	0	0	0	0	0.00526	0	0.00024	0.00938	0	0	0	0	0.01202	0	0.00845	0	0	0.00016	0	0	0	0	0	0	0	0	0	0	0	0	0	0.00598	0	0	0	0	0.06656	0	0.0652	0.00253	0	0	0.00614	0	0	0	0	0	0	0	0	0	0	0	0	0	0	0	0	0	0	0	0	0	0	0	0	0	0	0	0	0	0	0	0	0	0	0	0	0	0
Massilioclostridium_coli	0	0	0	0	0	0	0	0	0	0	0	0.0103	0	0	0	0.01913	0	0.00319	0	0	0	0	0	0	0	0	0	0	0	0	0	0	0	0	0.23748	0	0	0	0	0	0.00678	0	0	0	0	0	0	0	0	0	0	0.01002	0	0	0	0	0	0	0	0	0	0	0	0	0.0028	0.00135	0.00913	0.00189	0	0.00129	0	0	0	0.01184	0	0	0	0.0014	0	0.00033	0	0	0.01218	0	0	0	0.00014	0	0	0	0	0.04222	0	0.01995	0	0	0	0.02819	0	0	0	0	0	0	0	0	0	0.00492	0	0.00269	0	0.00053	0	0	0	0	0	0	0	0	0	0	0	0	0	0	0.00094	0	0	0.00093	0.03138	0	0.01277	0	0	0	0	0	0	0	0	0	0	0	0	0	0	0	0	0	0	0.01514	0	0	0	0	0	0	0	0	0	0	0	0	0	0	0	0	0
GGB3254_SGB4301	0	0	0	0	0	0	0	0	0	0	0	0	0	0	0	0	0	0	0	0	0	0	0	0	0	0	0	0	0	0	0	0	0	0	0	0	0	0	0	0	0	0	0	0	0	0	0	0	0	0.00379	0	0	0	0	0	0	0	0	0	0	0	0	0	0	0	0	0	0	0	0.01727	0.23603	0	0	0	0	0	0	0	0	0	0	0	0	0	0	0	0	0	0	0	0	0	0	0	0	0	0	0	0	0	0	0	0	0.09557	0	0	0	0	0	0	0	0	0	0	0	0	0	0	0	0	0	0	0	0	0	0	0	0	0	0	0	0	0	0	0	0	0	0	0	0	0	0	0	0	0.02079	0	0	0	0	0	0	0	0	0	0	0	0	0	0	0	0	0	0	0	0	0	0	0	0
Clostridium_SGB6176	0	0	0	0	0	0.00042	0	0	0	0	0	0	0	0	0	0	0	0	0	0	0.2315	0	0	0	0	0	0	0	0	0	0	0	0	0	0	0	0	0	0	0	0	0	0	0	0.03514	0	0	0	0	0	0	0	0	0	0	0	0	0	0	0	0	0	0	0	0	0	0	0	0	0	0	0	0	0	0	0	0	0	0	0	0	0	0	0	0	0	0	0	0	0	0	0	0	0	0	0	0	0	0	0	0	0	0	0	0	0	0	0	0	0	0	0	0	0	0	0	0	0	0	0	0	0	0	0	0	0	0	0	0	0	0	0	0	0	0	0	0	0	0	0	0	0	0	0	0	0.00093	0	0	0	0	0	0	0	0	0	0	0	0	0	0	0	0	0	0	0	0	0	0	0
GGB9502_SGB14899	0	0	0	0	0	0	0	0	0	0	0	0	0	0	0	0	0.02462	0	0	0	0	0	0.0071	0	0	0	0	0	0	0	0	0	0	0	0	0	0.11751	0	0	0	0	0	0	0	0	0	0	0	0	0.01805	0	0	0	0	0	0	0	0	0	0	0.04671	0	0	0.03812	0	0	0.04874	0	0	0.01783	0.01569	0	0	0	0	0	0	0.02466	0	0	0	0	0	0.1032	0.01896	0.11166	0.00251	0	0	0.06351	0	0	0.00535	0	0.03722	0	0	0	0.11552	0	0.00082	0	0.04973	0.01244	0.07042	0	0	0	0	0	0	0	0.03717	0	0	0	0	0	0.2314	0.04114	0.0365	0	0.02296	0.13857	0.13007	0	0	0	0.00054	0	0	0	0	0	0.05465	0	0.05168	0.00507	0.05129	0	0	0	0	0	0	0	0	0	0	0	0	0	0	0	0	0	0	0	0.09701	0	0	0.00192	0	0	0	0	0	0	0
Actinomyces_sp_ICM47	0.02453	0.01131	0.09149	0.03672	0	0.01743	0.1064	0.00565	0	0	0	0.07073	0.02687	0	0	0.02902	0	0	0.01074	0.03188	0.06811	0	0.00591	0.00428	0.05078	0.06292	0.05936	0.00267	0.00756	0.0024	0.06734	0.0178	0	0.2314	0.03256	0	0.02119	0.03129	0.04098	0.02198	0.00912	0.00417	0.06982	0	0.04403	0.02756	0.01904	0.00895	0.03315	0.01045	0	0	0	0	0	0	0	0	0	0	0	0	0	0	0	0	0	0	0	0	0	0	0	0.0032	0	0	0	0	0	0	0	0	0	0	0	0	0	0.00131	0	0	0	0	0	0	0	0	0	0	0	0	0	0	0	0	0	0	0.00197	0	0	0	0.01058	0	0	0	0.00664	0	0.00426	0	0	0	0	0.00359	0	0	0	0	0	0	0	0	0	0	0	0	0	0	0	0	0	0	0	0	0	0	0	0	0	0	0	0	0	0	0	0	0	0	0	0	0	0	0	0	0	0	0	0	0	0	0
Gemmiger_sp_An87	0	0	0	0.22945	0	0	0	0	0	0	0	0	0	0	0	0	0	0	0	0	0	0	0	0	0	0	0	0	0	0	0	0	0	0	0	0	0	0	0	0	0	0	0	0	0.00233	0	0	0	0	0	0	0	0	0.01181	0	0	0	0	0	0	0	0	0	0	0	0	0	0	0	0	0	0	0	0	0	0	0	0	0	0	0	0	0	0	0	0	0	0	0	0	0	0	0	0	0	0	0	0	0	0	0	0	0	0	0	0	0	0	0	0	0	0	0	0	0	0	0	0	0	0	0	0	0	0	0	0	0	0	0	0	0	0	0	0	0	0	0	0	0	0	0	0	0	0	0	0	0	0	0	0	0	0	0	0	0	0	0	0	0	0	0	0	0	0	0	0	0	0	0
GGB6612_SGB9346	0	0	0	0	0	0	0	0	0	0	0	0	0	0	0	0	0	0	0	0	0	0	0	0	0	0	0	0	0	0	0	0	0	0	0	0	0	0	0	0	0	0	0	0	0	0	0	0	0	0	0	0	0	0	0	0	0	0	0	0	0	0	0	0	0	0	0	0	0	0	0	0	0	0	0	0	0	0	0	0	0	0	0	0	0	0	0	0	0	0	0	0	0	0	0	0	0	0	0	0	0.00993	0	0	0	0	0	0	0	0	0	0	0	0	0	0	0	0	0	0	0	0	0	0	0	0	0	0	0	0	0	0	0	0	0	0	0	0	0	0	0	0	0	0	0	0	0	0	0	0	0	0	0	0	0	0	0	0	0	0.22749	0	0	0	0	0	0	0	0	0	0
GGB3328_SGB4406	0	0	0	0	0	0	0	0	0	0	0	0	0	0	0	0	0	0	0	0	0	0	0	0	0	0	0	0	0	0	0	0	0	0	0	0	0	0	0	0	0.22685	0	0	0	0	0	0	0	0	0	0	0	0	0	0	0	0	0	0	0	0	0	0	0	0	0.03515	0	0	0	0.00014	0.03665	0	0	0	0	0	0	0	0	0	0	0	0	0	0.00082	0	0	0	0	0	0	0	0	0	0.00068	0	0	0	0	0	0	0	0	0.03514	0	0	0	0	0	0	0	0	0	0	0	0	0	0	0	0	0	0	0.0885	0	0	0	0	0	0	0	0	0	0	0	0	0	0	0	0	0	0	0	0	0	0	0	0	0	0	0	0	0	0	0	0	0	0	0	0	0	0	0	0	0	0	0	0	0	0
GGB36331_SGB63183	0	0	0	0	0	0	0	0	0	0	0	0	0	0	0	0	0	0	0	0	0	0	0	0	0	0	0	0	0	0	0	0	0	0	0	0	0	0	0	0	0	0	0	0	0	0.07182	0	0	0	0	0	0	0	0	0	0	0	0	0	0	0	0	0	0.07494	0	0	0	0	0	0	0	0	0	0	0	0	0	0	0	0	0	0	0	0	0	0.22457	0	0	0	0	0	0	0	0	0	0	0	0	0	0	0	0	0	0	0	0	0	0	0	0	0	0	0	0	0	0	0	0	0	0	0	0	0	0	0	0	0	0	0	0	0	0	0	0	0	0	0	0	0	0	0	0	0	0	0	0	0	0	0	0	0	0	0	0	0	0	0	0	0	0	0	0	0	0	0	0	0	0	0
GGB9561_SGB14972	0	0	0	0	0	0	0	0.05279	0	0	0	0	0.04025	0	0	0	0.16672	0	0.04461	0.22403	0	0.02898	0.03233	0	0	0	0	0	0	0	0	0	0.03228	0	0	0.03903	0	0	0	0	0.02908	0.10459	0	0	0	0	0	0.10487	0	0.04483	0	0.00889	0	0	0	0.00099	0	0.00661	0	0	0	0	0	0.00773	0	0	0	0.01045	0	0.01285	0.00368	0	0	0	0	0	0	0.02814	0	0.01056	0.00137	0	0	0.0048	0.00265	0	0	0	0	0.00154	0	0	0	0	0.0083	0.00194	0	0	0.07915	0	0.01669	0	0.05012	0.02086	0	0.02767	0	0.05907	0	0.00027	0	0.00768	0	0.0844	0	0	0	0	0	0.00544	0	0	0	0.00791	0.06134	0.01448	0.07832	0	0.06777	0.00027	0.00344	0.00191	0	0	0.01229	0	0	0	0.03152	0.0088	0	0	0	0	0	0	0	0	0	0	0	0	0	0	0	0	0	0	0	0	0	0	0	0	0	0	0	0	0
Parabacteroides_sp_N37	0.00264	0	0	0	0	0	0	0	0	0	0	0	0	0	0	0	0	0	0	0	0	0	0	0	0	0	0	0	0	0	0	0	0	0	0	0	0	0	0	0	0	0	0	0	0	0	0	0	0	0	0	0	0	0	0	0	0	0	0	0	0	0	0	0	0	0	0	0	0	0.00134	0.03386	0	0	0	0	0	0	0	0	0	0	0.17813	0	0	0	0	0	0	0	0.11873	0	0	0	0	0	0	0	0	0	0	0	0.01773	0	0.02819	0	0	0	0	0	0	0	0	0.00298	0	0	0	0	0.02116	0.00269	0	0	0	0	0	0	0	0	0	0	0	0	0	0	0	0	0	0	0	0	0.05711	0	0	0	0	0	0	0	0	0	0	0.0058	0	0.22042	0	0	0	0	0	0	0	0	0	0	0	0	0	0	0	0
Schaalia_odontolytica	0	0.01112	0.10889	0.00692	0	0	0	0.00384	0	0	0.00298	0	0.01667	0	0	0	0	0	0	0	0.01748	0	0	0	0	0	0.21965	0.0066	0.04885	0	0.10554	0	0.01838	0	0.03801	0	0.01606	0.0083	0	0	0.01877	0.00777	0	0	0.00242	0.0553	0	0.02282	0.05523	0.01106	0	0	0	0	0	0	0	0	0	0	0	0	0	0.00076	0.0022	0	0	0	0	0	0	0	0	0.0324	0	0.00265	0	0	0	0	0	0	0	0	0	0	0	0	0.01042	0	0	0	0.00051	0.00011	0	0	0	0	0	0	0	0	0	0	0	0	0.00063	0	0	0	0.00359	0	0	0	0.00071	0	0	0	0	0.00035	0	0	0	0	0	0	0	0.00324	0.00124	0.00913	0	0	0	0	0	0	0	0	0	0	0	0	0	0	0	0	0	0	0	0	0	0	0	0	0	0	0	0	0	0	0	0	0	0	0	0	0	0	0
Enterococcus_faecium	0	0	0	0	0.21842	0	0	0	0	0	0	0	0	0	0	0	0	0	0	0	0	0	0.00813	0	0	0	0	0.11295	0	0	0	0	0	0	0	0	0	0.03179	0	0	0	0	0	0	0	0	0	0	0.02407	0.00195	0	0	0	0	0	0	0	0	0.01092	0	0	0	0	0	0	0.00065	0	0	0	0	0	0	0	0	0	0.00335	0	0	0	0	0	0	0	0	0	0	0	0	0	0	0	0	0	0	0	0	0	0	0	0	0	0	0	0	0	0	0	0	0	0.02313	0	0	0	0	0	0	0	0	0	0	0	0	0	0	0	0	0	0	0	0	0	0	0	0	0	0	0	0	0	0	0	0	0	0	0	0	0	0	0	0	0	0	0	0	0	0	0	0	0	0.01457	0	0	0	0	0	0	0	0	0
Fusobacterium_varium	0	0	0.00196	0.03679	0.12847	0	0	0	0	0	0	0	0	0	0	0	0	0	0	0	0	0	0	0.01426	0.05554	0	0.02385	0	0	0	0.14898	0	0	0	0	0	0	0.00399	0.10061	0	0	0	0	0	0.00551	0	0	0	0	0	0	0	0	0	0	0	0	0	0	0	0	0	0	0	0	0	0	0	0	0	0	0	0	0	0	0	0	0	0	0	0	0	0	0	0	0	0	0	0	0	0	0	0	0	0	0	0	0	0	0	0	0	0	0	0	0	0	0	0	0	0	0	0	0	0	0	0	0	0	0	0	0	0	0	0	0	0	0	0	0	0	0	0	0	0	0	0	0	0	0	0	0	0.009	0	0	0	0	0	0.00617	0	0	0	0	0	0	0	0	0	0	0	0	0	0	0	0.21747	0	0	0	0
GGB51959_SGB72479	0	0	0	0	0	0	0	0	0	0.00375	0	0	0	0.00889	0.00239	0.0615	0	0	0	0	0	0	0	0	0	0	0	0	0	0	0	0	0.00985	0	0	0	0.00291	0	0	0.02978	0.21495	0	0	0	0	0.04	0	0	0	0.02472	0	0	0	0	0	0	0	0	0	0	0	0	0	0.001	0	0	0	0	0	0	0	0	0	0	0	0	0	0	0	0	0	0	0	0	0	0.00776	0	0	0	0	0	0	0	0	0	0.00493	0	0	0	0	0	0	0	0.00192	0.00903	0	0	0	0	0	0	0	0	0.0007	0	0	0	0	0	0.00835	0	0	0	0	0	0	0	0.01442	0.00217	0	0.01527	0	0	0	0.00254	0	0	0	0	0	0	0	0	0	0	0	0	0	0	0	0	0	0	0	0	0	0	0	0	0	0	0	0	0	0	0	0	0	0
Neobittarella_massiliensis	0.0075	0	0	0	0	0	0	0.01767	0.02125	0	0.21444	0.00353	0	0.00503	0.00241	0.04963	0	0	0	0.01927	0	0	0.01706	0	0	0	0	0	0.00176	0.00183	0	0.0659	0	0	0.01313	0.00165	0.00888	0	0.12465	0	0.03466	0.00177	0	0	0	0.00323	0	0	0.00493	0	0	0	0	0	0	0	0	0	0	0	0.00015	0	0	0	0.02648	0.0029	0.02162	0	0	0.00056	0	0	0	0	0.00123	0	0	0.00194	0.00019	0.00066	0	0.0041	0.00708	0	0	0	0.00357	0	0.02417	0	0	0.01174	0	0.01561	0	0	0	8e-05	0	0.00018	0	0	0	0	6e-05	0	0	0.00455	0.00032	0	0	0	0	0.00647	0	0	0	0	0.00972	0	0.00305	0	0	0	0.00329	0	0.00148	3e-05	0	0.02033	0	0.00052	0	0	0.00095	0	0	0	0	0.00149	0	0.00364	0	0	0	0.00495	0	0	0	0	0	0	0	0	0	0	0	0	0	0.00064	0	0	0	0	0	0	0	0	0
GGB9712_SGB15242	0	0	0	0	0	0	0	0	0	0	0	0	0	0.21208	0.17558	0	0	0	0	0	0	0	0	0	0	0	0	0	0	0	0	0	0	0	0	0	0	0	0	0	0	0	0	0	0	0	0	0	0	0	0	0	0	0	0	0	0	0	0	0	0	0	0	0	0	0	0	0	0	0	0	0	0	0	0	0	0	0	0	0	0	0	0	0	0	0	0	0	0	0	0	0	0	0	0	0	0	0	0	0	0	0	0	0	0	0	0	0	0	0	0	0	0	0	0	0	0	0	0	0	0	0	0	0	0	0	0	0	0	0	0	0	0	0	0	0	0	0	0	0	0	0	0	0	0	0	0	0	0	0	0	0	0	0	0	0	0	0	0	0	0	0	0	0	0	0	0	0	0
GGB1663_SGB2278	0	0	0	0	0	0	0	0	0	0	0	0	0.21198	0	0	0	0	0	0	0	0	0	0	0	0	0	0	0	0	0	0	0	0	0	0	0	0	0	0	0	0	0	0	0	0	0	0	0	0	0	0	0	0	0	0	0	0	0	0	0	0	0	0	0	0	0	0	0	0	0	0	0	0	0	0	0	0	0	0	0	0	0	0	0	0	0	0	0	0	0	0	0	0	0	0	0	0	0	0	0	0	0.04734	0	0	0	0	0	0	0	0	0	0	0	0	0	0	0	0	0	0	0	0	0	0	0	0	0	0	0.0143	0	0	0	0	0	0	0	0	0	0	0	0	0	0	0	0	0	0	0	0	0	0	0	0	0	0	0	0	0	0	0	0	0	0	0	0	0	0	0	0
Drancourtella_SGB106018	0	0	0.05874	0	0	0	0	0	0	0	0	0	0	0	0	0	0	0	0	0	0	0	0	0	0	0	0	0	0	0	0	0	0	0	0	0	0	0	0.21087	0	0	0	0	0	0	0	0	0	0	0	0	0	0	0	0	0	0	0	0	0	0	0	0	0	0	0	0	0	0	0	0	0	0	0	0	0	0	0	0	0	0	0	0	0	0	0	0	0	0	0	0	0	0	0	0	0	0	0	0	0	0	0	0	0	0	0	0	0	0	0	0	0	0	0	0	0	0	0	0	0	0	0	0	0	0	0	0	0	0	0	0	0	0	0	0	0	0	0	0	0	0	0	0	0	0	0	0	0	0	0	0	0	0	0	0	0	0	0	0	0	0	0	0	0	0	0	0	0	0
GGB9531_SGB14932	0	0	0	0	0	0	0	0.04865	0	0	0	0	0	0.04642	0.03751	0	0	0	0	0	0	0	0.00591	0	0	0	0	0	0	0	0	0	0	0	0	0.03168	0	0.00941	0	0	0.21048	0.12619	0	0	0	0.05602	0	0	0	0	0	0	0	0	0	0	0	0	0	0	0	0	0	0	0	0.01953	0	0.00173	0	0	0	0	0	0	0	0	0	0	0	0	0	0	0	0	0.02017	0	0	0	0	0	0	0	0	0	0	0.00016	0	0	0	0	0	0	0.00439	0	0	0	0	0.1312	0	0	0	0	0	0	0	0	0	0	0	0	0	0	0	0.01344	0	0	0	0	0	0	0.0745	0	0	0	0	0	0	0	0.02167	0	0	0.05793	0	0	0	0	0	0	0	0	0	0	0	0	0	0	0	0.00046	0.04017	0	0	0	0	0	0	0	0	0	0
Christensenella_minuta	0.00078	0	0	0	0	0	0	0.04246	0	0.00053	0.08848	0	0.00168	0.00847	0.00537	0	0	0	0	0	0	0	0.02506	0	0	0	0	0	0	0.00334	0	0	0	0	0	0	0.00175	0.00317	0	0	0.20949	0	0	0	0	0.00732	0	0.0134	0.01199	0	0	0	0	0	0	0	0	0	0	0	0.00732	0	0	0	0	0.01464	0.00307	0	0	0	0	0	0	0	0	0	0	0	0	0.00605	0	0.00221	0	0.00418	0	0	0	0	0	0.00415	0	0	0	0	0	0	0.00286	0	0.11163	0	0	0	0.00165	0	0.01621	0	0	0.06408	0.00143	0	0.00563	0	0.00818	0	0	0	0	0.00076	0.00386	0.00615	0.02064	0	0	0	0.01285	0.00361	0.00255	0.00074	0	0	0.01312	0	0	0	0.00324	0	0.00193	0	0	0.00074	0	0	0	0	0	0	0	0.00351	0	0	0	0	0	0	0	0	0	0	0	0	0	0	0	0	0	0	0	0	0
GGB3189_SGB4212	0	0	0	0	0	0	0	0	0	0	0	0	0	0	0	0	0	0	0	0	0	0	0	0	0	0	0	0	0	0	0	0	0	0	0	0	0	0	0	0	0	0	0	0	0	0	0	0	0	0.20914	0	0	0	0	0	0	0	0	0	0	0	0	0	0	0	0	0	0	0	0	0	0	0	0	0	0	0	0	0	0	0	0	0	0	0	0	0	0	0	0	0	0	0	0	0.12743	0	0	0	0	0	0	0	0	0	0	0	0	0	0	0	0	0	0	0	0	0	0	0	0	0	0	0	0	0	0	0	0	0	0	0	0	0	0	0	0	0	0	0	0	0	0	0	0	0	0.00258	0	0	0	0	0	0	0	0	0	0	0	0	0	0	0	0	0	0	0	0	0	0	0	0
GGB9266_SGB14216	0	0	0	0	0	0	0	0	0	0	0	0	0	0	0	0	0	0	0	0	0	0	0	0	0	0	0	0	0	0	0	0	0	0	0	0	0	0	0	0	0	0	0	0	0	0	0	0	0	0	0	0	0	0	0	0	0	0	0	0	0	0	0	0	0	0	0	0	0	0	0	0	0	0	0	0	0	0	0	0	0	0	0	0	0.209	0	0	0	0	0	0	0	0	0	0.00849	0	0	0	0	0	0	0	0	0	0	0	0	0	0	0	0	0	0	0	0	0	0	0	0	0	0	0	0	0	0	0	0	0	0	0	0.01257	0	0	0	0	0	0	0	0	0	0	0	0	0	0.00097	0	0	0	0	0	0	0	0	0	0	0	0	0	0	0	0	0	0	0	0	0	0	0	0
GGB1102_SGB1416	0	0	0	0	0	0	0	0	0.03501	0	0	0	0	0	0	0	0	0	0	0	0	0	0	0	0	0	0	0	0	0	0	0	0.01924	0	0	0	0	0	0	0	0	0	0	0	0	0	0	0	0	0	0	0	0	0	0	0	0	0	0	0	0	0	0	0	0	0	0	0	0	0	0	0	0	0	0.20874	0	0	0	0	0	0	0	0	0	0	0	0	0	0	0	0	0	0	0	0	0	0	0	0	0	0	0	0	0	0	0	0	0	0	0	0	0	0	0	0	0	0	0	0	0	0	0	0	0	0	0	0	0	0	0	0	0	0	0	0	0	0	0	0	0	0	0	0	0	0	0	0	0	0	0	0	0	0	0	0	0	0	0	0	0	0	0	0	0	0	0	0	0	0
GGB3429_SGB71704	0	0	0	0	0	0	0	0	0	0	0	0	0	0	0	0	0	0	0	0	0	0	0	0	0	0	0	0	0	0	0	0	0	0	0	0.05196	0	0	0	0	0	0	0	0	0	0	0	0	0	0.05369	0	0	0	0	0	0	0	0	0	0	0	0	0	0.03179	0	0	0	0	0	0	0	0	0	0	0	0	0	0	0	0	0	0	0	0	0	0	0	0	0	0	0	0	0	0	0.02988	0.01868	0	0	0	0	0.10055	0	0	0	0	0	0	0	0	0	0.07128	0.20785	0	0	0	0	0	0	0	0	0	0	0	0	0	0	0	0	0	0	0	0	0	0	0	0	0	0.09689	0	0	0	0	0	0	0	0	0	0	0	0	0	0	0	0	0	0	0	0	0.01376	0	0	0	0	0	0	0	0	0	0
GGB3588_SGB4808	0	0	0	0	0	0	0	0	0	0	0.20689	0.02285	0	0	0	0	0	0	0	0	0	0	0	0	0	0	0	0	0	0.1394	0	0	0	0	0	0	0	0	0	0	0	0	0	0	0	0	0	0	0	0.08479	0	0	0	0	0	0	0	0	0	0	0	0	0	0	0	0	0	0	0	0	0	0	0	0	0	0	0	0	0	0	0	0	0	0	0	0	0	0	0	0	0	0	0	0	0	0	0	0.06662	0.003	0	0	0	0	0	0	0	0	0	0	0	0	0	0	0	0	0	0	0	0	0	0	0	0	0	0.00287	0	0	0	0	0	0	0	0	0	0	0	0	0	0	0	0	0	0	0	0	0	0	0	0	0	0	0	0	0	0	0	0	0	0	0	0	0	0	0	0	0	0	0	0
GGB3491_SGB4665	0	0	0	0	0	0	0	0	0	0	0	0	0	0	0	0	0	0	0	0	0	0.00372	0	0	0	0	0	0	0	0	0	0	0	0	0	0	0	0	0	0	0	0	0	0	0	0	0	0	0	0	0	0	0	0	0	0	0	0	0	0	0.00899	0	0	0.00311	0	0	0	0	0	0.00863	0.06586	0	0	0	0	0	0	0	0	0	0	0	0	0	0.00634	0	0	0	0	0.0146	0	0	0	0	0.03199	0	0	0	0	0	0.20453	0	0.08059	0.08697	0	0.06464	0	0	0	0	0	0	0	0	0	0	0	0	0	0	0	0	0	0	0	0	0	0	0	0	0	0	0	0	0	0	0	0	0	0	0	0	0	0	0	0	0	0	0.00942	0	0	0	0	0	0	0	0	0	0	0	0	0	0	0	0	0	0	0	0
Hungatella_effluvii	0	0	0	0	0	0	0	0	0	0	0	0	0	0	0	0	0	0	0	0	0	0	0	0	0	0	0	0	0	0	0	0	0	0	0	0	0	0	0.20442	0	0	0	0	0	0	0	0	0	0	0	0	0	0	0	0	0	0	0	0	0	0	0	0	0	0	0	0	0	0	0	0	0	0	0	0	0	0	0	0	0	0	0	0	0	0	0	0	0	0	0	0	0	0	0	0	0	0	0	0	0	0	0	0	0	0	0	0	0	0	0	0	0	0	0	0	0	0	0	0	0	0	0	0	0	0	0	0	0	0	0	0	0	0	0	0	0	0	0	0	0	0	0	0	0	0	0	0	0	0	0	0	0	0	0	0	0	0	0	0	0	0	0	0	0	0	0	0	0	0
Paraeggerthella_hongkongensis	0	0	0	0	0	0	0	0	0	0	0	0	0	0	0	0	0	0.01365	0	0	0	0	0	0	0.12839	0	0	0	0	0	0	0	0	0.14701	0	0	0	0	0	0	0	0	0.00456	0.20417	0	0	0	0	0	0	0	0	0	0	0	0	0	0	0	0	0	0	0	0	0	0	0	0	0	0	0	0	0	0	0	0	0	0	0	0	0	0	0	0	0	0	0	0	0	0	0	0	0	0	0	0	0	0	0	0	0	0	0	0	0	0	0	0	0	0	0	0	0	0	0	0	0	0	0	0	0	0	0	0	0	0	0	0	0	0	0	0	0	0	0	0	0	0	0	0	0	0	0	0	0	0	0	0	0	0	0	0	0	0	0	0	0	0	0	0	0	0	0	0	0	0	0	0	0
GGB79118_SGB105839	0	0	0	0.20375	0	0	0	0	0	0	0	0	0	0	0	0	0	0	0	0	0	0	0	0	0	0	0	0	0	0	0	0	0	0	0	0	0	0	0	0	0	0	0	0	0	0.00067	0	0	0	0	0	0	0	0	0	0	0	0	0	0	0	0	0	0	0	0	0	0	0	0	0	0	0	0	0	0	0	0	0	0	0	0	0	0	0	0	0	0	0	0	0	0	0	0	0	0	0	0	0	0	0	0	0	0	0	0	0	0	0	0	0	0	0	0	0	0	0	0	0	0	0	0	0	0	0	0	0	0	0	0	0	0	0	0	0	0	0	0	0	0	0	0	0	0	0	0	0	0	0	0	0	0	0	0	0	0	0	0	0	0	0	0	0	0	0	0	0	0	0
GGB9189_SGB14128	0	0	0	0	0	0	0	0	0	0	0	0	0	0	0	0	0	0	0	0	0	0	0	0	0	0	0	0	0	0	0	0	0	0	0	0.0544	0	0	0	0	0	0	0	0	0	0.00304	0	0	0	0.00597	0	0	0	0	0	0	0	0	0	0	0	0	0	0.00039	0	0	0	0.20316	0	0.02129	0.00034	0	0	0	0	0	0	0	0	0	0	0	0	0	0	0	0	0	0	0	0	0	0.00405	0	0.01203	0.03754	0	0	0.01697	0	0	0	0.01201	0.00301	0	0	0	0.0021	0.00218	0	0	0	0	0	0	0	0	0	0	0.00317	0	0	0	0	0	0	0	0	0	0	0.03043	0	0	0	0.02215	0	0	0	0	0	0	0	0	0	0	0	0	0	0	0	0	0	0	0	0	0	0	0	0	0	0	0	0	0	0	0	0	0	0
Faecalicatena_orotica	0	0	0	0	0.0762	0	0	0.00057	0	0	0	0	0	0	0	0	0	0.0238	0	0.00209	0	0	0	0	0	0	0	0	0	0	0	0	0	0	0	0	0	0	0	0	0	0	0	0.20275	0	0	0	0	0	0	0	0	0	0	0	0	0	0	0	0	0	0	0	0	0	0	0	0	0	0	0	0	0	0	0	0	0	0	0	0	0	0	0	0	0	0	0	0	0	0	0	0	0	0	0	0	0.00066	0	0	0	0	0	0	0	0	0	0	0	0	0	0	0	0	0	0	0	0	0	0	0	0	0	0	0	0	0	0	0	0	0	0	0	0	0	0	0	0	0	0	0	0	0	0	0	0	0	0	0	0	0	0	0	0	0	0	0	0	0	0	0	0	0	0	0	0	0	0	0	0
Blautia_argi	0	0	0	0	0	0	0	0	0	0	0	0	0	0	0	0	0	0	0	0	0	0	0	0	0	0	0	0	0	0	0	0	0	0	0.20247	0	0	0	0	0	0	0	0	0	0	0	0	0	0	0	0	0	0	0	0	0	0	0	0	0	0	0	0	0	0	0	0	0	0	0	0	0	0	0	0	0	0	0	0	0	0	0	0	0	0	0	0	0	0	0	0	0	0	0	0	0	0	0	0	0	0	0	0	0	0	0	0	0	0	0	0	0	0	0	0	0	0	0	0	0	0	0	0	0	0	0	0	0	0	0	0	0	0	0	0	0	0	0	0	0	0	0	0	0	0	0	0	0	0	0	0	0	0	0	0	0	0	0	0	0	0	0	0	0	0	0	0	0	0
Sutterella_SGB9287	0	0	0	0	0	0	0	0	0	0	0	0	0	0	0	0	0	0	0	0	0	0	0	0	0	0	0	0	0	0	0	0	0.2024	0	0	0	0	0	0	0	0	0	0	0	0	0	0	0	0	0	0	0	0	0	0	0	0	0	0	0	0	0	0	0	0	0	0	0	0	0	0	0	0	0	0	0	0	0	0	0	0	0	0	0	0	0	0	0	0	0	0	0	0	0	0	0	0	0	0	0	0	0	0	0	0	0	0	0	0	0	0	0	0	0	0	0	0	0	0	0	0	0	0	0	0	0	0	0	0	0	0	0	0	0	0	0	0	0	0	0	0	0	0	0	0	0	0	0	0	0	0	0	0	0	0	0	0	0	0	0	0	0	0	0	0	0	0	0	0
Hydrogeniiclostridium_mannosilyticum	0	0	0	0	0	0	0	0.0233	0	0	0	0	0.00366	0	0	0	0	0	0	0	0	0	0	0	0	0	0	0	0.00224	0	0	0	0	0	0	0.01695	0	0.06755	0	0	0.12075	0.00044	0	0	0	0	0	0.04252	0	0	0	0	0	0	0	0	0	0	0	0	0.0152	0	0	0	0.00182	0.04601	0	0.00041	0	0.01011	0	0	0	0	0.01938	0	0	0	0	0.005	0	0	0	0.00242	0	0.00081	0	0	0	0	0	0	0	0	0	0	0	0.04331	0	0	0	0	0	0	0.00077	0	0	0.20174	0	0	0	0.00763	0.01735	0	0	0	0	0	0.00105	0	0.00325	0	0	0	0.00277	0	0.00334	0	0	0	0	0	0	0	0	0	0	0.00206	0.00192	0	0.00101	0.02206	0	0	0	0	0.00918	0	0	0	0	0.00092	0	0	0	0.00146	0	0	0.00023	0	0	0	0	0.04349	0	0	0	0.01916	0
GGB9690_SGB15196	0	0	0	0	0	0	0	0	0	0.0904	0	0	0	0	0	0	0	0	0	0	0	0	0	0	0	0	0	0	0	0	0	0	0	0	0	0	0	0	0	0	0	0	0	0	0	0	0	0	0	0.01379	0	0	0	0	0	0	0	0	0	0	0	0	0	0.0019	0	0	0	0	0	0.00148	0.02862	0	0	0	0	0	0	0	0	0	0	0	0	0	0.02403	0	0	0	0	0	0	0	0	0	0.00847	0	0	0	0.00141	0	0.00773	0	0.20103	0.0546	0	0	0	0	0	0	0.00756	0	0	0	0	0	0	0	0	0.09724	0	0	0	0	0	0	0	0	0	0	0.01758	0	0	0	0	0	0	0	0	0	0	0	0	0	0	0	0	0	0	0	0	0	0	0	0	0	0	0	0	0	0	0	0	0	0	0	0	0	0
GGB4609_SGB6383	0	0	0	0	0	0	0	0	0	0	0	0	0	0	0	0	0	0	0	0	0	0	0	0	0	0	0	0	0	0	0	0	0	0	0	0	0	0	0	0	0	0	0	0	0	0	0	0	0	0	0	0	0	0	0	0	0	0	0	0	0	0	0	0	0	0	0	0	0	0	0	0	0	0	0	0	0	0	0	0	0	0	0	0	0	0	0	0	0	0	0	0	0	0	0.20064	0	0	0	0	0	0	0	0	0	0	0	0	0	0	0	0	0	0	0	0	0	0	0	0	0	0	0	0	0	0	0	0	0	0	0	0	0	0	0	0	0	0	0	0	0	0	0	0	0	0	0	0	0	0	0	0	0	0	0	0	0	0	0	0	0	0	0	0	0	0	0	0	0	0
Gordonibacter_urolithinfaciens	0	0	0	0	0	0	0	0	0	0	0	0	0	0	0	0	0	0	0	0	0	0	0	0.00026	0	0	0.03528	0	0.20051	0	0	0	0	0	0	0	0	0	0	0	0	0	0	0.01737	0	0	0	0	0	0	0	0	0	0	0	0	0	0	0	0	0	0	0	0	0	0	0	0	0	0	0	0	0	0	0	0	0	0	0	0	0	0	0	0	0	0	0	0	0	0	0	0	0	0	0	0	0	0	0	0	0	0	0	0	0	0	0	0	0	0	0	0	0	0	0	0	0	0	0	0	0	0	0	0	0	0	0	0	0	0	0	0	0	0	0	0	0	0	0	0	0	0	0	0	0	0	0	0	0	0	0	0	0	0	0	0	0	0	0	0	0	0	0	0	0	0	0	0	0
GGB41458_SGB58520	0.01234	0	0	0	0	0	0	0	0	0.03622	0	0	0.0047	0	0	0	0	0	0	0	0	0	0.1995	0	0	0.11161	0	0	0	0.01828	0	0.04242	0.03694	0	0	0	0.02231	0	0	0.03004	0	0	0	0	0	0.10618	0	0	0.01059	0	0	0	0	0	0.01187	0	0	0	0	0	0.01305	0	0	0.00562	0	0	0	0	0	0	0	0	0	0	0	0	0	0.01286	0	0	0	0.01078	0	0	0.00301	0	0	0	0	0	0	0	0	0	0.00627	0	0.02618	0	0.01158	0	0.00281	0	0.00469	0	0	0	0	0	0	0	0	0.01344	0	0	0	0	0	0.0019	0	0.01291	0	0	0	0	0	0	0	0	0	0	0.00993	0.08198	0	0	0.00026	0	0	0.00515	0	0.01458	0.01704	0	0	0	0	0	0	0	0	0	0	0	0	0	0	0	0	0	0.00173	0	0	0	0	0	0	0	0	0	0
Clostridium_SGB6177	0	0.11405	0	0	0	0	0	0	0	0	0	0	0	0	0	0	0	0	0	0	0	0	0	0.00316	0	0	0	0	0	0	0	0	0	0	0	0	0	0	0.06023	0	0	0	0	0	0	0	0	0	0	0	0	0	0	0	0	0	0	0	0	0	0	0	0	0	0	0	0	0	0	0	0	0	0	0	0	0	0	0	0	0	0	0	0	0	0	0	0.19791	0.01407	0	0	0	0	0	0	0	0	0.01594	0	0	0	0	0	0	0	0	0	0.00211	0	0	0	0	0	0	0	0	0	0	0	0	0	0	0	0	0	0	0	0	0	0	0	0	0	0	0	0	0	0	0	0	0	0	0	0	0	0	0	0	0	0	0	0	0	0	0	0	0	0	0	0	0	0	0	0	0	0	0	0	0	0
GGB32387_SGB47381	0	0	0	0	0	0.19756	0	0.12849	0	0	0	0	0	0	0	0	0	0	0	0	0	0	0	0	0	0	0	0	0	0	0	0	0	0	0	0	0	0	0	0	0	0	0	0	0	0	0	0	0	0	0	0	0	0	0	0	0	0	0	0	0	0	0	0	0	0	0	0	0	0	0	0	0	0	0	0	0	0	0	0.00662	0	0	0	0	0	0.00233	0	0	0	0	0	0	0	0	0	0	0	0	0	0	0	0	0	0	0	0	0	0	0	0	0	0	0	0	0	0	0	0	0	0	0	0	0	0	0	0	0	0	0	0	0	0	0	0	0	0	0	0	0	0	0	0	0	0	0	0	0	0	0	0.01309	0	0	0	0	0	0	0	0	0	0	0	0	0	0	0	0	0	0	0
Gallibacter_intestinalis	0	0	0	0	0	0	0	0	0	0	0	0	0	0.15924	0.09846	0	0	0	0	0	0	0	0	0	0	0	0	0	0	0	0	0	0	0	0	0	0	0	0	0	0	0	0	0	0	0	0	0	0	0	0	0	0	0	0	0	0	0	0	0	0	0	0	0	0	0	0	0	0	0	0	0	0	0	0	0	0	0	0	0	0	0	0	0	0	0	0	0	0	0	0	0	0	0	0	0	0	0	0	0	0	0	0	0	0	0	0	0	0	0	0	0	0	0	0	0	0	0	0	0	0.19719	0	0	0	0	0	0	0	0	0	0	0	0	0	0	0	0	0	0	0	0	0	0	0	0	0	0	0	0	0	0	0	0	0	0	0	0	0	0	0	0	0	0	0	0	0	0	0	0
GGB9819_SGB15460	0	0	0	0	0	0	0	0	0	0	0	0	0	0	0	0	0	0	0	0	0	0	0	0	0	0	0	0	0	0	0	0	0	0	0	0	0	0	0	0	0	0	0	0	0	0	0	0	0	0	0	0	0	0.19681	0	0.01574	0	0	0	0	0	0	0	0	0	0	0	0	0	0	0	0	0	0	0	0	0	0	0	0	0	0	0	0	0	0	0	0	0	0	0	0	0	0	0	0	0	0	0	0	0	0	0.01888	0	0	0	0	0	0.01481	0	0	0	0	0	0	0	0	0	0.18119	0	0	0	0.0548	0	0	0	0	0	0	0	0	0	0	0	0	0	0	0	0	0	0	0	0	0	0	0	0	0	0	0	0.05547	0	0	0	0	0	0	0	0	0	0	0	0	0	0	0	0	0	0
GGB3828_SGB5197	0	0	0	0	0	0	0	0	0	0	0	0	0	0	0	0.03288	0.0096	0	0.06321	0	0	0.01036	0	0	0	0	0	0	0	0	0	0	0.00063	0	0	0	0	0	0	0	0	0	0.00511	0	0	0	0	0	0	0	0	0	0	0	0.00977	0.00748	0	0	0	0.01992	0	0.02344	0.19007	0	0	0	0.00119	0	0.02556	0	0.02581	0	0	0.09604	0.00054	0	0	0.00624	0.11205	0	0	0.05877	0	0	0.00491	0	0	0	0.07372	0.00975	0.02791	0.17798	0	0.00028	0.0096	0	0	0	0	0	0.00498	0	0	0.00443	0.00644	0	0.01569	0	0.00128	0.00336	0	0	0.00539	0	0	0.0672	0	0	0.06798	0	0	0	0.01356	0	0	0.01146	0	0.00133	0	0	0.00099	0	0	0	0	0	0.01582	0	0	0.01599	0	0	0	0.00012	0.00825	0	0	0	0.19657	0.01515	0	0	0.06682	0	0.0119	0.00402	0	0.0609	0.01812	0	0	0.0238	0.08509	0.01244	0	0	0	0	0.00441
GGB6553_SGB9254	0	0	0	0	0	0	0	0	0	0	0	0	0	0	0	0	0	0	0	0	0	0	0	0	0	0	0	0	0	0	0	0	0	0	0	0	0	0	0	0	0	0	0	0	0	0	0	0	0	0	0	0	0	0	0	0	0	0	0	0	0	0	0	0	0	0	0	0	0	0	0	0	0	0	0	0	0	0	0	0	0	0	0	0	0	0	0	0	0	0	0	0	0	0	0	0	0	0	0	0	0	0	0	0	0	0	0	0	0	0	0	0	0	0	0	0	0	0	0	0	0	0	0	0	0	0	0	0	0	0	0	0	0	0	0	0	0	0	0	0	0	0	0	0	0	0	0	0	0	0	0.19528	0	0	0	0	0	0	0	0	0	0	0	0	0	0	0	0	0	0
Blautia_sp_OF03_15BH	0	0	0	0	0	0	0	0	0	0.01067	0	0	0.13006	0	0	0	0.03969	0	0	0	0	0.00115	0	0	0	0.14739	0	0	0	0.02038	0	0	0.14277	0	0	0.02507	0	0	0	0	0	0.00275	0.08662	0	0	0	0	0	0.01443	0.01969	0	0	0	0	0.10544	0.00062	0	0	0	0	0	0	0	0.07441	0	0.02322	0	0.01645	0	0	0.00305	0	0	0	0.00075	0	0	0	0	0	0	0	0	0	0.00053	0	0	0	0	0.00956	0	0	0.04569	0	0.02237	0.05024	0.01215	0	0.0025	0	0.0449	0.00137	0	0.0284	0.01471	0	0	0	0	0.02956	0.0654	0	0.09607	0	0	0	0	0	0	0.19484	0	0	0.03649	0	0	0	0	0.04146	0	0	0.00151	0	0	0.00567	0	0	0.00096	0.00662	0.01679	0	0	0	0	0	0	0	0	0	0	0	0	0	0	0	0	0.03123	0	0	0	0	0	0	0	0	0	0	0	0	0
Butyricimonas_faecalis	0	0	0	0	0	0	0	0	0	0	0	0	0.00301	0	0	0	0.11921	0	0	0	0	0	0.05283	0	0	0	0	0	0	0	0	0	0	0	0	0	0	0	0	0	0	0	0	0	0	0	0	0	0	0.03634	0.04016	0	0	0	0	0	0	0	0	0	0	0	0	0	0	0	0	0	0	0.19409	0	0	0	0	0	0	0	0	0	0	0	0	0	0	0.10789	0	0	0	0	0	0	0	0	0	0	0	0	0	0.09705	0	0	0	0.0095	0	0.03636	0	0	0	0	0	0	0	0	0	0	0	0	0.08698	0.08342	0	0	0	0.11995	0	0	0	0	0	0	0	0	0	0	0	0	0	0.00067	0	0	0	0	0	0	0.00706	0	0	0	0	0	0	0	0	0	0	0.12216	0	0	0	0	0	0	0	0	0	0	0	0	0	0.0221
GGB4269_SGB5815	0	0	0	0	0	0	0	0	0	0	0	0	0	0	0	0	0	0	0	0	0	0	0	0	0	0	0	0	0	0	0	0	0	0	0	0	0	0	0	0	0	0	0	0	0	0	0	0	0	0	0	0	0	0	0	0	0	0	0	0	0	0	0	0	0	0	0	0	0	0	0	0	0	0	0	0	0	0	0	0	0	0	0	0	0	0	0	0	0	0	0	0	0	0	0	0	0	0	0	0	0	0	0	0	0	0	0	0	0	0	0.1937	0	0	0	0	0	0	0	0	0	0	0	0	0	0	0	0	0	0	0	0	0	0	0	0	0	0	0	0	0	0	0	0	0	0	0	0	0	0	0	0	0	0	0	0	0	0	0	0	0	0	0	0	0	0	0	0	0	0
Jutongia_huaianensis	0	0	0	0	0	0	0	0	0	0.00485	0	0	0	0	0	0	0	0	0	0	0	0	0	0	0	0	0	0	0	0	0	0	0	0	0	0	0	0	0	0	0	0	0	0	0	0	0	0	0.08507	0.15844	0	0	0	0.15934	0	0.08309	0	0	0	0	0	0	0	0.03296	0	0	0	0	0	0	0	0	0	0	0	0	0	0	0.02867	0.09262	0	0	0	0	0	0	0	0	0	0	0	0	0.12674	0	0.06631	0	0	0	0	0	0	0	0	0	0	0	0	0	0.07943	0	0	0.04209	0.02843	0.00435	0	0	0	0	0	0.00228	0	0	0	0	0	0	0.02316	0	0	0	0	0	0	0	0	0	0	0	0	0	0	0	0	0	0.0658	0.02154	0	0.08449	0	0.09287	0	0	0.04845	0	0	0.19363	0	0	0	0	0	0	0	0	0	0	0	0	0
Lachnoclostridium_sp_An118	0	0	0	0	0	0	0	0	0	0	0	0	0	0	0	0	0	0	0	0	0	0	0	0	0	0	0	0	0	0	0	0	0	0	0	0	0	0.19317	0	0.00682	0	0	0	0	0	0	0	0	0	0	0	0	0	0	0	0	0	0	0	0	0	0	0	0	0	0	0	0	0	0	0	0	0	0	0	0	0	0	0	0.00112	0	0	0	0	0	0	0	0	0	0	0	0	0	0	0	0	0	0	0	0	0	0	0	0	0	0	0	0	0	0	0	0	0	0	0	0	0	0	0	0	0	0	0	0	0	0	0	0	0	0	0	0	0	0	0	0	0	0	0	0	0	0	0	0	0	0	0	0	0	0	0	0	0	0	0	0	0	0	0	0	0	0	0	0	0	0	0	0	0
GGB9730_SGB15290	0	0	0	0	0	0	0	0	0	0	0	0	0.04956	0	0	0	0	0	0	0	0	0	0	0	0	0	0	0	0	0	0	0	0	0	0	0	0	0	0	0	0	0	0	0	0	0	0	0	0	0	0	0	0	0	0	0	0	0	0	0	0	0	0	0	0	0	0	0	0	0	0	0	0	0	0	0	0	0	0	0	0	0	0	0	0	0	0	0	0	0	0	0	0	0	0	0	0	0	0	0	0	0	0	0	0	0	0	0	0	0	0	0	0	0	0	0	0	0	0	0	0	0	0	0	0	0	0	0	0	0	0.00851	0	0	0	0	0	0	0	0	0.19297	0	0	0	0	0	0	0	0	0	0	0	0	0	0	0	0	0	0	0	0	0	0	0	0	0	0	0	0	0
GGB9350_SGB14317	0	0	0	0	0	0	0	0	0	0	0	0	0	0	0	0	0	0	0	0	0	0	0	0	0	0	0	0	0	0	0	0	0	0	0	0.12866	0	0	0	0	0	0	0	0	0	0	0	0	0	0.01077	0	0	0	0	0	0	0	0	0	0	0	0	0	0	0	0	0	0	0	0	0	0	0	0	0	0	0	0	0	0	0	0	0	0	0	0	0	0	0	0	0	0	0	0	0.19285	0	0	0	0	0	0	0	0	0	0	0	0	0	0	0	0	0	0	0	0	0	0	0	0	0	0	0	0	0	0	0	0	0	0	0	0	0	0	0	0	0	0	0	0	0	0	0	0	0	0	0	0	0	0	0	0	0	0	0	0	0	0	0	0	0	0	0	0	0	0	0	0	0	0
GGB87445_SGB53522	0	0	0	0	0	0	0	0	0	0	0	0	0	0	0	0	0	0	0	0	0	0	0	0	0	0	0	0	0	0	0	0	0	0	0	0	0	0	0	0	0	0	0	0	0	0	0	0	0	0	0	0	0	0	0	0	0	0	0	0	0	0	0	0	0	0	0	0	0	0	0	0	0	0	0	0	0	0	0	0	0	0	0	0	0	0	0	0	0	0	0	0	0	0	0	0	0	0	0	0	0	0	0	0	0	0	0	0	0	0	0	0	0	0	0	0	0	0	0	0	0	0	0	0	0.18999	0	0	0	0	0	0	0	0	0	0	0	0	0	0	0	0	0	0	0	0	0	0	0	0	0	0	0	0	0	0	0	0	0	0	0	0	0	0	0	0	0	0	0	0
Enterobacter_cloacae	0	0	0	0	0	0	0	0	0	0	0	0	0	0	0	0	0	0	0.00074	0	0	0	0	0	0	0	0	0	0	0	0	0	0	0	0	0	0	0	0	0	0	0	0	0	0	0	0.18977	0	0	0	0	0	0	0	0	0	0	0	0	0	0	0	0	0	0	0	0	0	0	0	0	0	0	0	0	0	0	0	0.09421	0	0	0	0	0	0	0	0	0	0	0	0	0	0.00306	0	0	0	0	0	0	0	0	0	0	0	0	0	0	0	0	0	0	0	0	0	0	0	0	0	0	0	0	0	0	0	0	0	0	0	0	0	0	0	0	0	0	0	0	0	0	0	0	0	0	0	0	0	0	0	0	0	0	0	0	0	0	0	0	0	0	0	0	0	0	0	0	0	0	0	0
Cetobacterium_somerae	0	0	0	0	0	0	0.18949	0	0	0	0	0	0	0.00792	0.01172	0	0	0.06965	0	0	0	0	0	0	0	0	0	0	0.00082	0	0	0	0	0	0	0	0	0	0	0	0	0	0	0	0	0	0	0	0	0	0	0	0	0	0	0	0	0	0	0	0	0	0	0	0	0	0	0	0	0	0	0	0	0	0	0	0	0	0	0	0	0	0	0	0	0	0	0	0	0	0	0	0	0	0	0	0	0	0	0	0	0	0	0	0	0	0	0	0	0	0	0	0	0	0	0	0	0	0	0	0	0	0	0	0	0	0	0	0	0	0	0	0	0	0	0	0	0	0	0	0	0	0	0	0	0	0	0	0	0	0	0	0	0	0	0	0	0	0	0	0	0	0	0	0	0	0	0	0
GGB9063_SGB13982	0	0	0	0	0	0	0	0	0	0	0	0	0	0	0	0	0	0	0	0	0	0	0	0	0	0	0	0	0	0	0	0	0	0	0	0	0	0	0	0	0	0	0	0	0	0	0	0	0	0	0	0	0	0	0	0	0	0	0	0	0	0	0	0	0	0	0	0	0	0	0	0	0	0	0	0	0	0	0	0	0	0	0	0	0	0	0	0	0	0	0	0	0	0	0	0	0	0	0	0	0	0	0	0	0	0	0	0.00852	0	0	0	0	0	0	0	0	0	0.00164	0	0	0	0	0	0	0	0	0	0	0	0	0	0	0	0	0	0	0	0	0	0	0	0	0	0.00034	0	0	0	0	0	0.18754	0	0.04748	0	0	0.02056	0	0	0	0.01456	0	0	0	0	0	0	0	0	0	0
Obesumbacterium_proteus	0	0	0	0	0	0	0	0	0	0	0	0	0	0	0	0	0	0	0	0	0	0	0	0	0	0	0	0	0	0	0	0	0	0	0	0	0	0	0	0	0	0	0	0	0	0	0	0	0	0	0	0	0	0	0	0	0	0	0	0	0	0	0	0	0	0	0	0	0	0	0	0	0	0	0	0	0	0	0	0	0	0	0	0	0	0	0	0	0	0	0	0	0	0	0	0	0	0	0	0	0	0	0	0	0	0	0	0	0	0	0	0	0	0	0	0	0	0	0	0	0	0.18621	0	0	0	0	0	0	0	0	0	0	0	0	0	0	0	0	0	0	0	0	0	0	0	0	0	0	0	0	0	0	0	0	0	0	0	0	0	0	0	0	0	0	0	0	0	0	0
GGB1550_SGB2135	0	0	0	0	0	0	0	0	0	0	0	0	0	0	0	0	0.18491	0	0	0	0	0	0	0	0	0	0	0	0	0	0	0	0	0	0	0	0	0	0	0	0	0	0	0	0	0	0	0	0	0	0	0	0	0	0	0	0	0	0	0	0	0	0	0	0	0	0	0	0	0	0	0	0	0	0	0	0	0	0	0	0	0	0	0	0	0	0	0	0	0	0	0	0	0	0	0	0	0	0	0	0	0	0	0	0	0	0	0	0	0	0	0	0	0	0	0	0	0	0	0	0	0	0	0	0	0	0	0	0	0	0	0	0	0	0	0	0	0	0	0	0	0	0	0	0	0	0	0	0	0	0	0	0	0	0	0	0	0	0	0	0	0	0	0	0	0	0	0	0
GGB3480_SGB4648	0	0	0	0	0	0	0	0	0	0	0	0	0	0	0	0	0	0	0	0	0	0	0	0	0	0	0	0	0	0	0	0	0	0	0	0	0	0	0	0	0	0	0	0	0	0	0	0	0	0	0	0	0	0	0	0	0	0	0	0	0	0	0	0	0	0	0	0	0	0.00076	0.03127	0	0	0	0	0	0	0	0	0	0	0	0	0	0.10039	0	0	0	0	0.18436	0	0	0	0	0	0	0	0	0	0	0.05968	0	0	0.03242	0	0	0	0	0	0	0	0	0	0	0	0	0	0	0	0	0	0	0	0	0	0	0	0	0	0	0	0	0	0	0	0	0	0	0	0	0	0	0	0	0	0	0	0	0	0.13265	0	0	0	0	0	0	0	0	0	0	0	0	0	0	0	0	0	0	0
Veillonella_tobetsuensis	0	0	0.00635	0	0	0	0	0	0	0	0	0	0	0	0	0	0.00888	0	0	0	0.18277	0	0	0	0	0	0	0	0	0	0	0	0	0.00414	0	0	0	0	0.01406	0	0	0	0	0	0.00021	0	0	0	0	0	0	0	0	0	0	0	0	0	0	0	0	0	0	0	0.14982	0.01786	0	0	0	0	0	0.03443	0	0.02658	0	0	0	0	0	0	0	0	0	0	0	0	0	0	0	0	0	0	0	0	0	0	0	0	0	0	0.02089	0.01116	0	0.00083	0	0	0	0	0.0639	0.00319	0	0	0.00711	0	0	0	0	0	0	0	0	0	0	0	0	0	0	0	0	0	0	0.05601	0	0.03536	0	0	0	0	0	0.0029	0	0	0	0	0	0	0	0	0	0	0	0	0	0	0	0	0	0.00076	0	0	0	0	0	0	0	0	0	0	0
Bacteroides_sp_AF16_49	0	0	0	0	0	0	0	0	0	0	0	0	0	0	0	0.18149	0	0	0	0	0	0	0	0.00097	0	0	0	0	0	0	0	0	0	0	0	0.17272	0	0	0	0	0	0	0	0	0	0	0	0	0	0	0	0	0	0	0	0	0	0	0	0	0	0	0	0	0	0	0	0	0	0	0	0	0	0	0	0	0	0	0	0	0	0	0	0	0	0	0	0	0	0	0	0	0	0	0	0	0.01566	0	0	0	0	0	0	0	0	0	0	0	0	0	0	0	0	0	0	0	0	0	0	0	0	0	0	0	0	0.07202	0	0	0	0	0	0	0	0	0	0	0	0	0	0	0	0	0	0	0	0	0	0	0	0	0	0	0	0	0.07871	0	0	0	0	0	0	0	0	0	0	0	0	0	0
GGB9634_SGB15095	0	0	0	0	0	0	0	0	0	0.17878	0.00912	0	0	0	0	0	0	0	0	0	0	0	0	0	0	0	0	0	0	0	0	0	0.18148	0	0	0	0	0	0	0	0	0	0	0	0	0	0	0	0	0	0	0	0	0	0	0	0	0	0	0	0	0	0	0	0	0	0	0	0	0	0	0	0	0	0	0	0	0	0	0	0	0	0	0	0	0	0	0	0	0	0	0	0	0	0	0	0	0	0	0	0	0	0	0	0	0	0	0	0	0	0.02056	0	0	0	0	0	0	0	0	0	0	0	0	0	0	0	0	0	0	0	0	0	0	0	0	0	0	0	0	0	0	0	0	0	0	0	0	0	0	0	0	0	0	0	0	0	0	0	0	0	0	0	0	0	0	0	0	0	0
GGB3109_SGB4119	0	0	0	0	0.01611	0.04844	0	0	0	0	0	0	0	0	0	0	0	0	0	0	0	0	0	0	0	0	0	0	0.00481	0	0	0	0	0	0	0	0	0	0	0	0	0	0	0	0	0	0	0	0	0	0	0	0	0.03932	0	0.0157	0	0	0	0.09678	0	0	0.05986	0	0	0	0	0	0	0.10918	0	0	0	0	0	0	0	0	0	0	0	0	0.12262	0	0	0	0	0	0	0	0	0	0	0.00712	0	0	0.18092	0.17463	0	0	0	0	0	0	0.10905	0	0	0	0	0	0	0	0	0	0	0	0	0	0	0	0	0.07401	0	0	0.03271	0	0	0	0	0.13585	0	0	0	0	0	0.07327	0.05976	0	0	0	0	0	0.01547	0	0	0	0.01867	0	0	0	0	0	0	0	0	0	0	0	0	0.02236	0	0	0	0	0	0	0	0	0
Lactobacillus_johnsonii	0	0.17994	0	0	0	0	0	0	0	0	0	0	0	0	0	0	0	0	0	0	0	0	0	0	0	0	0	0	0	0	0	0	0	0	0	0	0	0	0	0	0	0	0	0	0	0	0	0	0	0	0	0	0	0	0	0	0	0	0	0	0	0	0	0	0	0	0	0	0	0	0	0	0	0	0	0	0	0	0	0	0	0	0	0	0	0	0	0	0	0	0	0	0	0	0	0	0	0	0	0	0	0	0	0	0	0	0	0	0	0	0	0	0	0	0	0	0	0	0	0	0	0	0	0	0	0	0	0	0	0	0	0	0	0	0	0	0	0	0	0	0	0	0	0	0	0	0	0	0	0	0	0	0	0	0	0	0	0	0	0	0	0	0	0	0	0	0	0	0
GGB4559_SGB6292	0	0	0	0	0	0	0	0	0	0	0	0	0	0	0	0	0	0	0	0	0	0	0	0	0	0	0	0	0	0	0	0	0	0	0	0	0	0	0	0	0	0	0	0	0	0	0	0	0	0.17916	0	0	0	0	0	0	0	0	0	0	0	0	0	0	0	0	0	0	0	0	0	0	0	0	0	0	0	0	0	0	0	0	0	0	0	0	0	0	0	0	0	0	0	0	0	0	0	0	0	0	0	0	0	0	0	0	0	0	0	0	0	0	0	0	0	0	0	0	0	0	0	0	0	0	0	0	0	0	0	0	0	0	0	0	0	0	0	0	0	0	0	0	0	0	0	0	0	0	0	0	0	0	0	0	0	0	0	0	0	0	0	0	0	0	0	0	0	0	0
Acinetobacter_johnsonii	0	0.01776	0.00434	0.01049	0	0.00142	0	0	0	0	0	0	0	0	0	0	0	0	0	0	0	0	0	0	0.01139	0.00402	0.04478	0.01958	0.17894	0.00141	0	0	0.01658	0	0.01284	0	0	0	0	0	0	0	0	0.01692	0.05095	0.0031	0	0.07508	0	0	0	0	0	0	0	0	0	0	0	0	0	0	0	0	0	0	0	0	0	0	0	0	0	0	0	0	0	0	0	0	0	0	0	0	0	0	0	0	0	0	0	0	0	0	0	0	0	0	0	0	0	0	0	0	0	0	0	0	0	0	0	0	0	0	0	0	0	0	0	0	0	0	0	0	0	0	0	0	0	0	0	0	0	0	0	0	0	0	0	0	0	0	0	0	0	0	0	0	0	0	0	0	0	0	0	0	0	0	0	0	0	0	0	0	0	0	0	0	0
Desulfovibrio_legallii	0	0	0	0	0	0	0	0	0	0	0	0	0.02017	0	0	0	0	0	0	0	0	0	0	0	0	0	0	0	0	0	0	0	0	0	0	0	0	0	0	0	0	0	0	0	0	0	0	0	0	0	0	0	0	0	0	0	0.0398	0	0	0	0	0	0	0	0	0	0.07788	0	0	0	0	0	0	0	0	0	0	0	0	0	9e-05	0	0	0	0	0	0.00035	0	0	0.0954	0	0	0	0	0	0	0.0071	0	0	0	0	0	0	0	0	0	0	0	0	0.01719	0	0	0	0	0	0	0	0	0	0.1071	0.17874	0	0	0	0	0	0	0	0	0	0	0	0	0.00095	0	0	0	0	0	0	0	0	0	0	0	0	0	0	0	0	0	0	0	0	0	0.01963	0	0.03167	0	0	0	0.00133	0	0	0	0	0	0	0
Gordonibacter_pamelaeae	0.06557	0.00612	0	0	0.00558	0.14398	0	0	0	0.01269	0	0.03249	0.00408	0	0	0	0	0	0	0.15037	0.01122	0.00251	0	0	0	0.03814	0	0	0	0.0428	0	0	0	0	0	0.00384	0	0.11223	0	0.03662	0.15131	0	0	0	0	0	0	0	0.10885	0	0	0	0	0	0	0	0	0	0	0	0	0	0	0.0022	0.00257	0	0.00178	0.00518	0	0.00442	0	0	0	0.0003	0.01264	0	0	0.00217	0	0	0	0.0201	0.00375	0.00203	0	0	0	0	0	0	0	0	0	0.03464	0	0	0.01866	0.17859	0.0041	0.00702	0.01049	0.00742	0	0	0	0	0	0.04285	0	0	0	0.00449	0.00518	0	0	0	0	0.00036	0.00868	0.00243	0.00196	0	0	0	0.00095	0	0.00046	0	0	0.02182	0.02935	0	0	0	0	0	0	0	0.00178	0.0032	0	0.02286	0	0	0	0	0	0	0	0	0	0	0	0	0	0	0	0	0	0	0	0	0	0	0	0	0	0	0
GGB9784_SGB15407	0	0	0	0	0	0	0	0	0	0.00651	0	0	0	0.00649	0.00508	0	0	0	0	0	0	0	0.08217	0	0	0	0	0	0	0	0	0	0	0	0	0	0.00491	0	0	0	0	0.00964	0	0	0	0	0	0	0	0.02014	0	0	0	0	0	0	0	0	0	0	0	0	0	0	0	0	0	0	0	0	0	0	0	0	0	0	0	0	0	0	0	0	0	0	0	0	0	0	0	0	0	0	0	0	0	0	0	0	0.00272	0	0	0	0	0	0.00221	0	0	0	0	0	0	0	0	0	0	0	0	0	0	0	0	0	0	0	0	0	0	0.17838	0	0	0	0	0	0	0	0	0	0	0	0	0	0	0	0	0	0	0	0	0	0	0	0	0	0	0	0	0	0	0	0	0	0	0	0	0	0	0	0	0
GGB9529_SGB14929	0	0	0	0	0	0	0	0	0	0	0	0	0.00036	0	0	0	0	0	0	0	0	0	0	0	0	0	0	0	0	0	0	0	0	0	0	0.07797	0	0	0	0	0	0.17795	0	0	0	0	0	0	0	0	0	0	0	0	0	0	0	0	0	0	0	0	0	0	0	0	0	0	0	0.04655	0	0	0	0	0	0	0	0	0	0	0	0	0	0	0	0	0	0	0	0	0	0	0	0	0.00356	0	0	0	0.01988	0	0	0	0.00949	0	0	0	0	0	0	0	0	0	0.02146	0	0	0	0	0	0	0	0	0	0	0	0	0	0	0	0	0	0.07961	0	0	0	0	0	0	0	0	0	0	0	0	0	0	0	0	0	0	0	0	0	0	0	0	0	0	0	0	0	0	0	0	0	0	0	0	0	0
Weissella_cibaria	0	0	0	0	0	0.00224	0	0	0	0	0	0	0	0.01141	0.01223	0	0	0	0	0	0	0	0	0	0	0	0	0	0	0	0	0	0	0	0	0	0	0	0	0	0	0	0	0	0	0	0	0	0	0	0.0009	0	0	0	0	0	0	0	0	0	0.00012	0	0	0	0	0	0	0	0	0	0	0	0	0	0	0.02697	0	0	0	0	0	0	0	0	0	0	0	0	0	0	0	0	0	0.17709	0	0	0	0	0	0.00117	0	0	0	0	0	0	0	0	0	0	0	0	0	0	0	0	0	0	0	0	0	0	0	0	0	0	0	0	0	0	0	0	0	0	0	0	0	0	0	0	0	0	0	0	0	0	0	0	0	0	0	0	0	0	0	0	0	0	0	0	0	0	0	0	0	0	0	0	0
GGB13404_SGB14252	0	0	0	0	0	0	0	0	0	0	0	0	0	0	0	0	0	0	0	0	0	0.01717	0	0	0	0	0	0	0	0	0	0	0	0	0	0.00822	0	0	0	0	0	0.00414	0	0	0	0	0	0	0	0.0036	0	0.01868	0	0	0	0	0	0	0	0	0	0	0	0.00553	0	0.00825	0	0	0	0.01486	0.01657	0	0	0	0.01142	0	0	0	0	0.00065	0	0	0	0	0.00395	0	0	0	0	0.06933	0	0	0.00039	0	0.00363	0.01057	0	0	0.00019	0	0	0	0.02934	0.01276	0.01084	0	0	0.05051	0	0	0	0	0	0	0	0	0	0.17681	0	0	0	0	0.03734	0.00785	0.0022	0	0	0	0	0	0.01974	0	0	0	0.00179	0	0	0.01152	0.00679	0	0	0	0	0	0.00046	0.01154	0	0	0	0.02149	0	0	0	0	0	0	0	0	0	0	0	0	0	0	0	0	0	0	0
GGB6518_SGB9205	0	0	0	0	0	0	0	0	0	0	0	0	0	0	0	0	0	0	0	0	0	0	0	0	0	0	0	0	0	0	0	0	0	0	0	0	0	0	0	0	0	0	0	0	0	0	0	0	0	0	0	0	0	0	0	0	0	0	0	0	0	0	0	0	0	0	0	0	0	0	0	0	0	0	0	0	0	0	0	0	0	0	0	0	0	0	0	0	0	0	0	0	0	0	0	0	0	0	0	0	0	0	0	0	0	0	0	0	0	0	0	0	0	0	0	0	0	0	0	0	0	0	0.0024	0	0	0	0	0	0	0	0	0	0	0	0	0	0	0	0	0	0	0	0	0	0	0	0	0	0	0.17654	0	0	0	0	0	0	0	0	0	0	0	0	0	0	0	0	0	0	0
GGB6606_SGB9340	0	0	0	0	0	0	0	0	0	0.01728	0	0	0	0	0	0	0	0	0	0	0	0.01029	0	0	0	0	0	0	0	0	0	0	0	0	0	0	0	0	0	0	0	0	0	0	0	0	0	0	0	0	0	0	0	0	0	0	0	0	0	0	0	0	0	0	0	0	0	0	0	0	0.17644	0	0	0	0	0	0	0	0	0	0	0	0	0	0	0	0	0	0	0	0	0	0	0	0.03146	0	0	0	0	0	0	0.00182	0	0.00033	0	0	0	0	0	0	0	0	0	0	0	0	0	0	0	0	0	0	0	0	0	0	0	0	0	0	0	0	0	0	0	0	0	0	0	0	0	0	0	0	0	0	0	0	0	0	0	0	0.0198	0	0	0	0	0	0	0	0	0.05218	0	0	0	0	0	0	0.07817
GGB9354_SGB14327	0.17576	0	0	0	0	0	0	0	0	0	0	0	0.08131	0	0	0	0	0	0	0	0	0	0	0	0	0	0	0	0	0	0	0	0	0	0	0	0	0	0	0	0	0	0	0	0	0	0	0	0	0	0	0	0	0	0	0.00158	0	0	0	0	0	0	0	0	0	0	0	0	0	0	0	0	0	0	0	0	0	0	0	0	0	0	0	0	0	0	0	0	0	0	0	0	0	0	0	0	0	0	0	0	0	0	0	0	0	0	0	0	0	0	0	0	0	0	0	0	0	0	0	0	0	0	0	0	0	0	0	0	0	0	0	0	0	0	0	0	0	0	0	0	0	0	0	0	0	0	0	0	0	0	0	0	0	0	0	0	0	0	0	0	0	0	0	0	0	0	0	0	0
GGB4604_SGB6370	0	0	0	0	0	0	0	0	0	0	0	0	0	0.0059	0.00166	0	0	0	0	0	0	0.03939	0.17364	0	0	0	0	0	0	0	0	0	0	0	0	0	0	0	0	0	0	0	0	0	0	0	0	0	0	0.00387	0	0	0	0	0	0	0	0	0	0	0	0	0	0	0.00674	0	0	0	0	0	0	0	0	0	0	0	0	0	0	0	0	0	0	0.01352	0	0	0	0	0	0	0	0	0.10307	0	0	0	0	0	0	0	0	0	0	0	0	0	0	0	0	0	0.04495	0	0	0	0	0	0	0	0	0	0	0	0	0	0	0	0	0	0	0	0	0	0	0	0	0	0	0	0	0	0	0	0	0	0	0	0	0	0	0	0	0	0	0	0	0	0	0	0	0	0	0	0	0	0	0	0	0	0
GGB9534_SGB14937	0.00024	0	0	0	0	0	0	0	0.00119	0	0	0	0	0.0004	0.00095	0	0	0	0	0	0	0	0	0	0	0	0	0	0	0.01284	0	0	0	0	0	0.01337	0	0.12708	0	0	0.07809	0.01035	0	0	0	0.00749	0	0	0.07796	0	0	0	0	0	0	0	0	0	0	0	0.01112	0	0	0.00637	0	0.01585	0.02215	0.00612	0	0.00084	0	0	0	0	0	0	0	0	0	0.01899	0	0	0	0	0.00105	0	0	0	0	0.00273	0	0	0	0	0.04773	8e-05	0	0.01019	0.00247	0.00086	0	0	0	0	0	0	0	0.00508	0	0	0	0.00295	0.00081	0	0	0	0	0.02917	0	0	0.01316	0	0	0	0.00293	0	0	0.00298	0	0	0.01619	0	0	0	0	0	0	0	0.00076	0	0	0.17309	0	0	0	0	0	0.0248	0	0.0042	0	0	0	0	0	0	0	0.0046	0	0	0	0	0	0	0	0	0	0	0
GGB79087_SGB105683	0	0	0	0	0	0	0	0	0	0	0	0	0	0	0	0	0	0	0	0	0	0	0.00106	0	0	0	0	0	0	0	0	0	0	0	0	0.15538	0	0	0	0	0	0.17284	0	0	0	0	0	0	0	0	0	0	0	0	0	0	0	0	0	0	0	0	0	0	0	0	0	0	0	0	0	0	0	0	0	0	0	0	0	0	0	0	0	0	0	0	0	0	0	0	0	0	0	0	0	0	0	0	0	0	0	0	0	0	0	0	0	0	0	0	0	0	0	0	0	0	0	0	0	0	0	0	0	0	0	0	0	0	0	0	0	0	0	0	0	0	0	0	0	0	0	0	0	0	0	0	0	0	0	0	0	0	0	0	0	0	0	0	0	0	0	0	0	0	0	0	0	0	0
GGB9634_SGB15101	0	0	0	0	0	0	0	0	0	0	0	0	0	0	0	0	0	0	0	0	0	0	0	0	0	0	0	0	0	0	0	0	0	0	0	0	0	0	0	0	0	0	0	0	0	0	0	0	0	0	0	0	0	0	0	0	0	0	0	0	0	0	0	0	0	0	0	0	0	0	0.0134	0	0	0	0	0	0	0	0	0	0	0	0	0	0	0	0	0	0	0	0	0	0	0	0	0	0	0	0	0	0	0	0.17142	0.00769	0	0	0	0	0	0	0	0	0	0	0	0	0	0	0	0	0	0	0	0	0	0	0	0	0	0	0	0	0	0	0	0	0	0	0	0	0	0	0	0	0	0	0	0	0	0	0	0	0	0	0	0	0	0	0	0	0	0	0	0	0	0	0	0	0
Lactobacillus_gasseri	0	0	0.17117	0	0	0	0	0	0	0	0	0	0	0	0	0	0	0	0	0	0	0	0	0	0	0	0	0	0	0	0	0	0	0	0	0	0	0	0	0	0	0	0	0	0	0	0	0	0	0	0	0	0	0	0	0	0	0	0	0	0	0	0	0	0	0	0	0	0	0	0	0	0	0	0	0.01351	0	0	0	0	0	0	0	0	0	0	0.00202	0	0	0	0	0	0	0	0	0	0	0	0	0	0	0	0	0	0	0	0	0	0	0	0	0	0	0	0	0	0	0	0	0	0	0	0	0	0	0	0	0	0	0	0	0	0	0	0	0	0	0	0	0	0	0	0	0	0	0	0	0	0	0	0	0	0	0	0	0	0	0	0	0	0	0	0	0	0	0	0	0	0
Haemophilus_pittmaniae	0	0	0	0	0	0	0	0	0	0	0	0	0	0	0	0	0	0	0	0	0	0	0	0	0	0	0	0	0	0	0	0	0	0	0	0	0	0	0	0	0	0	0	0	0	0	0	0	0	0	0	0	0	0	0	0	0	0	0	0	0	0	0	0	0	0	0	0	0	0	0	0	0	0	0	0	0	0	0	0	0.17086	0	0	0	0	0	0	0	0	0	0	0	0	0	0	0	0	0	0	0	0	0	0	0	0	0	0	0	0	0	0	0	0	0	0	0	0	0	0	0	0	0	0	0	0	0	0	0	0	0	0	0	0	0	0	0	0	0	0	0	0	0	0	0	0	0	0	0	0	0	0	0	0	0	0.00522	0	0	0	0	0	0	0	0	0	0	0	0	0	0
Qingrenia_yutianensis	0	0	0	0	0	0	0	0	0	0	0	0	0	0	0	0	0	0	0	0	0	0	0	0	0	0	0	0	0	0	0	0	0	0	0	0	0	0	0	0	0	0	0	0	0	0	0	0	0	0	0	0	0	0	0	0	0	0	0	0	0	0	0	0	0	0	0	0	0	0	0	0	0	0	0	0	0	0	0	0	0	0	0	0	0	0	0	0	0	0.02224	0	0	0	0	0.00333	0	0	0	0	0	0	0	0.08803	0	0.06609	0	0	0	0	0	0	0	0	0	0	0	0	0	0	0	0	0	0	0	0.16609	0	0	0.03712	0	0	0.16847	0	0	0	0	0	0	0	0	0	0	0	0	0	0.00245	0	0	0	0	0	0	0	0	0	0	0	0	0	0	0	0	0	0	0	0	0	0	0	0
GGB1690_SGB2322	0	0	0	0	0	0	0	0	0	0	0	0	0	0	0	0	0	0	0	0	0	0	0.16772	0	0	0	0	0	0	0	0	0	0	0	0	0	0	0	0	0	0	0	0	0	0	0	0	0	0	0	0	0	0	0	0	0	0	0	0	0	0	0	0	0	0	0	0	0	0	0	0	0	0	0	0	0	0	0	0	0	0	0	0	0	0	0	0	0	0	0	0	0	0	0	0	0	0	0	0	0	0	0	0	0	0	0	0	0	0	0	0	0	0	0	0	0	0	0	0	0	0	0	0	0	0	0	0	0	0	0	0	0	0	0	0	0	0	0	0	0	0	0	0	0	0	0	0	0	0	0	0	0	0	0	0	0	0	0	0	0	0	0	0	0	0	0	0	0	0
Prevotella_lascolaii	0	0	0	0	0	0	0	0	0	0	0	0	0	0.15547	0.16372	0	0	0	0	0	0	0	0	0	0	0	0	0	0	0	0	0	0	0	0	0	0	0	0	0	0	0	0	0	0	0.00213	0	0	0	0.10957	0	0	0	0	0	0	0	0	0	0	0	0	0	0	0	0	0	0	0	0	0	0	0	0	0	0	0	0	0	0	0	0	0	0	0.11476	0	0	0	0	0	0	0	0	0	0	0	0	0	0	0	0	0	0	0	0	0	0	0	0.16754	0	0	0	0	0	0	0	0	0	0	0	0	0	0	0	0	0	0	0	0	0	0	0	0	0	0	0	0	0	0	0	0	0	0	0	0	0	0	0	0	0	0	0	0	0	0	0	0	0	0	0	0	0	0	0	0	0	0	0	0
Marseilla_massiliensis	0	0	0	0	0	0	0	0	0	0	0	0	0	0	0	0	0	0	0	0	0	0	0	0	0	0	0	0	0	0	0	0	0	0	0	0	0	0	0	0	0	0	0	0	0	0	0	0	0	0.02467	0	0	0	0	0	0	0	0	0	0	0	0	0	0	0	0	0	0	0	0	0	0	0	0	0	0	0	0	0	0	0	0	0	0	0	0	0	0	0	0	0	0	0.16728	0	0	0	0	0	0	0	0	0	0	0	0	0	0	0	0	0	0	0	0	0	0	0	0	0	0	0	0	0	0	0	0	0	0	0	0	0	0	0	0	0	0	0	0	0	0	0	0	0	0	0	0	0	0	0	0	0	0	0	0	0	0	0	0	0	0	0	0	0	0	0	0	0	0	0	0
Bifidobacterium_animalis	0	0	0	0	0	0	0.00945	0.13138	0	0.07256	0	0	0.08387	0	0	0	0	0	0	0	0	0	0	0	0	0	0.16718	0	0	0	0	0	0	0	0	0	0	0	0	0	0	0	0	0	0	0	0	0	0	0	0	0	0	0	0	0	0	0	0	0	0	0	0	0	0	0	0	0	0	0	0	0	0	0	0	0	0	0	0	0	0	0	0	0	0	0	0.00228	0	0	0	0	0	0	0	0	0	0	0	0	0	0	0	0	0	0	0	0	0	0	0	0	0	0	0	0.047	0	0	0	0	0	0	0	0	0	0	0	0	0	0	0	0	0	0	0	0	0	0	0	0	0	0	0	0	0	0	0	0	0	0	0	0	0	0	0	0	0	0	0	0	0	0	0	0	0	0	0	0	0	0
GGB3236_SGB4274	0	0	0	0	0	0	0	0	0	0	0	0	0	0	0	0	0	0	0	0	0	0	0	0	0	0	0	0	0	0	0	0	0	0	0	0	0	0	0	0	0	0	0	0	0	0	0	0	0	0	0	0	0	0	0	0	0	0	0	0	0	0	0	0	0	0	0	0	0	0.01805	0.11525	0	0	0	0	0	0	0	0	0	0	0	0	0	0	0	0	0	0	0	0	0	0	0	0	0	0	0	0	0	0	0	0	0.16559	0	0	0	0	0	0	0	0	0	0	0	0	0	0	0	0	0	0	0	0	0	0	0	0	0	0	0	0	0	0	0	0	0	0	0	0	0	0	0	0	0	0	0	0	0	0	0	0	0	0	0	0	0	0	0	0	0	0	0	0	0	0	0	0	0
Clostridium_perfringens	0	0.05715	0	0	0	0	0	0	0	0	0	0	0	0.00038	0	0	0	0	0	0	0.00817	0	0	0	0.01048	0	0	0	0	0	0	0	0	0	0	0	0	0.00101	0.01707	0	0	0	0	0	0	0	0.01219	0	0	0.00355	0	0.0225	0	0	0	0	0	0	0	0	0	0	0.16465	0	0.012	0	0	0	0	0	0	0	0	0	0	0	0	0.00311	0	0	0	0	0	0	0	0	0.09872	0	0	0	0	0	0	0	0	0	0	0	0	0	0	0	0	0	0	0	0.01404	0	0	0.02682	0	0	0.03335	0	0	0	0	0	0	0	0	0	0	0	0.01406	0	0	0	0.05257	0	0	0	0	0	0	0	0	0	0	0	0	0	0	0	0	0	0	0	0	0	0	0	0	0	0	0	0	0	0	0	0	0	0	0	0	0	0	0	0
Eubacterium_maltosivorans	0	0	0	0	0	0	0	0	0	0	0	0.03518	0	0	0	0	0	0	0	0	0	0	0.00949	0	0	0	0	0	0	0	0	0	0	0	0	0	0	0	0	0	0	0	0	0	0	0	0	0.164	0	0	0	0	0	0	0	0	0	0	0	0	0	0	0	0	0	0	0	0	0	0	0	0	0	0	0	0	0	0	0	0	0	0	0	0	0	0	0	0	0	0	0	0	0	0	0	0	0	0	0	0	0	0	0	0	0	0	0	0	0	0	0	0	0	0	0	0	0	0	0	0	0	0	0	0	0	0	0	0	0	0	0	0	0	0	0	0	0	0	0	0	0	0	0	0	0	0	0	0	0	0	0	0	0	0	0	0	0	0	0	0	0	0	0	0	0	0	0	0	0
GGB51441_SGB71759	0.11221	0	0	0	0	0	0	0	0.05899	0.00599	0	0.0474	0.00997	0.01557	0.01512	0	0	0	0.01829	0	0	0.00089	0.03233	0	0	0	0	0	0	0.01715	0	0	0.1067	0	0	0.00541	0.02037	0	0	0	0.00823	0.00648	0	0	0	0.08442	0	0	0.11852	0.04706	0	0	0	0	0	0	0	0.00213	0	0	0.03413	0.00953	0	0.03527	0	0	0	0.11062	0.00455	0.00206	0.00015	0	0	0.16173	0.00505	0	0	0.00974	0.01317	0	0.04714	0.00699	0.01747	0	0.00026	0	0	0	0	0	0	0	0.00518	0	0.0013	0.04201	0.00653	0.10172	0.00889	0.0118	0.02092	0.00042	0.02451	0.01191	0.04945	0.00996	0.00643	0.07523	0.00992	0.01014	0.00108	0	0.01064	0.00509	0	0	0	0.00089	0	0.01507	0.01974	0	0	0.02667	6e-05	0	0.0083	0.0152	0.00203	0.06576	0.01075	0	0.02492	0.00682	0.0008	0.01204	0.00931	0.02466	0	0.00232	0.00704	0.01031	0	0	0	0	0	0	0	0	0	0.00654	0	0	0	0.00341	0	0	0	0	0	0	0	0	0	0	0	0.00316	0.00705
GGB3289_SGB4343	0	0	0	0	0	0	0	0	0	0	0	0	0	0	0	0	0	0	0	0	0	0	0	0	0	0	0	0	0	0	0	0	0	0	0	0	0	0	0	0	0	0	0	0	0	0	0	0	0	0.16044	0	0	0	0	0	0	0	0	0	0	0	0	0	0.05693	0	0	0	0	0	0	0	0	0	0	0	0	0	0	0	0	0	0	0	0	0.01202	0	0	0	0	0.00765	0	0	0	0	0.01428	0	0	0	0	0	0	0	0.08972	0	0.16137	0	0	0	0	0	0	0	0	0	0	0	0	0	0	0	0	0	0	0	0	0	0	0	0	0	0	0	0	0	0	0	0.03616	0.09681	0	0	0	0	0	0	0	0	0	0	0	0	0	0	0	0	0	0	0	0	0	0	0	0	0	0	0	0	0	0	0
Parabacteroides_bouchesdurhonensis	0	0	0	0	0	0	0	0	0	0	0	0	0.00168	0	0	0	0.0007	0	0	0	0	0	0	0	0	0	0	0	0	0	0	0	0	0	0	0	0	0	0	0	0	0	0	0	0	0	0	0	0	0	0	0	0	0	0	0	0	0	0	0	0	0	0	0	0	0	0	0	0	0	0	0	0	0	0	0	0	0	0	0	0	0	0	0	0	0	0	0	0	0	0	0	0	0	0	0	0	0	0	0	0	0	0	0	0	0	0	0	0	0	0	0	0	0	0	0	0	0	0	0	0	0	0	0	0	0	0	0	0	0	0	0	0	0	0	0	0	0	0	0	0	0	0	0.16024	0	0	0	0	0	0	0	0	0	0	0	0	0	0	0	0	0	0	0	0	0	0	0	0	0.00456
GGB9597_SGB15022	0	0	0	0	0	0	0	0	0	0	0	0	0	0	0	0	0.07433	0	0	0	0	0	0	0	0	0	0	0	0	0	0	0	0	0	0	0	0	0	0	0	0	0	0	0	0	0	0	0	0	0.03091	0	0	0	0	0	0	0	0	0	0	0	0	0	0.01574	0	0	0	0	0	0.01589	0.0763	0	0	0	0	0	0	0	0	0	0	0	0	0	0	0	0	0	0	0	0	0	0.02119	0	0.09332	0.01892	0.01787	0	0.0178	0	0.13806	0	0	0.16018	0.05706	0	0	0	0	0.0244	0.14374	0	0	0	0	0	0	0.03508	0	0.0115	0	0	0	0	0.01934	0	0.02569	0	0	0.00854	0	0	0	0	0	0	0.02727	0	0	0	0	0	0	0	0	0	0	0	0	0	0	0	0.00262	0	0	0	0	0	0	0	0	0	0	0	0	0	0	0	0.00258
Acidaminococcus_fermentans	0	0	0	0	0	0	0	0	0	0	0	0	0	0	0	0	0	0	0	0	0	0	0	0	0	0	0	0	0	0	0	0	0.04042	0	0	0	0	0	0	0	0	0.15994	0	0	0	0	0	0	0	0	0	0	0	0	0	0	0	0	0	0	0	0	0	0	0	0	0	0	0	0	0	0	0	0	0	0	0	0	0	0	0	0	0	0	0	0	0	0	0	0	0	0	0	0	0	0	0	0	0	0	0	0	0	0	0	0	0	0	0	0	0	0	0	0	0	0	0	0	0	0	0	0	0	0	0	0	0	0	0	0	0	0	0	0	0	0	0	0	0	0	0	0	0	0	0	0	0	0	0	0	0	0	0	0	0	0	0	0	0	0	0	0	0	0	0	0	0	0	0
GGB3892_SGB5290	0	0	0	0	0	0	0	0	0	0	0	0	0	0	0	0	0	0	0	0	0	0	0.00107	0	0	0	0	0	0	0	0	0	0	0	0	0	0	0	0	0	0.1593	0	0	0	0	0.01401	0	0	0	0	0	0	0	0	0	0	0	0	0	0	0	0	0	0	0	0	0	0	0	0	0	0	0	0	0	0	0	0	0	0	0	0	0	0.00192	0	0	0	0	0	0	0	0	0	0	0	0	0	0	0	0	0	0	0.00451	0	0.00253	0	0	0	0	0	0.00046	0	0.00129	0	0	0	0	0	0	0	0	0	0	0	0	0.00959	0	0	0	0	0.05227	0	0	0	0	0	0	0	0	0	0	0	0	0	0	0	0	0	0	0	0	0	0	0	0	0	0	0	0	0	0	0	0	0	0	0	0	0	0
GGB9072_SGB13993	0	0	0	0	0	0	0	0	0	0	0	0	0	0	0	0	0	0	0	0	0	0	0	0	0	0	0	0	0	0	0	0	0	0	0	0	0	0	0	0	0	0	0	0	0	0	0	0	0	0	0	0	0	0	0	0	0	0	0	0	0	0	0	0	0	0	0	0	0	0	0	0	0	0	0	0	0	0	0	0	0	0	0	0	0	0	0	0	0	0	0	0	0	0	0	0	0	0	0	0	0	0	0	0	0	0	0	0	0	0	0	0	0	0	0	0	0	0	0	0	0	0	0	0	0	0	0	0	0	0	0	0	0	0	0	0	0	0	0	0	0	0	0	0	0	0	0	0	0	0.15873	0	0	0	0	0	0	0	0	0	0	0	0	0	0	0	0	0	0	0
GGB9790_SGB15413	0.12218	0	0	0	0	0.02212	0	0	0	0.06839	0	0	0.00204	0	0	0	0.02606	0	0	0	0	0	0	0	0	0	0	0	0	0	0	0	0.03047	0	0	0	0	0.05485	0	0	0	0.00349	0	0	0	0	0	0	0	0.15772	0	0	0	0	0	0	0	0	0	0	0	0	0	0.00788	0	0	0.03088	0	0	0	0	0	0	0	0	0	0	0	0	0	0	0	0	0.04913	0.00213	0	0	0	0	0	0	0	0.00043	0	0.00138	0.02515	0	0	0	0	0	0	0.02411	0	0.01911	0	0	0	0.01851	0	0.00883	0	0	0	0	0	0	0.00222	0	0	0	0	0	0	0.08522	0	0	0	0.00292	0	0.00834	0	0	0	0.00321	0	0	0	0	0	0	0	0	0	0	0	0	0	0	0	0	0	0	0	0	0	0	0	0	0	0	0	0	0	0	0	0	0	0
GGB4710_SGB6522	0	0	0	0	0	0	0	0	0	0	0	0	0	0	0	0	0	0	0	0	0	0	0	0	0	0	0	0	0	0	0	0	0	0	0	0	0	0	0	0	0	0	0	0	0	0	0	0	0	0	0	0	0	0	0	0	0	0	0	0	0	0	0	0	0	0	0	0	0	0	0	0	0	0	0	0	0	0	0	0	0	0	0	0	0	0	0	0	0	0	0	0	0	0	0	0	0	0	0	0	0	0.15572	0	0	0	0	0	0	0	0	0	0	0	0	0	0	0	0	0	0	0	0	0	0	0	0	0	0	0	0	0	0	0	0	0	0	0	0	0	0	0	0	0	0	0	0	0	0	0	0	0	0	0	0	0	0	0	0	0	0	0	0	0	0	0	0	0	0	0
Pseudoflavonifractor_gallinarum	0.00155	0	0.01425	0	0.15551	0	0	0	0	0.00091	0	0	0	0	0	0.02273	0.00278	0	0	0.02337	0	0.01109	0	0	0	0	0	0	0	0	0	0.02123	0	0	0	0	0.01861	0.00066	0	0	0	0.02785	0.00103	0	0	0.00048	0	0	0	0	0	0.00536	0	0	0.00433	0	0	0.00261	0.01209	0.0008	0.00461	0	0	0	0.00546	0.01167	0.00367	0	0	0.00677	0	0.00177	0	0.00563	0	0	0	0.05268	0.00517	0.0023	0	0	0	0.00296	0.00381	0	0	0	0.00546	0	0	0	0	0	0	0	0	0	0	0	0	0	0	0	0.00388	0	0	0.00968	0.00502	0	0.00068	0.00146	0.00031	0	0	0	0	0.00196	0.00042	0	0.00179	0	0	0	0	0	0.00609	0	0	0	0	0	0.00032	0	0.00065	0	0	0.00227	0.00089	0.00649	0	7e-05	0	0	0	0	0	0.0033	0	0	0	0	0	0	0	0	0	0	0	0	0.00661	0	0.00424	0.00518	0.00152	0	0.00138	0	0
Sutterella_faecalis	0	0	0	0	0	0	0	0	0	0	0	0	0	0	0	0	0	0	0	0	0	0	0	0	0	0	0	0	0	0	0	0	0	0	0	0	0	0	0	0	0	0	0	0	0	0	0	0	0	0	0	0	0	0	0	0	0	0	0	0	0	0	0	0	0	0	0	0	0	0	0	0	0	0	0	0	0	0	0	0	0	0	0	0	0	0	0	0	0	0	0	0	0	0	0	0	0	0	0	0	0	0	0	0	0	0	0	0	0	0	0	0	0	0	0	0	0	0	0	0	0	0	0	0	0	0	0	0	0	0	0	0	0	0	0	0	0	0	0	0	0	0	0	0	0	0	0	0	0	0	0	0	0	0	0	0	0	0	0	0	0	0	0.15445	0	0	0	0	0	0
Intestinimonas_butyriciproducens	0	0	0	0	0	0	0	0.0399	0	0	0.01137	0	0	0.12036	0.10361	0	0.10816	0	0	0	0	0	0	0	0	0	0	0	0	0	0	0	0	0	0	0.00083	0.00319	0	0	0	0	0.04338	0	0	0	0.00484	0	0	0.00806	0	0	0.00353	0	0	0	0	0	0	0	0	0.07997	0	0	0	0	0.01112	0.00225	0.00129	0	0	0	0	0	0	0.00523	0	0	0	0	0.15336	0	0.05008	0	0	0	0	0	0	0	0.01482	0	0	0	0	6e-05	0.01168	0	0	0.00793	0	0	0	0	0	0.00358	0.00444	0	0.04635	0.00019	0	0	0.0129	0	0.00368	0	0	0	0	0.14813	0	0	0	0	0.0129	0.00781	0.06088	0	0.01693	0	0	0.00422	0	0	0	0	0	0	0	0.00205	0.04227	0	0	0	0	0	0	0.00217	0	0	0	0	0.0259	0	0	0	0.00248	0	0.00629	0	0	0	0.00556	0.00148	0	0	0	0	0	0
Oxalobacter_formigenes	0	0	0	0	0	0	0	0	0	0	0	0	0	0.05691	0.0523	0.00244	0	0	0	0	0	0	0	0	0	0.00333	0	0	0.00609	0	0	0	0	0	0	0.00121	0.02798	0	0	0	0.13818	0	0	0	0	0.01703	0	0	0	0	0	0	0	0	0	0	0	0	0	0	0	0.00506	0	0	0	0	0.04279	0	0	0	0	0	0	0	0	0	0	0	0	0	0	0.10362	0	0.13327	0	0	0	0	0	0.02007	0	0	0	0	0	0	0	0	0	0	0	0	0	0	0.10684	0	0	0	0	0	0	0	0	0	0	0	0	0	0	0.0157	0.02178	0	0	0	0	0.05673	0	0.01686	0	0	0	0	0	0	0	0	0	0	0	0	0	0.15261	0	0	0	0	0	0.00425	0	0.00514	0	0	0	0	0	0	0	0.0126	0	0	0	0	0	0	0	0	0	0.07156	0
Candidatus_Stoquefichus_sp_SB1	0	0	0	0	0	0	0	0	0	0	0	0	0	0	0	0	0	0	0	0	0	0	0	0	0	0	0	0	0	0	0	0	0	0	0	0	0	0	0	0	0	0	0	0.15219	0	0	0	0	0	0	0	0	0	0	0	0	0	0	0	0	0	0	0	0	0	0	0	0	0	0	0	0	0	0	0	0	0	0	0	0	0	0	0	0	0	0	0	0	0	0	0	0	0	0	0	0	0	0	0	0	0	0	0	0	0	0	0	0	0	0	0	0	0	0	0	0	0	0	0	0	0	0	0	0	0	0	0	0	0	0	0	0	0	0	0	0	0	0	0	0	0	0	0	0	0	0	0	0	0	0	0	0	0	0	0	0	0	0	0	0	0	0	0	0	0	0	0	0	0
Clostridium_sp_1001270J_160509_D11	0.01603	0	0	0	0	0	0	0	0	0.06813	0	0	0	0	0	0	0	0	0	0	0.00557	0	0.00038	0.00012	0	0	0	0	0	0	0	0	0	0	0	0	0	0	0	0	0.0411	0	0.00504	0	0.04813	0	0	0.1518	0	0	0	0	0	0.02402	0	0	0	0	0	0	0.00443	0	0	0	0	0	0	0.00318	0	0	0	0	0.04448	0	0.00351	0	0	0	0	0	0	0	0	0	0	0	0	0	0.00136	0	0.06562	0.01321	0	0.08883	0	0	0.10031	0	0.00629	0	0	0	0	0	0	0	0.05791	0	0.00055	0	0	0.00587	0.01425	0	0	0	0	0	0	0	0	0	0	0	0.01015	0	0	0.0306	0	0	0.00384	0	0	0	0	0	0	0	0	0.00144	0	0	0	0	0	0	0	0	0	0	0	0	0	0	0	0	0	0	0	0	0	0	0	0	0	0	0	0	0
GGB9603_SGB15035	0	0	0	0	0	0	0	0	0	0	0	0	0	0	0	0	0	0	0	0	0	0	0.12837	0	0	0	0	0	0	0	0	0	0.01317	0	0	0	0	0	0	0	0	0	0	0	0	0	0	0	0	0.01844	0	0	0	0	0	0	0	0	0	0	0	0	0	0.05465	0	0	0	0	0	0.00513	0.0565	0	0	0	0	0	0	0	0	0	0	0	0	0	0	0	0	0	0	0	0	0	0	0	0	0	0	0	0	0	0	0	0	0.06982	0	0	0	0	0	0	0.15136	0	0.00794	0	0	0	0	0	0	0.07551	0	0	0	0	0	0	0	0	0	0	0	0	0	0	0	0	0	0	0	0	0	0	0	0	0	0	0	0	0	0	0	0	0	0	0	0	0	0	0	0	0	0	0	0	0	0	0	0	0
GGB9364_SGB14339	0	0	0	0	0	0	0	0	0	0	0	0	0	0.04371	0.027	0	0	0	0	0	0	0	0	0	0	0	0	0	0.15102	0	0	0	0	0	0	0.11296	0	0	0	0	0	0	0	0	0	0	0	0	0	0	0	0	0	0.0181	0	0	0	0	0	0	0	0	0	0	0	0	0	0	0	0	0	0	0	0	0	0	0	0	0	0	0	0	0	0	0	0	0	0	0	0	0	0	0	0	0	0	0	0	0	0	0	0	0	0	0	0	0	0	0	0	0	0	0	0	0	0	0	0	0	0	0	0	0	0	0.00012	0	0	0	0	0	0	0	0	0	0	0	0	0	0	0	0	0	0	0	0	0	0	0	0	0	0	0	0	0	0	0	0	0	0	0	0	0	0	0	0	0	0	0	0
GGB33512_SGB15201	0	0	0	0	0	0	0	0	0	0	0	0	0	0.00333	0.00154	0	0	0	0	0	0	0	0.01295	0	0	0	0	0	0	0	0	0	0	0	0	0	0.00243	0.14918	0	0	0	0	0	0	0	0	0	0	0	0	0	0	0	0	0	0	0	0	0	0	0	0	0	0	0	0	0	0	0	0	0	0	0	0	0	0	0	0	0	0	0	0	0	0.00143	0	0	0	0	0	0	0	0	0	0	0	0	0	0	0	0	0	0	0	0	0	0	0	0	0	0	0	0	0.01742	0	0	0	0	0	0	0	0	0	0	0	0	0	0	0.00678	0	0	0.02359	0	0	0	0	0	0	0	0.01011	0	0	0	0	0	0	0	0	0	0	0	0	0	0	0	0	0	0	0	0	0	0	0	0	0	0	0	0	0	0
GGB9589_SGB15011	0	0	0	0	0	0	0	0	0	0	0	0	0	0	0	0	0	0	0	0	0	0	0	0	0	0	0	0	0	0	0	0	0	0	0	0	0	0	0	0	0	0	0	0	0	0	0	0	0	0	0	0	0	0	0	0	0	0	0	0	0	0	0	0	0	0	0	0	0	0	0	0	0	0	0	0	0	0	0	0	0	0	0	0	0	0	0	0	0	0	0	0	0	0	0	0	0	0	0	0	0	0	0	0	0	0	0	0	0	0	0.14901	0	0	0	0	0	0	0	0	0	0	0	0	0	0	0	0	0	0	0	0	0	0	0	0	0	0	0	0	0	0	0	0	0	0	0	0	0	0	0	0	0	0	0	0	0	0	0	0	0	0	0	0	0	0	0	0	0	0
GGB9186_SGB14125	0.01484	0	0	0	0	0	0	0	0	0	0	0	0	0.05423	0.05459	0	0	0	0	0	0	0	0	0	0	0	0	0	0	0.03485	0	0	0	0	0	0	0	0	0	0	0	0	0	0	0	0	0	0	0	0	0	0	0	0	0	0	0	0	0	0	0	0	0	0.04683	0	0	0	0	0	0	0	0	0	0	0	0	0	0	0	0	0	0	0	0	0	0.14891	0	0	0	0	0	0	0	0	0	0	0	0	0	0	0	0	0	0	0	0	0	0	0	0	0	0	0	0	0	0	0	0.00384	0	0.05341	0	0	0.00137	0.04256	0.00296	0.0446	0	0.0177	0	0	0.02725	0	0	0	0.00043	0	0	0	0.0411	0	0	0.00372	0	0	0	0	0	0	0	0	0	0	0	0	0	0	0	0.00271	0	0	0	0	0	0	0	0	0	0	0
GGB9575_SGB14988	0	0	0	0	0	0	0	0	0	0	0	0	0	0	0	0	0	0	0	0	0	0	0	0	0	0	0	0	0	0	0	0	0	0	0	0	0	0	0	0	0	0	0	0	0	0	0	0	0	0	0	0	0	0	0	0	0	0	0	0	0	0	0	0	0	0	0	0	0	0	0	0	0	0	0	0	0	0	0	0	0	0	0	0	0	0	0	0	0	0	0	0.14883	0	0.00164	0	0	0	0	0	0	0	0	0	0	0	0	0	0	0	0	0	0	0	0	0	0	0	0	0	0	0	0	0	0	0	0	0	0	0	0	0	0	0.00034	0	0	0	0	0	0	0	0	0	0	0	0	0	0	0	0	0	0	0	0	0	0	0	0	0	0	0	0	0	0	0	0	0	0	0	0
GGB1582_SGB2173	0	0	0	0	0	0	0	0	0	0	0	0	0	0	0	0	0	0	0	0	0	0	0	0	0	0	0	0	0	0	0	0	0	0	0	0	0	0	0	0	0	0	0	0	0	0	0	0	0	0	0	0	0	0	0	0	0	0	0	0	0	0	0	0	0	0	0	0	0	0	0	0	0	0	0	0	0	0	0	0	0	0	0	0	0	0	0	0	0	0	0	0	0	0	0	0	0	0	0	0	0	0	0	0	0	0	0	0	0	0	0	0	0	0	0	0	0	0.14864	0	0	0	0	0	0	0	0	0	0	0	0	0	0	0	0	0	0	0	0	0	0	0	0	0	0	0	0	0	0	0	0	0	0	0	0	0	0	0	0	0	0	0	0	0	0	0	0	0	0	0
GGB9444_SGB14834	0	0	0	0	0	0	0	0	0	0	0	0	0	0.0014	0.00227	0	0	0	0	0	0	0	0	0	0	0	0	0	0	0	0	0	0	0	0	0	0.00292	0	0	0	0.01602	0	0	0	0	0	0	0	0	0	0	0	0	0	0	0	0	0	0	0	0	0	0	0	0	0	0	0	0	0	0.01146	0	0	0	0	0	0	0	0	0	0	0	0	0	0	0	0	0	0	0	0	0	0	0	0	0	0	0	0.00391	0.00167	0	0	0.01497	0.0049	0.00733	0	0	0	0	0	0	0	0	0	0	0	0	0	0	0	0	0	0	0	0	0	0	0.00707	0	0	0.00662	0	0	0	0	0	0	0.02627	0	0	0	0	0	0	0	0	0	0	0	0	0	0	0.14845	0	0	0	0	0	0	0	0	0.01892	0	0	0	0	0	0	0
Fructilactobacillus_sanfranciscensis	0	0	0	0	0	0.01498	0	0	0	0	0	0	0	0	0	0	0	0	0	0	0	0	0	0	0	0	0	0	0	0	0	0	0	0	0	0	0	0	0	0	0	0	0	0	0	0	0	0	0	0	0	0	0	0	0.14804	0	0	0	0	0	0	0	0	0	0	0	0	0	0	0	0	0	0	0	0	0	0.00299	0	0	0	0	0	0	0	0	0	0	0	0	0	0	0	0	0	0	0	0	0	0	0.00626	0	0	0	0	0	0	0	0	0	0	0	0	0	0	0	0	0	0	0	0	0	0	0	0	0	0	0	0	0	0	0	0	0	0	0	0	0	0	0	0	0	0	0	0	0	0	0	0	0	0	0	0	0	0	0	0	0	0	0	0	0	0	0	0.02056	0	0	0	0	0
Parasutterella_secunda	0.05043	0	0	0	0	0	0	0	0	0	0	0	0	0.00836	0.00855	0	0	0	0	0	0	0	0	0.02192	0	0	0	0	0	0	0	0	0	0	0	0	0	0	0	0	0	0	0	0	0	0	0	0	0	0	0	0	0	0	0	0	0	0	0	0	0	0	0	0	0	0	0	0	0	0	0	0	0	0	0	0	0	0	0	0	0	0	0	0	0	0	0	0	0	0	0	0	0.12201	0	0	0	0	0	0	0	0	0	0	0	0	0	0	0	0	0	0	0	0	0	0	0	0	0	0	0	0	0	0	0	0	0	0	0.14611	0	0	0	0	0	0	0	0	0	0	0	0	0	0	0	0	0	0	0	0	0	0	0	0	0	0	0	0	0	0	0	0	0	0	0	0	0	0	0	0	0
GGB3626_SGB4905	0	0	0	0	0	0	0	0	0	0	0	0	0	0	0	0	0.146	0	0	0	0	0.00048	0	0	0	0	0	0	0	0.01115	0	0	0	0	0	0	0	0	0	0	0	0	0	0	0	0	0	0	0	0	0	0	0	0	0	0	0	0	0	0	0	0	0	0	0	0	0	0.00072	0	0	0	0	0	0	0	0	0	0	0.01776	0	0	0	0	0	0.0601	0	0	0	0	0	0	0	0	0	0.00269	0.01595	0	0	0.00222	0	0.01944	0	0	0	0	0	0	0	0	0	0	0	0	0	0	0	0	0	0	0	0	0	0	0	0.00683	0	0	0	0	0	0.00156	0.00223	0	0	0	0	0	0	0	0	0	0	0	0	0.00724	0	0	0	0	0	0	0	0.00269	0	0	0	0	0	0	0	0	0	0	0	0	0	0	0	0
Gardnerella_vaginalis	0	0	0	0	0	0	0	0	0	0	0	0	0	0	0	0	0	0	0	0	0	0	0	0	0	0	0	0	0	0	0	0	0	0	0	0	0	0	0	0	0	0	0	0	0	0	0	0	0	0	0	0	0	0	0.14568	0	0	0	0	0	0.02016	0	0	0	0	0	0	0.00506	0	0	0	0	0	0	0	0	0	0.0011	0	0	0	0	0	0	0	0	0	0	0	0	0	0	0	0	0	0	0	0	0.01153	0	0	0	0	0	0	0	0.00454	0	0	0	0.00095	0	0.00014	0	0	0	0	0	0	0	0	0	0	0	0	0	0	0	0	0	0	0	0	0	0	0	0	0	0	0	0	0.0089	0	0.00203	0	0	0	0	0	0	0	0	0	0	0	0	0	0	0	0	0	0	0	0	0	0	0	0	0
GGB9523_SGB14922	0	0	0	0	0	0	0	0.14559	0	0	0	0	0	0	0	0	0	0	0	0	0	0	0	0	0	0	0	0	0	0	0	0	0	0	0	0	0	0	0	0	0	0	0	0	0	0	0	0	0	0	0	0	0	0	0	0	0	0	0	0	0	0	0	0	0	0	0	0	0	0	0	0	0	0	0	0	0	0	0	0	0	0	0	0	0	0	0	0	0	0	0	0	0	0	0	0	0	0	0	0	0	0	0	0	0	0	0	0	0	0	0	0	0	0	0	0	0	0	0	0	0	0	0	0	0	0	0	0	0	0	0	0	0	0	0	0	0	0	0	0	0	0	0	0	0	0	0	0	0	0	0	0	0	0	0	0	0	0	0	0	0	0	0	0	0	0	0	0	0
Limosilactobacillus_fermentum	0	0.00021	0	0.00426	0	0.14536	0	0	0	0	0.01031	0	0	0	0	0	0	0	0	0	0	0	0	0	0	0	0	0	0	0	0	0	0	0	0	0	0	0	0	0	0	0	0	0	0	0	0	0	0	0	0	0	0	0	0	0	0	0	0	0	0	0	0	0	0	0	0	0	0	0	0	0	0	0	0	0	0	0	0	0	0	0	0	0	0	0	0	0	0	0	0	0	0	0	0	0	0	0	0	0	0	0	0	0	0	0	0	0	0	0	0	0	0	0	0	0	0	0	0	0	0	0	0	0	0	0	0	0	0	0	0	0	0	0	0	0	0	0	0	0	0	0	0	0	0	0	0	0	0	0	0	0	0	0	0	0	0	0	0	0	0	0	0	0	0	0	0	0	0
GGB9747_SGB15355	0	0	0	0	0	0	0	0	0	0	0.14528	0	0	0	0	0	0	0	0	0	0	0	0	0	0	0	0	0	0	0	0	0	0	0	0	0	0	0	0	0	0	0	0	0	0	0	0	0	0	0	0	0	0	0	0	0	0	0	0	0	0	0	0	0	0	0	0	0	0	0	0.01319	0	0	0	0	0	0	0	0	0	0	0	0	0	0	0	0	0	0	0	0	0	0	0	0	0	0	0	0	0	0	0	0	0.01294	0	0	0	0	0	0	0	0	0	0	0	0	0	0	0	0	0	0	0	0	0	0	0	0	0	0	0	0	0	0	0	0	0	0	0	0	0	0	0	0	0	0	0	0	0	0	0	0	0	0	0	0	0	0	0	0	0	0	0	0	0	0	0	0	0
GGB1093_SGB1404	0	0	0	0	0	0	0	0	0	0	0	0	0	0	0	0	0	0	0	0	0	0	0	0	0	0	0	0	0	0	0	0	0	0	0	0	0	0	0	0	0	0	0	0	0	0	0	0	0	0	0	0	0	0	0	0	0	0	0	0	0	0	0	0	0	0	0	0	0	0	0	0	0	0	0	0	0	0	0	0	0	0	0	0	0	0	0	0	0	0	0	0	0	0	0	0.14482	0	0	0	0	0	0	0	0	0	0	0	0	0	0	0	0	0	0	0	0	0	0	0	0	0	0	0	0	0	0	0	0	0	0	0	0	0	0	0	0	0	0	0	0	0	0	0	0	0	0	0	0	0	0	0	0	0	0	0	0	0	0	0	0	0	0	0	0	0	0	0	0	0
Phocea_massiliensis	0.00134	0	0	0.00695	0	0.03576	0	0	0.01434	0	0.06766	0	0	0.02436	0.02911	0.05276	0.00512	0	0	0	0	0.00137	0.00279	0.14262	0	0.00096	0.03904	0	0	0.00468	0	0.06662	0.1431	0	0	0.02183	0.09069	0.03351	0	0.00579	0.02175	0.03402	0	0	0	0.01364	0	0.00854	0.0119	0	0	0	0	0	0	0	0	0	0	0	0.00178	0	0	0	0	0	0.00377	0.0121	0	0.00509	0	0	0	0	0.00534	0	0	0.01157	0	0.00536	0	0	0.09111	0.00647	0	0	0	0	0	0.00725	0	0.0447	0	0	0	0.0036	0	0	0.01801	0.01018	0	0	0.00468	0	0.01334	0	0	0.03359	0	0	0	0.00847	0	0.00336	0	0	0	0.00382	0.0392	0	0.00641	0	0.01739	0	0	0.00284	0	0.0285	0	0	0.00487	0	0	0	0	0	0	0	0.0058	0.00131	0	0.00731	0	0	0	0.00113	0	0.02083	0.02997	0	0	0	0	0	0	0.0011	0.00193	0.0016	0	0	0	0	0	0	0	0	0	0	0
Slackia_SGB14780	0	0	0	0	0	0	0	0	0	0	0	0	0	0	0	0	0	0	0	0	0	0	0	0	0	0	0	0	0	0	0	0	0	0	0	0	0.14287	0	0	0	0	0	0	0	0	0	0	0	0	0	0	0	0	0	0	0	0	0	0	0	0	0	0	0	0	0	0	0	0	0	0	0	0	0	0	0	0	0	0	0	0	0	0	0	0	0	0	0	0	0	0	0	0	0	0.00124	0	0	0	0	0	0	0	0	0	0	0	0	0	0	0	0	0	0	0	0	0	0	0.00121	0	0.02657	0	0	0	0	0	0	0	0	0	0	0	0	0	0	0.00152	0	0	0	0	0	0	0	0	0	0	0	0	0	0	0	0	0	0	0	0	0	0	0	0	0	0	0	0	0	0	0	0	0	0
GGB9198_SGB14137	0	0	0	0	0	0	0	0	0	0	0	0	0	0.00714	0.00707	0	0	0	0	0	0	0	0	0	0	0	0	0	0	0	0	0	0	0	0	0	0	0	0	0	0	0	0	0	0	0	0	0	0	0	0	0	0	0	0	0	0	0	0	0	0	0	0	0	0	0	0	0	0	0	0	0	0	0	0	0	0	0	0	0	0	0	0	0	0	0	0.00246	0	0	0	0	0	0	0	0	0	0	0	0	0	0	0	0	0	0	0	0	0	0	0	0	0	0	0	0	0	0	0	0	0.14155	0	0	0	0	0	0	0	0	0	0	0	0	0	0	0	0	0	0	0	0	0	0	0	0.01915	0	0	0.00463	0	0	0	0	0	0	0	0	0	0	0	0	0	0	0	0	0	0	0	0	0	0
Enterococcus_avium	0	0	0.00598	0.00079	0	0	0.02227	0	0	0	0.00739	0	0	0	0	0	0	0	0	0	0	0	0	0	0.0462	0	0	0.14149	0	0	0	0	0	0.00415	0	0	0	0	0	0	0	0	0	0	0.05522	0	0	0	0	0	0	0	0	0	0	0	0	0	0	0	0	0	0	0	0	0	0	0	0	0	0	0	0	0	0	0	0	0	0	0	0	0	0	0	0	0	0	0	0	0	0	0	0	0	0	0	0	0	0	0	0	0	0	0	0	0	0	0	0	0	0	0	0	0	0	0	0	0	0	0	0	0.00486	0	0	0	0	0	0	0	0	0	0	0	0	0	0	0	0	0	0	0	0	0	0	0	0	0	0	0	0	0	0	0	0	0	0	0	0	0	0.024	0	0	0	0	0	0	0	0	0
GGB9621_SGB15073	0	0	0.00701	0	0	0	0	0	0.00197	0	0	0	0	0.02593	0.027	0	0	0	0	0	0	0	0	0	0	0	0	0	0	0	0	0	0	0	0	0	0.00252	0	0	0	0	0.00912	0	0	0	0	0	0	0	0	0	0.0632	0	0	0	0	0	0	0	0	0	0	0	0	0	0	0	0	0	0	0.02182	0	0	0	0.00771	0	0	0	0	0	0	0	0	0	0	0	0	0	0	0	0	0	0	0	0.0006	0	0	0	0	0	0	0	0	0.00443	0	0	0	0	0	0	0	0	0	0	0	0	0	0.02109	0	0	0	0	0	0	0	0.14026	0	0.01734	0.05545	0	0.00438	0	0	0	0	0	0	0	0	0	0	0.00206	0	0	0	0	0	0.00686	0	0	0	0	0	0	0	0	0	0	0	0	0	0	0	0	0	0	0	0	0
GGB34797_SGB14322	0	0	0	0	0	0	0	0	0	0	0	0	0	0	0	0	0	0	0	0	0	0	0	0	0	0	0	0	0	0	0	0	0	0	0	0	0	0	0	0	0	0	0	0	0	0	0	0	0	0	0	0	0	0	0	0	0	0	0	0	0	0	0	0	0	0	0	0	0	0.00531	0.13994	0	0	0	0	0	0	0	0	0	0	0	0	0	0	0	0	0	0	0	0	0	0	0	0	0	0	0	0	0	0	0	0	0.08735	0	0	0	0	0	0	0	0	0	0	0	0	0	0	0	0	0	0	0	0	0	0	0	0	0	0	0	0	0	0	0	0	0	0	0	0	0	0	0	0	0	0	0	0	0	0	0	0	0	0	0	0	0	0	0	0	0	0	0	0	0	0	0	0	0
Lactobacillus_crispatus	0	0	0	0	0	0	0	0	0	0	0	0	0	0	0	0	0	0	0	0	0	0	0	0	0	0	0	0	0	0	0	0	0	0	0.13843	0	0	0	0	0	0	0	0	0	0	0	0	0	0	0	0	0	0	0	0	0	0	0	0	0	0	0	0	0	0	0	0	0	0	0	0	0	0	0	0	0	0	0	0	0	0	0	0	0	0	0	0	0	0	0	0	0	0	0	0	0	0	0	0	0	0	0	0	0	0	0	0	0	0	0	0	0	0	0	0	0	0	0	0	0	0	0	0.01227	0	0	0	0	0	0	0	0	0	0	0	0	0	0	0	0	0	0	0	0	0	0	0	0	0	0	0	0	0	0	0	0	0	0	0	0	0	0	0	0	0	0	0	0	0	0
GGB4558_SGB6290	0	0	0	0	0	0	0	0	0	0	0	0	0	0	0	0	0	0	0	0	0	0	0	0	0	0	0	0	0	0	0	0	0	0	0	0	0	0	0	0	0	0	0	0	0	0	0	0	0	0.0363	0	0	0	0	0	0	0	0	0	0	0	0	0	0	0	0	0	0	0	0	0.0147	0	0	0	0	0	0	0	0	0	0	0	0	0	0	0	0	0	0	0	0	0	0	0	0.13836	0	0	0	0	0	0	0	0	0.01481	0	0	0	0	0	0	0	0	0	0	0	0	0	0	0	0	0	0	0	0	0	0	0	0	0	0	0	0	0	0	0	0	0	0	0	0	0	0	0	0	0	0	0	0	0	0	0	0	0	0	0	0	0	0	0	0	0	0	0	0	0	0	0	0	0
GGB9296_SGB14253	0	0	0	0	0	0	0	0	0	0.0059	0	0	0	0.01497	0.02026	0	0	0	0	0	0	0	0	0	0	0	0	0	0	0	0	0	0	0	0	0	0	0	0	0	0	0.00512	0	0	0	0	0	0	0	0.00274	0	0	0	0	0	0	0	0	0	0	0	0	0	0	0	0.13786	0	0	0	0	0.03174	0	0	0	0	0	0	0	0	0	0	0	0	0	0.00774	0	0	0	0	0	0	0	0.00951	0	0.01398	0.00921	0	0	0.03795	0	0	0	0.04619	0.01069	0.00492	0	0	0	0	0	0	0	0	0	0	0	0	0.02513	0	0	0	0	0.02904	0.0089	0	0	0	0	0	0	0	0	0	0	0	0	0	0	0.00579	0	0	0	0	0	0	0	0	0	0	0	0	0	0.00832	0	0	0	0	0	0.06452	0	0	0	0	0	0	0	0	0	0
Oscillospiraceae_bacterium_Marseille_Q3528	0.08412	0	0	0	0	0	0	0	0.13769	0.08877	0	0	0.04212	0.07743	0.06748	0	0.06192	0	0	0	0	0.02491	0.02847	0	0	0.0224	0	0	0	0.05716	0	0	0.12451	0	0	0.04367	0.01302	0.04959	0	0.03462	0.05767	0	0	0	0	0.07749	0	0	0.07151	0.04136	0.01065	0.10404	0.00165	0	0	0.00762	0	0.01386	0	0	0.04691	0.01735	0	0.03833	0	0	0.02956	0.05138	0.01258	0.03791	0.01692	0.02355	0.01292	0	0.04321	0	0	0.00561	0	0	0.02776	0.02219	0	0.03746	0.01895	0	0	0	0	0.00764	0.00992	0	0.00883	0	0.03713	0.04006	0	0	0.0652	0.03958	0.03235	0.0074	0.07156	0.04464	0.04798	0	0	0.0928	0.0288	0.00561	0.06825	0.04328	0.04574	0	0	0	0	0.01105	0	0.03982	0.01749	0	0.0025	0.0304	0.06831	0.0185	0.13069	0.02612	0	0.09857	0.07608	0	0.02953	0	0.10045	0	0.01831	0.04338	0.03094	0.01574	0	0	0	0	0.00228	0.00147	0	0	0	0.00307	0	0	0	0	0	0	0	0	0	0	0	0	0	0	0	0	0	0	0
Hydrogenoanaerobacterium_SGB53821	0	0	0	0.01547	0	0.01754	0	0	0	0	0	0	0	0	0	0	0	0	0	0	0	0	0	0.07008	0	0	0	0	0	0	0	0	0	0	0	0	0	0	0	0	0	0	0	0	0	0	0	0	0	0	0	0	0	0	0	0	0	0	0	0	0	0	0	0	0	0	0	0	0	0	0	0	0	0	0	0	0	0	0	0	0	0	0	0	0	0	0	0	0	0	0	0.13728	0.01771	0	0	0	0	0	0.03607	0	0	0	0	0	0	0	0	0	0	0	0	0	0	0	0.00269	0	0	0.02298	0.05517	0	0	0	0	0	0	0	0	0	0	0	0	0	0.01069	0	0	0	0	0	0	0	0	0	0	0.02637	0	0	0	0.05366	0	0	0	0	0	0	0	0	0	0	0	0	0	0	0	0	0	0	0	0	0
Desulfovibrio_fairfieldensis	0	0	0	0	0	0	0	0	0	0	0	0	0	0	0	0	0	0	0	0	0	0	0	0	0	0	0	0	0	0.05004	0	0	0	0	0	0	0	0	0	0	0	0	0	0	0	0.03111	0	0	0	0	0	0	0	0	0	0	0	0	0	0	0	0	0	0	0	0	0	0	0	0	0	0	0	0	0	0	0	0	0	0	0	0	0	0	0.00978	0	0	0	0	0	0	0	0	0	0	0	0	0	0	0	0.00136	0	0	0.00028	0	0.00549	0	0	0.13717	0	0	0	0.06383	0	0	0	0	0	0	0	0	0	0	0	0	0	0	0	0	0	0	0	0	0	0	0	0	0	0	0	0	0	0	0	0	0	0	0	0	0	0	0	0	0	0	0	0	0	0	0	0	0	0	0	0	0	0	0	0.00503
GGB9480_SGB14873	0	0	0	0	0	0	0	0	0	0	0	0	0	0	0	0	0	0	0	0	0	0	0	0	0	0	0	0	0	0	0	0	0	0	0	0	0	0	0	0.13629	0	0	0	0	0	0	0	0	0	0	0	0	0	0	0	0	0	0	0	0	0	0	0	0	0	0	0	0	0	0	0	0	0	0	0	0	0	0	0	0	0	0	0	0	0	0	0	0	0	0	0	0	0	0	0	0	0	0	0	0	0	0	0	0	0	0	0	0	0	0	0	0	0	0	0	0	0	0	0	0	0	0	0	0	0	0	0	0	0	0	0	0	0	0	0	0	0	0	0	0	0	0	0	0	0	0	0	0	0	0	0	0	0	0	0	0	0	0	0	0	0	0	0	0	0	0	0	0	0
GGB3511_SGB4688	0	0	0	0	0.00403	0.02453	0	0.03883	0	0	0	0	0	0	0	0	0	0	0	0	0	0	0	0.04303	0	0	0	0	0.08867	0	0	0	0	0	0	0	0	0	0	0	0	0	0	0	0	0	0	0	0	0	0	0	0	0	0	0	0	0	0	0	0	0	0	0	0.00257	0	0	0	0	0	0	0	0	0	0	0	0	0	0	5e-05	0	0	0.00384	0	0	0	0	0	0	0	0	0	0	0	0	0	0.1355	0	0	0	0	0	0	0	0	0	0	0	0	0	0	0	0	0	0	0	0	0	0	0	0	0	0	0	0	0	0	0	0	0	0	0	0	0	0	0	0	0	0	0	0	0.02226	0	0	0	0	0	0	0	0	0	0	0	0	0	0	0	0	0	0	0	0	0	0	0	0	0	0	0
Bilophila_SGB15451	0	0	0	0	0	0	0	0	0	0	0	0	0	0	0	0	0	0	0	0	0	0	0	0	0	0	0	0	0	0	0	0	0	0	0	0	0	0	0	0	0	0	0	0	0	0	0	0	0	0	0	0	0	0	0	0	0	0	0	0	0	0	0	0	0	0	0	0	0	0	0	0	0	0	0	0	0	0	0	0	0	0	0	0	0	0	0	0	0	0	0	0	0.00072	0	0	0	0	0	0	0	0	0	0	0	0	0	0	0	0	0	0	0	0	0	0	0	0	0	0	0	0	0	0	0	0	0	0	0	0	0	0	0	0	0	0	0	0	0.13494	0	0	0	0.11449	0	0	0	0	0	0	0	0	0	0	0	0	0	0	0	0	0	0	0	0	0	0	0	0	0	0	0
GGB9770_SGB15389	0	0	0	0	0	0	0	0	0	0	0	0	0	0	0	0	0	0	0	0	0	0	0.1349	0	0	0	0	0	0	0	0	0	0	0	0	0	0	0	0	0	0	0	0	0	0	0	0	0	0	0	0	0	0	0	0	0	0	0	0	0	0	0	0	0	0	0	0	0	0	0	0	0	0	0	0	0	0	0	0	0	0	0	0	0	0	0	0	0	0	0	0	0	0	0	0	0	0	0	0	0	0	0	0	0	0	0	0	0	0	0	0	0	0	0	0	0	0	0	0	0	0	0	0	0	0	0	0	0	0	0	0.01114	0	0	0	0	0	0	0	0	0	0	0	0	0	0	0	0	0	0	0	0	0	0	0	0	0	0	0	0	0	0	0	0	0	0	0	0	0	0
GGB4566_SGB6305	0	0	0	0	0	0	0	0	0	0	0	0	0	0	0	0	0	0	0	0	0	0	0	0	0	0	0	0	0	0	0	0	0	0	0	0	0	0	0	0	0	0	0	0	0	0	0	0	0	0	0	0	0	0	0	0	0	0	0	0	0	0	0	0	0	0	0	0	0	0	0	0	0	0	0	0	0	0	0	0	0	0	0	0	0	0	0	0	0	0	0	0	0	0	0	0	0	0	0	0	0	0	0	0	0	0	0	0	0	0	0	0	0	0	0	0	0	0	0	0	0	0	0.13457	0	0	0	0	0	0	0	0	0	0	0	0	0	0	0	0	0	0	0	0	0	0	0	0	0	0	0	0	0	0	0	0	0	0	0	0	0	0	0	0	0	0	0	0	0	0
Butyrivibrio_crossotus	0	0	0	0	0	0	0	0	0	0	0	0	0	0	0	0	0	0	0	0	0	0	0	0	0	0	0	0	0	0	0	0	0	0	0	0	0	0	0	0	0	0	0	0	0	0	0	0	0	0	0	0	0	0	0	0	0	0	0	0	0	0	0	0	0	0	0	0	0	0	0	0	0	0	0	0	0	0	0	0	0	0	0	0	0	0	0	0	0	0	0	0	0	0	0	0	0	0	0	0	0	0	0.04767	0	0	0	0	0	0	0	0.13447	0	0	0	0	0	0	0	0	0	0	0	0	0	0	0	0	0	0	0	0	0	0	0	0	0	0	0	0	0	0	0	0	0	0	0	0	0	0	0	0	0	0	0	0	0	0	0	0	0	0	0	0	0	0	0	0	0	0
Mediterraneibacter_butyricigenes	0.00324	0	0	0	0	0	0	0.13439	0	0.02156	0.03648	0.00747	0.02369	0.00431	0.00345	0.07318	0.00302	0	0.02768	0.03618	0	0.00891	0.01192	0	0	0.01276	0	0	0.03182	0.06316	0	0	0.02924	0	0	0.03678	0.02141	0.01718	0	0.01258	0.12532	0.00465	0.00298	0	0	0.07649	0	0.0126	0.05534	0.03344	0.02816	0.00248	0	0	0	0.00158	0	0	0	0	0.00685	0.00077	0.00058	0.00859	0	0.03782	0.01952	0.00327	0.00126	0.0107	0.00322	0	0.03346	0.03977	0.00917	0	0.0017	0.00141	0	0	0.01771	0.0004	0	0.01182	0	0	0	0	0	0.01077	0.00666	0	0.01169	0	0.01363	0.02281	0	0.06651	0.0045	0.01788	0.02555	0.00066	0.04186	0.00623	0.01562	0	0.01368	0.00926	0.00965	0.03248	0.0007	0.01272	0.01895	0.01064	0	0	0.02222	0.00038	0.00025	0.02777	0.00255	0	0.00546	0	0.003	0.00517	0.01013	0.0219	0	0.03391	0.0122	0	0.02429	0	0.03108	0.00132	0.01195	0.02178	0.00035	0	0	0	0	0	0.00122	0.0011	0	0.0007	0	0	0	0	0	0	0	0	0	0	0	0	0	0	0	0	0	0	0	0	0
Dorea_phocaeensis	0	0	0	0	0	0	0	0	0	0	0	0	0	0	0	0	0	0	0	0	0	0	0	0	0	0	0	0	0	0	0	0	0	0	0	0	0	0	0	0	0	0	0	0	0	0	0	0	0	0	0	0	0	0	0	0	0	0	0	0	0	0	0	0	0	0	0	0	0	0	0	0	0	0	0	0	0	0	0	0	0	0	0	0	0	0	0	0	0	0	0	0	0	0	0	0	0	0.1329	0	0	0	0	0	0	0	0	0	0	0	0	0	0	0	0	0	0	0	0	0	0	0	0	0	0	0	0	0	0	0	0	0	0	0	0	0	0	0	0	0	0	0	0	0	0	0	0	0	0.06291	0	0	0	0	0	0	0	0	0	0	0	0	0	0	0	0	0	0	0	0	0
Parabacteroides_SGB1950	0	0	0	0	0	0	0	0.10982	0	0	0	0	0	0	0	0	0	0	0	0	0	0	0	0	0	0	0	0	0	0	0	0	0	0	0	0	0	0	0	0	0	0.04335	0	0	0	0	0	0	0	0	0	0	0	0	0	0.0123	0	0	0	0	0	0	0	0	0	0	0	0	0	0	0	0	0	0	0	0	0	0	0	0	0	0	0	0	0	0	0	0	0	0	0	0	0	0	0	0	0	0	0	0	0	0	0	0	0	0	0	0	0	0	0	0.13251	0	0.06052	0	0	0	0	0	0	0	0	0	0	0	0	0	0	0	0	0	0	0	0	0	0	0	0	0	0	0	0	0	0	0	0	0	0	0	0.02532	0	0	0	0	0	0	0	0	0	0	0	0	0	0	0	0	0	0	0
GGB9724_SGB15278	0	0	0	0	0	0	0	0	0	0	0	0	0	0	0	0	0	0	0	0	0	0	0	0	0	0	0	0	0	0	0	0	0	0	0	0	0	0	0	0	0	0	0	0	0	0	0	0	0	0	0	0	0	0	0	0	0	0	0	0	0	0	0	0	0	0	0	0	0	0	0	0	0	0	0	0	0	0	0	0	0	0	0.13126	0	0	0	0	0	0	0	0	0	0	0	0.00595	0	0	0	0.00357	0	0	0	0	0	0	0	0	0	0	0	0	0	0	0	0	0	0	0	0.0239	0	0	0	0	0	0	0	0	0.00539	0	0	0.01229	0	0	0	0	0	0	0	0.00803	0	0	0	0	0	0	0	0	0	0	0	0	0	0	0	0	0	0	0	0.00137	0	0	0	0	0	0	0	0	0	0
GGB9619_SGB15067	0	0	0	0	0	0.00615	0	0	0	0	0	0	0	0	0	0	0.00511	0	0	0	0	0.00781	0	0	0	0	0	0	0	0	0	0	0	0	0	0	0	0	0	0	0	0	0	0	0	0	0	0	0	0	0	0	0.01194	0.06643	0	0	0.00132	0	0	0	0.00699	0	0	0	0.00286	0.04861	0	0	0	0.00155	0	0	0	0	0	0	0	0.01036	0	0.00249	0	0	0	0	0	0	0	0	0	0.00358	0	0	0.0159	0	0	0	0	0	0	0.00457	0	0.00159	0	0	0	0	0	0.04601	0	0	0	0	0	0.0018	0	0	0	0	0	0	0	0	0	0	0.00997	0	0	0.04199	0	0	0	0	0	0	0	0	0	0	0	0	0	0	0	0	0	0	0.00387	0.04657	0	0	0	0.02051	0	0	0.00022	0.02489	0	0	0	0	0	0.00398	0	0.13078	0	0	0.06452	0	0
GGB9253_SGB14199	0	0	0	0	0	0	0	0	0	0	0	0	0	0	0	0	0	0	0	0	0	0	0	0	0	0	0	0	0	0	0	0	0	0	0	0	0	0	0	0	0	0	0	0	0	0	0	0	0	0	0	0	0	0	0	0	0	0	0	0	0	0	0	0	0	0	0	0	0	0.00443	0.13063	0	0	0	0	0	0	0	0	0	0	0	0	0	0	0	0	0	0	0	0	0	0	0	0	0.00063	0	0	0	0	0	0	0	0.08347	0	0	0	0	0	0	0	0	0	0	0	0	0	0	0	0	0	0	0	0	0	0	0	0	0	0	0	0	0	0	0	0	0	0	0	0	0	0	0	0	0	0	0	0	0	0	0	0	0	0	0	0	0	0	0	0	0	0	0	0	0	0	0	0	0
Pantoea_dispersa	0	0	0	0	0	0	0	0	0	0	0	0	0	0	0	0	0	0	0	0	0	0	0	0	0	0	0	0	0	0	0	0	0	0	0	0	0	0	0	0	0	0	0	0	0	0	0	0	0	0	0	0	0	0	0	0	0	0	0	0	0	0	0	0	0	0	0	0	0	0	0	0	0	0	0	0	0	0	0.1306	0	0	0	0	0	0	0	0	0	0	0	0	0	0	0	0	0	0	0	0	0	0	0	0	0	0	0	0	0	0	0	0	0	0	0	0	0	0	0	0	0	0	0	0	0	0	0	0	0	0	0	0	0	0	0	0	0	0	0	0	0	0	0	0	0	0	0	0	0	0	0	0	0	0	0	0	0	0	0	0	0	0	0	0	0	0	0	0	0	0
GGB1528_SGB2111	0	0	0	0	0	0	0	0	0	0	0	0	0	0	0	0	0	0	0	0	0	0	0	0	0	0	0	0	0	0	0	0	0	0	0	0	0	0	0	0	0	0	0	0	0	0	0	0	0	0	0	0	0	0	0	0	0	0	0	0	0	0	0	0	0	0	0	0	0	0	0	0	0	0	0	0	0	0	0	0	0	0	0	0	0	0	0	0	0	0	0	0	0	0	0	0	0	0	0	0	0	0	0	0	0	0	0	0	0	0	0	0	0	0	0	0	0	0	0	0	0	0	0	0	0	0	0	0	0	0	0	0	0	0	0	0	0	0	0	0	0	0	0	0	0	0	0	0	0	0	0	0	0	0	0	0	0	0	0	0	0	0	0	0	0	0	0	0.13058	0
GGB9767_SGB15385	0	0	0	0	0	0	0	0	0	0	0	0	0.01784	0	0	0	0	0	0	0	0	0	0	0	0	0	0	0	0	0	0	0	0.00109	0	0	0	0	0	0	0	0	0	0	0	0	0	0	0	0	0.01849	0	0	0	0	0	0	0	0	0	0	0	0	0	0.01405	0	0	0	0	0	0	0	0	0	0	0	0	0	0	0	0	0	0	0	0	0	0	0	0	0	0	0	0	0	0	0.0141	0	0	0	0.03449	0	0	0	0.06768	0.01908	0.00887	0	0	0	0	0	0	0	0	0	0	0	0	0	0	0.13032	0	0	0	0	0	0	0	0	0	0	0	0	0	0	0	0	0	0	0	0	0	0	0	0.01642	0	0	0	0	0	0	0	0	0	0	0	0	0	0	0	0	0	0	0	0	0	0	0	0	0
Bittarella_massiliensis	0	0	0	0.00037	0.04229	0	0	0.01204	0.08328	0.00656	0	0.00176	0	0.00647	0.0023	0.1301	0.0009	0.00762	0	0	0	0.00065	0.00133	0	0	0	0.00231	0	0.00261	0	0	0.10907	0.01642	0	0.01591	0	0.02618	0.08045	0	0	0	0.00374	0	0.00214	0	0.01915	0	0.00427	0.00727	0	0	0.00265	0	0	0	0	0	0	0.00347	0	0	0	0	0	0	0.01589	0	0	0	0	0	0	0	0	0	0	0	0.00027	0	0	0	0	0.00078	0.0033	0	0	0	0	0	0	0	0.02163	0	0.01192	0.00026	0.00198	0	0.07929	0.006	0	0	0	0	0	0	0	0	0.00311	0.0059	0	0.00389	0.00632	0.00842	0.00032	0	0	0	0.00377	0	0.0018	0	0	0	0	0	0	0.00032	0.00205	0	0	0.01301	0.00297	0	0	0.00875	0	0	0	0	0	0	0.00019	0	0	0	0	0	0	0	0	0	0	0	0	0	0	0	0	0	0	0	0	0	0	0	0	0	0	0
GGB4661_SGB6449	0	0	0	0	0	0	0	0	0	0	0	0	0	0	0	0	0	0	0	0	0	0	0	0	0	0	0	0	0	0	0	0	0	0	0	0	0	0	0	0	0	0	0	0	0	0	0	0	0	0	0	0	0	0	0	0	0	0	0	0	0	0	0	0.12975	0	0	0	0	0	0	0.0191	0	0	0	0	0	0	0	0	0	0	0	0	0	0	0	0	0	0	0.09905	0	0	0	0	0	0	0	0	0	0	0	0	0	0.01203	0	0	0	0	0	0	0	0	0	0	0	0	0	0	0	0	0	0	0	0	0	0	0	0	0	0	0	0	0	0	0	0	0	0	0	0	0	0	0	0	0	0	0	0	0	0	0	0	0	0	0	0	0	0	0	0	0	0	0	0	0	0	0	0	0
Schaalia_SGB17168	0	0.02301	0.02186	0	0	0.00961	0.00557	0.00983	0	0.00773	0	0.01449	0.00301	0.00018	0	0.00169	0	0	0	0.02757	0.05565	0	0	0.11595	0	0.00349	0	0	0.05831	0.00363	0	0.00704	0	0.03272	0	0	0.00403	0.12823	0.01199	0	0.00173	0.02477	0	0	0	0	0.02473	0	0.01003	0.03234	0	0	0	0	0	0	0	0	0	0	0	0	0	0	0	0	0	0	0	0.00378	0	0	0	0	0	0	0	0	0	0	0	0	0	0	0	0	0	0.00023	0	0	0	0	0	0	0	0	0	0	0	0	0	0	0	0	0	0	0.02969	0	0	0.00319	0	0	0.00182	0	0.00233	0	0.00692	0	0	0	0	0	0	0	0	0	0	0	0.0048	0	0	0	0	0.00134	0	0	0	0	0	0	0	0	0	0	0	0	0	0	0	0	0	0	0	0	0	0	0	0	0	0	0	0	0	0	0	0	0	0	0
Alistipes_provencensis	0.00273	0	0	0	0	0	0	0	0	0	0	0	0	0.12755	0.12681	0	0	0	0	0	0	0	0	0	0	0	0	0	0	0	0	0	0	0	0	0	0	0	0	0.00416	0	0	0	0	0	0	0	0	0	0	0	0	0	0	0	0	0	0	0	0	0	0	0	0.00303	0	0	0.00893	0	0	0	0	0	0.00487	0	0	0	0	0	0	0	0	0.00259	0	0.00146	0	0.01557	0	0	0	0	0	0	0	0	0	0	0	0	0	0	0	0	0	0	0	0	0	0	0	0	0	0	0	0	0	0	0	0	0	0	0	0	0	0	0	0	0	0.01852	0	0	0	0	0	0	0	0.0023	0	0.03476	0	0	0	0	0	0	0.01428	0	0	0	0	0	0	0	0	0	0	0	0	0	0	0	0	0	0	0	0	0	0	0.00873	0
Enterocloster_lavalensis	0	0	0.11223	0	0	0	0	0	0	0	0	0	0	0.00886	0.01685	0	0	0	0	0	0	0	0.00606	0	0	0.00644	0.0004	0	0	0	0	0	0	0	0	0	0	0	0	0	0	0	0	0	0	0	0	0.00028	0	0	0	0	0	0	0	0	0	0	0	0.12642	0.00614	0	0	0	0	0.07905	0.03147	0	0	0	0	0	0	0	0	0	0.01976	0	0	0	0	0	0	0.00409	0	0.0003	0.06476	0	0	0	0	0.01533	0	0	0	0	0	0	0.00067	0.00706	0	0	6e-05	0	0.00042	0	0	0	0	0	0	0.01122	0	0	0	0	0	0	0	0	0	0	0	0	0	0	0	0	0	0	0	0	0	0	0	0	0	0	0	0	0	0.00704	0	0	0	0	0	0	0.00882	0	0	0	0	0	0	0.00217	0	0	0.00101	0	0	0	0	0	0	0	0	0	0
Acidaminococcus_massiliensis	0	0	0	0	0	0	0	0	0	0	0	0	0	0	0	0	0	0	0	0	0	0	0	0	0	0	0	0	0.12623	0	0	0	0	0	0	0	0	0	0	0	0.05131	0	0	0	0	0	0	0	0	0	0	0	0	0	0	0	0	0	0	0	0	0	0	0	0	0	0	0	0	0	0	0	0	0	0	0	0	0	0	0	0	0	0	0	0	0	0	0	0	0	0	0	0	0	0	0	0	0	0	0	0	0	0	0	0.00357	0	0	0	0	0	0	0	0	0	0	0	0	0	0	0	0	0	0	0	0	0	0	0	0	0	0	0	0	0	0	0	0	0	0	0	0	0	0	0	0	0	0	0	0	0	0	0	0	0	0	0	0	0	0	0	0	0	0	0	0	0	0	0	0
GGB51884_SGB49168	0	0	0	0	0	0	0	0	0	0	0	0	0	0	0	0	0	0	0	0	0	0.06387	0	0	0	0	0	0	0	0	0	0	0	0	0	0.00417	0	0	0	0	0	0	0	0	0	0	0	0	0	0.0011	0	0	0.07419	0	0	0	0	0	0	0	0	0	0	0	0	0	0	0.02127	0	0	0.01507	0	0	0	0	0	0	0	0	0	0	0	0	0	0.0598	0	0	0	0	0.09873	0	0	0	0	0.026	0	0	0	0	0.03457	0.00471	0.02291	0.01516	0	0.00978	0	0	0	0.00065	0.00348	0	0	0	0	0	0	0	0.01879	0	0	0	0	0.01166	0	0.00498	0	0	0	0	0	0.04568	0	0	0	0	0	0.02854	0	0	0.00553	0	0	0	0.01267	0.12586	0	0	0.05503	0	0	0	0	0	0	0	0	0	0	0.10007	0	0	0.03654	0	0	0	0	0	0	0
Clostridiales_bacterium_Marseille_P2846	0	0	0	0	0	0	0	0	0	0	0	0	0	0	0	0	0	0	0	0	0	0	0	0	0	0	0	0	0	0	0	0	0	0	0	0	0	0	0	0	0	0	0	0	0	0.0032	0	0.12554	0	0	0	0	0	0	0	0	0	0	0	0	0	0	0	0	0	0	0	0	0	0	0	0	0	0	0	0	0	0	0	0	0	0	0	0	0	0	0	0	0	0	0	0	0	0	0	0	0	0	0	0	0	0	0	0	0	0	0	0	0	0	0	0	0	0	0	0	0	0	0	0	0	0	0	0	0	0	0	0	0	0	0	0	0	0	0	0	0	0	0.00175	0	0	0	0	0	0	0	0	0	0	0	0	0	0	0	0	0	0	0	0	0	0	0	0	0	0	0	0	0	0
GGB4586_SGB6344	0	0	0	0	0	0	0	0	0	0	0	0	0	0	0	0	0	0	0	0	0	0	0	0	0	0	0	0	0	0	0	0	0	0	0	0	0	0	0	0	0	0	0	0	0	0	0	0	0	0	0	0	0	0	0	0	0	0	0	0	0	0	0	0	0	0	0	0	0	0.0006	0.02594	0	0.01639	0	0	0	0	0	0	0	0	0	0	0	0	0	0	0	0	0	0	0	0	0	0	0	0	0	0	0	0	0	0	0.02222	0	0	0	0	0	0	0	0	0	0	0	0	0	0	0	0.12537	0	0	0	0	0	0	0	0	0	0	0	0	0	0	0	0	0	0	0	0	0	0	0	0	0	0	0	0	0	0	0	0	0	0	0	0	0	0	0	0	0	0	0	0	0	0	0	0	0
GGB3317_SGB4386	0	0	0	0	0	0	0	0	0	0	0	0	0	0	0	0	0	0	0	0	0	0	0	0	0	0	0	0	0	0	0	0	0	0	0	0	0	0	0	0	0	0	0	0	0	0	0	0	0	0.1253	0	0	0	0	0	0	0	0	0	0	0	0	0	0	0	0	0	0	0	0	0	0	0	0	0	0	0	0	0	0	0	0	0	0	0	0	0	0	0	0	0	0	0	0	0	0	0	0	0	0	0	0	0	0	0	0	0	0	0	0	0	0	0	0	0	0	0	0	0	0	0	0	0	0	0	0	0	0	0	0	0	0	0	0	0	0	0	0	0	0	0	0	0	0	0	0	0	0	0	0	0	0	0	0	0	0	0	0	0	0	0	0	0	0	0	0	0	0	0
GGB49418_SGB69331	0	0	0	0	0	0	0	0	0	0	0	0	0	0	0	0	0	0	0	0	0	0	0	0	0	0	0	0	0	0	0	0	0	0	0	0.12525	0	0.1125	0	0	0	0	0	0	0	0	0	0	0	0.0428	0	0	0	0	0	0	0	0	0	0	0	0	0	0	0	0	0	0	0	0	0	0	0	0	0	0	0	0	0	0	0	0	0	0	0	0	0	0	0	0	0	0	0.00284	0	0	0.03502	0	0	0	0	0	0	0	0	0.0073	0	0	0	0	0	0	0	0	0	0	0	0	0.00102	0	0.04748	0	0	0.00345	0	0.00099	0	0	0	0	0	0	0	0	0	0	0	0	0	0	0	0	0	0	0	0	0	0	0	0	0	0	0	0	0	0	0	0	0	0	0	0	0	0	0	0	0	0	0	0
Lentihominibacter_SGB71368	0	0.01809	0	0	0	0	0	0	0	0	0	0	0	0.00647	0.00421	0	0	0	0	0	0	0	0	0	0	0	0	0	0	0	0	0	0	0	0	0	0	0	0	0	0	0.02391	0	0	0	0.12477	0	0	0	0	0	0	0	0	0	0	0	0	0	0	0	0	0	0	0	0	0	0	0	0	0	0	0	0	0	0	0	0	0	0	0	0	0	0	0	0	0	0	0	0	0	0	0	0	0	0	0	0	0	0	0	0	0	0	0	0	0	0	0	0	0	0	0	0	0	0	0	0	0	0	0	0	0	0	0	0	0	0	0	0.00336	0	0	0	0	0	0	0	0	0	0	0	0.00547	0	0	0	0	0	0	0	0	0	0	0	0	0	0	0	0	0	0	0	0	0	0	0	0	0	0	0
GGB9237_SGB14179	0.05305	0	0	0	0	0	0	0	0	0.02033	0	0	0	0	0	0	0	0	0	0	0	0	0.02929	0	0	0	0	0	0	0	0	0	0	0	0	0.06075	0.00256	0	0	0.01054	0	0	0	0	0	0.12449	0	0	0	0.00328	0	0	0.00272	0	0	0	0	0	0	0	0.00587	0	0	0.00251	0	0	0	0.02475	0	0	0.01501	0	0	0	0	0	0	0	0	0.00682	0	0.02557	0	0.03344	0.02655	0	0	0	0	0.02388	0	0	0	0	0	0.02021	0	0	0.02088	0.02343	0	0	0.01269	0.01419	0.0048	0	0	0	0.00228	0	0	0	0.00206	0	0	0	0	0.02928	0	0.00071	0	0	0	0	0.01646	0	0	0	0	0	0	0	0	0	0.00522	0	0	0	0.03672	0.03087	0	0	0	0	0	0.00727	0	0	0	0.00942	0	0	0	0	0	0	0	0	0	0	0	0	0	0	0	0	0	0	0
GGB12785_SGB19823	0.00161	0	0.01338	0	0	0	0	0	0	0	0.03178	0.12425	0.00154	0	0	0	0	0	0.01446	0	0.01634	0	0	0	0	0.00367	0	0	0.0079	0	0	0	0	0.09845	0	0	0.0039	0	0	0.00019	0.0152	0	0	0	0	0	0	0	0	0	0	0	0	0	0	0	0	0	0	0	0	0	0.00532	0	0	0	0	0.00032	0.0002	0	0	0	0	0	0.00135	0	0	0	0	0	0	0	0	0	0	0	0.00617	0.02906	0	0	0	0	0	0	0	0	0.00323	0.00181	0	0	0.00826	0	0	0	0	0	0	0	0	0	0	0	0	0	0.00386	0	0	0	0	0	0	0	0	0	0	0	0	0	0	0	0.00088	0	0	0.00093	0.00089	0	0	0	0	0	0	0	0	0	0	0	0	0	0	0	0	0	0	0	0	0	0	0	0	0	0	0	0	0	0	0	0	0	0
GGB9719_SGB15273	0	0	0	0	0	0	0	0	0	0.01243	0	0	0	0	0	0	0	0	0	0	0	0	0	0	0	0	0	0	0	0	0	0	0	0	0	0	0.01512	0	0	0	0	0	0	0	0	0	0	0	0	0	0	0	0	0	0	0	0	0	0	0	0	0	0	0.00701	0	0	0.12389	0.03467	0	0	0	0	0	0	0	0	0	0	0	0	0	0	0	0	0	0	0	0	0	0	0	0	0	0	0	0.00634	0	0	0.02052	0.0615	0	0.00225	0	0	0.01773	0	0	0	0	0	0	0	0	0	0	0	0	0.0022	0.01012	0	0	0	0	0	0	0	0	0	0	0	0	0	0	0	0	0	0.01281	0	0	0	0	0	0	0	0	0	0	0	0	0	0	0	0	0	0	0	0	0	0	0	0	0	0	0	0	0	0.00168	0	0
GGB4456_SGB6141	0.02272	0	0	0	0	0.00119	0	0	0	0	0.00315	0	0	0	0	0	0	0	0	0	0	0	0.04911	0.02758	0.12358	0	0	0	0	0.00561	0	0	0	0	0	0	0	0	0	0.002	0	0	0.02646	0.00541	0.05247	0	0	0	0	0	0	0	0	0	0	0	0	0	0	0	0	0	0	0	0	0	0	0	0	0	0	0	0	0.0009	0	0	0	0	0	0	0	0	0	0	0	0	0	0	0	0	0	0	0	0.0019	0	0	0	0	0	0	0	0	0.00067	0	0	0	0.00275	0	0	0	0	0	0	0	0	0	0	0	0	0	0	0	0	0	0	0	0	0	0	0	0	0	0	0	0	0	0	0	0	0	0	0	0	0	0	0	0	0	0	0	0	0	0	0	0	0	0	0	0	0	0	0	0	0	0	0	0	0	0
Anaerotignum_sp_MSJ_24	0	0	0	0	0	0	0	0	0.06509	0.0494	0	0	0.01055	0	0	0	0.07815	0	0	0	0	0	0	0	0	0	0	0	0	0.01947	0	0	0.00458	0	0	0	0	0	0	0.04281	0	0.03134	0	0	0	0.00486	0	0	0	0	0.0425	0.05507	0.04598	0	0	0.00268	0	0.02663	0	0	0.03458	0.00505	0	0.01214	0	0	0.12227	0	0.01074	0.04081	0.09276	0.04187	0.00708	0	0	0	0	0	0.00873	0	0.01211	0.01773	0	0	0	0	0	0	0	0	0	0	0	0	0.01392	0.03282	0	0	0.01473	0.04165	0.00526	0	0.05033	0.04856	0.02111	0.00653	0	0.05295	0.00858	0	0.00542	0.06259	0	0	0	0	0	0.00639	0.08723	0.00342	0	0	0.0275	0.02519	0.02374	0.05965	0.00747	0.05418	0	0.0049	0.04801	0.05297	0.00834	0	0.01627	0.01347	0.01124	0.00523	0	0.03186	0	0.03971	0	0.05426	0.00285	0.02006	0.04338	0	0.01068	0	0	0	0.01489	0	0	0	0	0.00324	0	0	0	0.01149	0.04606	0	0	0	0	0.01811	0
Megasphaera_sp_DJF_B143	0	0	0	0	0	0	0	0	0	0	0	0	0	0	0	0	0	0	0	0	0	0	0	0	0	0	0	0	0	0	0	0	0	0	0	0	0	0	0	0	0	0	0	0	0	0	0	0	0	0	0	0	0	0	0	0	0	0	0	0	0	0	0	0	0	0	0	0	0	0	0	0	0	0	0	0	0	0	0	0	0	0	0	0	0	0	0	0	0	0	0	0	0	0	0	0	0	0.12225	0	0	0	0	0	0	0	0	0	0	0	0	0	0	0	0	0	0	0	0	0	0	0	0	0	0	0	0	0	0	0	0	0	0	0	0	0	0	0	0	0	0	0	0	0	0	0	0	0	0	0	0	0	0	0	0	0	0	0	0	0	0	0	0	0	0	0	0	0	0	0
Bilophila_SGB15450	0	0	0	0	0	0	0	0	0	0	0	0	0	0	0	0	0	0	0	0	0	0	0	0	0	0	0	0	0	0	0	0	0	0	0	0	0	0	0	0	0	0	0	0	0	0	0	0	0	0	0	0	0	0	0	0	0	0	0	0	0	0	0	0	0	0	0	0	0	0	0	0	0	0	0	0	0	0	0	0	0	0	0	0	0	0	0	0	0	0	0	0	0	0	0	0	0	0	0	0	0	0	0	0	0	0	0	0	0.12215	0	0	0	0	0	0	0	0	0	0	0.00082	0	0	0	0	0	0	0	0	0	0	0	0	0	0	0	0	0	0	0	0	0	0	0	0	0	0	0	0	0	0	0	0	0	0	0	0	0	0	0	0	0	0	0	0	0	0	0	0	0
Streptococcus_infantarius	0	0	0	0	0	0	0	0	0	0	0	0.03711	0	0	0	0	0	0	0	0	0	0	0	0	0	0	0	0	0	0	0	0	0	0	0	0	0	0	0	0	0	0	0	0	0	0.12163	0	0	0	0	0	0	0	0	0	0	0	0	0	0	0	0	0	0	0	0	0	0	0	0	0	0	0	0	0	0	0	0	0	0	0.10737	0	0	0	0	0	0	0	0	0	0	0	0	0	0	0	0	0	0	0	0	0	0	0	0	0	0	0	0	0.00051	0	0	0.01987	0	0	0	0	0	0	0	0	0	0	0	0	0	0	0	0	0	0	0	0	0	0	0	0	0	0	0	0	0	0	0	0	0	0	0	0	0	0	0	0	0	0	0	0	0	0	0	0	0	0	0	0	0	0	0	0
Coprobacillus_sp_AF33_1AC	0	0	0	0	0	0	0	0	0	0	0	0	0.00024	0	0	0	0	0	0	0	0	0.00621	0	0	0	0	0	0	0	0	0	0	0	0	0	0	0	0	0	0	0.00146	0	0	0	0	0	0	0	0	0.0168	0	0	0	0	0	0	0	0	0	0	0	0	0	0	0	0	0	0.00333	0	0	0	0	0	0	0	0	0	0	0	0	0	0	0.02063	0	0	0	0	0	0	0	0	0	0	0	0	0	0	0	0	0	0	0	0	0	0	0	0	0	0	0	0.12055	0	0	0	0	0	0	0	0	0.00903	0	0	0	0.00875	0.00661	0.0273	0	0	0.04653	0	0.04085	0	0	0	0	0	0	0	0	0	0	0	0	0	0	0	0	0	0	0	0	0	0	0	0	0	0	0	0	0	0	0	0	0	0	0	0	0	0
Congzhengia_minquanensis	0	0	0	0	0	0	0	0	0	0	0	0	0	0	0	0	0	0	0	0	0	0	0.11995	0	0	0	0	0	0	0.08859	0	0	0	0	0	0	0	0	0	0	0	0.00532	0	0	0	0	0	0	0	0	0	0	0	0	0	0	0	0	0	0	0	0	0	0	0	0	0	0	0	0	0	0	0	0	0	0	0	0	0	0	0	0	0	0	0	0	0	0	0	0	0	0	0	0	0.0124	0.03644	0	0	0.00548	0	0	0	0	0	0	0	0	0	0	0	0	0	0	0	0	0	0	0	0	0.05962	0	0	0	0	0	0	0	0	0	0	0.0217	0	0	0	0	0	0	0	0	0	0	0	0	0	0	0	0	0	0	0	0	0	0	0	0	0	0	0	0	0	0	0	0	0	0	0	0	0	0
GGB9590_SGB15012	0.04464	0	0	0	0	0	0	0	0.00844	0.03119	0	0	0.00584	0	0	0	0	0	0	0	0	0	0	0	0	0.00902	0	0	0	0	0	0	0.00956	0	0	0.0476	0	0	0	0.0243	0	0.04582	0	0	0	0.11932	0	0	0	0.01233	0	0	0	0	0	0	0	0	0	0	0	0	0	0	0	0	0	0.00761	0	0	0.00144	0	0	0	0.0048	0	0	0.01558	0	0.09113	0	0	0	0	0	0	0	0	0	0	0	0	0.0011	0	0	0.00744	0	0	0.0097	0	0	0	0.04066	0	0	0	0.00312	0	0	0	0.00167	0	0	0	0	0	0	0.01662	0	0.00185	0	0	0	0	0	0	0.00019	0	0.00559	0	0.05641	0.0148	0	0	0	0	0	0.0033	0.02889	0	0	0	0	0	0	0	0	0	0	0	0	0	0	0	0.01426	0	0	0.00114	0	0	0	0	0	0	0	0	0	0	0
Eubacteriales_unclassified_SGB15148	0	0	0.11927	0	0	0	0	0	0	0	0	0	0	0	0	0	0	0	0	0	0.01327	0	0	0	0	0	0	0	0	0	0	0	0	0	0	0	0	0	0	0	0	0.00899	0	0	0	0	0	0	0	0	0	0	0	0.00865	0	0	0	0	0	0	0	0	0	0	0	0	0	0	0	0	0	0	0	0	0	0	0	0	0	0	0	0	0	0	0	0	0	0	0	0	0	0	0	0	0	0	0	0	0	0	0	0	0	0	0	0.00557	0	0	0	0	0	0	0	0	0	0	0	0	0	0	0	0	0	0	0	0	0	0	0	0	0	0	0	0	0	0	0	0	0	0	0	0	0	0	0	0	0	0	0.11178	0	0	0	0	0	0	0	0	0	0	0	0	0	0	0	0	0	0	0	0
Faecalicoccus_pleomorphus	0	0.02032	0	0	0	0	0	0	0	0	0	0	0	0	0	0	0	0	0	0	0.11874	0	0	0	0	0	0	0	0	0	0	0.00141	0.00401	0	0	0	0	0	0	0	0	0.00692	0	0	0	0	0	0	0	0	0	0	0	0	0	0	0	0	0	0	0	0	0	0	0	0	0	0	0	0	0	0	0	0	0	0	0	0	0	0	0	0	0	0	0	0	0	0	0	0	0	0	0	0	0	0	0	0	0	0	0	0	0	0	0	0	0	0	0	0	0	0	0	0	0	0	0	0	0	0	0	0	0	0	0	0	0	0.01507	0	0	0	0	0	0	0	0	0	0	0	0	0	0	0	0	0	0	0	0	0	0	0	0	0	0	0	0	0	0	0	0	0	0	0	0	0	0	0	0	0
GGB9765_SGB15382	0.00497	0	0	0	0	0	0	0.11841	0	0	0	0	0	0	0	0	0	0	0	0	0	0	0	0	0	0	0	0	0	0	0	0	0	0	0	0	0	0	0	0	0	0	0	0	0	0	0	0	0	0	0	0	0	0	0	0	0	0	0	0	0	0	0	0	0	0	0	0	0	0	0	0	0	0	0	0	0	0	0	0	0	0	0	0.0131	0	0.00062	0	0	0	0	0	0	0	0	0	0.00377	0	0	0	0	0	0	0	0	0	0	0	0	0	0	0	0	0.01938	0	0	0	0	0	0	0	0	0	0	0.02034	0.00073	0	0.00347	0.03389	0	0	0	0	0	0	0	0	0	0	0	0	0	0	0	0	0	0	0	0	0	0	0	0	0	0	0	0	0	0	0	0	0	0	0	0	0	0	0	0	0
GGB6613_SGB9347	0	0	0	0	0	0	0	0	0	0	0	0	0	0	0	0	0	0	0	0	0	0	0.02233	0	0	0	0	0	0	0	0	0	0	0	0	0	0	0	0	0	0	0	0	0	0	0	0	0	0	0	0	0	0	0	0	0	0	0	0	0	0	0	0	0.00084	0	0.00409	0	0	0	0	0	0	0	0	0	0	0	0	0	0	0	0	0	0	0	0.01229	0	0	0	0.11749	0	0	0	0	0	0	0	0	0	0	0	0	0	0	0.0029	0	0	0	0	0	0	0	0	0	0	0	0	0.01292	0	0	0	0	0	0	0	0	0	0	0	0	0	0	0	0	0	0	0.00341	0	0	0	0	0	0	0	0	0	0	0	0	0	0.03683	0	0	0	0	0	0	0	0	0	0	0	0	0	0	0	0	0	0
GGB9787_SGB15410	0	0	0	0	0	0	0	0	0	0.02979	0	0	0	0.0008	0	0	0.01259	0	0	0	0	0	0.0242	0	0	0	0	0	0	0	0	0	0.01128	0	0	0	0.03452	0	0	0	0	0	0	0	0	0	0	0	0	0.11698	0	0	0	0	0	0	0	0	0	0	0	0	0	0.0002	0	0	0	0.04997	0	0	0	0	0	0	0	0	0	0	0	0	0	0	0	0	0	0	0	0	0	0	0	0	0	0	0.00459	0	0	0	0.01636	0	0	0	0.026	0.00193	0.00352	0	0	0	0	0	0	0	0	0	0	0	0	0	0	0.01025	0	0	0	0.00729	0	0	0	0	0	0	0.03776	0	0	0	0	0	0	0	0.01945	0	0	0	0	0	0	0	0	0	0	0	0	0	0	0	0	0	0	0	0	0	0	0	0	0	0	0	0	0	0
Lachnospiraceae_bacterium_OF09_6	0.05118	0	0	0	0	0	0	0	0	0	0	0	0	0	0	0	0.00366	0	0	0	0	0	0	0	0	0	0	0	0	0.04202	0	0	0.01409	0	0	0.0022	0.01386	0	0	0	0	0	0	0	0	0	0	0	0.11581	0.03493	0	0	0	0	0	0	0	0.00397	0	0	0	0	0	0	0	0	0	0.01037	0	0	0.00118	0	0	0	0	0	0	0	0	0	0	0	0	0	0	0	0	0	0	0	0	0	0	0	0	0	0	0	0	0	0.00552	0	0.00186	0.00932	0	0	0	0	0	0.02173	0	0	0	0	0	0	0	0	0	0	0.002	0	0	0	0.00488	0	0.00823	0	0	0	0	0	0	0	0	0	0	0	0	0	0	0	0	0	0	0	0	0	0	0	0	0	0	0	0.00531	0	0	0	0	0	0	0	0	0	0	0	0	0	0
GGB9618_SGB15065	0	0	0	0	0	0	0	0	0	0	0	0	0	0	0	0	0	0	0	0	0	0	0.106	0	0	0	0	0	0	0.01429	0	0	0	0	0	0.05236	0	0	0	0	0	0.11326	0	0	0	0	0	0	0	0	0	0	0	0	0	0	0	0	0	0	0	0	0	0	0	0	0	0	0	0	0	0	0	0	0	0	0	0	0	0	0	0	0	0	0	0	0	0	0	0	0	0	0.0206	0	0.0129	0.0383	0	0	0.11551	0	0	0	0.0286	0	0	0	0	0	0.01091	0	0	0	0	0	0	0	0	0.02627	0	0	0	0	0	0	0	0	0.0008	0	0	0	0.01837	0	0	0	0	0	0	0	0	0	0	0	0	0	0	0	0	0	0	0	0	0	0	0	0	0	0	0	0	0	0	0	0	0	0	0	0	0	0
GGB9608_SGB15041	0	0	0	0	0	0	0	0	0	0	0	0	0	0	0	0	0.01878	0	0	0	0	0	0	0	0	0	0	0	0	0	0	0	0.01268	0	0	0	0.03973	0	0	0	0	0.01034	0	0	0	0	0	0	0	0	0	0	0	0	0	0	0	0	0	0	0	0	0	0	0	0	0	0	0	0	0	0	0	0	0	0	0	0	0	0	0	0	0	0	0.00387	0	0	0	0	0	0	0	0	0	0	0	0.00546	0	0	0	0	0	0.10847	0.01594	0	0	0	0	0	0.00488	0.11531	0.05394	0	0	0	0	0	0.0111	0	0.01974	0	0	0	0	0	0	0	0.023	0.01204	0	0	0	0	0	0.04724	0	0	0	0	0	0	0	0	0	0	0	0	0	0	0	0	0	0	0	0	0	0	0	0	0	0	0	0	0	0	0	0	0	0
GGB52130_SGB14966	0	0	0.03181	0	0	0	0	0	0.03128	0.01817	0	0	0.01215	0	0	0	0	0	0	0	0	0.01362	0	0	0	0.02001	0	0	0	0.01809	0	0	0.01594	0	0	0.01125	0.0053	0	0	0.00494	0.02565	0.05168	0	0	0	0	0	0	0.05758	0.00375	0	0.11519	0	0	0	0	0	0.01506	0	0	0.01061	0.00424	0	0.00106	0	0	0.00819	0.01066	0	0.01088	0	0.02428	0.01541	0	0.0152	0	0	0.01774	0	0.00034	0	0.03182	0	0.00592	0	0	0	0	0.02986	0	0	0	0.00083	0	0.00066	0.0171	0	0.03591	0.01401	0.02026	0	0	0.01503	0.00455	0.01004	0	0.00316	0.10399	0.00652	0.00203	0	0.01006	0.01662	0.0059	0	0	0	0.01445	0	0	0.00347	0	0	0	0.01186	0.00282	0.01391	0.00597	0	0	0.02051	0.02581	0.01665	0	0.01463	0	0.00083	0	0.01928	0.00452	0	0.01399	0	0	0	0.00013	0	0.00462	0	0	0	0	0.00404	0	0	0	0	0	0	0	0	0.00272	0	0	0	0	0	0	0
Romboutsia_ilealis	0	0	0	0	0	0	0	0	0	0	0	0	0	0	0	0	0	0	0	0	0	0	0	0	0	0	0.11501	0	0	0	0	0	0	0	0	0	0	0	0	0	0	0	0	0	0	0	0	0	0	0	0	0	0	0	0	0	0	0	0	0	0	0	0	0	0	0	0	0	0	0	0	0	0	0	0	0	0	0	0	0	0	0	0	0	0	0	0	0	0	0	0	0	0	0	0	0	0	0	0	0	0	0	0	0	0	0	0	0	0	0	0	0	0	0	0	0	0	0	0	0	0	0	0	0	0	0	0	0	0	0	0	0	0	0	0	0	0	0	0	0	0	0	0	0	0	0	0	0	0	0	0	0	0	0	0	0	0	0	0	0	0	0	0	0	0	0	0	0	0
Gordonibacter_sp_28C	0	0	0	0	0	0	0	0	0	0	0	0	0	0	0	0.00142	0	0	0	0	0	0	0	0.00946	0	0	0	0	0	0	0	0	0	0	0	0	0	0	0	0	0	0	0	0	0	0	0.11465	0.07632	0	0	0	0	0	0	0	0	0	0	0	0	0	0	0	0	0	0	0	0	0	0	0	0	0	0	0	0	0	0	0	0	0	0	0	0	0	0	0	0	0	0	0	0	0	0	0	0	0.01527	0	0	0	0	0	0	0	0	0	0	0	0	0	0	0	0	0	0	0	0	0	0	0	0	0	0	0	0	0	0	0	0	0	0	0	0	0	0	0	0	0	0	0	0	0	0	0	0	0	0	0	0	0	0	0	0	0	0	0	0	0	0	0	0	0	0	0	0	0	0	0	0
GGB6649_SGB9391	0.00784	0	0	0	0	0	0	0	0	0.01583	0	0	0	0	0	0	0	0	0	0	0	0	0	0	0	0	0	0	0	0	0	0	0	0	0	0	0	0	0	0	0	0	0	0	0	0	0	0	0.01791	0.01777	0	0	0	0	0	0	0	0	0	0	0	0	0	0.00081	0	0	0	0.11307	0	0	0	0	0	0	0	0	0	0	0	0	0	0	0	0	0	0	0	0	0	0	0	0.02531	0	0	0.00705	0.02247	0	0	0.07367	0	0.00202	0	0	0	0	0	0	0	0.0022	0	0	0	0	0	0	0	0	0	0.10273	0	0	0	0.00245	0	0	0	0	0	0.0002	0	0	0	0	0	0	0	0	0	0.0216	0	0.00094	0	0	0.1144	0.01048	0.00411	0	0	0	0	0	0	0	0	0	0.04123	0	0	0	0	0	0	0	0	0	0	0	0	0
Lactobacillus_acidophilus	0	0	0	0	0	0	0.11426	0	0	0	0	0	0	0	0	0	0	0	0	0.0001	0	0	0	0	0	0	0	0	0	0	0	0	0	0	0	0	0	0	0	0	0	0	0	0	0	0	0	0	0	0	0	0	0	0	0	0	0	0	0	0	0	0	0	0	0	0	0	0	0	0	0	0	0	0	0	0	0	0	0	0	0	0	0	0	0	0	0	0	0	0	0	0	0	0	0	0	0	0	0	0	0	0	0	0	0	0	0	0	0	0	0.01216	0	0	0	0.05739	0	0	0	0	0	0	0	0	0	0	0	0	0	0	0	0	0	0	0	0	0	0	0	0	0	0	0	0	0	0	0	0	0	0	0	0	0	0	0	0	0	0	0	0	0	0	0	0	0	0	0	0	0	0
GGB9075_SGB13997	0	0	0	0	0	0	0	0	0	0	0	0	0	0	0	0	0	0	0	0	0	0	0	0	0	0	0	0	0	0	0	0	0	0	0	0	0	0	0	0	0	0	0	0	0	0	0	0	0	0.11416	0	0	0	0	0	0	0	0	0	0	0	0	0	0	0	0	0	0	0	0	0	0	0	0	0	0	0	0	0	0	0	0	0	0	0	0	0	0	0	0	0	0	0	0	0	0	0	0	0	0	0	0	0	0	0	0	0	0	0	0	0	0	0	0	0	0	0	0	0	0	0	0	0	0	0	0	0	0	0	0	0	0	0	0	0	0	0	0	0	0	0	0	0	0	0	0	0	0	0	0	0	0	0	0	0	0	0	0	0	0	0	0	0	0	0	0	0	0	0
Actinomyces_sp_oral_taxon_448	0.00757	0	0.00419	0.01533	0.00236	0	0	0	0	0	0.05848	0.0085	0.00159	0	0	0	0	0	0	0	0.00297	0	0	0	0	0.0019	0.04527	0	0	0	0.00071	0	0.11407	0.00507	0.0003	0	0	0.01919	0	0.00518	0	0	0.00845	0.01101	0.00439	0.04186	0	0.01095	0	0.00025	0	0	0	0	0	0	0	0	0	0	0	0	0	0	0	0	0	0	0	0	0	0	0	0	0	0	0	0	0	0	0	0	0	0	0	0	0	0	0.00433	0	0	0	0	0	0	0	0	0	0	0	0	0	0	0	0	0	0	0	0	0	0.00631	0	0	0	0	0	0	0	0	0	0	0	0	0	0	0	0	0	0	0	0	0	0	0	0	0	0	0	0	0	0	0	0	0	0	0	0	0	0	0	0	0	0	0	0	0	0	0	0	0	0	0	0	0	0	0	0	0	0
Granulicatella_SGB8255	0.01074	0.04605	0.03632	0.01029	0	0.00234	0.02105	0	0.00259	0.01146	0.01055	0.02038	0.01332	0.00089	0	0	0	0	0.0018	0.00067	0.07574	0	0.00036	0	0.01402	0.01892	0.09317	0.00326	0.00602	0.00329	0.0452	0.00487	0.05292	0.11402	0.01933	0	0.00486	0.01223	0.00176	0	0	0	0.03927	0.04422	0.00269	0.00365	0.00274	0.0142	0.0079	0.00159	0	0	0	0	0	0	0.00971	0	0	0	0	0	0.00186	0	0.04243	0	0	0	0	0	0	0	0	0.01298	0	0	0.00182	0	0.00578	0	0.01497	0	0	0	7e-05	0.00348	0.01941	0.00667	0.02921	0	0	0	0	0.00042	0	0	0.00195	0	0	0	0.00817	0	0	0	0	0	0.01185	0	0	0.00619	0	0	0.00445	0	0.00284	0	0.0546	0	0	0	0	0.00922	0	0	0	0	0	0	0.01458	0.00146	0	0	0.00069	0.00819	0.00089	0	0	0	0	0	0	0	0	0.00361	0	0	0	0	0	0	0	0	0	0	0	0	0	0	0	0	0	0	0	0	0	0	0	0	0
Pseudoflavonifractor_sp_MSJ_37	0	0	0	0	0	0	0	0	0	0	0	0	0.11372	0	0	0	0	0	0	0	0	0	0	0	0	0	0	0	0	0	0	0	0	0	0	0	0	0	0	0	0	0	0	0	0	0	0	0	0.00089	0	0	0	0	0	0	0	0	0	0	0	0	0	0	0.00032	0	0	0	0	0	0	0	0	0	0	0	0	0	0	0	0	0	0	0	0	0	0	0	0	0	0	0	0	0.01219	0	0.00687	0.00207	0	0	0	0	0.00333	0	0	0	0	0	0	0	0	0	0	0	0	0	0	0	0	0	0	0	0	0	0	0	0	0	0	0	0	0	0.00249	0.00691	0	0	0	0	0	0	0	0	0	0	0	0	0	0	0.00086	0	0	0	0	0	0	0	0	0	0	0	0	0	0	0	0	0	0	0	0	0	0
TM7_phylum_sp_oral_taxon_348	0	0.01135	0.07759	0	0	0	0.01997	0.00639	0	0.00698	0	0.01669	0.09645	0	0	0.02657	0	0	0.00548	0	0.11308	0	0	0	0	0	0.00783	0	0	0.02613	0.03417	0.00501	0	0.04672	0.00801	0	0.00018	0	0	0	0	0	0.02761	0	0	0	0	0	0	0	0	0	0	0	0	0	0	0	0	0	0	0	0.00087	0.00078	0	0	0	0	0	0	0	0	0	0	0	0	0	0	0	0	0	0	0	0	0	0	0.00094	0.00178	0	0	0	0	0	0	0	0	0	0.00665	0	0	0.00427	0.00922	0	0	0	0	0.00575	0	0	0	0.00223	0	0.0001	0	0	0	0	0	0	0	0.00331	0	0	0	0	0	0	0	0	0.00381	0.00048	0	0	0	0	0	0	0	0	0	0	0	0	0	0	0	0	0	0	0	0	0	0	0	0	0	0	0	0	0	0	0	0	0	0	0	0	0	0
GGB6608_SGB9342	0	0	0	0	0	0	0	0	0	0	0	0	0	0	0	0	0	0	0	0	0	0	0	0	0	0	0	0	0	0	0	0	0	0	0	0	0	0	0	0	0	0	0	0	0	0	0	0	0	0	0	0	0	0	0	0	0	0	0	0	0	0	0	0	0	0	0	0	0	0	0	0	0	0	0	0	0	0	0	0	0	0	0	0	0	0	0	0	0	0	0	0	0	0	0	0	0	0	0	0	0	0	0	0	0	0	0	0	0	0	0	0.11275	0	0	0	0	0	0	0	0	0	0	0	0	0	0	0	0	0	0	0	0	0	0	0	0	0	0	0	0	0	0	0	0	0	0	0	0	0	0	0	0	0	0	0	0	0	0	0	0	0	0	0	0	0	0	0	0	0
Lactococcus_petauri	0	0	0.00505	0	0	0	0	0	0	0	0	0	0	0	0	0	0	0	0	0	0	0	0.03522	0	0.00588	0	0	0	0	0	0	0	0	0	0	0	0	0.04203	0	0	0	0	0	0	0	0	0	0	0	0.01217	0.00671	0	0	0	0	0	0	0	0	0	0.11252	0	0	0	0	0	0	0	0	0	0	0	0	0	0	0	0	0	0	0	0	0	0	0	0	0	0	0	0	0	0	0	0	0.00134	0	0	0	0	0	0	0	0	0	0	0	0	0	0	0	0	0	0	0	0	0	0	0	0	0	0	0	0	0	0	0	0	0	0	0	0	0	0	0	0	0	0	0	0	0	0	0	0	0	0	0	0	0	0	0	0	0	0	0	0	0	0	0	0	0	0	0	0	0	0	0	0	0	0	0
Clostridiaceae_bacterium_Marseille_Q4145	0.0024	0	0	0	0	0	0	0	0	0	0	0	0	0	0	0	0	0	0	0	0	0.00232	0	0	0	0	0	0	0	0	0	0	0	0	0	0	0	0	0	0	0	0	0	0	0	0	0	0	0	0	0.00541	0	0	0	0	0	0	0.05819	0	0	0	0.01246	0	0	0	0	0.08365	0.00437	0.08335	0.00734	0.06004	0.03272	0.11249	0	0.00972	0	0	0	0	0	0.01496	0.05193	0	0.00931	0.03018	0	0	0	0	0	0.00985	0.00735	0.04391	0.00393	0.03709	0.00922	0	0.00091	0	0	0.01527	0.03656	0.02385	0.00371	0.01254	0	0.00163	0	0.01425	0	0	0	0.00417	0	0	0	0	0.01563	0.01441	0	0	0	0.0293	0.03538	0.0356	0.01171	0.00332	0	0	0	0.0335	0	0.04132	0	0.03116	0.00244	0.01615	0	0.00939	0.00273	0	0	0	0	0	0	0	0	0	0.05178	0	0	0	0	0	0	0	0	0	0	0	0	0	0	0	0	0	0	0
GGB3287_SGB4341	0.08506	0	0	0	0	0	0	0	0	0	0	0	0	0	0	0	0	0	0	0	0	0	0.11248	0	0	0	0	0	0	0	0	0	0	0	0	0.09965	0	0	0	0	0	0	0	0	0	0.01182	0	0	0	0	0	0	0	0	0	0	0	0	0	0	0	0	0	0	0	0	0	0	0	0	0	0	0	0	0	0	0	0	0	0	0	0	0	0	0	0	0	0	0	0	0	0	0	0	0	0.03093	0	0	0	0	0	0	0	0	0	0	0	0	0	0	0	0	0	0	0	0	0	0	0	0	0	0	0	0	0	0	0	0	0	0	0	0	0	0	0	0	0	0	0	0	0	0	0	0	0	0	0	0	0	0	0	0	0	0	0	0	0	0	0	0	0	0	0	0	0	0	0	0	0
Christensenella_hongkongensis	0	0	0	0	0.06308	0	0.01583	0.06394	0	0	0	0.112	0	0.00422	0.00245	0.03465	0	0.01911	0	0	0	0	0.03216	0	0	0.00267	0	0	0	0.00042	0	0.01616	0	0	0	0.02619	0	0.0117	0	0	0.00536	0	0	0	0	0.00339	0	0.03243	0	0	0	0	0	0	0	0	0	0	0	0	0.00215	0	0	0.00301	0	0.00258	0	0.003	0	0	0	0	0	0	0	0	0	0	0	0.00178	0	0	0	0.00165	0	0.01141	0	0	0	0	0	0	0	0	0	0.00332	0.01539	0.07558	0	0.00031	0	0	0	0	0.00245	0	0	0.00755	0	0	0	0.05122	0.00489	0	0	0	0	0	0.00081	0.00056	0.00571	0	0	0	0	0	0	0	0	0	0.00252	0	0	0	0	0	0	0	0.00332	0	0	0	0	0	0	0	0	0	0	0	0	0	0	0	0	0	0	0	0	0	0	0	0	0	0	0	0	0	0
Bacteroides_acidifaciens	0	0	0	0	0	0	0	0	0	0	0	0	0	0	0	0	0	0	0	0	0	0	0	0	0	0	0	0	0	0	0	0	0	0	0	0	0	0	0	0	0	0	0	0.00094	0	0	0	0	0	0	0	0	0	0	0	0	0	0	0	0	0	0	0	0	0	0	0	0	0	0	0	0	0	0	0	0	0	0	0	0	0	0	0	0	0	0	0	0	0	0	0	0	0	0	0	0	0	0	0	0	0	0	0	0	0	0	0	0	0	0	0	0	0	0	0	0	0	0	0	0	0	0	0	0	0	0	0	0	0	0	0	0	0	0	0	0	0	0	0	0	0	0	0	0	0	0	0	0	0	0	0.00048	0	0	0	0	0	0	0	0	0	0	0	0	0	0	0.11195	0	0	0
Clostridium_sp_AF32_12BH	0.00881	0	0	0	0	0	0	0	0	0	0	0	0.00153	0.01233	0.01806	0	0	0	0.00793	0.00719	0	0	0	0	0	0.02673	0	0	0	0	0	0	0	0	0	0	0	0	0	0	0	0	0	0	0	0	0	0	0	0.00715	0	0	0	0	0	0	0	0	0	0	0.00629	0.00443	0	0	0.1102	0	0	0.00537	0.01646	0	0.00148	0	0.00475	0	0	0	0	0	0	0.00228	0	0.00332	0	0.03981	0.02134	0	0	0.03938	0	0.00718	0	0	0	0	0.01348	0.00036	0	0	0.00062	0	0.02442	0	0.00591	0.00061	0.00194	0.00911	0.01324	0	0.01084	0	0.03781	0	0.00066	0	0	0	0	0.00448	0.11192	0.00174	0.00028	0	0	0	0.00679	0.00679	0.01431	0.00543	0	0	0.01529	0	0	0	0.02316	0.01828	0	0.01258	0	0.00389	0	0	0	0	0.02153	0.01514	0	0.00825	0.08265	0.0035	0	0	0	0	0	0	0	0.00477	0.02749	0	0	0.01302	0.00175	0	0	0	0	0	0
GGB9501_SGB14898	0.0117	0	0	0	0	0	0	0.00565	0	0.01472	0	0	0	0.07489	0.09489	0	0	0	0	0	0	0	0	0	0	0	0	0	0	0.04203	0	0	0	0	0	0	0	0	0	0.02846	0	0	0	0	0	0.03024	0	0	0	0	0	0	0	0	0	0	0	0	0	0	0	0	0	0	0	0	0	0	0	0	0	0	0	0	0	0	0	0	0	0.01316	0	0	0	0	0	0	0	0	0	0	0	0	0	0	0	0.03075	0	0	0	0	0	0	0	0	0	0	0	0	0	0	0.00589	0.01162	0	0	0	0	0	0.03471	0	0	0	0	0	0	0	0	0	0.06052	0	0	0.11173	0	0	0	0	0	0	0	0	0	0	0	0	0	0	0	0	0.00523	0	0	0	0	0	0	0	0	0	0	0	0	0	0	0	0	0	0	0	0	0
GGB6529_SGB9222	0	0	0	0	0	0	0	0	0	0	0	0	0	0	0	0	0	0	0	0	0	0	0	0	0	0	0	0	0	0	0	0	0.11164	0	0	0	0.00203	0	0	0	0	0	0	0	0	0	0	0	0	0	0	0	0	0	0	0	0	0	0	0	0	0	0	0	0	0	0	0	0	0	0	0	0	0	0	0	0	0	0	0	0	0	0	0	0	0	0	0	0	0	0	0	0	0	0	0	0	0	0	0	0	0	0	0	0	0	0	0	0	0	0	0	0	0	0	0	0	0	0	0	0	0	0	0	0	0	0	0	0	0	0	0	0	0	0	0	0	0	0	0	0	0	0	0	0	0	0	0	0	0	0	0	0	0	0	0	0	0	0	0	0	0	0	0	0	0	0	0	0
GGB9293_SGB14250	0	0	0	0	0	0	0	0	0	0	0	0	0	0	0	0	0	0	0	0	0	0	0	0	0	0	0	0	0	0	0	0	0	0	0	0	0.10863	0	0	0	0.05987	0	0	0	0	0	0	0	0	0.01641	0	0	0	0	0	0	0	0	0	0	0	0	0	0	0	0	0	0	0	0	0.01808	0	0	0	0	0	0	0	0	0	0	0	0	0	0.01005	0	0	0	0	0.04041	0	0	0.00064	0	0.00817	0.00256	0	0	0.00531	0	0	0	0.10192	0.00158	0	0	0	0	0	0	0	0	0	0	0	0	0	0	0	0.00075	0	0	0.00637	0	0	0	0	0	0	0	0	0	0	0	0.00025	0	0	0	0	0	0	0	0	0	0	0	0	0	0	0	0	0	0	0	0	0	0	0	0.03964	0	0	0	0	0	0	0	0	0	0
GGB9623_SGB15075	0	0	0	0	0	0	0	0	0	0	0	0	0	0	0	0	0	0	0	0	0	0	0	0	0	0	0	0	0	0	0	0	0	0	0	0	0	0	0	0	0	0.03462	0	0	0	0	0	0	0	0	0	0	0	0	0	0	0	0	0	0	0	0	0	0	0	0	0	0	0	0	0	0	0	0	0	0	0	0	0	0	0	0	0	0	0	0	0	0	0	0	0	0	0	0	0	0	0	0	0	0	0	0	0	0	0	0	0	0	0	0	0	0	0	0	0	0	0	0	0	0	0	0	0	0	0	0	0	0	0.10832	0	0	0	0	0	0	0	0	0	0	0	0	0	0	0	0	0	0	0	0	0	0	0	0	0	0	0	0	0	0	0	0	0	0	0	0	0	0	0	0
GGB9328_SGB14291	0	0	0	0	0	0	0	0	0	0	0	0	0	0	0	0	0	0	0	0	0	0	0	0	0	0	0	0	0	0	0	0	0	0	0	0	0	0	0	0	0	0	0	0	0	0	0	0	0	0.10816	0	0	0	0	0	0	0	0	0	0	0	0	0	0	0	0	0	0	0	0	0	0	0	0	0	0	0	0	0	0	0	0	0	0	0	0	0	0	0	0	0	0	0	0	0	0	0	0	0	0	0	0	0	0	0	0	0	0	0	0	0	0	0	0	0	0	0	0	0	0	0	0	0	0	0	0	0	0	0	0	0	0	0	0	0	0	0	0	0	0	0	0	0	0	0	0	0	0	0	0	0	0	0	0	0	0	0	0	0	0	0	0	0	0	0	0	0	0	0
GGB3627_SGB4906	0	0	0	0	0	0	0	0	0	0	0	0	0	0	0	0	0.02491	0	0	0	0	0	0	0	0	0	0	0	0	0	0	0	0	0	0	0	0	0	0	0	0	0	0	0	0	0	0	0	0	0	0	0	0	0	0	0	0	0	0	0	0	0	0	0	0	0	0	0	0	0.00077	0.1079	0	0	0	0	0	0	0	0	0	0	0	0	0	0	0	0	0	0	0	0	0	0	0	0.00039	0	0	0	0	0	0	0	0	0.03658	0	0	0	0	0	0	0	0	0	0	0	0	0	0	0	0	0	0	0	0	0	0	0	0	0	0	0	0	0	0	0	0	0	0	0	0	0	0	0	0	0	0	0	0	0	0	0	0	0	0	0	0	0	0	0	0	0	0	0	0	0	0	0	0	0
GGB74223_SGB53115	0	0	0	0	0	0	0	0	0	0	0	0	0	0	0	0	0	0	0	0	0	0	0	0	0	0	0	0	0	0	0	0	0	0	0	0	0	0	0	0	0	0	0	0	0	0	0	0	0	0	0	0	0	0	0	0	0	0	0	0	0	0	0	0	0	0	0	0	0	0	0	0	0	0	0	0	0	0	0	0	0	0	0	0	0	0	0	0	0	0	0	0	0	0	0	0	0	0	0	0	0	0	0	0	0	0	0	0	0	0	0	0.10776	0	0	0	0	0	0	0	0	0	0	0	0	0	0	0	0	0	0	0	0	0	0	0	0	0	0	0	0	0	0	0	0	0	0	0	0.02139	0	0	0	0	0	0	0	0	0	0	0	0	0	0	0	0	0	0	0	0	0
GGB6010_SGB8637	0	0	0	0	0	0	0	0	0	0	0	0	0	0	0	0	0	0	0	0	0	0	0.01021	0	0	0	0	0	0	0	0	0	0	0	0	0	0	0	0	0	0	0	0	0	0	0	0	0	0	0	0	0	0	0	0	0	0	0	0	0	0	0	0	0	0	0	0	0	0	0	0	0	0.00087	0	0	0	0	0	0	0	0	0	0	0	0	0	0.10684	0	0	0	0	0	0	0	0	0	0	0	0	0	0	0	0	0	0	0	0	0	0	0	0	0	0	0	0	0	0	0	0	0	0	0	0	0	0	0	0	0	0	0	0	0	0	0	0	0	0	0	0	0	0	0	0	0	0	0	0	0	0	0	0	0	0	0	0	0	0	0	0	0	0	0	0	0	0	0	0	0	0
GGB48144_SGB66146	0	0	0	0	0	0	0	0	0	0	0	0	0	0	0	0	0	0	0	0	0	0	0	0	0	0	0	0	0	0	0	0.10662	0	0	0	0	0	0	0	0	0	0	0	0	0	0	0	0	0	0	0	0	0	0	0	0	0	0	0	0	0	0	0	0	0	0	0	0	0	0	0	0	0	0	0	0	0	0	0	0	0	0	0	0	0	0	0	0	0	0	0	0	0	0	0	0	0	0	0	0	0	0	0	0	0	0	0	0	0	0	0	0	0	0	0	0	0	0	0	0	0	0	0	0	0	0	0	0	0	0	0	0	0	0	0	0	0	0	0	0	0	0	0	0	0	0	0	0	0	0	0	0	0	0	0	0	0	0	0	0	0	0	0	0	0	0	0	0	0
GGB50207_SGB70279	0	0	0	0	0	0	0	0	0	0	0	0	0	0	0	0	0	0	0	0	0	0	0	0	0	0	0	0	0	0	0	0	0	0	0	0	0	0	0	0	0	0	0	0	0	0	0	0	0	0	0	0	0	0.10628	0	0	0	0	0	0	0	0	0	0	0	0	0	0	0	0	0	0	0	0	0	0	0	0	0	0	0	0	0	0	0	0	0	0	0	0	0	0	0	0	0	0	0	0	0	0	0	0	0	0	0	0	0	0	0	0	0	0	0	0	0	0	0	0	0	0	0	0	0	0	0	0	0	0	0	0	0	0	0	0	0	0	0	0	0	0	0	0	0	0	0	0	0	0	0	0	0	0	0	0	0	0	0	0	0	0	0	0	0	0	0	0	0	0	0
Actinomyces_oris	0.00446	0.00178	0.00432	0.03853	0	0.00267	0	0	0	0	0.02003	0	0.00268	0	0	0	0	0.00079	0	0.00255	0.00189	0	0	0.0005	0	0.00475	0.06109	0	0.01746	0.00397	0.00127	0	0.03557	0	0.01345	0	0.00272	0.03423	0.0099	0.01104	0	0	0.02076	0.01637	0.00479	0.01826	0	0.03294	0.10541	0.0158	0	0	0	0	0	0	0	0	0	0	0	0	0	0	0	0	0	0	0	0	0	0	0	0.00117	0	0	0	0	0	0	0	0	0	0	0	0	0	0	0	0	0	0	0	0	0	0	0	0	0	0	0	0	0	0	0	0	0	0	0	0	0	0	0	0	0	0	0	0	0	0	0	0	0	0	0	0	0	0	0	0	0	0	0	0	0	0	0	0	0	0	0	0	0	0	0	0	0	0	0	0	0	0	0	0	0	0	0	0	0	0	0	0	0	0	0	0	0	0	0
Gemella_sanguinis	0.01168	0.10509	0.02853	0.00478	0	0.00843	0.02018	0	0.00383	0.00703	0	0.00235	0.00025	0.00236	0.0008	0.00144	0.00319	0	0	0.01677	0.00763	0	0.00474	0	0	0.00966	0.08525	0	0.00372	0.00152	0.0068	0.00503	0.00028	0	0.00084	0	0	0.02616	0.00203	0	0	0	0.02001	0.00153	0	0.00031	0.00234	0.00215	0.00468	0	0	0	0	0	0	0	0	0	0	0	0	0	0	0	0.00195	0	0	0	0	0	0	0	0	0.01592	0	0	0	0	0	0.0005	0	0	0	0	0	0	0	0	0	0	0	0	0	0	0	0	0	0	0	0	0	0	0	0	0	0	0	0	0	0	0	0	0.00449	0	0.00358	0	0.00237	0	0	0	0	0	0	0	0	0	0	0	0	0	0	0	0	0	0	0	0	0	0	0	0	0	0	0	0	0	0	0	0	0	0	0	0	0	0	0	0	0	0	0	0	0	0	0	0	0	0	0	0
Methanosphaera_stadtmanae	0	0	0	0	0	0	0	0	0	0	0	0	0	0	0	0	0	0	0	0	0	0	0	0	0	0	0	0	0	0	0	0	0	0	0	0	0	0	0	0	0	0	0	0	0	0	0	0	0	0.10464	0	0	0	0	0	0	0	0	0	0	0	0	0	0	0	0	0	0	0	0	0	0	0	0	0	0	0	0	0	0	0	0	0	0	0	0	0	0	0	0	0	0	0	0	0	0	0	0	0	0	0	0	0	0	0	0	0	0	0	0	0	0	0	0	0	0	0	0	0	0	0	0	0	0	0	0	0	0	0	0	0	0	0	0	0	0	0	0	0	0	0	0	0	0	0	0	0	0	0	0	0	0	0	0	0	0	0	0	0	0	0	0	0	0	0	0	0	0	0
GGB1547_SGB2131	0	0	0	0	0	0	0	0	0	0	0	0	0	0	0	0	0	0	0	0	0	0	0	0	0	0	0	0	0	0	0	0	0	0	0	0	0	0	0	0	0	0	0	0	0	0	0	0	0	0	0	0	0	0	0	0	0	0	0	0	0	0	0	0	0	0	0	0	0	0	0	0	0	0	0	0	0	0	0	0	0	0	0	0	0	0	0	0	0	0	0	0	0	0	0	0	0	0	0	0	0	0	0	0	0	0	0	0	0	0	0	0	0	0	0	0	0	0.10458	0	0	0	0	0	0	0	0	0	0	0	0	0	0	0	0	0	0	0	0	0	0	0	0	0	0	0	0	0	0	0	0	0	0	0	0	0	0	0	0	0	0	0	0	0	0	0	0	0	0	0
Enterobacter_bugandensis	0	0	0	0	0	0	0	0	0	0	0	0	0	0	0	0	0	0	0	0	0	0	0	0	0	0	0	0	0	0	0	0	0	0	0	0	0	0	0	0	0	0	0	0	0	0	0	0	0	0	0	0	0	0	0	0	0	0	0	0	0	0	0	0	0	0	0	0	0	0	0	0	0	0	0	0	0	0	0.10346	0	0	0	0	0	0	0	0	0	0	0	0	0	0	0	0	0	0	0	0	0	0	0	0	0	0	0	0	0	0	0	0	0	0	0	0	0	0	0	0	0	0	0	0	0	0	0	0	0	0	0	0	0	0.00695	0	0	0	0	0	0	0	0	0	0	0	0	0	0	0	0	0	0	0	0	0	0	0	0	0	0	0	0	0	0	0	0	0	0	0	0
GGB9788_SGB15411	0	0	0	0	0	0	0	0	0	0	0	0	0	0.08364	0.07213	0	0	0	0	0	0	0	0.04861	0	0	0	0	0	0	0	0	0	0	0	0	0.10332	0.026	0	0	0	0	0.02982	0	0	0	0.01198	0	0	0	0.02747	0	0	0	0	0	0	0	0	0	0	0	0	0	0	0	0	0	0	0	0	0	0	0	0	0	0	0	0	0	0	0	0	0	0	0	0	0	0	0	0	0	0	0	0	0	0	0	0	0	0	0	0	0	0	0	0	0	0	0	0	0	0	0	0	0	0	0	0	0	0	0	0	0	0	0.01446	0	0	0.02134	0	0	0	0	0	0	0.0036	0	0	0.02294	0	0	0	0	0	0	0	0	0	0	0	0	0	0	0	0	0	0	0	0	0	0	0	0	0	0	0	0	0	0	0
Fusobacterium_nucleatum	0	0	0	0	0	0	0	0	0	0	0	0	0	0	0	0	0	0	0	0	0	0	0	0	0	0	0	0	0	0	0	0	0	0	0	0	0	0	0	0	0	0	0	0	0	0	0	0	0	0	0	0	0	0	0	0	0.10147	0	0	0	0	0	0	0	0.00199	0	0	0	0	0	0	0	0	0.00062	0	0	0	0	0	0	0	0	0	0	0	0	0	0	0	0	0	0	0	0	0	0	0	0	0	0	0	0	0	0	0	0	0	0	0	0	0	0	0	0	0	0	0	0	0	0	0	0.00603	0	0	0.06416	0	0	0	0	0	0	0	0	0	0	0	0	0	0	0	0	0.00441	0	0	0	0	0	0	0	0	0	0	0	0	0	0	0	0	0	0	0	0	0	0	0	0	0	0	0
GGB9288_SGB14243	0	0	0	0	0	0	0	0	0	0	0	0	0	0	0	0	0	0	0	0	0	0	0	0	0	0	0	0	0	0	0	0	0	0	0	0	0	0	0	0	0	0	0	0	0	0	0	0	0	0.10093	0	0	0	0	0	0	0	0	0	0	0	0	0	0	0	0	0	0	0	0	0	0	0	0	0	0	0	0	0	0	0	0	0	0	0	0	0	0	0	0	0	0	0	0	0	0	0	0	0	0	0	0	0	0	0	0	0	0	0	0	0	0	0	0	0	0	0	0	0	0	0	0	0	0	0	0	0	0	0	0	0	0	0	0	0	0	0	0	0	0	0	0	0	0	0	0	0	0	0	0	0	0	0	0	0	0	0	0	0	0	0	0	0	0	0	0	0	0	0
GGB3169_SGB4183	0	0	0	0	0	0	0	0	0	0	0	0	0	0	0	0	0	0	0	0	0	0	0.06036	0	0	0	0	0	0	0	0	0	0	0	0	0	0	0	0	0	0	0	0	0	0	0	0	0	0	0	0	0	0	0	0	0	0	0	0	0	0	0	0	0	0	0	0	0	0	0	0	0	0	0	0	0	0	0	0	0	0	0	0	0	0	0	0	0	0	0	0	0	0	0	0.08517	0	0	0	0	0	0	0	0.00625	0	0	0	0	0	0	0	0	0	0	0	0	0	0	0	0	0	0	0	0	0	0	0	0	0	0	0	0	0	0	0	0	0	0	0	0.10078	0	0	0	0	0	0.00882	0	0	0	0	0.01156	0	0	0	0	0	0	0	0	0	0	0	0	0	0	0	0	0	0	0
Coprococcus_SGB106014	0	0	0	0	0	0	0	0	0	0	0	0	0	0	0	0	0	0	0	0	0	0	0	0	0	0	0	0	0.09983	0	0	0	0	0	0	0	0	0	0	0	0	0	0	0	0	0	0	0	0	0	0	0	0	0	0	0	0	0	0	0	0	0	0	0	0	0	0	0	0	0	0	0	0	0	0	0	0	0	0	0	0	0	0	0	0	0	0	0	0	0	0	0	0	0	0	0	0	0	0	0	0	0	0	0	0	0	0	0	0	0	0	0	0	0	0	0	0	0	0	0	0	0	0	0	0	0	0	0	0	0	0	0	0	0	0	0	0	0	0	0	0	0	0	0	0	0	0	0	0	0	0	0	0	0	0	0	0	0	0	0	0	0	0	0	0	0	0.00986	0	0
GGB9302_SGB14263	0	0	0	0	0	0	0	0	0	0	0	0	0	0	0	0	0	0	0	0	0	0	0	0	0	0	0	0	0	0.01665	0	0	0	0	0	0.07334	0	0	0	0	0	0	0	0	0	0	0	0	0	0	0	0	0	0	0	0	0	0	0	0	0	0	0	0.00048	0	0	0	0	0	0.03962	0	0	0	0	0	0	0	0	0	0	0	0	0	0	9e-05	0	0	0	0	0.01607	0	0	0	0	0.00957	0	0	0	0	0	0	0	0	0	0	0	0	0	0	0	0	0	0	0	0	0	0	0.04987	0	0.02021	0.02777	0	0	0.09952	0.06249	0	0	0	0	0	0	0	0	0	0	0	0	0.02683	0	0	0	0	0	0	0	0	0	0	0	0.00109	0	0	0	0	0	0	0	0	0	0	0	0	0	0	0	0	0	0	0
Streptococcus_rubneri	0	0.09934	0.00844	0	0	0.0017	0.01612	0	0	0.01064	0	0	0	0	0	0.01734	0	0	0	0.01123	0.00096	0	0.00126	0	0	0	0	0.04616	0	0	0	0.01114	0	0	0	0	0	0	0.00947	0	0	0	0	0	0	0	0.015	0	0	0	0	0	0	0	0	0	0	0	0	0	0	0.00822	0	0	0	0	0	0.00512	0	0	0	0	0	0.08577	0	0	0	0	0	0.02393	0	0	0	0	0	0	0	0	0	0	0	0	0	0	0	0	0	0	0	0	0	0	0	0	0.00775	0	0	0	0.01589	0	0	0.029	0.01594	0	0	0	0.02306	0	0	0	0.00257	0	0	0	0	0.00364	0	0.07143	0	0	0	0	0	0	0	0	0	0	0	0	0	0	0	0	0	0	0	0	0	0	0	0	0	0	0	0	0	0	0	0	0	0	0	0	0	0	0	0	0
GGB3160_SGB4174	0	0	0	0	0	0	0	0	0	0	0	0	0	0	0	0	0	0	0	0	0	0	0	0	0	0	0	0	0	0	0	0	0	0	0	0	0	0	0	0	0	0	0	0	0	0	0	0	0	0.0026	0	0	0	0	0	0	0	0	0	0	0	0	0	0	0	0	0	0	0	0	0	0	0	0	0	0	0	0	0	0	0	0	0	0	0	0	0	0	0	0	0	0	0	0	0	0	0	0	0	0	0	0	0	0	0	0	0	0	0	0	0	0	0	0	0	0	0	0	0	0	0	0	0	0	0	0	0	0	0	0	0	0	0	0	0	0	0	0	0.09915	0	0	0	0	0	0	0	0	0	0	0	0	0	0	0	0	0	0	0	0	0	0	0	0	0	0	0	0	0	0
GGB52002_SGB72669	0	0	0.07711	0	0	0	0	0	0	0	0	0	0	0	0	0	0	0	0	0	0	0	0	0	0	0	0	0	0	0	0	0	0	0	0	0	0.09883	0	0	0	0	0.03377	0	0	0	0	0	0	0	0	0	0	0	0	0	0	0	0	0	0	0	0	0	0	0	0	0	0	0	0	0	0	0	0	0	0	0	0	0	0	0	0	0	0	0	0	0	0	0	0	0	0	0	0	0	0	0	0	0	0	0	0	0	0	0	0	0	0	0	0	0	0	0	0	0	0	0	0	0	0	0	0	0	0	0	0	0	0	0	0	0	0	0	0	0	0	0	0	0	0	0	0	0	0	0	0	0	0	0	0	0	0	0	0	0	0	0	0	0	0	0	0	0	0	0	0	0	0	0
GGB1539_SGB2122	0	0	0	0	0	0	0	0	0	0	0	0	0	0	0	0	0	0	0	0	0	0	0	0	0	0	0	0	0	0	0	0	0.09863	0	0	0	0	0	0	0	0	0	0	0	0	0	0	0	0	0	0	0	0	0	0	0	0	0	0	0	0	0	0	0	0	0	0	0	0	0	0	0	0	0	0	0	0	0	0	0	0	0	0	0	0	0	0	0	0	0	0	0	0	0	0	0	0	0	0	0	0	0	0	0	0	0	0	0	0	0	0	0	0	0	0	0	0	0	0	0	0	0	0	0	0	0	0	0	0	0	0	0	0	0	0	0	0	0	0	0	0	0	0	0	0	0	0	0	0	0	0	0	0	0	0	0	0	0	0	0	0	0	0	0	0	0	0	0	0
GGB9542_SGB14947	0	0	0	0	0	0	0	0	0	0	0	0	0	0	0	0	0	0	0	0	0	0	0	0	0	0	0	0	0	0	0	0	0	0	0	0	0	0	0	0	0	0	0	0	0	0	0	0	0	0.03185	0	0	0	0	0	0	0	0	0	0	0	0	0	0	0	0	0	0	0	0	0	0	0	0	0	0	0	0	0	0	0	0	0	0	0	0	0	0	0	0	0	0	0	0	0.09805	0	0	0	0	0	0	0	0	0	0	0	0	0	0	0	0	0	0	0	0	0	0	0	0	0	0	0	0	0	0	0	0	0	0	0	0	0	0	0	0	0	0	0	0	0	0	0	0	0	0	0	0	0	0	0	0	0	0	0	0	0	0	0	0	0	0	0	0	0	0	0	0	0	0
GGB3602_SGB4865	0	0	0	0	0	0	0	0	0	0	0	0	0	0	0	0	0	0	0	0	0	0	0	0	0	0	0	0	0	0	0	0	0	0	0	0	0	0	0	0	0	0	0	0	0	0	0	0	0	0	0	0	0	0	0	0	0	0	0	0	0	0	0	0	0	0	0	0	0	0	0	0	0	0	0	0	0	0	0	0	0	0	0	0	0	0	0	0	0	0	0	0	0	0	0	0	0.09774	0	0	0	0	0	0	0	0	0	0	0	0	0	0	0	0	0	0	0	0	0	0	0	0	0	0	0	0	0	0	0	0	0	0	0	0	0	0	0	0	0	0	0	0	0	0	0	0	0	0	0	0	0	0	0	0	0	0	0	0	0	0	0	0	0	0	0	0	0	0	0	0
GGB9453_SGB14844	0	0	0	0	0	0	0	0	0	0	0	0	0	0	0	0	0	0	0	0	0	0	0	0	0	0	0	0	0	0	0	0	0	0	0	0	0	0	0	0.00706	0	0	0	0	0	0	0	0	0	0	0	0	0	0	0	0	0	0	0	0	0	0	0	0.00291	0	0.01822	0	0	0	0	0	0	0	0	0	0	0	0	0	0	0	0	0	0	0	0.01568	0	0	0	0	0	0	0	0	0	0	0	0.09745	0	0	0	0	0	0	0	0	0	0	0	0	0	0	0.0072	0	0	0	0	0	0	0	0	0	0	0	0	0	0	0	0	0	0	0	0	0	0	0	0	0	0	0	0	0.06056	0	0	0	0	0	0	0	0	0	0	0	0	0	0	0	0	0	0	0	0	0	0	0	0	0	0	0
Leuconostoc_citreum	0	0.00029	0	0	0	0	0	0	0	0	0	0	0	0	0	0	0	0	0	0.00073	0	0	0	0	0	0	0	0	0	0	0	0	0.00401	0	0	0	0	0	0	0	0	0	0	0	0	0	0	0	0.00941	0.01963	0	0	0	0	0.09637	0	0	0	0	0	0	0	0	0	0	0	0	0	0	0	0	0	0	0	0	0.00033	0.00042	0	0	0	0	0	0	0	0	0	0	0	0	0	0	0	0	0	0	0	0	0	0	0.00775	0	0	0	0	0	0	0	0	0	0	0	0	0	0	0	0	0	0	0	0	0	0	0	0	0	0	0	0	0	0	0	0	0	0	0	0	0	0	0	0	0	0	0	0	0	0	0	0	0	0	0	0	0	0	0	0	0	0	0	0	0	0	0	0	0	0	0	0	0
Mitsuokella_jalaludinii	0	0	0	0	0	0	0	0	0	0	0	0	0	0	0	0	0	0	0	0	0	0	0	0	0	0	0	0	0	0	0	0	0	0	0	0	0	0	0	0	0	0	0	0	0	0	0	0	0	0	0	0	0	0	0	0	0	0	0	0	0	0	0	0	0	0	0	0	0	0	0	0	0	0	0	0	0	0	0	0	0.05393	0	0	0	0	0	0	0	0	0	0	0	0	0	0	0	0	0.00218	0	0	0	0	0	0	0	0	0	0	0	0.02438	0	0	0	0	0	0	0	0	0	0	0	0	0	0	0	0	0	0	0	0	0	0	0	0	0	0	0	0	0	0.09584	0	0	0	0	0	0	0	0	0	0	0	0	0	0	0	0	0	0	0	0	0	0	0	0	0	0	0	0	0
GGB9634_SGB15099	0	0	0	0	0	0	0	0	0	0	0	0	0	0	0	0	0	0	0	0	0	0	0	0	0	0	0	0	0	0	0	0	0	0	0	0	0	0	0	0	0	0	0	0	0	0	0	0	0	0	0	0	0	0	0	0	0	0	0	0	0	0	0	0	0	0	0	0	0	0	0	0	0	0	0	0	0	0	0	0	0	0	0	0	0	0	0	0	0	0	0	0	0	0	0.09552	0	0	0	0	0	0	0	0	0	0	0	0	0	0	0	0	0	0	0	0	0	0	0	0	0	0	0	0	0	0	0	0	0	0	0	0	0	0	0	0	0	0	0	0	0	0	0	0	0.00176	0	0	0	0	0	0	0	0	0	0	0	0	0	0	0	0	0	0	0	0	0	0	0	0	0
GGB9701_SGB15218	0	0	0	0	0	0	0	0	0	0	0	0	0	0	0	0	0	0	0	0	0	0	0	0	0	0	0	0	0	0	0	0	0	0	0	0	0	0	0	0	0	0	0	0	0	0	0	0	0	0	0	0	0	0	0	0	0	0	0	0	0	0	0	0.00055	0	0	0	0	0	0	0	0	0	0	0	0	0	0	0	0	0	0	0	0	0	0	0	0	0	0	0	0	0	0	0.09534	0	0	0	0	0	0	0	0	0	0	0	0	0	0.00113	0	0	0	0	0	0	0	0	0	0	0	0	0	0	0	0	0	0	0	0	0	0	0	0	0	0	0	0	0	0	0	0	0	0	0	0	0	0	0	0	0	0	0	0	0	0	0	0	0	0	0	0	0	0	0	0	0	0	0	0
GGB3212_SGB4241	0	0	0	0	0	0	0	0	0	0	0	0	0	0	0	0	0	0	0	0	0	0	0	0	0	0	0	0	0	0	0	0	0	0	0	0	0	0	0	0	0	0	0	0	0	0	0	0	0	0	0	0	0	0	0	0	0	0	0	0	0	0	0	0	0	0	0	0	0	0	0	0	0	0	0	0	0	0	0	0	0	0	0	0	0	0	0	0	0	0	0	0	0	0	0	0	0	0	0	0	0	0	0	0	0	0	0	0	0	0	0	0	0	0	0	0	0	0	0	0	0	0	0	0	0	0	0	0	0	0	0	0	0	0	0	0	0	0	0	0	0	0	0	0	0.09489	0	0	0	0	0	0	0	0	0	0	0	0	0	0	0	0	0	0	0	0	0	0	0	0
Fournierella_massiliensis	0	0	0	0	0	0	0	0	0	0.0125	0	0	0	0.0148	0.01113	0	0	0	0	0	0	0	0	0	0	0	0	0	0	0	0	0.00446	0	0	0	0	0.00549	0.00843	0	0	0	0	0	0.09477	0	0.01512	0	0	0	0	0	0.00449	0	0.00762	0	0	0	0	0	0	0	0	0	0	0	0	0	0	0	0	0.00486	0	0.0014	0	0	0	0	0	0	0	0	0	0	0.00172	0.00634	0.0037	0	0	0	0	0	0	0.00698	0	0.03505	0.01763	0	0	0.02561	0	0	0	0.03477	0.00462	0	0	0	0	0	0	0	0	0	0.00394	0	0	0	0.01508	0	0	0	0	0	0	0	0	0	0	0.00392	0	0.0094	0	0	0	0	0	0	0.00084	0	0	0	0	0	0	0	0	0	0	0	0.00456	0	0	0	0	0	0	0.01301	0	0	0	0	0	0	0	0	0	0	0	0
Bifidobacterium_pullorum	0	0	0	0	0	0	0	0	0	0	0	0	0	0	0	0	0	0	0	0	0	0	0	0	0	0	0	0	0	0	0	0	0	0	0	0	0	0	0	0	0	0	0	0	0	0	0	0	0	0	0	0	0	0	0	0	0	0	0	0	0	0	0	0	0	0	0	0	0	0	0	0	0	0	0	0	0	0	0	0	0	0	0	0	0	0	0	0	0	0	0	0	0	0	0	0	0	0	0	0	0	0	0	0	0	0	0	0	0	0	0	0	0	0	0	0	0	0	0	0	0	0	0	0	0	0	0	0	0	0	0	0	0	0	0	0	0	0	0	0	0	0	0.09435	0	0	0	0	0	0	0	0	0	0	0	0	0	0	0	0	0	0	0	0	0	0	0	0	0	0
Enterococcus_raffinosus	0	0	0	0.0052	0	0	0.09326	0	0	0	0	0	0	0	0	0	0	0	0	0	0	0	0	0.05012	0	0	0	0	0	0	0	0	0	0	0	0	0	0	0	0	0	0	0	0	0	0	0	0	0	0	0	0	0	0	0	0	0	0	0	0	0	0	0	0	0	0	0	0	0	0	0	0	0	0	0	0	0	0	0	0	0	0	0	0	0	0	0	0	0	0	0	0	0	0	0	0	0	0	0	0	0	0	0	0	0	0	0	0	0	0	0	0	0	0	0	0	0	0	0	0	0	0	0	0	0	0	0	0	0	0	0	0	0	0	0	0	0	0	0	0	0	0	0	0	0	0	0	0	0	0	0	0	0	0	0	0	0	0	0	0	0	0	0	0	0	0	0	0	0
Prevotella_buccae	0	0	0	0	0	0	0	0	0	0	0	0	0	0	0	0	0	0	0	0	0	0	0	0	0	0	0	0	0	0	0	0	0	0	0	0	0	0	0	0	0	0	0	0	0	0	0	0	0	0	0	0	0	0	0	0	0.09323	0	0	0	0	0	0	0	0	0	0	0	0	0	0	0	0	0	0	0	0	0	0	0	0	0	0	0	0	0	0	0	0	0	0	0	0	0	0	0	0	0	0	0	0	0	0	0	0	0	0	0	0	0	0	0	0	0	0	0	0	0	0	0	0	0	0	0	0	0	0	0	0	0	0	0	0	0	0	0	0	0	0	0	0	0	0	0	0	0	0	0	0	0	0	0	0	0	0	0	0	0	0	0	0	0	0	0	0	0	0	0	0
Schaalia_SGB17158	0	0.00729	0	0.00616	0	0.0068	0	0	0	0	0.00622	0.00534	0.00302	0	0	0	0	0	0	0	0.02213	0	0.0021	0.0093	0	0	0.05967	0	0.00567	0	0	0	0.01372	0.0346	0	0	0	0	0	0	0	0.0057	0	0.0152	0	0	0	0.02282	0	0.03326	0	0	0	0	0	0	0	0	0	0	0	0	0	0	0	0	0	0	0	0	0	0	0	0	0	0	0	0	0	0	0	0	0	0	0	0	0	0	0.09307	0	0	0	0	0	0	0	0	0	0	0	0	0	0	0	0	0	0	0	0	0.00255	0	0	0.02101	0	0	0	0.0028	0	0	0	0	0	0	0	0	0	0	0	0	0	0	0	0	0.00268	0	0	0	0	0	0	0	0	0	0	0	0	0	0	0	0	0	0	0	0	0	0	0	0	0	0	0	0	0	0	0	0	0	0	0
Streptococcus_mutans	0	0.09244	0.01037	0	0	0	0	0	0	0	0.01264	0	0	0	0	0	0	0	0	0	0	0	0	0	0.0027	0	0	0	0	0	0	0	0.00031	0	0.00786	0	0	0	0	0	0	0	0	0	0.00885	0	0	0.01703	0	0	0	0	0	0	0	0	0	0	0	0	0	0	0	0	0	0	0	0	0	0	0	0	0	0	0	0	0	0	0	0	0	0	0	0	0	0	0	0	0	0	0	0	0	0	0	0	0	0	0	0	0	0	0	0	0	0	0	0	0	0	0	0	0	0	0	0	0	0	0	0	0	0	0	0	0	0	0	0	0	0	0	0	0	0	0	0	0	0	0	0	0	0	0	0	0	0	0	0	0	0	0	0	0	0	0	0	0	0	0	0	0	0	0	0	0	0	0	0	0
GGB9619_SGB15066	0	0	0	0	0	0	0	0	0	0.00014	0	0	0	0	0	0	0	0	0	0	0	0	0	0	0	0	0	0	0	0	0	0	0	0	0	0	0	0	0	0	0	0.01746	0	0	0	0	0	0	0	0	0	0	0	0	0	0	0	0	0	0	0	0	0	0	0	0	0	0.01318	0	0	0	0	0	0	0	0	0	0	0	0	0	0.00605	0	0	0.01839	0	0	0	0	0	0	0	0	0	0	0.00414	0	0	0.00409	0	0	0	0	0	0.00586	0	0	0	0.0008	0	0	0	0	0	0	0	0	0	0	0	0	0	0	0	0	0	0.00145	0	0	0	0.0112	0	0	0	0.0162	0	0.00167	0	0.00347	0	0	0	0	0	0.00846	0.05876	0	0	0	0.00798	0	0	0.00752	0	0	0	0	0	0.09143	0	0	0.00663	0.0167	0	0	0	0	0	0
Companilactobacillus_farciminis	0	0	0	0	0	0	0	0	0	0	0	0	0	0	0	0	0	0	0	0	0	0	0	0	0	0	0	0	0	0	0	0	0	0	0	0	0	0	0	0	0	0	0	0	0	0	0	0	0	0	0	0	0	0	0	0	0.09121	0	0	0	0	0	0	0	0	0	0	0	0	0	0	0	0	0	0	0	0	0	0	0	0	0	0	0	0	0	0	0	0	0	0	0	0	0	0	0	0	0	0	0	0	0	0	0	0	0	0	0	0	0	0	0	0	0	0	0	0	0	0	0	0	0	0	0	0	0	0	0	0	0	0	0	0	0	0	0	0	0	0	0	0	0	0	0	0	0	0	0	0	0	0	0	0	0	0	0	0	0	0	0	0	0	0	0	0	0	0	0	0
Ruminococcus_champanellensis	0	0	0	0	0	0	0	0	0	0	0	0	0	0	0	0	0	0	0	0	0	0	0	0	0	0	0	0	0	0	0	0	0	0	0	0	0	0	0	0	0	0	0	0	0	0	0	0	0	0.09109	0	0	0	0	0	0	0	0	0	0	0	0	0	0	0	0	0	0	0	0	0	0	0	0	0	0	0	0	0	0	0	0	0	0	0	0	0	0	0	0	0	0	0	0	0	0	0	0	0	0	0	0	0	0	0	0	0	0	0	0	0	0	0	0	0	0	0	0	0	0	0	0	0	0	0	0	0	0	0	0	0	0	0	0	0	0	0	0	0	0	0	0	0	0	0	0	0	0	0	0	0	0	0	0	0	0	0	0	0	0	0	0	0	0	0	0	0	0	0
GGB3000_SGB3991	0	0	0	0	0	0	0	0	0	0	0	0	0	0	0	0	0	0	0	0	0	0	0	0	0	0	0	0	0	0	0	0	0	0	0	0	0	0	0	0	0	0	0	0	0	0	0	0.09105	0	0	0	0	0	0	0	0	0	0	0	0	0	0	0	0.00214	0	0	0	0	0	0	0	0	0	0	0	0	0	0	0	0	0	0	0	0.03407	0	0.01388	0	0	0	0	0	0	0	0	0	0	0	0	0	0	0	0	0	0	0	0	0	0	0	0	0	0	0	0	0	0	0	0	0	0	0	0	0	0	0	0	0	0.0618	0	0	0.01241	0	0	0	0	0	0	0	0	0	0	0	0	0	0	0	0	0	0	0	0	0	0	0	0	0	0	0	0	0	0	0	0	0	0	0	0	0	0
GGB3004_SGB3995	0	0	0	0	0	0	0	0	0	0	0	0	0	0	0	0	0	0	0	0	0	0	0	0	0	0	0	0	0	0	0	0	0	0	0	0	0	0	0	0	0	0	0	0	0	0	0	0	0	0	0	0	0	0	0	0	0	0	0	0	0	0	0	0.02951	0	0	0	0	0	0	0	0	0	0	0	0	0	0	0	0	0	0	0	0	0	0.09082	0	0	0	0	0	0	0	0	0	0	0	0	0	0	0	0	0	0	0	0	0	0	0	0	0	0	0	0	0	0	0	0	0	0	0	0	0	0	0	0	0	0	0	0	0	0	0	0	0	0	0	0	0	0	0	0	0	0	0	0	0	0	0	0	0	0	0	0	0	0	0	0	0	0	0	0	0	0	0	0	0	0	0
GGB34797_SGB14321	0	0	0	0	0	0	0	0	0	0	0	0	0	0	0	0	0	0	0.09072	0	0	0	0	0	0	0	0	0	0	0	0	0	0	0	0	0	0	0	0	0	0	0	0	0	0	0	0	0	0	0	0	0	0	0	0	0	0	0	0	0	0	0	0	0	0	0	0	0	0	0	0	0	0	0	0	0	0	0	0	0	0	0	0	0	0	0	0	0	0	0	0	0	0	0	0	0	0	0	0	0	0	0	0	0	0	0	0	0	0	0	0	0	0	0	0	0	0	0	0	0	0	0	0	0	0	0	0	0	0	0	0	0	0	0	0	0	0	0	0	0	0	0	0	0	0	0	0	0	0	0	0	0	0	0	0	0	0	0	0	0	0	0	0	0	0	0	0	0	0
Gordonibacter_massiliensis	0	0	0	0	0	0	0	0	0	0	0	0	0	0	0	0	0	0	0	0	0	0	0	0	0	0	0	0	0	0	0	0	0	0	0	0	0	0	0.0904	0	0.01866	0	0	0	0	0	0	0	0	0	0	0	0	0	0	0	0	0	0	0	0	0	0	0	0	0	0	0	0	0	0	0	0	0	0	0	0	0	0	0	0	0	0	0	0	0	0	0	0	0	0	0	0	0	0	0	0	0	0	0	0	0	0	0	0	0	0	0	0	0	0	0	0	0	0	0	0	0	0	0	0	0	0	0	0	0	0	0	0	0	0	0	0	0	0	0	0	0	0	0	0	0	0	0	0	0	0	0	0	0	0	0	0	0	0	0	0	0	0	0	0	0	0	0	0	0	0	0	0
Eubacterium_sulci	0	0.00443	0.0114	0	0	0.00829	0.02005	0	0.02783	0	0	0.0073	0.01142	0	0	0.01301	0	0	0	0.00027	0.06628	0	0.00082	0	0	0.00055	0.05466	0.00297	0.01365	0.00961	0.01245	0	0.00693	0.00649	0.02056	0	0.0013	0.01356	0.00117	0	0	0	0.02827	0.01713	0.00296	0.016	0.00958	0.00316	0.00322	0	0	0	0	0	0	0	0	0	0	0	0	0.00015	0	0.0006	0.00842	0	0	0	0	0	0	0	0	0.00357	0	0	0.00827	0	0	0	0.00153	0	0	0	0	0.00143	0.05486	0.00112	0	0	0	0	0	0.00615	0	0	0.00556	0.01373	0	0.00399	0.00597	0.00017	0	0	0	0	0.09034	0	0	0.00226	0	0	0.00155	0	0.00171	0	0.01014	0	0	0.00093	0	0	0	0	0	0	0	0	0.01478	0.00581	0	0	0	0.00519	0	0	0	0.00068	0	0	0	0	0	0	0	0	0	0	0	0	0	0	0	0	0	0	0	0	0	0	0	0	0	0	0	0	0	0	0
GGB9762_SGB15377	0	0	0	0	0	0	0	0	0	0	0	0	0	0	0	0	0	0	0	0	0	0	0	0	0	0	0	0	0	0	0	0	0	0	0	0	0	0	0	0	0	0	0	0	0	0	0	0	0	0.09006	0	0	0	0	0	0	0	0	0	0	0	0	0	0.01492	0	0	0	0	0	0	0	0	0	0	0	0	0	0	0	0	0	0	0	0	0	0	0	0	0	0	0	0	0	0	0	0	0	0	0	0	0	0	0	0	0	0	0	0	0	0	0	0	0	0	0	0	0	0	0	0	0	0	0	0	0	0	0	0.03921	0	0	0	0	0	0	0	0	0	0	0	0	0	0	0	0	0	0	0	0	0	0	0	0	0	0	0	0	0	0	0	0	0	0	0	0	0	0	0	0	0
GGB27106_SGB6188	0	0	0	0	0	0	0	0	0	0	0	0	0	0	0	0	0	0	0	0	0	0	0	0	0	0	0	0	0	0	0	0	0	0	0	0	0	0	0	0	0	0	0	0	0	0	0	0	0	0	0	0	0	0	0	0	0	0	0	0	0	0	0	0	0	0	0.08347	0	0	0	0	0	0	0	0	0	0	0	0	0	0	0	0	0	0	0	0	0	0	0	0	0	0	0	0	0	0	0	0	0	0	0	0	0	0	0	0	0	0	0	0	0	0	0	0	0	0	0	0	0	0	0	0	0	0	0	0	0	0	0	0	0	0	0	0	0	0	0	0.08988	0	0	0	0	0	0	0	0	0	0	0	0	0	0	0	0	0	0	0	0	0	0	0	0	0	0	0	0	0	0
GGB3126_SGB4139	0	0	0	0	0	0	0	0	0	0	0	0	0	0	0	0	0	0	0	0	0	0	0	0	0	0	0	0	0	0	0	0	0	0	0	0	0	0	0	0	0	0	0	0	0	0	0	0	0	0	0	0	0	0	0	0	0	0	0	0	0	0	0	0	0	0	0	0	0	0	0	0	0	0	0	0	0	0	0	0	0	0	0	0	0	0	0	0	0	0	0	0	0	0	0	0	0	0	0	0	0	0	0	0	0	0	0	0	0	0	0	0	0	0	0	0	0	0	0	0	0	0	0	0	0	0	0	0	0	0	0.0283	0	0	0	0	0	0	0	0	0.08969	0	0	0	0	0	0	0	0	0	0	0	0	0	0	0	0	0	0	0	0	0	0	0	0	0	0	0	0	0
Acidaminococcus_provencensis	0	0	0	0	0	0.04726	0	0	0	0	0	0	0	0	0	0.04272	0	0	0	0	0	0	0	0	0	0	0	0	0	0	0	0	0	0	0	0	0	0.02222	0	0	0	0	0	0	0	0	0	0.02056	0	0	0	0	0	0	0	0	0	0	0	0	0	0	0	0	0	0	0	0	0	0	0	0	0	0	0	0	0	0	0	0	0	0	0	0	0	0	0	0	0	0	0	0	0	0	0	0	0	0	0	0	0	0	0	0	0	0	0	0	0	0	0	0	0	0	0	0	0	0	0	0	0	0	0	0	0	0	0	0	0	0	0	0	0	0	0	0	0	0	0	0	0	0.08276	0	0	0	0	0	0	0	0	0	0	0	0	0	0	0	0	0	0	0	0	0	0.08847	0.00116	0	0	0	0
Anaerosacchariphilus_sp_NSJ_68	0.00167	0	0	0	0	0	0	0	0	0	0	0	0.00186	0.00895	0.00608	0	0	0	0	0	0	0	0	0	0	0	0	0	0	0	0	0	0.0044	0	0	0.01718	0	0	0	0.04095	0	0	0	0	0	0.00976	0	0	0.00025	0.01496	0.01663	0.02025	0	0	0	0.00769	0	0.00268	0	0	0.0028	0.00146	0	0.0025	0	0	0.00519	0.03029	0	0.0124	0.01491	0.0055	0.0571	0	0.01802	0	0	0.01348	0	0	0	0.02263	0	0	0.01005	0	0	0	0	0	0	0	0.00438	0	0.01401	0.00291	0	0	0	0	0.01551	0.00053	0.04111	0.02338	0.01022	0	0	0.01156	0.01315	0.00309	0.00222	0	0.0208	0	0	0	0	0.00047	0	0	0.00445	0	0.00466	0.0037	0.00654	0	0.0141	0	0	0.00068	0.00891	0.08785	0.00854	0	0.0328	0	0.00855	0.00396	0.01859	0.00553	0	0	0	0	0	0.00015	0	0	0	0	0	0	0	0	0	0	0	0	0.00274	0	0	0	0	0	0	0	0	0	0
GGB1385_SGB1890	0	0	0	0	0	0	0	0	0	0	0	0	0	0	0	0	0	0	0	0	0	0	0	0	0	0	0	0	0	0	0	0	0	0	0	0	0.0878	0	0	0	0	0	0	0	0	0	0	0	0	0	0	0	0	0	0	0	0	0	0	0	0	0	0	0	0	0	0	0	0	0	0	0	0	0	0	0	0	0	0	0	0	0	0	0	0	0	0	0	0	0	0	0	0	0	0	0	0	0	0	0	0	0	0	0	0	0	0	0	0	0	0	0	0	0	0	0	0	0	0	0	0	0	0	0	0	0	0	0	0	0	0	0	0	0	0	0	0	0	0	0	0	0	0	0	0	0	0	0	0	0	0	0	0	0	0	0	0	0	0	0	0	0	0	0	0	0	0	0	0
GGB2980_SGB3962	0	0	0	0	0	0	0	0	0.05656	0	0	0	0	0	0	0	0	0	0	0	0	0	0	0	0	0	0	0	0	0.01476	0	0	0.02403	0	0	0	0	0.05969	0	0	0	0	0	0	0	0	0	0.01472	0.08755	0	0	0	0	0	0	0	0	0	0	0	0	0	0	0	0	0	0	0	0	0	0	0	0	0	0	0	0	0	0	0.00108	0	0	0	0	0	0	0	0	0	0	0	0	0	0	0	0	0	0	0.00209	0	0	0	0	0	0	0	0	0	0	0	0	0	0.00191	0	0	0	0	0	0	0	0	0	0	0	7e-05	0	0	0.00375	0.00158	0	0	0	0	0	0	0	0	0	0	0	0	0	0	0	0	0	0	0	0	0	0	0	0	0	0	0	0	0	0	0	0	0	0	0	0	0	0	0	0
Lachnoclostridium_SGB4602	0	0	0.08744	0	0	0	0	0	0	0	0	0	0	0	0	0	0	0	0	0	0.01774	0	0	0	0	0	0	0	0	0	0	0	0	0	0	0	0	0	0	0	0	0	0	0	0	0	0	0	0	0	0	0	0	0	0	0	0	0	0	0	0	0	0	0	0	0	0	0	0	0	0	0	0	0	0	0	0	0	0	0	0	0	0	0	0	0	0	0	0	0	0	0	0	0	0	0	0	0	0	0	0	0	0	0	0	0	0	0	0	0	0	0	0	0	0	0	0	0	0	0	0	0	0	0	0	0	0	0	0	0	0	0	0	0	0	0	0	0	0	0	0	0	0	0	0	0	0	0	0	0	0	0	0	0	0	0	0	0	0	0	0	0	0	0	0	0	0	0	0
Streptococcus_alactolyticus	0	0	0	0	0	0	0	0	0	0	0	0	0	0.08735	0.07893	0	0	0	0	0	0	0	0.00317	0	0	0	0	0	0	0	0	0	0	0	0	0	0	0	0	0	0	0	0	0	0	0	0	0	0	0	0	0	0	0	0	0	0	0	0	0	0	0	0	0	0	0	0	0	0	0	0	0	0	0	0	0	0	0	0	0	0	0	0	0	0	0	0	0	0	0	0	0	0	0	0	0	0	0	0	0	0	0	0	0	0	0	0	0	0	0	0	0	0	0	0	0	0	0	0	0	0	0	0	0	0	0	0	0	0	0	0	0	0	0	0	0	0	0	0	0	0	0	0	0	0	0	0	0	0	0	0	0	0	0	0	0	0	0	0	0	0	0	0	0	0	0	0	0	0
GGB9303_SGB14264	0	0	0	0	0	0	0	0	0	0	0	0	0	0	0	0	0	0	0	0	0	0	0	0	0	0	0	0	0	0	0	0	0	0	0	0	0	0	0	0	0	0	0	0	0	0	0	0	0	0	0	0	0	0	0	0	0	0	0	0	0	0	0	0	0	0	0	0	0	0	0	0	0	0	0	0	0	0	0	0	0	0	0	0	0	0	0	0	0	0	0	0	0	0	0	0	0	0	0	0	0	0	0	0	0	0	0	0	0	0	0	0	0	0	0	0	0	0	0	0	0	0	0	0	0	0	0	0	0	0	0	0	0	0	0	0	0	0	0.08685	0	0	0	0	0	0	0	0	0	0	0	0	0	0	0	0	0	0	0	0	0	0	0	0	0	0	0	0	0	0
GGB39037_SGB4393	0	0	0	0	0	0	0	0	0	0	0	0	0	0	0	0	0	0	0	0	0	0	0	0	0	0	0	0	0	0	0	0	0	0	0	0	0	0	0	0	0	0	0	0	0	0	0	0	0	0.01431	0	0	0	0	0	0.00937	0	0	0	0	0	0	0	0	0	0	0	0	0	0	0	0	0	0	0	0	0	0	0	0	0	0	0	0	0.00813	0	0	0	0	0	0	0	0	0	0.08597	0.00082	0	0	0	0	0	0	0	0	0	0	0	0	0	0	0	0	0	0	0	0	0	0.0363	0	0.02833	0	0	0	0	0.00324	0	0	0.02647	0	0	0	0	0	0	0	0	0	0	0	0	0	0	0	0	0.00817	0	0	0	0	0	0	0	0	0	0	0	0	0	0	0	0	0	0	0	0	0	0	0	0
GGB36331_SGB53806	0	0	0	0	0	0	0	0	0	0	0	0	0	0	0	0	0	0	0	0	0	0	0	0	0	0	0	0	0.08569	0	0	0	0	0	0	0	0	0	0	0	0	0	0	0	0	0	0	0	0	0	0	0	0	0	0	0	0	0	0	0	0	0	0	0	0	0	0	0	0	0	0	0	0	0	0	0	0	0	0	0	0	0	0	0	0	0	0	0	0	0	0	0	0	0	0	0	0	0	0	0	0	0	0	0	0	0.01593	0	0	0	0	0	0	0	0	0	0	0	0	0	0	0	0	0	0	0	0	0	0	0	0	0	0	0	0	0	0	0	0	0	0	0	0	0	0	0	0	0	0	0	0	0	0	0	0	0	0	0	0	0	0	0	0	0	0	0	0	0	0	0
GGB9786_SGB15409	0	0	0	0	0	0	0	0	0	0	0	0	0	0.04272	0.02552	0	0	0	0	0	0	0	0.06554	0	0	0	0	0	0	0	0	0	0	0	0	0	0	0	0	0	0	0	0	0	0	0	0	0	0	0.07172	0	0	0	0	0	0	0	0	0	0	0	0	0	0	0	0	0	0	0	0	0	0	0	0	0	0	0	0	0	0	0	0	0	0	0.0045	0	0	0	0	0	0	0	0	0	0	0.02382	0	0	0	0	0	0	0.08382	0	0	0	0	0	0	0	0	0	0	0	0	0	0	0	0	0.04858	0	0	0	0	0	0	0	0	0	0	0	0	0	0	0	0	0	0.00626	0	0	0	0	0	0	0	0	0	0	0	0	0	0	0	0	0	0	0	0	0	0	0	0	0	0	0	0	0	0	0
GGB2848_SGB3813	0.00132	0	0	0	0	0	0	0	0	0	0	0	0	0	0	0	0	0	0	0	0	0	0.03173	0	0	0	0	0	0	0.00177	0	0	0	0	0	0	0	0.00361	0	0	0.08347	0.00087	0	0	0	0	0	0.00295	0.01361	0	0	0	0	0	0	0	0	0	0	0	0.0041	0	0	0	0	0	0.04333	0.0507	0	0.02404	0	0	0	0	0	0	0	0	0	0.01025	0	0	0	0.00512	0	0.00073	0	0	0	0	0	0	0	0	0	0.00011	0	0.04133	0.00817	0	0	0	0.00116	0	0.00663	0	0	0.00566	0	0	0	0	0	0	0	0	0	0	0	0	0	0	0.00812	0.00932	0.00304	0.00326	0	0	0	0	0.00138	0	0	0	0	0	0	0	0.05048	0	0	0.02216	0	0	0	0	0.00223	0	0	0	0	0	0	0	0	0	0	0	0.01564	0	0	0	0	0	0	0	0	0	0
Oscillibacter_hominis	0.00265	0	0	0	0	0	0	0	0	0	0	0	0	0	0	0	0	0	0	0	0	0	0	0	0	0	0	0	0	0	0	0	0	0	0	0.00869	0.02456	0	0	0	0	0	0	0	0	0	0	0	0	0	0	0	0	0	0	0	0	0	0	0	0	0	0	0	0	0	0	0	0	0.00209	0	0	0	0	0	0	0	0	0	0	0	0	0	0	0	0	0	0	0	0.00243	0	0	0	0	0.00998	0	0	0	0.02956	0.00282	0	0	0.00574	0	0	0	0	0.08336	0.00176	0	0	0	0	0	0	0	0	0	0	0	0	0	0	0	0	0	0	0.00418	0	0	0.0084	0	0	0	0	0	0	0.00049	0	0	0	0	0	0	0	0	0	0	0.00635	0	0	0	0.00052	0	0	0	0	0.00136	0	0	0	0	0	0	0	0	0	0	0
GGB3118_SGB4130	0	0	0	0	0	0	0	0	0	0	0	0	0	0	0	0	0	0	0	0	0	0	0	0	0	0	0	0	0	0	0	0	0	0	0	0	0	0	0	0	0	0	0	0	0	0	0	0	0	0	0	0	0	0	0	0	0	0	0	0	0	0	0	0	0	0	0	0	0	0.00273	0.07674	0	0	0	0	0	0	0	0	0	0	0	0	0	0	0	0	0	0	0	0	0	0	0	0	0	0	0	0	0	0	0	0	0.05425	0.07313	0	0	0	0	0	0	0	0	0	0	0	0	0	0	0	0	0	0	0	0	0	0	0	0	0	0	0	0	0	0	0	0.08278	0	0	0	0	0	0	0	0	0	0	0	0	0	0	0	0	0	0	0	0	0	0	0	0	0	0	0	0	0	0	0	0
Leuconostoc_gelidum	0	0	0	0	0	0	0	0	0	0	0	0	0	0	0	0	0	0	0	0	0	0	0	0	0	0	0	0	0	0	0	0	0	0	0	0	0	0	0	0	0	0	0	0	0	0	0	0	0.08106	0	0	0	0	0	0	0	0	0	0	0	0	0	0	0	0	0	0	0	0	0	0	0	0	0	0	0	0	0	0	0	0	0	0	0	0	0	0	0	0	0	0	0	0	0	0	0	0	0	0	0	0	0	0	0	0	0	0	0	0	0	0	0	0	0	0	0	0	0	0	0	0	0	0	0	0	0	0	0	0	0	0	0	0	0	0	0	0	0	0	0	0	0	0	0	0	0	0	0	0	0	0	0	0	0	0	0	0	0	0	0	0	0	0	0	0	0	0	0	0
Jingyaoa_shaoxingensis	0.07515	0	0	0	0	0	0	0	0	0.00234	0	0	0	0	0	0	0.0237	0	0	0	0	0	0	0	0	0	0	0	0	0.05539	0	0	0.02543	0	0	0.00893	0	0	0	0	0	0.01768	0	0	0	0	0	0	0.02125	0.08098	0	0	0	0	0	0	0	0	0	0	0	0	0	0	0	0	0	0	0	0	0	0	0	0	0	0	0	0	0	0	0	0	0	0	0	0	0	0	0	0	0	0	0	0	0	0	0	0	0	0	0	0	0.00037	0	0	0	0	0	0	0	0	0	0	0	0	0	0	0	0	0	0	0	0	0	0	0	0	0	0	0	0	0	0	0	0	0	0	0	0	0	0	0	0	0	0	0	0	0	0	0.00207	0	0	0	0	0	0	0	0	0.00969	0	0	0	0	0	0	0	0	0	0
GGB9434_SGB14812	0	0	0	0	0	0	0	0	0	0	0	0	0	0.08071	0.04078	0	0	0	0	0	0	0	0	0	0	0	0	0	0	0	0	0	0	0	0	0	0	0	0	0	0	0	0	0	0	0	0	0	0	0	0	0	0	0	0	0	0	0	0	0	0	0	0	0	0	0	0	0	0	0	0	0	0	0	0	0	0	0	0	0	0	0	0	0	0	0	0	0	0	0	0	0	0	0	0	0	0	0	0	0	0	0	0	0	0	0	0	0	0	0	0.03238	0	0	0	0	0	0	0	0	0	0	0	0	0	0	0	0	0.00043	0.01235	0	0	0	0	0	0	0	0	0	0	0	0	0	0	0	0	0	0	0	0	0	0	0	0	0	0	0	0	0	0	0	0	0	0	0	0	0	0	0	0
Abiotrophia_defectiva	0	0	0	0	0.0215	0	0	0	0	0	0	0	0	0	0	0	0	0	0	0	0.07955	0	0	0	0	0	0	0	0.00113	0	0	0	0	0	0	0	0	0	0.00446	0	0	0	0	0	0.00179	0	0	0	0	0	0	0	0	0	0	0	0	0	0	0	0	0	0	0	0	0	0	0	0	0	0	0	0	0	0	0	0	0	0	0	0	0	0	0	0	0	0	0	0	0	0	0	0	0	0	0	0	0	0	0	0	0	0	0	0	0	0	0	0	0	0	0	0	0	0	0	0	0	0	0	0	0	0	0	0	0	0	0	0	0	0	0	0	0	0	0	0	0	0	0	0	0	0	0	0	0	0	0	0	0	0	0	0	0	0	0	0	0	0	0	0	0	0	0	0	0	0	0	0
Prevotella_corporis	0	0	0	0	0	0	0	0	0	0	0	0	0	0	0	0	0	0	0	0	0	0	0	0	0	0	0	0	0	0	0	0	0	0	0	0	0	0	0	0	0	0	0	0	0	0	0	0	0	0	0	0	0	0	0.07835	0	0	0	0	0	0.00062	0	0	0	0	0	0	0	0	0	0	0	0	0	0	0	0	0	0	0	0	0	0	0	0	0	0	0	0	0	0	0	0	0	0	0	0	0	0	0	0	0.00088	0	0	0	0	0	0	0	0	0	0	0	0	0	0	0	0	0.00262	0	0.00633	0	0	0	0	0	0	0	0	0	0	0	0	0	0	0	0	0	0	0	0	0	0	0	0	0.00338	0	0	0	0	0	0	0	0	0	0	0	0	0	0	0	0	0	0	0	0	0	0	0
Actinomyces_bouchesdurhonensis	0	0	0	0	0	0.07816	0	0.00779	0	0	0	0.04774	0	0	0	0	0	0	0	0	0	0	0.00073	0	0.03742	0	0	0	0.00108	0	0	0	0	0.03111	0	0	0	0	0	0.00788	0.00185	0.01004	0	0	0	0	0	0	0	0.03435	0	0	0	0	0	0	0	0	0	0	0	0	0	0	0	0	0	0	0	0	0	0	0	0	0	0	0	0	0	0	0	0	0	0	0	0	0	0	0	0	0	0	0	0	0	0	0	0	0	0	0	0	0	0	0	0	0.03174	0	0	0	0	0	0	0	0	0	0	0	0	0	0	0	0	0	0	0	0	0	0	0	0	0	0	0	0	0	0	0	0	0	0	0	0	0	0	0	0	0	0	0	0	0	0	0	0	0	0	0	0	0	0	0	0	0	0	0	0	0	0
Saccharomyces_cerevisiae	0	0	0	0	0	0	0	0	0	0	0	0	0	0	0	0	0	0	0	0	0	0	0	0	0	0.00222	0	0	0	0	0.00417	0	0	0.0088	0.07809	0	0	0	0	0	0	0	0	0	0	0	0	0	0	0	0	0	0	0	0	0	0	0	0	0	0	0	0	0	0	0	0	0	0	0	0	0	0	0	0	0	0	0	0	0	0	0	0	0	0	0	0	0	0	0	0	0	0	0	0	0	0	0	0	0	0	0	0	0	0	0	0	0	0	0	0	0	0	0	0	0	0	0	0	0	0	0	0	0	0	0	0	0	0	0	0	0	0	0	0	0	0	0	0	0	0	0	0	0	0	0	0	0	0	0	0	0	0	0	0	0	0	0	0	0	0	0	0	0	0	0	0	0	0
Lachnospiraceae_bacterium_EP_SM_12S_S03	0	0	0	0	0	0	0	0	0	0	0	0	0	0	0	0	0	0	0	0	0	0	0	0	0	0	0	0	0	0	0.01455	0	0	0	0	0	0	0	0	0	0	0	0	0	0	0	0	0	0	0	0	0	0	0	0	0	0	0	0	0	0	0	0	0	0	0	0	0	0	0	0	0	0	0	0	0	0	0	0	0	0	0	0	0	0	0	0	0	0.01793	0	0	0.03636	0	0.07801	0	0	0	0	0	0	0	0	0	0	0	0	0	0	0	0	0	0	0	0	0	0	0	0	0	0	0	0	0	0	0	0	0	0	0	0	0	0	0	0	0	0	0	0	0	0	0	0	0	0	0	0	0	0	0	0	0	0	0	0	0	0	0	0	0	0	0	0	0	0	0	0	0	0	0
Collinsella_SGB53890	0	0	0	0	0	0	0	0	0	0	0	0	0	0	0	0	0	0	0	0	0	0	0	0	0	0	0	0	0	0	0	0	0	0	0	0	0	0	0	0	0	0	0	0	0	0	0	0	0	0	0	0	0	0.07699	0	0	0	0	0	0	0	0	0	0	0	0	0	0	0	0	0	0	0	0	0	0	0	0	0	0	0	0	0	0	0	0	0	0	0	0	0	0	0	0	0	0	0	0	0	0	0	0	0	0	0	0	0	0	0	0	0	0	0	0	0	0	0	0	0	0	0	0	0	0	0	0	0	0	0	0	0	0	0	0	0	0	0	0	0	0	0	0	0	0	0	0	0	0	0	0	0	0	0	0	0	0	0	0	0	0	0	0	0	0	0	0	0	0	0
Streptococcus_vestibularis	0	0.01353	0	0.06471	0	0.01031	0	0	0	0	0	0	0	0.00489	0.00453	0	0	0.07687	0	0	0.03402	0	0	0	0	0	0.03395	0	0	0	0.01572	0	0.05312	0.00255	0	0	0	0	0	0	0	0	0	0	0	0	0	0	0.00804	0	0	0	0	0	0	0	0	0	0	0	0	0	0.01049	0	0	0	0	0	0	0	0	0	0	0	0	0	0	0	0	0	0	0	0	0.00135	0	0	0.02445	0	0.0055	0	0	0	0	0	0	0	0.00194	0	0	0	0	0	0	0	0	0	0	0	0	0	0	0	0	0	0	0	0	0	0	0	0	0	0	0	0	0	0	0	0	0	0	0	0	0	0	0	0	0	0	0	0	0	0	0	0	0	0	0	0	0	0	0	0	0	0	0	0	0	0	0	0	0	0	0	0	0	0	0	0
GGB3817_SGB5182	0	0	0	0	0	0	0	0	0	0	0	0	0	0	0	0	0	0	0	0	0	0	0	0	0	0	0	0	0	0	0	0	0	0	0	0	0	0	0	0	0	0	0	0.07618	0	0	0	0	0	0	0	0	0	0	0	0	0	0	0	0	0	0	0	0	0	0	0	0	0	0	0	0	0	0	0	0	0	0	0	0.00778	0	0	0	0	0	0	0	0	0	0	0	0	0	0	0	0	0	0	0	0	0	0	0	0	0	0	0	0	0	0	0	0	0	0	0	0	0	0	0	0	0	0	0	0	0	0	0	0	0	0	0	0	0	0	0	0	0	0	0.05161	0	0	0	0	0	0	0	0	0.00935	0	0	0	0	0	0.02851	0	0	0	0	0	0	0	0	0	0	0	0	0	0	0
Clostridium_butyricum	0	0	0	0	0	0	0	0	0	0	0	0	0	0	0	0	0	0	0	0	0	0	0	0	0	0	0	0	0	0	0	0	0	0.06482	0	0	0	0	0	0	0	0	0	0.07595	0	0	0	0	0	0	0	0	0	0	0	0	0	0	0	0	0	0	0	0	0	0	0	0	0	0	0	0	0	0	0	0	0	0	0	0	0	0	0	0	0	0	0	0	0	0	0	0	0	0	0	0	0.00837	0	0	0	0	0	0	0	0	0	0	0	0	0	0	0	0	0	0	0	0	0	0	0	0	0.00151	0	0	0	0	0	0	0	0	0	0	0	0	0	0	0	0	0	0	0	0	0	0	0	0	0	0	0	0	0	0	0	0	0	0	0	0	0	0	0	0	0	0	0	0	0	0	0
GGB9611_SGB15045	0	0	0	0	0	0	0	0	0	0	0	0	0	0	0	0	0	0	0	0	0	0	0	0	0	0	0	0	0	0	0	0	0	0	0	0	0.00014	0	0	0	0	0.07587	0	0	0	0	0	0	0	0	0	0	0	0	0	0	0	0	0	0	0	0	0	0	0	0	0	0	0	0	0	0	0	0	0	0	0	0	0	0	0	0	0	0.00041	0	0	0	0	0	0	0	0	0	0	0	0	0	0	0	0	0	0	0	0	0	0	0	0	0	0	0	0	0	0	0	0	0	0	0	0	0	0	0	0	0	0	0	0	0	0	0	0	0	0	0	0	0	0	0	0	0	0	0	0	0	0	0	0	0	0	0	0	0	0	0	0	0	0	0	0	0	0	0	0	0	0	0	0	0
GGB3130_SGB4143	0	0	0	0	0	0	0	0	0	0	0	0	0	0	0	0	0	0	0	0	0	0	0	0	0	0	0	0	0	0	0	0	0	0	0	0	0	0	0	0	0	0	0	0	0	0	0	0	0	0	0	0	0	0	0	0	0	0	0	0	0	0	0	0	0	0	0	0	0	0	0.02044	0	0	0	0	0	0	0	0	0	0	0	0	0	0	0	0	0	0	0	0	0	0	0	0	0	0	0	0	0	0	0	0	0.002	0	0	0	0	0	0	0	0	0	0	0	0	0	0	0	0.07473	0	0	0	0	0	0	0	0	0	0	0	0	0	0	0	0	0	0	0	0	0	0	0	0	0	0	0	0	0	0	0	0	0	0	0	0	0	0	0	0	0	0	0	0	0	0	0	0	0
Actinomyces_SGB17132	0	0	0.02635	0.00115	0.00194	0.00238	0	0.00943	0	0	0.00023	0.02714	0.02605	0.00154	0.00094	0	0	0	0.00025	0	0.01828	0	0.00035	0.02553	0.0493	0.00068	0.01389	0	0.01236	0	0.02396	0	0.07384	0.02052	0.01085	0.00054	0.00623	0	0	0	0.00211	0.00417	0	0.0449	0	0.03114	0	0	0.00038	0	0	0	0	0	0	0	0	0	0	0	0	0	0	0.00053	0.00598	0	0	0	0	0.00148	0	0	0	0.01377	0.00027	0	0.00059	0	0	0	0.00266	0	0	0	0	0.00214	0.00322	0.00017	0.05102	0	0	0	0	0.00318	0	0.00084	0.00574	0	0	0.00338	0.00357	0.00028	0	0	0	0	0.00674	0.0025	0.0039	0.00201	0	0.00079	0.00582	0	0.00479	0	0.00228	0	0	0	0	0.01934	0	0	0	0	0	0.00205	0.02503	0.00234	0	0	0.00054	0.0099	0	0	0	0	0	0	0	0.00679	0	0	0	0	0	0	0	0	0	0	0	0	0	0	0	0	0	0	0	0	0	0	0	0	0	0	0
GGB3616_SGB4888	0	0	0	0	0	0	0	0	0	0	0	0	0	0	0	0	0	0	0	0	0	0	0	0	0	0	0	0	0	0	0	0	0	0	0	0.07373	0	0	0	0	0	0	0	0	0	0	0	0	0	0	0	0	0	0	0	0	0	0	0	0	0	0	0	0	0	0	0	0	0.01851	0	0.01388	0	0	0	0	0	0	0	0	0	0	0	0	0	0	0	0	0	0	0	0	0	0	0	0	0	0	0	0	0	0.00101	0	0	0.01743	0	0	0	0.05165	0.01338	0	0	0	0	0.0021	0	0	0	0	0	0	0	0	0	0	0	0	0	0	0	0	0	0	0	0	0	0	0	0	0	0	0	0	0	0	0.03997	0	0	0	0.00119	0	0	0	0.01679	0	0.03034	0	0	0	0	0	0	0	0	0	0	0	0	0	0
GGB3352_SGB4436	0	0	0	0	0	0	0	0	0	0	0	0	0	0	0	0	0	0	0	0	0	0	0	0	0	0	0	0	0	0	0	0	0	0	0	0	0	0	0	0	0	0	0	0	0	0	0	0	0	0	0	0	0	0	0	0	0	0	0	0	0	0	0	0	0	0	0	0	0	0	0	0	0	0	0	0	0	0	0	0	0	0	0	0	0	0	0	0	0	0	0	0	0	0	0	0.00191	0	0	0	0	0	0	0	0	0	0	0	0	0	0	0	0.07349	0	0	0	0	0	0	0	0	0.00892	0	0	0.00257	0.008	0.00308	0	0.01644	0	0	0.00704	0	0	0	0	0	0	0	0	0	0	0	0	0	0	0	0	0	0	0	0	0	0	0	0	0	0	0	0	0	0	0	0	0	0	0	0	0	0
GGB9542_SGB14948	0	0	0	0	0	0	0	0	0	0	0	0	0	0	0	0	0	0	0	0	0	0	0	0	0	0	0	0	0	0	0	0	0	0	0	0	0	0	0	0	0	0	0	0	0	0	0	0	0	0	0	0	0	0	0	0	0	0	0	0	0	0	0	0	0	0	0	0	0	0	0	0	0	0	0	0	0	0	0	0	0	0	0	0	0	0	0	0	0	0	0	0	0	0	0	0	0	0	0	0	0	0	0	0	0	0	0	0	0	0	0	0	0	0	0	0	0	0	0	0	0	0	0.07332	0	0	0	0	0	0	0	0	0	0	0	0	0	0	0	0	0	0	0	0	0	0	0	0	0	0	0	0	0	0	0	0	0	0	0	0	0	0	0	0	0	0	0	0	0	0
GGB42378_SGB59548	0	0	0	0	0	0	0	0	0	0	0	0	0	0.05585	0.07318	0	0	0	0	0	0	0	0	0	0	0	0	0	0	0	0	0	0	0	0	0	0	0	0	0	0	0	0	0	0	0	0	0	0	0.00285	0	0	0	0	0	0	0	0	0	0	0	0	0	0	0	0	0	0	0	0	0	0	0	0	0	0	0	0	0	0	0	0	0	0	0	0	0	0	0	0	0	0	0	0	0.00731	0	0	0	0	0	0	0	0	0	0	0	0	0	0	0	0	0	0	0	0	0	0	0	0	0	0	0	0	0	0	0	0	0.0099	0	0	0	0	0	0	0	0	0	0	0	0	0	0	0	0	0	0	0	0	0	0	0	0	0	0	0	0	0	0	0	0	0	0	0	0	0	0	0	0	0
GGB9062_SGB13981	0	0	0	0	0	0	0	0	0	0	0	0	0	0	0	0	0	0	0	0	0	0	0	0	0	0	0	0	0	0.00025	0	0	0	0	0	0	0	0	0	0	0	0	0	0	0	0	0	0	0	0	0	0	0	0	0	0	0	0	0	0	0	0	0	0	0	0	0	0	0	0	0	0	0	0	0	0	0	0	0	0	0	0	0	0	0	0	0	0	0	0	0	0	0	0	0	0	0	0	0	0	0	0	0	0	0	0	0	0	0	0	0	0	0	0	0	0	0	0	0	0	0	0	0	0	0	0	0	0	0	0	0	0	0	0	0	0	0	0	0	0	0	0	0	0	0	0	0	0.00719	0	0.07296	0	0	0	0	0	0	0	0	0.01193	0	0	0	0	0	0	0	0	0	0
GGB9774_SGB15394	0.07273	0	0	0	0	0	0	0	0	0	0	0	0	0	0	0	0	0	0	0	0	0	0	0	0	0	0	0	0	0	0	0	0	0	0	0	0	0	0	0	0	0	0	0	0	0	0	0	0.04721	0	0	0	0	0	0	0	0	0	0	0	0	0	0	0	0	0	0	0	0	0	0	0	0	0	0	0	0	0	0	0	0	0	0	0	0	0	0	0	0	0	0	0	0	0	0	0	0	0	0	0	0	0	0	0	0	0	0	0	0	0	0	0	0	0	0	0	0	0.01214	0	0	0	0	0	0	0	0	0	0	0	0	0	0	0	0	0	0	0	0	0	0	0	0	0	0	0	0	0	0	0	0	0	0	0	0	0	0	0	0	0	0	0	0	0	0	0	0	0	0	0
GGB2987_SGB3969	0	0	0	0	0	0	0	0	0	0	0	0	0	0	0	0	0	0	0	0	0	0	0	0	0	0	0	0	0	0	0	0	0	0	0	0	0	0	0	0.07168	0	0	0	0	0	0	0	0	0	0	0	0	0	0	0	0	0	0	0	0	0.00125	0	0	0	0	0	0	0	0	0	0	0	0	0	0	0	0	0	0	0.00172	0	0	0	0.04166	0	0	0	0	0	0	0	0	0	0	0	0	0	0	0	0	0	0	0	0	0	0	0	0	0	0	0	0	0	0	0	0	0	0	0	0	0	0	0	0	0	0	0	0.01996	0	0	0	0	0	0	0	0	0	0	0	0	0	0.04642	0	0	0	0	0	0.0055	0	0	0	0	0	0	0	0	0	0	0	0	0	0	0	0	0	0	0	0	0
GGB9469_SGB14862	0	0	0	0	0	0	0	0	0	0	0	0	0	0	0	0	0	0	0	0	0	0	0	0	0	0	0	0	0	0	0	0	0	0	0	0	0	0	0	0.07113	0	0	0	0	0	0	0	0	0	0	0	0	0	0	0	0	0	0	0	0	0	0	0	0	0	0	0	0	0	0	0	0	0	0	0	0	0	0	0	0.01097	0	0	0	0.0068	0	0	0	0	0	0	0	0	0	0	0	0	0	0	0	0	0	0	0	0	0	0	0	0	0	0	0	0	0	0	0	0	0	0	0	0	0	0	0	0	0	0	0	0	0	0	0	0	0	0	0	0	0	0	0	0	0	0	0	0	0	0	0	0	0	0	0	0	0	0	0	0	0	0	0	0	0	0	0	0	0	0	0	0	0
GGB3510_SGB4687	0	0.00184	0	0	0	0	0	0	0	0	0	0	0	0	0	0	0	0	0	0	0	0	0.00126	0	0	0	0	0	0	0	0	0	0	0	0	0	0	0	0	0	0	0	0	0	0	0	0	0	0	0	0	0	0	0	0	0	0	0	0	0	0	0	0	0	0	0	0	0	0	0	0	0	0	0	0	0	0	0	0	0	0	0	0	0.01691	0	0	0	0	0	0	0	0	0	0	0	0	0	0	0	0	0	0	0.00751	0	0	0	0	0	0	0	0	0	0.05184	0	0	0	0	0	0	0	0	0	0	0	0	0	0	0	0	0	0.00129	0	0	0	0	0	0	0	0.00029	0	0	0.0711	0	0	0	0	0	0	0	0	0	0	0	0	0	0	0	0	0	0	0	0	0	0	0	0	0	0	0
GGB38744_SGB14842	0	0	0	0	0	0	0	0	0.01192	0	0	0	0	0	0	0	0	0	0	0	0	0	0.00137	0	0	0	0	0	0	0	0	0	0.00633	0	0	0	0	0	0	0	0	0	0	0	0	0	0	0	0	0	0	0	0	0	0	0	0	0	0	0	0	0	0	0	0	0	0	0.00099	0	0	0	0	0	0	0	0	0	0	0	0	0	0	0	0	0	0.00775	0	0	0	0	0	0	0	0	0.00188	0	0	0	0.00033	0	0	0	0.00294	0	0.00971	0	0	0	0	0	0	0	0.07083	0	0	0	0	0	0	0	0.00698	0	0	0	0.02463	0.00473	0	0.02315	0	0	0	0	0	0	0	0	0	0	0.0006	0	0	0	0	0	0	0	0	0	0	0.02276	0	0	0	0	0	0	0	0	0	0	0	0	0	0	0	0	0	0	0
Schaalia_SGB17157	0.00424	0.00075	0.00205	0	0.0243	0	0	0	0	0	0	0	0	0	0	0.01498	0	0	0	0	0.00724	0	0	0	0	0	0	0	0.00029	0	0	0	0.00853	0	0	0	0	0	0	0	0	0	0.00447	0	0	0	0.05118	0	0.07083	0	0	0	0	0	0	0	0	0	0	0	0	0	0	0.00131	0	0	0	0	0	0	0	0	0	0.01417	0	0	0	0	0	0	0	0	0	0	0	0	0	0	0	0	0	0	0	0	0	0	0	0	0	0	0	0	0.0001	0	0	0	0	0	0	0	0	0	0.00386	0	0	0	0	0	0	0	0	0	0	0	0	0	0	0	0.00169	0	0	0	0	0	0	0	0	0	0	0	0	0	0	0	0	0	0	0	0	0	0	0	0	0	0	0	0	0	0	0	0	0	0	0	0	0	0	0	0
Faecalibacillus_SGB6753	0	0	0	0	0	0	0	0	0	0	0	0	0	0	0	0	0	0	0	0	0	0	0	0	0	0	0	0	0	0	0	0	0	0	0	0	0	0	0	0	0	0	0	0	0	0	0	0	0	0	0	0	0	0	0	0	0	0	0	0	0	0	0	0	0	0	0	0	0	0	0	0	0	0	0	0	0	0	0	0	0	0	0	0	0	0	0	0	0	0	0	0	0	0	0	0	0	0	0	0	0	0	0	0	0	0	0	0	0	0	0	0	0	0	0	0	0	0	0	0	0	0	0	0	0	0	0	0	0	0	0	0	0	0	0	0	0	0	0	0	0	0.07067	0	0	0	0	0	0	0	0	0	0	0	0	0	0	0	0	0	0	0	0	0	0	0	0	0	0	0
Peptostreptococcus_stomatis	0	0.0078	0	0	0	0	0.00327	0	0	0	0	0.00804	0	0	0	0	0	0	0	0	0.00184	0	0	0	0	0	0.03897	0.00209	0.07058	0	0	0	0.00071	0	0	0	0	0	0	0	0	0	0	0	0.00994	0	0	0	0	0	0	0	0	0	0	0	0	0	0	0	0	0	0	0	0	0	0	0	0	0	0	0	0	0	0	0	0	0	0	0	0	0	0	0	0	0	0	0	0	0	0	0	0	0	0	0	0	0	0	0	0	0	0	0	0	0	0	0	0	0	0	0	0	0	0	0	0	0	0	0	0	0	0	0	0.04311	0	0	0	0	0	0	0	0	0	0	0	0	0	0	0	0	0	0	0	0	0	0	0	0	0	0	0	0	0	0	0	0	0	0	0	0	0	0	0	0	0	0	0	0
GGB9522_SGB14921	0	0	0	0	0	0	0	0	0	0	0	0	0.00134	0	0	0	0	0	0	0	0	0	0	0	0	0	0	0	0	0.01547	0	0	0	0	0	0	0	0	0	0	0	0	0	0	0	0.07042	0	0	0	0.03135	0	0	0	0	0	0	0	0	0	0	0	0	0	0.00797	0	0	0	0	0	0	0	0	0	0	0	0	0	0	0	0	0	0	0	0.03326	0	0	0	0	0	0	0	0	0.00572	0	0	0.01836	0	0	0.02204	0	0.00459	0	0.01705	0.00494	0	0	0	0	0	0	0	0	0	0	0	0	0	0	0	0.02425	0.00695	0	0	0	0.01973	0	0.01495	0	0	0	0.01024	0	0	0	0.01118	0	0	0.00272	0	0	0	0.00058	0	0	0	0	0	0	0	0	0	0	0	0	0	0	0	0	0	0	0	0	0	0	0	0	0	0	0
GGB52106_SGB72838	0	0	0	0	0	0	0	0	0	0.04734	0	0	0	0.03549	0.0355	0	0	0	0	0	0	0	0	0	0	0	0	0	0	0	0	0	0	0	0	0	0	0	0	0	0	0.07015	0	0	0	0	0	0	0	0	0	0	0	0	0	0	0	0	0	0	0	0	0	0	0	0	0	0	0	0	0	0	0	0	0	0	0	0	0	0	0	0	0	0.00879	0	0	0	0	0	0.00387	0	0	0	0	0	0	0	0	0	0	0	0	0.00099	0	0.00893	0	0	0.00645	0	0	0	0	0.00523	0	0	0	0	0	0.01139	0	0.00213	0	0	0	0	0	0	0	0	0	0.00085	0	0	0	0	0	0	0	0	0	0	0.03795	0	0	0	0	0	0	0	0	0	0	0	0	0	0	0	0	0	0	0	0	0	0	0	0	0	0	0
GGB42689_SGB59892	0	0	0.06951	0	0	0	0	0	0	0	0	0	0	0	0	0	0	0	0	0	0	0	0	0	0	0	0	0	0	0	0	0	0	0	0	0	0	0	0	0	0	0	0	0	0	0	0	0	0	0	0	0	0	0	0	0	0	0	0	0	0	0	0	0	0	0	0	0	0	0	0	0	0	0	0	0	0	0	0	0	0	0	0	0	0	0	0	0	0	0	0	0	0	0	0	0	0	0	0	0	0	0	0	0	0	0	0	0	0	0	0	0	0	0	0	0	0	0	0	0	0	0	0	0	0	0	0	0	0	0	0	0	0	0	0	0	0	0	0	0	0	0	0	0	0	0	0	0	0	0	0	0	0	0	0	0	0	0	0	0	0	0	0	0	0	0	0	0	0
Luoshenia_tenuis	0	0	0.00468	0	0	0	0	0	0	0	0	0	0	0.06918	0.04494	0	0	0	0	0	0	0	0.01495	0	0	0	0	0	0	0	0	0	0	0	0	0	0	0.00083	0	0.00215	0.00904	0.00041	0	0	0	0.00018	0	0	0.00092	0.00039	0	0	0	0	0	0	0	0	0	0	0.00136	0	0	0	0	0	0.00172	0.00228	0	0.00022	0	0	0	0	0	0	0	0	0	0.01419	0	0	0	0.01195	0	0.00263	0	0	0	0.00022	0	0	0	0	0	0.0142	0	0	0.00024	0	0	0	0.01563	0	0.00056	0	0	0	0.00271	0	0.00967	0	0.00224	0	0	0	0	0	0.00335	0.0008	0.00383	0	0	0.00205	0	0	0	0	0	0	0.00863	0	0	0	0	0	0	0	0.00114	0	0	0	0	0	0	0	0	0	0	0	0	0	0	0	0	0	0	0	0	0	0	0	0	0	0	0	0	0	0
GGB9563_SGB14975	0	0	0	0	0	0	0	0	0	0	0	0	0	0	0	0	0	0	0	0	0	0	0	0	0	0	0	0	0	0	0	0	0	0	0	0	0	0	0	0	0	0	0	0	0	0	0	0.04871	0	0	0	0	0	0	0	0	0	0	0	0	0	0	0	0	0	0	0	0	0	0	0	0	0	0	0	0	0	0.01884	0	0.06911	0	0	0	0	0	0	0	0	0	0	0	0	0	0	0.00623	0	0	0	0	0	0	0	0	0	0	0	0	0	0	0	0	0	0	0	0	0	0	0	0	0	0	0	0	0	0.00565	0	0	0	0	0	0	0	0	0	0.00492	0	0	0	0	0	0	0	0	0	0	0	0	0	0	0	0	0	0	0	0	0	0	0	0	0	0	0	0	0	0	0	0	0	0
GGB9289_SGB14244	0.069	0	0	0	0	0	0	0	0	0	0	0	0	0	0	0	0	0	0	0	0	0	0	0	0	0	0	0	0	0	0	0	0	0	0	0	0	0	0	0	0	0	0	0	0	0	0	0	0	0	0	0	0	0	0	0	0	0	0	0	0	0	0	0	0	0	0	0	0	0	0	0	0	0	0	0	0	0	0	0	0	0	0	0	0	0	0	0	0	0	0	0	0	0	0	0	0	0	0	0	0	0	0	0	0	0	0	0	0	0	0	0	0	0	0	0	0	0	0	0.00991	0	0	0	0	0	0	0	0	0	0	0	0	0	0	0	0	0	0	0	0	0	0	0	0	0	0	0	0	0	0	0	0	0	0	0	0	0	0	0	0	0	0	0	0	0	0	0	0	0
Lachnotalea_sp_AF33_28	0	0	0	0	0	0	0	0	0	0	0	0	0	0.00685	0.01166	0	0	0	0	0	0	0	0.00116	0	0	0	0	0	0	0	0	0	0	0	0	0	0	0	0	0	0	0	0	0	0	0.00402	0	0.00635	0	0	0	0	0	0	0	0	0	0	0	0	0.00692	0	0	0.00035	0	0.005	0	0	0	0.00203	0	0	0	0	0	0	0	0.00239	0	0.01094	0	0	0	0.00765	0	0	0	0	0	0.00457	0	0	0	0	0	0	0	0.06884	0.00112	0	0	0	0	0	0.00086	0	0	0.0054	0	0	0	0	0.00371	0	0	0	0	0	0	0.00045	0	0	0	0.00015	0	0	0	0	0	0	0.00261	0	0	0	0	0	0	0	0.00126	0	0	0	0	0	0	0	0	0	0	0.00024	0	0	0	0	0	0	0	0	0	0	0	0	0	0	0	0	0	0	0
GGB3061_SGB4063	0	0	0	0	0	0	0	0.04888	0	0	0	0	0	0	0	0	0	0	0	0	0	0	0.04179	0	0	0	0	0	0	0.00339	0	0	0	0	0	0	0	0	0	0	0	0.03169	0	0	0	0	0	0	0	0.01851	0	0	0	0	0	0	0	0	0	0	0	0	0	0	0	0	0	0	0	0	0	0	0	0	0	0	0	0	0	0	0	0	0	0	0	0	0	0	0	0	0	0	0	0	0	0.01884	0	0	0	0	0	0	0	0	6e-05	0	0	0	0	0	0	0	0.02739	0	0	0	0	0	0	0.06875	0	0	0	0	0	0	0	0.02057	0	0	0.06072	0	0	0	0	0	0	0	0.0393	0	0	0	0	0	0	0	0	0	0	0	0	0	0	0	0	0	0	0	0	0	0	0	0	0	0	0	0	0	0
Limosilactobacillus_portuensis	0	0	0	0	0	0	0	0	0	0	0.06875	0	0	0	0	0	0	0	0	0	0	0	0	0	0	0	0	0	0	0	0	0	0	0	0	0	0	0	0	0	0	0	0	0	0	0	0	0	0	0	0	0	0	0	0	0	0	0	0	0	0	0	0	0	0	0	0	0	0	0	0	0	0	0	0	0.00063	0	0	0	0	0	0	0	0	0	0	0	0	0	0	0	0	0	0	0	0	0	0	0	0	0	0	0	0	0	0	0	0	0	0	0	0	0	0	0	0	0	0	0	0	0	0	0	0	0	0	0	0	0	0	0	0	0	0	0	0	0	0	0	0	0	0	0	0	0	0	0	0	0	0	0	0	0	0	0	0	0	0	0	0	0	0	0	0	0	0	0	0	0
GGB9628_SGB15082	0	0	0	0	0	0	0	0	0	0	0	0	0	0	0	0	0	0	0	0	0	0	0	0	0	0	0	0	0	0	0	0	0	0	0	0	0	0	0	0	0	0	0	0	0	0	0	0	0	0	0	0	0	0	0	0	0	0.0687	0	0	0	0.02984	0	0	0	0	0	0	0	0.00013	0.01617	0	0	0	0	0	0	0	0	0	0	0	0	0	0	0	0	0	0	0	0	0	0	0	0.05575	0	0	0	0	0	0	0	0	0.02089	0	0	0	0	0	0	0	0	0	0	0	0	0	0	0	0.01695	0	0	0	0	0	0	0	0	0	0	0	0	0	0	0	0	0	0	0	0	0	0	0	0	0	0	0	0	0	0	0	0	0	0	0	0	0	0	0	0	0.00164	0	0	0	0	0	0	0	0
Barnesiella_sp_An22	0	0	0	0	0	0	0	0	0	0	0	0	0	0	0	0	0	0	0	0	0	0	0	0	0	0	0	0	0	0	0	0	0	0	0	0	0	0	0	0	0	0.06857	0	0	0	0	0	0	0	0	0	0	0	0	0	0	0	0	0	0	0	0	0	0	0	0	0	0	0	0	0	0	0	0	0	0	0	0	0	0	0	0	0	0	0	0	0	0	0	0	0	0	0	0	0	0	0	0	0	0	0	0	0	0	0	0	0	0	0	0	0	0	0	0	0	0	0	0	0	0	0	0	0	0	0	0	0	0	0	0	0	0	0	0	0	0	0	0	0	0	0	0	0	0	0	0	0	0	0	0	0	0	0	0	0	0	0	0	0	0	0	0	0	0	0	0	0	0	0
GGB9266_SGB14215	0	0	0	0	0	0	0	0	0	0	0	0	0	0	0	0	0	0	0	0	0	0	0	0	0	0	0	0	0	0	0	0	0	0	0	0	0	0	0	0	0	0	0	0	0	0	0	0	0	0	0	0	0	0	0	0	0	0	0	0	0	0	0	0.03499	0	0	0	0	0	0	0.00468	0	0	0	0	0	0	0	0	0	0	0	0	0	0	0	0	0	0	0	0	0	0	0	0	0.06771	0	0	0	0	0	0	0.02135	0.0022	0	0	0	0	0	0	0	0	0	0	0	0	0	0	0	0	0	0	0	0	0	0	0	0	0	0	0	0	0	0	0	0	0	0	0	0	0	0	0	0	0	0	0	0	0	0	0	0	0	0	0	0	0	0	0	0	0	0	0	0	0	0	0	0	0
GGB9616_SGB15052	0.0367	0	0	0	0	0	0	0	0	0.05957	0	0	0.02205	0	0	0	0	0	0.00733	0	0	0	0	0	0	0	0	0	0	0	0	0	0	0	0	0	0.01043	0	0	0	0	0	0	0	0	0	0	0	0.01525	0	0	0	0	0	0	0.00057	0	0	0	0	0.0008	0	0	0	0	0	0.02786	0	0.02532	0	0.03912	0.05081	0	0	0	0	0	0	0.01962	0	0	0.06511	0	0.00067	0.03152	0	0	0	0	0.01013	0	0	0.04072	0	0.00623	0.01242	0	0	0	0	0.00105	0.02458	0.00788	0.02108	0	0.00552	0	0	0.00508	0	0.00079	0	0.00183	0	0	0	0	0.00299	0	0	0	0	0.03444	0	0.00233	0	0.00669	0	0	0	0.00341	0.00075	0	0	0	0	0	0.00543	0.00012	0.0297	0.00262	0	0	0.01119	0.02442	0	0.06744	0	0.00821	0	0	0	0	0	0.02749	0	0	0	0	0	0	0	0.06072	0	0	0	0	0.01663	0
Blautia_sp_An46	0	0	0.0673	0	0	0	0	0	0	0	0	0	0	0	0	0	0	0	0	0	0	0	0	0	0	0	0	0	0	0	0	0	0	0	0	0	0	0	0	0	0	0	0	0	0	0	0	0	0	0	0	0	0	0	0	0	0	0	0	0	0	0	0	0	0	0	0	0	0	0	0	0	0	0	0	0	0	0	0	0	0	0	0	0	0	0	0	0	0	0	0	0	0	0	0	0	0	0	0	0	0	0	0	0	0	0	0	0	0	0	0	0	0	0	0	0	0	0	0	0	0	0	0	0	0	0	0	0	0	0	0	0	0	0	0	0	0	0	0	0	0	0	0	0	0	0	0	0	0	0	0	0	0	0	0	0	0	0	0	0	0	0	0	0	0	0	0	0	0
GGB4663_SGB6451	0	0	0	0	0	0	0	0	0	0	0	0	0	0	0	0	0	0	0	0	0	0	0	0	0	0	0	0	0	0	0	0	0	0	0	0	0	0	0	0	0	0	0	0	0	0	0	0	0	0	0	0	0	0	0	0	0	0	0	0	0	0	0	0	0	0	0	0	0	0.00541	0.06424	0	0	0	0	0	0	0	0	0	0	0	0	0	0	0	0	0	0	0	0	0	0	0	0	0	0	0	0	0	0	0	0	0.06728	0	0	0	0	0	0	0	0	0	0	0	0	0	0	0	0	0	0	0	0	0	0	0	0	0	0	0	0	0	0	0	0	0	0	0	0	0	0	0	0	0	0	0	0	0	0	0	0	0	0	0	0	0	0	0	0	0	0	0	0	0	0	0	0	0
Ligaoa_zhengdingensis	0	0	0	0	0	0	0	0	0	0	0	0	0	0.00369	0.00345	0	0	0	0	0	0	0	0.00129	0	0	0	0	0	0	0	0	0	0	0	0	0.06671	0.00158	0	0	0	0	0.00055	0	0	0	0	0	0.01528	0	0	0	0	0	0	0	0	0	0	0	0	0.00296	0	0	0	0	0	0	0.00086	0	0	0	0	0	0	0	0	0	0	0	0	0	0	0	0	0	0	0	0	0	0	0	0	0	0	0.00072	0	0	0	0	0	0	0	0	0	0.00158	0	0	0	0	0	0	0	0	0	0	0	0	0.00132	0	0	0	0	0	0.00782	0.0004	0	0	0.00158	0	0	0	0	0	0	0	0	0	0	0.00396	0	0	0	0	0	0	0	0	0	0	0.00126	0	0	0	0	0	0	0	0	0.00044	0	0	0	0	0	0	0	0	0	0
Parabacteroides_SGB1944	0	0	0	0	0	0	0	0	0	0	0	0	0	0	0	0.01449	0	0	0	0	0	0	0	0	0	0	0	0	0	0	0	0	0	0	0	0	0	0	0.00851	0	0	0	0	0	0	0	0	0	0	0	0	0	0	0	0	0	0	0	0	0	0	0	0	0	0	0	0	0	0	0	0	0	0	0	0	0	0	0	0	0	0	0	0	0	0	0	0	0	0	0	0	0	0	0	0	0	0	0	0	0	0	0	0	0	0	0	0	0	0	0	0	0.00252	0	0	0	0	0	0	0	0	0	0	0	0	0	0	0	0	0	0	0	0	0	0	0	0	0	0	0	0	0	0	0	0	0	0	0	0	0	0	0	0	0	0	0	0	0	0.06628	0	0	0	0	0	0	0	0	0	0	0
GGB41473_SGB58537	0	0	0	0	0	0	0	0	0	0	0	0	0	0	0	0	0	0.06603	0	0	0	0	0	0	0	0	0	0	0	0	0	0	0	0	0	0	0	0	0	0	0	0	0	0	0	0	0	0	0	0	0	0	0	0	0	0	0	0	0	0	0	0	0	0	0	0	0	0	0	0	0	0	0	0	0	0	0	0	0	0	0	0	0	0	0	0	0	0	0	0	0	0	0	0.00327	0	0	0	0	0	0	0	0	0	0	0	0	0	0	0	0	0	0	0	0	0	0	0	0	0	0	0	0	0	0	0	0	0	0	0	0	0	0	0	0	0	0	0	0	0	0	0	0	0	0	0	0	0	0	0	0	0	0	0	0	0	0	0	0	0	0	0	0	0	0	0	0	0	0	0
GGB5980_SGB8599	0	0	0	0	0	0	0	0	0	0	0	0	0	0	0	0	0	0	0	0.00147	0	0	0	0	0	0	0	0	0	0	0	0	0	0	0	0	0	0	0	0	0	0	0	0	0	0	0	0	0	0	0	0	0	0	0	0	0	0	0	0	0	0	0	0	0	0	0	0	0	0	0.02785	0	0	0	0	0	0	0	0	0	0	0	0	0	0	0	0	0	0	0.06595	0	0	0	0	0	0	0	0	0	0	0	0	0.00197	0	0	0	0	0	0	0	0	0	0	0	0	0	0	0	0	0	0	0	0	0	0	0	0	0	0	0	0	0	0	0	0	0	0	0	0	0	0	0	0	0	0	0	0	0	0	0	0	0	0	0	0	0	0	0	0	0	0	0	0	0	0	0	0	0	0
Lachnospiraceae_bacterium_NSJ_143	0	0	0	0	0	0	0	0	0	0	0	0	0	0	0	0.06507	0	0	0	0	0	0	0	0	0	0	0.00059	0	0	0	0	0	0	0	0	0	0	0	0	0	0	0	0	0	0	0	0	0	0	0	0	0	0	0	0	0	0	0.01969	0	0	0	0	0	0	0	0	0	0	0	0	0	0	0	0	0	0	0	0	0	0	8e-05	0	0	0	0	0	0	0	0	0	0	0	0	0	0	0	0	0	0	0	0	0	0	0	0	0	0	0	0	0	0	0	0	0	0	0	0	0	0	0	0	0	0	0	0	0	0	0	0	0	0	0	0	0	0	0	0	0	0.00335	0	0	0	0	0	0	0	0	0	0.02899	0	0	0	0	0	0	0.01674	0	0.00239	0	0	0	0	0	0	0	0	0	0	0
Olsenella_timonensis	0	0.01729	0	0	0	0	0	0	0	0	0	0	0	0	0	0	0	0	0	0	0	0	0	0	0	0	0	0	0	0	0	0	0	0	0	0	0	0.06476	0	0	0	0	0	0	0	0	0	0	0	0	0	0	0	0	0	0	0	0	0	0	0	0	0	0	0	0	0	0	0	0	0	0	0	0	0	0	0	0	0	0	0	0	0	0	0	0	0	0	0	0	0	0	0	0	0	0	0	0	0	0	0	0	0	0	0	0	0	0	0	0	0	0	0	0	0	0	0	0	0	0.001	0	0	0	0	0	0	0	0	0	0	0	0	0	0	0	0	0	0	0	0	0	0	0	0	0	0	0	0	0	0	0	0	0	0	0	0	0	0	0	0	0	0	0	0	0	0	0	0	0
GGB34228_SGB72916	0.00767	0	0	0	0	0	0	0	0	0	0	0	0.00209	0	0	0	0	0	0	0	0	0	0.01172	0	0	0	0	0	0	0	0	0	0	0	0	0	0	0	0	0	0	0	0	0	0	0	0	0	0	0.0056	0	0	0	0	0	0	0	0	0	0	0	0	0	0	0	0	0	0	0	0.00951	0.02124	0	0	0	0	0	0	0	0	0	0	0	0	0.00396	0.01334	0	0	0	0	0	0	0	0.00118	0	0.0073	0.00312	0	0.03507	0.01231	0	0	0	0.06457	0.01341	0	0	0	0	0	0	0	0	0	0	0	0	0	0.0175	0	0	0	0	0.00839	0	0.00109	0	0	0	0	0	0.00101	0	0	0	0	0	0	0	0	0	0	0	0	0	0	0.05271	0	0	0	0	0	0	0.03993	0	0	0	0	0	0.05171	0	0	0	0	0	0	0	0	0	0.0007
GGB74505_SGB47518	0	0	0	0.04256	0	0	0	0	0	0	0	0	0	0	0	0	0	0	0	0	0	0	0	0	0	0	0	0	0	0	0	0	0	0	0	0	0	0	0	0	0	0	0	0	0	0	0	0	0	0	0	0	0	0	0	0	0	0	0	0	0	0	0	0	0.01323	0	0	0	0	0	0	0	0	0	0	0	0	0	0	0.00335	0	0.01327	0	0.01145	0	0	0.06412	0	0	0	0	0.01214	0	0.02508	0	0	0	0.012	0.00027	0	0	0	0	0	0.00375	0	0	0	0	0	0	0	0	0	0	0	0	0	0	0	0.00232	0	0	0	0	0	0	0	0	0	0	0	0	0	0	0	0	0	0.00721	0	0	0	0	0	0	0	0	0	0	0	0	0	0	0	0	0	0	0	0	0	0	0	0	0	0	0	0	0	0
GGB31460_SGB6499	0	0	0	0	0	0	0	0	0	0	0	0	0	0	0	0	0	0	0	0	0	0	0	0	0	0	0	0	0	0	0	0	0	0	0	0	0	0	0	0	0	0	0	0	0	0	0	0	0	0	0	0	0	0	0	0	0	0	0	0	0	0	0	0	0	0	0	0	0	0	0	0	0	0	0	0	0	0	0	0	0	0	0	0	0	0	0	0	0	0	0	0	0	0	0	0	0	0	0	0	0	0	0	0	0	0	0	0	0	0	0	0	0	0	0	0	0	0	0	0	0	0	0	0	0	0	0	0	0	0	0	0	0	0	0	0	0	0	0	0	0	0	0	0	0	0	0	0	0	0.06346	0	0	0	0	0	0	0	0	0	0	0	0	0	0	0	0	0	0	0
Prevotella_SGB1604	0	0	0	0	0	0	0	0	0	0	0	0	0	0	0	0	0	0	0	0	0	0	0	0	0	0	0	0	0	0	0	0	0	0	0	0	0	0	0	0	0	0	0	0	0	0	0	0	0	0	0	0	0	0	0	0	0	0	0	0	0	0	0	0	0	0	0	0	0	0	0	0	0	0	0	0	0	0	0	0	0	0	0	0	0	0	0	0	0	0	0	0	0	0	0	0	0	0	0	0	0	0	0	0	0	0	0	0	0	0	0	0	0	0	0	0	0	0	0	0	0	0	0	0	0	0	0	0	0	0	0	0	0	0	0	0	0	0	0	0	0	0	0	0	0	0	0	0	0	0.06334	0	0	0	0	0	0	0	0	0	0	0	0	0	0	0	0	0	0	0
Slackia_equolifaciens	0	0	0	0	0	0	0	0	0	0	0	0	0	0	0	0	0	0	0.00022	0	0.00443	0	0	0.06325	0	0	0	0	0	0	0	0	0	0	0	0	0	0	0	0	0	0	0	0	0	0	0	0	0	0.05067	0	0	0	0	0	0	0	0	0	0	0	0	0	0	0	0	0	0	0	0	0	0	0	0	0	0	0	0	0	0	0	0	0	0	0	0	0	0	0	0	0	0	0	0	0	0	0	0	0	0	0	0	0	0	0	0	0	0	0	0	0	0	0	0	0	0	0	0	0	0	0	0	0	0	0	0	0	0	0	0	0	0	0	0	0	0	0	0	0	0	0	0	0	0	0	0	0	0	0	0	0	0	0	0	0	0	0	0	0	0	0	0	0	0	0	0	0	0	0
Enterobacter_kobei	0	0	0	0	0	0	0	0	0	0	0.05825	0	0	0	0	0	0	0	0.00173	0	0	0	0	0	0	0	0	0	0	0	0	0	0	0	0	0	0	0	0	0	0	0	0.00514	0	0	0	0.03418	0	0	0	0	0	0	0	0	0	0	0	0	0	0	0	0	0	0	0	0	0	0	0	0	0	0	0	0	0	0	0	0	0	0	0	0	0	0	0	0	0	0	0	0	0	0	0.00098	0	0	0	0	0	0	0	0	0.06287	0	0	0	0	0	0	0	0	0	0	0	0	0	0	0	0	0	0	0	0	0	0	0	0	0	0	0	0	0	0	0	0	0	0	0	0	0.00342	0	0	0	0	0	0	0	0	0	0.00989	0	0	0	0	0	0	0	0	0	0	0	0	0	0	0	0	0	0	0
Eggerthella_guodeyinii	0	0	0	0	0.06285	0	0.02775	0.0027	0	0	0	0	0	0	0	0	0	0	0	0	0	0	0	0.01744	0	0	0	0	0	0	0	0	0	0	0	0	0	0	0	0	0	0	0	0	0	0	0	0	0	0	0	0	0	0	0	0	0	0	0	0	0	0	0	0	0	0	0	0	0	0	0	0	0	0	0	0	0	0	0	0	0	0	0	0	0	0	0	0	0	0	0	0	0	0	0	0	0.00085	0	0	0	0	0	0	0	0	0	0	0	0	0	0	0	0	0	0	0	0	0	0	0	0	0	0	0	0	0	0	0	0	0	0	0	0	0	0	0	0	0	0	0	0	0	0	0	0	0	0	0	0	0	0	0	0	0	0	0	0	0	0	0	0	0	0	0	0	0	0	0	0
Oribacterium_sinus	0	0	0	0	0	0	0	0	0	0	0.00367	0	0	0	0	0	0	0	0	0	0.06252	0	0	0	0	0.00084	0.0066	0	0	0	0	0	0.00042	0	0	0	0	0	0	0	0	0	0	0.0005	0	0	0	0	0	0	0	0	0	0	0	0	0	0	0	0	0	0	0	0	0.00302	0	0	0	0	0	0	0	0	0	0	0	0	0	0	0	0	0	0	0	0	0	0	0	0.0003	0	0	0	0	0	0	0	0	0	0	0	0	0	0	0	0	0	0	0	0	0	0	0	0	0	0	0	0	0	0	0	0	0.00312	0	0	0	0	0	0	0	0	0	0	0	0.00266	0	0	0	0	0	0	0	0	0	0	0	0	0	0	0	0	0	0	0	0	0	0	0	0	0	0	0	0	0	0	0	0	0	0	0
GGB3537_SGB4727	0	0	0	0	0	0	0	0	0	0	0	0	0	0	0	0	0	0	0	0	0	0	0	0	0	0	0	0	0	0	0	0	0	0	0	0	0	0	0	0	0	0	0	0	0	0	0	0	0	0	0	0	0	0.02068	0	0	0	0	0	0	0	0	0	0	0.00811	0	0	0	0	0	0	0	0	0	0	0	0	0	0	0	0	0	0	0	0	0.00107	0	0	0	0.00419	0	0	0	0	0	0	0	0	0	0	0	0	0.00385	0	0.00648	0	0	0	0	0	0.01591	0.06233	0.00237	0	0	0	0.0036	0	0	0	0	0	0	0	0	0	0	0	0	0	0	0	0	0	0	0	0	0	0.02462	0	0	0.00593	0	0	0	0	0	0	0	0	0	0	0	0	0	0	0	0	0	0	0	0	0	0	0	0	0	0	0
Candidatus_Nanosynsacchari_sp_TM7_ANC_38_39_G1_1	0	0.00733	0.06232	0.00208	0	0	0.00894	0.00364	0	0.01634	0	0.02523	0.02618	0.00342	0.00146	0.0197	0	0.00878	0.00057	0	0.01386	0	0.00923	0	0.01798	0.00064	0	0	0	0	0.03675	0.03487	0	0	0.03018	0	0.00794	0.00874	0.00592	0	0.0093	0.00189	0.02037	0	0	0.0067	0	0	0	0	0	0	0	0	0	0	0	0	0	0	0	0	0.00312	0.00011	0.00487	0	0	0	0	0	0	0	0	0.0033	0.00226	0.00477	0.00518	0	0	0	0	0	0	0	0	0	0	0.00019	0.01348	0	0	0	0.00197	0	0	0	0.00402	0.02966	0	0	0	0.00486	0	0	0	0	0.01426	0	0	0.00613	0.00395	0	0.0019	0	0.00302	0	0.00496	0	0	0	0.00843	0.00116	0	0	0	0	0	0	0	0.00204	0	0	0.00015	0	0	0	0	0	0	0	0	0.00098	0	0	0	0	0	0	0.00017	0	0	0	0	0	0	0	0	0	0	0	0	0	0	0	0	0	0	0	0
Slackia_isoflavoniconvertens	0	0	0	0	0	0	0	0	0	0	0	0	0	0	0	0	0	0	0	0	0	0	0	0	0	0	0	0	0	0	0	0	0	0	0	0	0	0	0	0	0	0	0	0	0	0	0	0	0	0	0	0	0	0	0	0	0	0	0	0	0	0	0	0	0	0	0	0	0	0	0	0	0.0024	0	0	0	0	0	0	0	0	0	0	0	0	0	0	0	0	0	0	0	0	0	0	0.06209	0	0	0	0	0	0	0	0	0	0	0	0	0	0	0	0	0	0	0	0	0	0	0	0	0	0	0	0	0	0	0	0.01507	0.04022	0	0	0	0	0	0	0	0	0	0	0	0	0	0	0	0	0	0	0	0	0	0	0	0	0	0	0	0	0	0	0	0	0	0	0	0	0	0	0	0
Lachnospiraceae_bacterium_CLA_AA_H215	0	0	0	0	0	0	0	0	0	0.00526	0	0	0.012	0.00648	0.00224	0	0.00112	0	0	0	0	0	0	0	0	0	0	0	0	0	0	0	0	0	0	0.01379	0	0	0	0	0	0	0	0	0	0	0	0	0.00353	0.06167	0	0	0	0	0	0	0	0	0	0	0.01566	0.00326	0	0.00017	0	0	0	0.01444	0	0	0.00643	0	0.02969	0	0.00371	0	0	0.00233	0.01464	0	0	0.05159	0	0	0.00996	0	0	0	0	0	0	0	0.00186	0	0.00437	0.00599	0	0	0	0	0.01177	0.00067	0.02572	0.0147	0	0	0.0052	0	0.00735	0	0	0	0.00015	0	0	0	0	0.00397	0	0.01613	0	0	0	0.00176	0	0	0	0.01046	0	0	0.06207	0	0	0	0	0	0	0.00046	0	0.00498	0	0	0	0	0	0	0	0	0	0	0	0	0	0	0	0	0	0	0	0	0	0	0	0	0	0	0	0	0
Mediterraneibacter_SGB4586	0	0	0	0	0	0	0	0	0	0	0	0	0	0	0	0	0	0	0	0	0	0	0	0	0	0	0	0	0	0	0	0	0	0	0	0	0	0	0.00924	0	0	0	0	0	0	0	0	0	0	0	0	0	0	0	0	0	0	0	0	0	0	0	0	0	0	0	0	0	0	0	0	0	0	0	0	0	0	0	0	0	0	0	0	0	0	0	0	0	0	0	0	0	0	0	0	0	0.06193	0	0	0	0	0	0	0	0	0	0	0	0	0	0	0	0	0	0	0	0	0	0	0	0	0	0	0	0	0	0	0	0	0	0	0	0	0	0	0	0	0	0	0	0	0	0	0	0	0	0	0	0	0	0	0	0	0	0	0	0	0	0	0	0	0	0	0	0	0	0	0	0
Prevotella_bivia	0	0	0	0	0.00509	0	0	0	0	0	0	0	0	0	0	0	0	0	0	0	0	0	0.00455	0	0	0	0	0	0	0	0	0	0	0.00404	0	0	0	0	0	0	0	0	0	0	0	0	0	0	0	0	0	0	0	0	0.06176	0	0	0	0	0	0	0	0	0	0	0	0	0	0	0	0	0	0	0	0	0	0	0	0	0	0	0	0	0.00372	0	0	0	0	0	0	0	0	0	0	0	0	0	0	0.00509	0	0	0	0	0	0	0	0	0	0	0	0	0	0	0	0	0	0	0	0.00145	0	0	0	0	0	0	0	0	0	0	0	0	0	0	0	0	0	0	0	0	0	0	0	0	0	0	0	0.00381	0	0	0	0	0	0	0	0	0	0	0	0	0	0	0.00408	0	0	0	0	0	0	0
GGB9491_SGB14888	0	0	0	0	0	0	0	0	0	0.00505	0	0.00177	0	0	0	0.01611	0	0	0	0	0	0.01089	0	0	0	0	0	0	0	0.00277	0	0	0.00885	0	0	0	0.02676	0	0	0	0.00391	0.0025	0	0	0	0.04783	0	0.00521	0.02614	0	0	0	0.00045	0	0.00074	0	0	0	0	0	0.0053	0.00084	0	0.00184	0.06165	0.03409	0	0.00528	0	0	0	0	0	0	0.04665	0	0	0.03519	0	0.00976	0	0	0.02839	0.01823	0	0	0.01079	0	0.00495	0	0	0.03079	0	0.00187	0.00481	0.00403	0.0116	0	0	0.00495	0	0	0	0	0.00785	0	0	0.01194	0	0.00015	0	0.00563	0.00326	0	0	0	0.00214	0	0.00256	0	0.00665	0	0	0.01024	0	0.00687	0.00657	0	0	0.00373	0.02046	0.00143	0.01002	0	0.01597	0	0.00467	0	0.02447	0	0	0.00973	0	0	0	0	0	0	0.00201	0	0	0.00079	0	0	0	0	0	0	0	0	0	0	0.00098	0	0	0	0.02509	0.00086	0
GGB53380_SGB74412	0	0	0	0	0	0	0	0	0	0	0	0	0	0.06165	0.04308	0	0	0	0	0	0	0	0	0	0	0	0	0	0	0	0	0	0	0	0	0	0	0	0	0	0	0	0	0	0	0.00545	0	0	0	0	0	0	0	0	0	0	0	0	0	0	0	0	0	0	0	0	0	0	0	0	0	0	0	0	0	0	0	0	0	0	0	0	0	0	0	0	0	0	0	0	0	0	0	0	0	0.00324	0	0	0.0153	0	0	0	0.01769	0	0.01081	0	0	0	0	0	0	0	0	0	0	0	0	0.00051	0	0	0	0	0	0	0	0	0	0	0	0	0	0	0	0	0	0	0	0	0	0	0	0	0	0	0	0	0	0	0	0	0	0	0	0	0	0	0	0	0	0	0	0	0	0	0	0	0	0	0
GGB2983_SGB3965	0	0	0	0	0	0	0	0	0	0	0	0	0.0004	0	0	0	0	0	0.04359	0.00124	0	0	0	0	0	0	0	0	0	0	0	0	0	0	0	0	0.00787	0.01235	0	0	0	0.02284	0	0	0	0	0	0	0	0.02663	0	0	0	0	0	0	0	0	0	0	0.01347	0.04022	0	0.01494	0	0	0	0	0	0.04729	0.04737	0	0.01706	0	0	0	0	0	0	0	0.03852	0	0	0	0	0	0	0	0	0	0	0	0.03764	0	0.0092	0	0	0	0	0	0.05275	0	0.05467	0.06148	0	0.01292	0.00453	0	0	0	0	0	0	0	0	0	0	0.00041	0	0	0	0	0.02228	0	0.05111	0.00661	0	0	0	0.00234	0.02746	0	0	0	0	0	0	0	0	0	0	0	0	0	0	0	0	0.00325	0	0	0	0	0	0	0	0	0	0	0	0	0	0	0	0	0	0	0	0	0
Acetivibrio_sp_MSJd_27	0	0	0	0	0	0	0	0	0	0	0	0	0	0	0	0	0	0	0	0	0	0	0	0	0	0	0	0	0	0	0	0	0	0	0	0	0	0	0	0	0	0	0	0	0	0	0	0	0	0	0	0	0	0	0	0	0	0	0	0	0	0	0	0	0	0	0	0	0	0	0	0	0	0	0	0	0	0	0	0	0	0	0	0	0	0	0	0	0	0	0	0	0	0	0	0	0	0	0	0	0	0	0.00266	0	0	0	0	0	0	0	0	0	0	0	0	0	0	0	0	0	0	0	0	0	0	0	0	0	0	0	0	0	0	0	0	0	0	0.06145	0	0	0	0	0	0	0.00237	0	0	0	0	0	0	0	0	0	0	0	0	0	0	0	0	0.00095	0	0	0	0	0	0	0
GGB3731_SGB5063	0	0	0	0	0	0	0	0	0	0	0	0	0	0	0	0	0	0	0	0	0	0	0	0	0	0	0	0	0	0	0	0	0	0	0	0	0	0	0	0	0	0	0	0	0	0	0	0	0	0	0	0	0	0	0	0	0	0	0	0	0	0	0	0	0	0	0	0	0	0	0	0	0	0	0	0	0	0	0	0	0	0	0	0	0	0	0	0	0	0	0	0	0	0	0	0	0	0	0	0	0	0	0	0	0.02358	0	0	0	0	0	0	0	0	0	0	0	0	0	0	0	0	0	0	0	0	0	0	0	0	0	0	0	0	0	0	0	0.06081	0	0	0	0	0	0	0	0.05832	0	0	0	0	0.05282	0	0	0	0	0	0	0	0	0	0	0	0	0	0	0	0	0	0	0
Pyramidobacter_piscolens	0	0	0	0	0	0	0	0	0	0	0	0	0	0	0	0	0	0.05488	0	0	0	0.03166	0	0	0	0	0	0	0	0	0	0	0	0	0	0	0	0	0	0	0.06041	0	0	0	0	0	0	0	0	0	0	0	0	0.00502	0	0	0	0	0	0	0	0	0	0	0	0	0.00084	0	0	0	0	0	0	0	0	0	0	0	0	0	0	0	0	0	0	0	0	0	0	0	0	0	0	0	0	0	0	0	0	0	0	0	0	0	0	0	0	0	0	0	0	0	0	0	0	0	0	0	0	0	0	0	0	0	0	0	0	0.00238	0	0	0	0	0	0	0	0	0	0	0	0	0	0	0	0.00721	0	0	0	0.05838	0	0	0	0	0	0	0	0.00202	0	0	0	0	0	0	0.00728	0	0	0	0	0	0
GGB4586_SGB6343	0	0	0	0	0	0	0	0	0	0	0	0	0	0	0	0	0	0	0	0	0	0	0	0	0	0	0	0	0	0	0	0	0	0	0	0	0	0	0	0	0	0	0	0	0	0	0	0	0	0	0	0	0	0	0	0	0	0	0	0	0	0	0	0	0	0	0	0	0	0	0	0	0	0	0	0	0	0	0	0	0	0	0	0	0	0	0	0	0	0	0	0	0	0	0	0	0	0	0	0	0	0	0.06038	0	0	0	0	0	0	0	0	0	0	0	0	0	0	0	0	0	0	0	0	0	0	0	0	0	0	0	0	0	0	0	0	0	0	0	0	0	0	0	0	0	0	0	0	0	0	0	0	0	0	0	0	0	0	0	0	0	0	0	0	0	0	0	0	0	0
Flavonifractor_sp_An112	0	0	0	0	0	0	0	0	0	0	0	0	0	0	0	0	0	0.05982	0	0	0	0	0	0	0	0	0	0	0	0	0	0	0	0	0	0	0	0	0	0	0	0	0	0	0	0	0	0	0	0	0	0	0	0	0	0	0	0	0	0	0	0	0	0	0	0	0	0	0	0	0	0	0	0	0	0	0	0	0	0	0	0	0	0	0	0	0	0	0	0	0	0	0	0	0	0	0	0	0	0	0	0	0	0	0	0	0	0	0	0	0	0	0	0	0	0	0	0	0	0	0	0	0	0	0	0	0	0	0	0	0	0	0	0	0	0	0	0	0	0	0	0	0	0	0	0	0	0	0	0	0	0	0	0	0	0	0	0	0	0	0	0	0	0	0	0	0	0	0
GGB9457_SGB14849	0	0	0	0	0	0	0	0.00591	0	0	0	0	0	0	0	0	0	0	0	0	0	0	0	0	0	0	0	0	0	0	0	0	0	0	0	0	0	0	0	0	0	0	0	0	0	0	0	0.05953	0	0	0	0	0	0	0	0	0	0	0	0	0	0	0	0	0	0.02103	0	0	0	0	0	0	0	0	0	0	0	0	0	0	0	0	0	0	0	0.00062	0	0	0	0	0	0	0	0	0	0	0	0	0	0	0	0	0	0	0	0	0	0	0	0	0	0	0	0	0	0	0	0	0	0	0	0	0	0	0	0	0	0	0	0	0	0	0	0	0	0	0	0	0.01223	0	0	0	0	0	0	0	0	0	0	0	0	0	0	0	0	0	0	0	0	0	0	0	0	0	0	0	0	0	0
Clostridium_sp_chh4_2	0	0	0	0	0.04579	0	0	0	0	0	0	0	0	0	0	0.00237	0	0	0	0	0	0	0	0	0	0	0.00206	0	0	0	0	0	0	0	0	0	0	0	0.05943	0	0	0	0	0	0	0	0	0	0	0	0	0	0	0.00378	0	0	0	0	0	0	0	0	0	0	0	0	0.0026	0	0	0	0	0	0	0	0	0	0	0	0	0	0	0	0	0	0	0	0	0	0	0	0	0	0	0	0	0	0	0	0	0	0	0	0	0	0	0	0	0	0	0	0	0	0	0	0	0	0	0	0	0	0	0	0	0	0	0	0	0	0	0	0	0	0	0	0	0	0	0	0	0	0	0	0	0	0	0	0	0	0	0	0	0	0	0	0	0	0	0	0	0	0	0	0	0	0	0	0	0	0
GGB2998_SGB3988	0.01819	0	0	0	0	0	0	0	0	0.01027	0	0	0	0.02435	0.03268	0	0.00349	0	0	0	0	0	0.00472	0	0	0.0004	0	0	0	0.00052	0	0	0	0	0	0.01688	0.03562	0	0	0.0057	0	0	0	0	0	0	0	0	0.00328	0.0091	0	0	0.01282	0	0	0	0	0	0	0	0	0	0	0	0	0	0.02982	0.0327	0	0.01239	0.01539	0	0	0	0	0	0	0.00016	0	0	0	0	0	0	0.0007	0	0	0	0	0.0017	0	0	0.00672	0	0.0275	0.005	0	0.05864	0	0.01976	0.00015	0.0038	0.01179	0.00724	0.04074	0	0	0.05039	0.00675	0	0	0	0	0	0	0	0	0.002	0	0.00432	0.01065	0	0.03218	0.05707	0	0.03218	0	0.01408	0	0	0.02639	0	0	0	0.00161	0.0035	0.01237	0.04846	0	0.01223	0	0	0	0.00046	0.00456	0.0142	0	0.03114	0	0	0	0	0	0	0.00338	0	0	0	0.04873	0	0	0.0113	0.01402	0	0	0	0	0	0
Dielma_fastidiosa	0	0	0	0	0	0	0	0	0	0	0	0	0	0	0	0	0	0	0	0.02094	0	0	0	0.03106	0	0	0	0	0	0	0	0	0	0	0	0	0	0	0	0	0	0	0	0	0	0	0	0	0	0	0	0	0	0	0	0	0	0	0	0	0	0	0	0	0	0	0	0	0	0	0	0	0	0	7e-05	0	0	0	0	0	0	0.00126	0	0	0	0.0024	0	0	0	0	0	0	0	0	0	0	0	0.04929	0	0	0	0	0	0	0	0	0	0	0	0	0	0	0	0	0	0	0	0	0.01374	0	0.00674	0.00161	0	0	0	0	0	0	0	0	0	0	0	0	0	0	0	0	0	0	0	0	0	0	0	0.00351	0.00641	0	0	0	0	0	0	0	0	0	0	0	0	0.058	0	0	0	0	0	0	0	0	0
Actinomyces_sp_ph3	0	0	0.01536	0	0	0	0	0	0	0	0.00954	0	0.01646	0	0	0	0	0	0.0047	0	0.03376	0	0	0	0.03418	0	0.04374	0	0	0	0.01722	0	0.05789	0.04499	0	0	0	0.0035	0	0	0	0.00358	0	0.01383	0	0.01661	0.00155	0	0	0.00262	0	0	0	0	0	0	0.00242	0	0	0	0	0	0	0	0	0	0	0	0	0.00049	0	0	0	0.00602	0.00045	0	0.00142	0	0.00197	0	0	0	0	0	0	0	0	0	0.04041	0	0	0	0.00049	0	0	0	0	0	0	0	0.00147	0	0.00786	0	0	0	0.00582	0.00652	0	0.00175	0	0	0	0	0.00251	0	0.01949	0	0	0	0	0.00268	0	0	0	0	0.00114	0	0	0.00293	0	0	0	0.00211	0.00488	0	0	0	0	0	0	0.00296	0	0	0	0	0	0	0	0	0	0	0	0	0	0	0	0	0	0	0	0	0	0	0	0	0	0	0
Eggerthella_sinensis	0	0	0	0	0	0	0.00664	0	0	0	0.00252	0	0	0	0	0	0	0.05789	0	0	0.00227	0	0	0.00326	0.00279	0	0	0	0.01047	0	0	0	0	0.05571	0	0	0	0	0	0	0	0	0	0	0	0	0.00055	0	0	0	0	0	0	0	0	0	0	0	0	0	0	0	0	0	0	0	0	0	0	0	0	0	0	0.00112	0	0	0	0	0	0	0	0	0	0	0	0	0	0	0	0	0	0	0	0	0	0	0	0	0	0	0	0	0	0	0	0	0	0	0	0	0	0	0	0	0	0	0	0	0	0	0	0.00057	0	0	0.0039	0	0	0	0	0	0	0	0	0	0	0	0	0	0	0	0	0	0	0	0	0	0	0	0	0	0	0	0	0	0	0	0.00472	0	0	0	0	0	0	0	0.00051	0	0	0	0
GGB9200_SGB14139	0	0	0	0	0	0	0	0	0	0	0	0	0	0	0	0	0	0	0	0	0	0	0	0	0	0	0	0	0	0	0	0	0	0	0	0	0	0	0	0	0	0	0	0	0	0	0	0	0	0	0	0	0	0	0	0	0	0	0	0	0	0	0	0	0	0	0	0	0	0.00309	0	0	0	0	0	0	0	0	0	0	0	0	0	0.0005	0	0	0	0	0	0	0	0	0	0	0	0	0	0	0	0	0	0	0.00272	0	0	0	0	0	0	0	0	0	0	0	0	0	0	0	0	0	0	0	0.01924	0	0	0	0	0	0	0	0.05782	0	0	0	0	0	0	0	0	0	0	0	0	0	0	0	0	0	0	0	0	0	0	0	0	0	0	0	0	0	0	0	0	0	0	0	0	0	0
GGB33586_SGB53517	0	0	0	0	0	0	0	0	0	0	0	0	0	0.00376	0.0019	0	0	0	0	0	0	0	0.01824	0	0	0	0	0	0	0	0	0	0	0	0	0	0	0	0	0	0	0	0	0	0	0	0	0	0	0	0	0	0	0	0	0	0	0	0	0	0.05718	0	0	0	0	0.0548	0	0	0	0	0	0	0	0	0	0	0	0	0	0.01408	0	0	0	0.0256	0	0	0	0	0	0	0	0	0	0	0	0.00863	0	0	0	0.00628	0	0	0.00067	0	0	0	0	0	0	0	0	0.05548	0.00089	0	0	0	0	0	0	0	0	0	0	0.00774	0.00381	0	0	0	0	0	0.02151	0	0	0	0	0	0	0	0	0	0	0.01982	0	0	0	0.00784	0	0	0	0	0	0	0	0	0	0	0	0	0.03388	0	0	0	0	0	0	0	0	0	0
Gemella_morbillorum	0	0.03161	0.01345	0.00801	0	0	0.00086	0	0	0	0	0.05661	0	0	0	0.00242	0	0	0	0.00791	0.01834	0	0	0	0	0.00673	0.05678	0	0.0024	0	0	0.00057	0.00428	0.00047	0	0	0	0.00858	0	0	0	0	0.00427	0	0.00828	0	0	0	0	0	0	0	0	0	0	0	0	0	0	0	0	0	0	0	0	0	0	0.00131	0	0.00775	0	0	0	0	0	0	0	0	0	0	0	0	0	0	0	0	0	0	0	0	0	0	0	0	0	0	0	0	0	0	0.00085	0	0	0	0	0	0.00256	0	0.00062	0	0	0	0	0	0.00093	0	0.00012	0	0	0	0	0	0	0	0.02628	0	0	0	0	0	0	0	0	0	0	0	0	0	0	0	0	0	0	0	0	0	0	0	0	0	0	0	0	0	0	0	0	0	0	0	0	0	0	0	0	0	0	0	0
Diplocloster_modestus	0	0	0	0	0	0	0	0	0	0	0	0	0	0	0	0.00014	0	0	0	0	0	0	0	0	0	0	0	0	0	0.00843	0	0.02194	0	0	0	0	0	0	0	0	0.00321	0	0	0	0	0	0	0.0017	0	0	0	0	0	0	0	0	0	0	0	0	0.00195	0	0	0	0	0	0	0	0	0	0	0	0	0	0	0	0	0	0	0	0	0	0	0	0	0	0	0	0	0	0	0	0	0	0	0	0	0.05672	0	0	0	0	0	0	0	0	0	0.01214	0	0	0	0	0	0	0	0	0	0	0	0.00028	0	0	0	0	0	0	0	0	0	0	0	0	0	0	0	0	0	0	0.00085	0	0	0	0	0	0	0	4e-05	0	0	0	0	0	0	0	0	0	0	0	0	0	0	0	0	0	0	0	0	0	0
Vescimonas_fastidiosa	0	0	0	0	0	0	0	0	0	0	0	0	0	0	0	0	0	0	0	0	0	0	0	0	0	0	0	0	0	0	0	0	0	0	0	0.05657	0	0	0	0	0	0	0	0	0	0	0	0	0	0	0	0	0	0	0	0	0	0	0	0	0	0	0	0	0	0	0	0	0	0	0.00666	0	0	0	0	0	0	0	0	0	0	0	0	0	0	0	0	0	0	0	0	0	0	0	0	0	0	0	0	0	0	0.00261	0.00104	0.00314	0	0	0.00502	0	0	0	0	0	0	0	0	0	0	0	0	0	0	0	0	0	0	0	0.00153	0	0	0	0	0	0	0	0	0	0	0	0	0	0	0	0	0	0	0	0	0	0	0	0	0	0	0	0	0	0	0	0	0	0	0	0	0	0	0	0	0	0
Clostridium_methylpentosum	0	0	0	0	0.05621	0	0	0.00231	0.01998	0	0	0	0	0	0	0.01697	0	0	0	0	0	0	0	0	0	0	0	0	0	0.00367	0	0.00072	0	0	0	0	0	0.00535	0	0.00179	0	0	0	0	0	0.00135	0	0.02099	0	0	0	0	0	0.00935	0.00415	0	0	0	0	0	0.00015	0	0	0.00698	0	0.0026	0	0	0	0	0	0	0	0	0	0	0	0	0	0	0	0.00376	0.00039	0	0	0.02329	0	0	0	0	0	0	0	0	0	0	0	0.01669	0	0	0	0	0.00125	0	0	0	0	0.01397	0	0	0	0	0	0	0	0	0	0	0.0022	0	0.00453	0	0	0	0.01002	0	0	0	0	0	0	0	0	0	0.00291	0	0	0	0.0009	0	0	0.01926	0	0	0	0	0	0	0	0	0	0	0	0.00524	0	0	0	0.00025	0	0	0	0	0	0	0	0	0	0	0
Abiotrophia_sp_HMSC24B09	0	0.00169	0	0.00042	0.05543	0	0.00165	0	0	0	0	0	0	0	0	0	0	0	0	0	0.00734	0	0	0	0	0	0.00198	0	0.0019	0	0	0	0	0.02004	0	0	0	0	0.00649	0	0	0	0.00671	0	0.00351	0	0	0	0	0	0	0	0	0	0	0	0	0	0	0	0	0	0	0	0	0	0	0	0	0	0	0	0	0	0	0	0	0	0	0	0	0	0	0	0	0	0	0	0	0	0	0	0	0	0	0	0	0	0	0	0	0	0	0	0	0	0	0	0	0	0	0	0	0	0	0	0	0	0	0	0	0	0	0	0	0	0	0	0	0	0	0	0	0	0	0	0	0	0	0	0	0	0	0	0	0	0	0	0	0	0	0	0	0	0	0	0	0	0	0	0	0	0	0	0	0	0	0	0
GGB9299_SGB14259	0	0	0	0	0	0	0	0	0	0	0	0	0	0	0	0	0	0	0	0	0	0	0	0	0	0	0	0	0	0	0	0	0	0	0	0	0	0	0	0	0	0	0	0	0	0	0	0	0	0	0	0	0	0	0	0	0	0	0	0	0	0	0	0	0	0	0	0.05513	0	0	0	0	0	0	0	0	0	0	0	0	0	0	0	0	0	0	0	0	0	0	0	0	0	0	0	0	0	0	0	0	0	0	0	0	0	0	0	0	0	0	0	0	0	0	0	0	0	0	0	0	0	0	0	0	0	0	0	0.00722	0	0	0	0	0	0	0	0	0	0	0	0	0	0	0	0	0	0	0	0	0	0	0	0	0	0	0	0	0	0	0	0	0	0	0	0	0	0	0	0	0
Massilimicrobiota_timonensis	0	0	0.05496	0	0	0	0	0	0.00055	0	0	0	0	0	0	0	0	0.00713	0	0	0	0	0	0	0	0	0	0	0	0	0	0	0	0.01669	0	0	0	0	0	0	0	0	0	0	0	0	0	0	0	0	0	0	0	0	0	0	0.04257	0	0	0	0	0	0	0.00544	0	0	0	0	0	0	0	0	0	0	0	0	0	0	0	0	0	0	0	0	0	0.02685	0	0	0	0	0	0	0	0	0	0	0	0	0	0	0	0	0	0	0	0	0	0	0	0	0	0	0	0	0	0	0	0	0	0	0	0	0	0	0	0	0	0	0	0	0.00447	0	0	0	0	0	0	0	0	0	0	0	0	0	0	0	0	0	0	0	0	0	0	0	0	0	0	0	0	0	0	0	0	0	0	0	0	0	0
GGB9064_SGB13983	0	0	0	0	0	0	0	0	0	0	0	0	0	0	0	0	0	0	0	0	0	0	0	0	0	0	0	0	0	0	0	0	0	0	0	0	0	0	0	0	0	0	0	0	0	0	0	0	0	0	0	0	0	0	0	0	0	0	0	0	0	0	0	0	0	0	0	0	0	0	0	0	0	0	0	0	0	0	0	0	0	0	0	0	0	0	0	0	0	0	0	0	0	0	0	0	0	0	0	0	0	0	0	0	0	0	0	0	0	0	0	0	0	0	0	0	0	0	0	0	0	0	0	0	0	0	0	0	0	0	0	0	0	0	0	0	0	0	0	0	0	0	0	0	0	0	0	0	0	0.05459	0	0	0.00142	0	0	0	0	0	0	0	0	0	0	0	0	0	0	0	0
Victivallis_vadensis	0	0	0	0	0	0	0	0	0	0	0	0	0	0	0	0	0	0	0	0	0	0	0	0	0	0	0	0	0	0	0	0	0.00046	0	0	0	0	0	0	0	0	0	0	0	0	0	0	0	0	0	0	0	0	0	0	0	0	0	0	0	0	0	0	0	0	0	0	0	0	0	0	0	0	0	0	0	0	0	0	0	0	0	0	0	0	0	0	0	0	0	0	0	0	0	0	0	0	0	0	0	0	0	0	0	0	0	0	0	0	0	0	0	0	0	0	0	0	0	0	0	0	0	0	0	0	0	0	0.01765	0	0	0	0	0	0	0	0	0	0	0	0	0	0	0	0	0	0	0	0	0	0.05439	0	0	0	0	0	0	0	0	0	0	0	0	0	0	0	0	0	0	0
GGB3569_SGB4776	0	0	0.05425	0	0	0	0	0	0	0	0	0	0	0	0	0	0	0	0	0	0	0	0	0	0	0	0	0	0	0	0	0	0	0	0	0	0	0	0	0	0	0	0	0	0	0	0	0	0	0	0	0	0	0	0	0	0	0	0	0	0	0	0	0	0	0	0	0	0	0	0	0	0	0	0	0	0	0	0	0	0	0	0	0	0	0	0	0	0	0	0	0	0	0	0	0	0	0	0	0	0	0	0	0	0	0	0	0	0	0	0	0	0	0	0	0	0	0	0	0	0	0	0	0	0	0	0	0	0	0	0	0	0	0	0	0	0	0	0	0	0	0	0	0	0	0	0	0	0	0	0	0	0	0	0	0	0	0	0	0	0	0	0	0	0	0	0	0	0
GGB9818_SGB15459	0	0	0	0	0	0	0	0	0	0	0	0	0	0	0	0	0.00033	0	0	0	0	0	0	0	0	0	0	0	0	0	0	0	0	0	0	0	0.00319	0	0	0	0	0	0	0	0	0	0	0	0	0	0.00541	0	0	0	0	0	0	0	0	0	0	0	0	0	0	0	0	0	0	0	0	0	0	0	0	0	0	0	0	0	0	0	0	0.01895	0	0	0	0	0	0.00691	0	0	0	0	0	0.0034	0	0	0	0	0	0	7e-05	0	0	0	0	0	0	0	0	0	0.00029	0	0	0	0	0	0	0	0	0	0	0.00431	0	0.02511	0	0	0	0	0	0	0	0	0	0	0	0.00291	0.01375	0	0	0.0125	0	0.05415	0	0	0	0	0	0	0	0	0	0	0	0	0	0	0	0	0	0	0	0	0	0	0	0	0.0463
GGB9249_SGB14193	0	0	0	0	0	0	0	0	0	0	0	0	0	0	0	0	0	0	0	0	0	0	0	0	0	0	0	0	0	0	0	0	0	0	0	0	0	0	0	0	0	0	0	0	0	0	0	0	0	0.05397	0	0	0	0	0	0	0	0	0	0	0	0	0	0	0	0	0	0	0	0	0	0	0	0	0	0	0	0	0	0	0	0	0	0	0	0	0	0	0	0.0073	0	0	0	0	0	0	0	0	0.00872	0	0	0	0	0	0	0	0	0	0	0	0	0	0	0	0	0	0	0	0	0	0	0	0.03358	0	0	0	0	0.00339	0	0	0	0	0	0	0	0	0	0	0	0	0	0	0	0.00244	0	0	0	0	0	0	0	0	0	0	0	0	0	0	0	0	0	0	0	0	0	0	0	0	0
GGB1554_SGB2141	0	0	0	0	0	0	0	0	0	0	0	0	0	0	0	0	0	0	0	0	0	0	0	0	0	0	0	0	0	0	0	0	0	0	0	0	0	0	0	0	0	0	0	0	0	0	0	0	0	0	0	0	0	0	0	0	0	0	0	0	0	0	0	0	0	0	0	0	0	0	0	0	0	0	0	0	0	0	0	0	0	0	0	0	0	0	0	0	0	0	0	0	0	0	0	0	0	0	0	0	0	0	0	0	0	0	0	0	0.05354	0	0	0	0	0	0	0	0	0	0	0	0	0	0	0	0	0	0	0	0	0	0	0	0	0	0	0	0	0	0	0	0	0	0	0	0	0	0	0	0	0	0	0	0	0	0	0	0	0	0	0	0	0	0	0	0	0	0	0	0
Streptococcus_infantis	0	0.00083	0.00197	0	0	0	0	0	0	0	0.05342	0	0	0	0	0	0	0	0	0	0.00411	0	0	0	0	0	0	0	0	0	0.00039	0	0	0.00766	0	0	0	0	0	0	0	0	0	0	0	0	0	0	0	0	0	0	0	0	0	0	0	0	0	0	0	0	0	0	0	0	0	0	0	0	0	0	0	0.00466	0	0	0	0	0	0	0	0	0	0	0	0	0.00227	0	0.00739	0	0	0	0	0	0	0	0	0	0	0	0	0	0	0	0	0	0.0014	0	0	0	0	0	0	0	0	0	0	0	0	0	0	0	0	0	0	0	0	0	0	0	0	0	0	0	0	0	0	0	0	0	0	0	0	0	0	0	0	0	0	0	0	0	0	0	0	0	0	0	0	0	0	0	0	0	0	0	0	0	0
GGB4769_SGB6602	0	0	0	0	0	0	0	0	0	0	0	0	0	0	0	0	0	0	0	0	0	0	0	0	0	0	0	0	0	0	0	0	0	0	0	0	0	0	0	0	0	0	0	0	0	0	0	0	0	0	0	0	0	0	0	0	0	0	0	0	0	0	0	0	0	0	0	0	0	0	0	0	0.05326	0	0	0	0	0	0	0	0	0	0	0	0	0	0	0	0	0	0	0	0	0	0	0.001	0	0	0.00855	0	0	0	0	0	0	0	0	0	0	0	0	0	0	0	0	0	0	0	0	0	0	0	0	0	0	0	0	0	0	0	0	0	0	0	0	0	0	0	0	0	0	0	0	0	0	0	0	0	0	0	0	0	0	0	0	0	0	0	0	0	0	0	0	0	0	0	0	0	0
Clostridium_paraputrificum	0	0	0	0	0	0	0	0	0	0	0	0	0	0	0	0	0	0	0	0	0	0	0	0	0	0	0	0	0	0	0	0	0	0.00126	0	0	0	0	0.00085	0	0	0	0	0	0	0	0	0	0	0	0	0	0	0.00035	0	0	0	0	0	0	0	0	0	0	0	0	0	0	0	0	0	0	0	0	0	0	0	0	0	0	0	0	0	0	0	0	0.05301	0	0	0	0	0	0	0	0	0	0	0	0	0	0	0	0	0	0	0	0	0	0	0	0	0	0	0	0	0	0	0	0	0	0	0	0	0	0	0	0	0	0	0	0	0	0	0	0	0	0	0	0	0	0	0	0	0	0	0	0	0	0	0	0	0	0	0	0	0	0	0	0	0	0	0	0	0	0	0	0	0	0
Scardovia_wiggsiae	0	0.01788	0.04076	0	0	0	0	0	0	0	0.01987	0	0	0	0	0	0	0	0	0	0	0	0	0	0	0.00043	0	0	0	0	0.0001	0	0.05281	0	0	0	0	0	0	0	0	0	0.00194	0	0.00607	0	0	0	0	0	0	0	0	0	0	0	0	0	0	0	0	0	0	0	0	0	0	0	0	0	0	0	0	0	0	0	0	0	0	0	0	0	0	0	0	0	0	0	0	0	0	0	0	0	0	0	0.00252	0	0	0	0	0	0	0	0	0	0	0	0	0	0	0	0	0	0	0	0	0	0	0	0	0.00279	0	0	0	0	0	0	0	0	0	0	0	0	0	0	0	0	0	0	0	0	0	0	0	0	0	0	0	0	0	0	0	0	0	0	0	0	0	0	0	0	0	0	0	0	0	0	0
GGB12785_SGB19825	0	0	0	0	0.00346	0	0	0	0	0	0	0	0	0	0	0	0	0	0	0	0	0	0	0	0	0	0.05279	0	0	0	0	0	0	0	0	0	0	0	0	0	0	0	0	0	0	0	0	0	0	0	0	0	0	0	0	0	0	0	0	0	0	0	0	0	0	0	0	0	0	0	0	0	0	0	0	0	0	0	0	0	0	0	0	0	0	0	0	0	0	0	0	0	0	0	0	0	0	0	0	0	0	0	0	0	0	0	0	0	0	0	0	0	0.0003	0	0	0	0	0	0	0	0.00012	0	0	0	0	0	0	0	0	0	0	0	0	0	0	0	0	0	0	0	0	0	0	0	0	0	0	0	0	0	0	0	0	0	0	0	0	0	0	0	0	0	0	0	0	0	0	0	0
Mogibacterium_diversum	0	0.00668	0.01935	0.00768	0	0.00654	0	0	0	0	0.00318	0	0.00054	0	0	0	0	0	0	0.00131	0.03449	0	0.00296	0	0	0.00298	0.02682	0	0.05279	0.01308	0	0	0.02043	0	0.01602	0	0	0.05116	0	0	0	0	0	0.01735	0	0.00427	0	0	0.01508	0.00909	0	0	0	0	0	0	0	0	0	0	0	0	0	0	0	0	0	0	0	0	0	0	0	0.00209	0	0	0	0	0	0	0	0	0	0	0	0	0.00249	0	0.0035	0	0	0	0	0.00273	0	0	0.00031	0.03115	0	0	7e-05	0	0	0	0	0	0.00612	0	0	0	0	0	0	0	0	0	0.0018	0	0	0	0	0	0	0	0	0	0	0	0.00035	0	0	0	0	0.00061	0	0	0	0	0	0	0	0	0	0	0	0	0	0	0	0	0	0	0	0	0	0	0	0	0	0	0	0	0	0	0	0	0	0	0
Leuconostoc_lactis	0	0	0	0	0.02702	0	0	0	0	0	0	0.00176	0	0	0	0	0	0	0	0	0	0	0	0	0	0.00816	0	0	0	0.00707	0	0	0	0	0	0	0	0	0	0	0	0	0	0	0	0	0	0	0	0.05263	0	0	0	0	0	0	0	0	0	0	0	0	0	0	0	0	0	0	0	0	0	0	0	0	0	0.0236	0	0	0	0.00241	0	0	0	0	0	0	0	0	0	0	0	0	0	0.01239	0	0	0	0	0.00138	0	0	0	0.02354	0	0	0	0	0	0	0	0	0	0	0	0	0	0	0	0	0	0	0	0	0	0	0	0	0	0	0	0	0	0	0	0.01172	0	0	0	0	0	0	0	0	0	0	0	0	0	0.00999	0	0	0	0	0	0	0	0	0	0	0	0	0	0	0	0	0	0	0	0
Actinomyces_massiliensis	0	0.00511	0	0	0	0	0	0	0	0	0	0	0	0	0	0	0	0	0	0	0.00588	0	0	0	0	0	0.0033	0	0.0033	0.00261	0	0	0.00869	0	0.00064	0	0	0.02404	0	0	0	0	0	0.00279	0.0127	0.01811	0	0.00877	0.05241	0.0216	0	0	0	0	0	0	0	0	0	0	0	0	0	0	0	0	0	0	0	0	0	0	0	0	0	0	0	0	0	0	0	0	0	0	0	0	0	0	0	0	0	0	0	0	0	0	0	0	0	0	0	0	0	0	0	0	0	0	0	0	0	0	0	0	0	0	0	0	0	0	0	0	0	0	0	0	0	0	0	0	0	0	0	0	0	0	0	0	0	0	0	0	0	0	0	0	0	0	0	0	0	0	0	0	0	0	0	0	0	0	0	0	0	0	0	0	0	0	0
GGB9197_SGB14136	0	0	0	0	0	0	0	0	0	0	0	0	0	0	0	0	0	0	0	0	0	0	0	0	0	0	0	0	0	0	0	0	0	0	0	0	0	0	0	0	0	0	0	0	0	0	0	0	0	0.05231	0	0	0	0	0	0	0	0	0	0	0	0	0	0	0	0	0	0	0	0	0	0	0	0	0	0	0	0	0	0	0	0	0	0	0	0	0	0	0	0	0	0	0	0	0	0	0	0	0	0	0	0	0	0	0	0	0	0	0	0	0	0	0	0	0	0	0	0	0	0	0	0	0	0	0	0	0	0	0	0	0	0	0	0	0	0	0	0	0	0	0	0	0	0	0	0	0	0	0	0	0	0	0	0	0	0	0	0	0	0	0	0	0	0	0	0	0	0	0
GGB9620_SGB15068	0	0	0	0	0	0	0	0	0	0	0	0	0	0	0	0	0	0	0	0	0	0	0	0	0	0	0	0	0	0	0	0	0	0	0	0	0	0	0	0	0	0	0	0.00809	0	0	0	0	0	0	0	0	0	0	0	0	0	0	0	0	0	0	0	0	0	0	0	0	0	0	0	0	0	0	0	0	0	0	0	0	0	0	0	0	0	0	0	0	0	0	0	0	0	0	0	0	0	0	0	0	0	0	0	0	0	0	0	0	0	0	0	0	0	0	0	0	0	0	0	0	0	0	0	0	0	0	0	0	0	0	0	0	0	0	0	0	0	0	0	0	0	0.01327	0	0	0	0	0.05226	0	0	0	0	0	0	0	0	0	0	0	0	0	0	0	0	0	0	0	0	0	0
Clostridium_sp_C5_48	0	0	0	0	0	0	0	0	0	0	0	0	0	0	0	0	0	0	0	0	0	0	0	0	0.05223	0	0	0	0	0	0	0	0	0	0	0	0	0	0	0	0	0	0	0	0	0	0	0	0	0	0	0	0	0	0	0	0	0	0.02829	0	0	0	0	0	0	0	0	0	0	0	0	0	0	0	0	0	0	0	0	0	0	0	0	0	0	0	0	0	0	0	0	0	0	0	0	0	0	0	0	0	0	0	0	0	0	0	0	0	0	0	0	0	0	0	0	0	0	0	0	0	0	0	0	0	0	0	0	0	0	0	0	0	0	0	0	0	0	0	0	0	0	0	0	0	0	0	0	0	0	0	0	0	0	0	0	0	0	0	0	0	0	0	0	0	0	0	0	0	0
GGB9545_SGB14952	0	0	0	0	0	0	0	0	0	0	0	0	0	0	0	0	0	0	0	0	0	0	0	0	0	0	0	0	0	0	0	0	0	0	0	0	0	0	0	0	0	0	0	0	0	0	0	0	0	0	0	0	0	0	0	0	0	0	0	0	0	0	0	0	0	0	0	0	0	0	0	0	0	0	0	0	0	0	0	0	0	0	0	0	0	0	0	0	0	0	0	0	0	0	0	0	0	0	0	0	0	0	0	0	0	0	0	0	0	0	0	0	0	0	0	0	0	0	0	0	0	0	0	0	0	0	0	0.05166	0	0	0	0	0	0	0	0	0	0	0	0	0	0	0	0	0	0	0	0	0	0	0	0	0	0	0	0	0	0	0	0	0	0	0	0	0	0	0	0	0
GGB2652_SGB3573	0	0	0	0	0	0	0	0	0	0	0	0	0	0	0	0	0	0	0	0	0	0	0.0107	0	0	0	0	0	0	0	0	0	0	0	0	0	0	0	0	0	0	0	0	0	0	0	0	0	0	0.00487	0	0	0	0	0	0	0	0	0	0	0	0	0	0	0	0	0	0	0	0	0.00209	0	0	0	0	0	0	0.0188	0	0	0	0	0	0	0.00882	0	0	0	0	0	0	0	0	0	0.03882	0	0	0	0.05141	0	0.00225	0	0.00495	0.00385	0.00671	0	0	0	0	0	0	0	0.00168	0	0	0	0	0	0	0.02684	0	0	0	0	0	0	0	0.00178	0	0	0	0	0	0	0	0	0	0	0.0073	0	0	0	0	0	0	0	0	0	0	0	0	0	0	0	0	0	0	0.00171	0	0	0	0	0	0	0	0	0	0	0
Intestinimonas_gabonensis	0	0	0	0	0	0	0	0	0	0	0	0	0	0.00879	0.00698	0	0	0	0	0	0	0	0	0	0	0	0	0	0	0	0	0	0.003	0	0	0.00388	0.00771	0	0	0	0	0.05135	0	0	0	0	0	0	0	0	0	0	0	0	0	0	0	0	0	0	0.00785	0	0	0	0	0	0	0	0	0	0	0	0	0	0	0	0	0.00317	0	0	0	0.00188	0	0	0	0	0	0	0	0	0	0	0	0	0	0.0013	0	0	0.00012	0	0	0	0	0	0	0	0	0.00261	0	0	0	0	0	0	0	0	0	0	0.00353	0	0.00134	0	0	0	0	0	0.00069	0	0	0	0.00384	0	0	0	0	0	0	0	0	0	0	0	0	0	0	0	0	0	0	0	0	0	0	0	0	0	0	0	0	0	0	0	0	0	0	0	0	0	0
Eubacterium_brachy	0	0	0	0	0	0	0	0	0	0	0	0	0	0	0	0	0	0	0	0.00145	0	0	0	0	0	0	0.05133	0	0	0	0	0	0	0	0	0	0	0.00723	0	0	0	0	0	0	0	0	0	0	0	0	0	0	0	0	0	0	0	0	0	0	0	0	0	0	0	0	0	0	0	0	0	0	0	0	0	0	0	0	0	0	0	0	0	0	0	0	0	0	0	0	0	0	0	0	0	0	0	0	0	0	0	0	0	0	0	0	0	0	0	0	0	0	0	0	0	0	0	0	0	0	0	0	0	0	0	0	0	0	0	0	0	0	0	0	0	0	0	0	0	0	0	0	0	0	0	0	0	0	0	0	0	0	0	0	0	0	0	0	0	0	0	0	0	0	0	0	0	0	0
GGB74802_SGB47402	0	0	0.05106	0	0	0	0	0	0	0	0	0	0	0	0	0	0	0	0	0	0	0	0	0	0	0	0	0	0	0	0	0	0	0	0	0	0	0	0	0	0	0	0	0	0	0	0	0	0	0	0	0	0	0	0	0	0	0	0	0	0	0	0	0	0	0	0	0	0	0	0	0	0	0	0	0	0	0	0	0	0	0	0	0	0	0	0	0	0	0	0	0	0	0	0	0	0	0	0	0	0	0	0	0	0	0	0	0	0	0	0	0	0	0	0	0	0	0	0	0	0	0	0	0	0	0	0	0	0	0	0	0	0	0	0	0	0	0	0	0	0	0	0	0	0	0	0	0	0	0	0	0	0	0	0	0	0	0	0	0	0	0	0	0	0	0	0	0	0
Corynebacterium_argentoratense	0	0	0.01127	0	0	0.00731	0	0	0	0	0	0	0.01472	0	0	0	0	0	0	0	0	0	0	0	0	0	0	0	0	0	0	0	0	0	0	0	0	0	0	0	0	0.04878	0	0	0	0	0	0	0	0	0	0	0	0	0	0.0123	0	0	0	0	0	0	0	0	0	0	0	0	0	0.00067	0	0	0	0	0	0	0	0	0	0.00154	0	0	0	0	0	0	0	0	0	0	0	0	0	0	0	0	0	0	0	0	0	0	0	0	0	0	0.05091	0	0	0	0	0	0	0	0	0	0	0	0	0	0	0	0	0	0	0	0	0	0	0	0	0	0	0	0	0	0	0	0	0	0	0	0	0	0	0	0	0	0	0	0	0	0	0	0	0	0	0	0	0	0	0	0	0	0	0	0	0	0
GGB1354_SGB1818	0	0	0	0	0	0	0	0	0	0	0	0	0	0	0	0	0	0	0	0	0	0	0	0	0	0	0	0	0	0	0	0	0	0	0	0	0	0	0	0	0	0	0	0	0	0	0	0	0	0	0	0	0	0	0	0	0	0	0	0	0	0	0	0	0	0	0	0	0	0	0	0	0	0	0	0	0	0	0	0	0	0	0	0	0	0	0.05071	0	0	0	0	0	0	0	0	0	0	0	0	0	0	0	0	0	0	0	0	0	0	0	0	0	0	0	0	0	0	0	0	0	0	0	0	0	0	0	0	0	0	0	0	0	0	0	0	0	0	0	0	0	0	0	0	0	0	0	0	0	0	0	0	0	0	0	0	0	0	0	0	0	0	0	0	0	0	0	0	0	0
Veillonellaceae_bacterium	0	0	0	0	0	0	0	0	0	0	0	0	0	0	0	0	0	0	0	0	0	0	0	0	0	0	0	0	0	0	0	0	0	0	0	0	0	0	0.05012	0	0	0	0	0	0	0	0	0	0	0	0	0	0	0	0	0	0	0	0	0	0	0	0	0	0	0	0	0	0	0	0	0	0	0	0	0	0	0	0	0	0	0	0	0	0	0	0	0	0	0	0	0	0	0	0	0	0	0	0	0	0	0	0	0	0	0	0	0	0	0	0	0	0	0	0	0	0	0	0	0	0	0	0	0	0	0	0	0	0	0	0	0	0	0	0	0	0	0	0	0	0	0	0	0	0	0	0	0	0	0	0	0	0	0.01197	0	0	0.00671	0	0	0	0	0	0	0	0	0	0	0	0
Butyricicoccus_faecihominis	0	0	0.01318	0	0	0	0	0	0	0	0	0	0	0	0	0	0	0.04961	0	0	0	0	0	0	0	0	0	0	0	0	0	0	0	0	0	0	0	0	0	0	0	0	0	0	0	0	0	0	0	0	0	0	0	0	0	0	0	0	0	0	0	0	0	0	0	0	0	0	0	0	0	0	0	0	0	0	0	0	0	0	0	0	0	0	0	0	0	0	0	0	0	0	0	0	0	0	0	0	0	0	0	0	0	0	0	0	0	0	0	0	0	0	0	0	0	0	0	0	0	0	0	0	0	0	0	0	0	0	0	0	0	0	0	0	0	0	0	0	0	0	0	0	0	0	0	0	0	0	0	0	0	0	0	0	0	0	0	0	0	0	0	0	0	0	0	0	0	0	0
Cuneatibacter_sp_NSJ_177	0.00091	0	0	0	0.04957	0	0	0	0	0	0	0	0	0	0	0.02975	0	0	0	0	0	0	0	0	0	0	0	0	0	0	0	0	0	0	0	0	0.00046	0.00111	0	0	0.00227	0.00152	0	0	0	0.00645	0	0	0.00077	0	0	0	0	0	0.00015	0	0	0	0	0	0.00036	0	0	0.01176	0	0	0	0	0	0.00147	0	0.00071	0	0	0	0	0	0	0	0.00688	0	0	0	0.00387	0	0.03803	0	0	0	0	0	0	0	0	0.00044	0	0	0.03676	0.00759	0	0	0	0.00473	0	0.00095	0	0	0.00568	0	0	0	0.02249	0.0013	0	0	0	0	0.00089	0	0	0	0	0	0	0	0.00037	0	0	9e-05	0	0.00056	0	0	0	0.00141	0	0	0	0.00142	0	0	0	0	0	0	0	0	0	0	0	0	0	0	0	0	0	0	0	0	0	0	0	0	0	0	0	0	0	0
Blautia_pseudococcoides	0	0	0	0	0	0	0.04956	0	0	0	0	0	0	0	0	0	0	0	0	0	0	0	0	0	0	0	0	0	0	0	0	0	0	0	0	0	0	0	0	0	0	0	0	0	0	0	0	0	0	0	0	0	0	0	0	0	0	0	0	0	0	0	0	0	0	0	0	0	0	0	0	0	0	0	0	0	0	0	0	0	0	0	0	0	0	0	0	0	0	0	0	0	0	0	0	0	0	0	0	0	0	0	0	0	0	0	0	0	0	0	0	0	0	0	0	0	0	0	0	0	0	0	0	0	0	0	0	0	0	0	0	0	0	0	0	0	0	0	0	0	0	0	0	0	0	0	0	0	0	0	0	0	0	0	0	0	0	0	0	0	0	0	0	0	0	0	0	0	0
GGB1545_SGB2128	0	0	0	0	0	0	0	0	0	0	0	0	0	0	0	0	0	0	0	0	0	0	0	0	0	0	0	0	0	0	0	0	0	0	0	0	0.04931	0	0	0	0	0	0	0	0	0	0	0	0	0	0	0	0	0	0	0	0	0	0	0	0	0	0	0	0	0	0	0	0	0	0	0	0	0	0	0	0	0	0	0	0	0	0	0	0	0	0	0	0	0	0	0	0	0	0	0	0	0	0	0	0	0	0	0	0	0	0	0	0	0	0	0	0	0	0	0	0	0	0	0	0	0	0	0	0	0	0	0	0	0	0	0	0	0	0	0	0	0	0	0	0	0	0	0	0	0	0	0	0	0	0	0	0	0	0	0	0	0	0	0	0	0	0	0	0	0	0	0	0
Plesiomonas_shigelloides	0	0	0	0	0	0	0.0493	0	0	0	0	0	0	0	0	0	0	0	0.01239	0	0	0	0	0	0	0	0	0	0	0	0	0	0	0	0	0	0	0	0	0	0	0	0	0	0	0	0.00291	0	0	0	0	0	0	0	0	0	0	0	0	0	0	0	0	0	0	0	0	0	0	0	0	0	0	0	0	0	0	0	0	0	0	0	0	0	0	0	0	0	0	0	0	0	0	0	0	0	0	0	0	0	0	0	0	0	0	0	0	0	0	0	0	0	0	0	0	0	0	0	0	0	0	0	0	0	0	0	0	0	0	0	0	0	0	0	0	0	0	0	0	0	0	0	0	0	0	0	0	0	0	0	0	0	0	0	0	0	0	0	0	0	0	0	0	0	0	0	0	0	0
Acidaminococcus_timonensis	0	0	0	0	0	0	0	0	0	0	0	0	0	0	0	0	0	0	0	0	0	0	0	0	0	0	0	0	0	0	0	0	0	0	0	0	0	0	0	0	0	0	0	0	0	0	0	0	0	0	0	0	0	0	0	0	0	0	0	0	0	0	0	0	0	0	0	0	0	0	0	0	0	0	0	0	0	0	0	0	0	0	0	0	0	0	0	0	0	0	0	0	0	0	0	0	0	0.0492	0	0	0	0	0	0	0	0	0	0	0	0	0	0	0	0	0	0	0	0	0	0	0	0	0	0	0	0	0	0	0	0	0	0	0	0	0	0	0	0	0	0	0	0	0	0	0	0	0	0	0	0	0	0	0	0	0	0	0	0	0	0	0	0	0	0	0	0	0	0	0
GGB9737_SGB15309	0	0	0	0	0	0	0	0	0	0	0	0	0.00614	0	0	0	0	0	0	0	0	0	0	0	0	0	0	0	0	0	0	0	0	0	0	0	0	0	0	0	0	0	0	0	0	0	0	0	0	0	0	0	0	0	0	0	0	0	0	0	0	0.01562	0	0.00139	0	0	0	0	0	0	0	0	0	0	0	0	0	0	0	0	0	0	0	0	0	0	0	0	0	0	0	0	0	0	0.01443	0	0.0042	0	0	0	0	0	0	0	0	0	0	0	0	0	0	0	0	0	0	0	0	0	0	0	0	0	0	0	0	0	0	0	0.04919	0	0	0	0	0	0	0	0	0	0	0	0	0	0	0	0	0	0	0	0	0	0	0	0	0	0	0	0	0	0	0	0	0	0	0	0	0	0	0	0
Dialister_pneumosintes	0	0	0	0	0	0	0	0	0	0	0	0	0	0	0	0	0	0	0	0.03482	0	0	0	0	0	0	0	0	0	0	0	0	0	0	0	0	0	0	0	0	0	0	0	0	0.03537	0	0	0	0	0	0	0	0	0	0	0	0.04903	0	0	0	0	0	0	0	0	0	0	0	0	0	0	0	0	0	0	0	0	0	0	0	0	0	0	0	0	0	0	0	0	0	0	0	0	0	0	0	0.00558	0	0	0	0	0	0	0	0	0	0	0	0	0	0	0	0	0	0	0	0	0	0	0	0	0	0	0	0.01083	0	0	0	0	0	0	0	0	0	0	0	0	0	0	0	0	0	0	0	0	0	0	0	0	0	0	0	0	0	0	0	0	0	0	0	0	0	0	0	0	0	0	0	0
GGB532_SGB711	0	0	0	0	0	0	0	0	0	0	0	0	0	0	0	0	0	0	0	0	0	0	0	0	0	0	0	0	0	0	0	0	0	0	0	0	0	0	0	0	0	0	0	0	0	0	0	0	0	0	0	0	0	0	0	0	0	0	0	0	0	0	0	0	0	0	0	0	0	0	0	0	0	0	0	0	0	0.00015	0	0	0	0	0	0	0	0	0	0	0	0	0	0	0	0	0	0	0	0	0	0	0	0	0	0	0	0	0	0	0	0	0	0	0	0	0	0	0	0.04833	0	0	0	0	0	0	0	0	0	0	0	0	0	0	0	0	0	0	0	0	0	0	0	0	0	0	0	0.0015	0	0	0	0	0	0	0	0	0	0	0	0	0	0	0	0	0	0	0	0	0	0	0
GGB9785_SGB15408	0	0	0	0	0	0	0	0	0	0	0	0	0	0.04817	0.03898	0	0	0	0	0	0	0	0	0	0	0	0	0	0	0	0	0	0	0	0	0	0	0	0	0	0	0	0	0	0	0	0	0	0	0	0	0	0	0	0	0	0	0	0	0	0	0	0	0	0	0	0	0	0	0	0	0	0	0	0	0	0	0	0	0	0	0	0	0	0	0	0	0	0	0	0	0	0	0	0	0	0	0	0	0	0	0	0	0	0	0	0	0	0	0	0	0	0	0	0	0	0	0	0	0	0	0	0	0	0	0	0	0	0	0	0	0	0	0	0	0	0	0	0	0	0	0	0	0	0	0	0	0	0	0	0	0	0	0	0	0	0	0	0	0	0	0	0	0	0	0	0	0	0
Streptococcus_sanguinis	0.00105	0.02195	0.03387	0.00517	0	0.00579	0.01488	0	0	0.00113	0.00613	0.01047	0.00371	0.00185	0	0	0	0	0	0.00114	0.02616	0	0.00067	0	0.01311	0.00171	0.00738	0	0.00579	0.00454	0.00107	0	0.00854	0.0129	0.03924	0	0	0.00494	0.04692	0	0	0	0.03388	0.02768	0.00326	0	0	0.00899	0.01608	0	0	0	0	0	0	0	0	0	0	0	0	0	0	0	0.00292	0	0	0	0	0	0	0	0	0.04817	0	0.00091	0	0	0	0.00075	0	0	0	0	0	0.00206	0.01354	0	0.00256	0	0	0	0	0	0	0	0	0	0	0	0.00083	0	0.00083	0	0	0	0.00425	0	0	0	0	0	0.00069	0	0.00603	0	0.00104	0	0	0	0	0	0	0	0	0	0	0	0	0	0	0	0	0.00092	0	0	0	0	0	0	0	0.00205	0	0.00142	0	0	0	0	0	0	0	0	0	0	0	0	0	0	0	0	0	0	0	0	0	0	0	0	0
Rothia_kristinae	0	0	0	0	0	0	0	0	0.00143	0	0.04809	0.0015	0	0	0	0	0	0	0	0	0	0	0	0	0	0	0	0	0	0	0	0	0	0	0	0	0	0	0	0	0	0	0	0	0	0	0	0	0	0	0	0	0	0	0	0	0	0	0	0	0	0	0	0	0	0	0	0	0	0	0	0	0	0	0	0	0	0	0	0	0	0	0	0	0	0	0	0	0	0	0	0	0	0	0	0	0	0	0	0	0	0	0	0	0	0	0	0	0	0	0	0	0	0	0	0	0	0	0	0	0	0	0	0	0	0	0	0	0	0	0	0	0	0	0	0	0	0	0	0	0	0	0	0	0	0	0	0	0	0	0	0	0	0	0	0	0	0	0	0	0	0	0	0	0	0	0	0	0
Leuconostoc_inhae	0	0	0	0	0	0	0	0	0	0	0	0	0	0	0	0	0	0	0	0	0	0	0	0	0	0	0	0	0	0	0	0	0	0	0	0	0	0	0	0	0	0	0	0	0	0	0	0	0.048	0	0	0	0	0	0	0	0	0	0	0	0	0	0	0	0	0	0	0	0	0	0	0	0	0	0	0	0	0	0	0	0	0	0	0	0	0	0	0	0	0	0	0	0	0	0	0	0	0	0	0	0	0	0	0	0	0	0	0	0	0	0	0	0	0	0	0	0	0	0	0	0	0	0	0	0	0	0	0	0	0	0	0	0	0	0	0	0	0	0	0	0	0	0	0	0	0	0	0	0	0	0	0	0	0	0	0	0	0	0	0	0	0	0	0	0	0	0	0	0
Enterobacter_ludwigii	0	0	0	0	0	0	0	0	0	0	0	0	0	0	0	0	0	0	0	0	0	0	0	0	0	0	0	0	0	0	0	0	0	0	0	0	0	0	0	0	0	0	0	0	0	0	0	0	0	0	0	0	0	0	0	0	0	0	0	0	0	0	0	0	0	0	0	0	0	0	0	0	0	0	0	0	0	0	0	0	0	0	0.00116	0	0	0	0	0	0	0	0	0	0	0	0	0	0	0	0	0	0	0	0.04799	0	0	0	0	0	0	0	0	0	0	0	0	0	0	0	0	0	0	0	0	0	0	0	0	0	0	0	0	0	0	0	0.00757	0	0	0	0	0.03443	0	0	0	0	0	0	0	0	0	0	0	0	0	0	0	0	0	0	0	0	0	0	0	0	0	0	0	0	0
Solobacterium_moorei	0	0	0.00175	0	0	0	0	0	0	0	0	0	0	0	0	0	0	0	0	0	0	0	0	0	0	0	0.01903	0	0.00655	0	0	0	0.00078	0	0	0	0	0.01153	0	0	0	0	0	0	0	0.00331	0	0	0	0	0	0	0	0	0	0	0	0	0	0	0	0	0	0	0	0	0	0	0	0	0	0	0	0.00446	0	0	0.00371	0	0	0	0	0	0	0	0	0	0	0	0	0	0	0	0	0	0	0	0	0	0	0	0	0.00701	0	0	0	0	0.00206	0	0.01567	0	0	0	0	0	0.00128	0	0	0	0	0.00162	0	0	0	0	0.00939	0	0	0	0	0	0	0.04796	0	0	0	0	0	0	0	0	0	0	0	0	0	0	0	0	0	0	0	0	0	0	0	0	0	0	0	0	0	0	0	0	0	0	0	0	0
Actinomyces_graevenitzii	0.00037	0.00695	0.00396	0.00898	0	0	0	0	0.02225	0	0	0	0.00497	0	0	0	0	0	0	0	0.00982	0	0	0.00846	0	0.00158	0.0082	0	0.03513	0	0.00821	0	0	0.04273	0.00968	0	0.00358	0.02263	0	0	0	0	0	0.0479	0	0.00917	0	0	0.00883	0.00634	0	0	0	0	0	0	0	0	0	0	0	0	0	0	0	0	0	0	0	0	0	0	0	0	0	0	0	0	0	0	0	0	0	0	0	0	0	0	0	0	0	0	0	0	0	0	0	0	0	0	0	0	0	0	0	0	0.00602	0	0	0	0	0	0	0	0	0	0.00129	0	0	0	0	0	0	0	0	0	0	0	0	0	0	0	0	0	0	0	0	0	0	0	0	0	0	0	0	0	0	0	0	0	0	0	0	0	0	0	0	0	0	0	0	0	0	0	0	0	0	0	0
Leuconostoc_mesenteroides	0	0	0	0	0	0	0	0	0	0	0	0	0	0	0	0	0	0	0	0	0	0	0	0	0.04779	0	0	0	0	0	0	0	0	0	0	0	0	0	0	0	0	0	0	0	0	0	0	0	0	0	0	0	0	0	0	0	0	0	0	0	0	0	0	0	0	0	0	0	0	0	0	0	0	0	0	0.01995	0	0	0	0	0	0	0	0	0	0	0	0	0	0	0	0	0	0	0	0	0	0	0	0	0	0	0	0	0	0	0	0	0	0	0	0	0	0	0	0	0	0	0	0	0	0	0	0	0	0	0	0	0	0	0	0	0	0	0	0	0	0	0	0	0	0	0	0	0	0	0	0	0	0	0	0	0	0	0	0	0	0	0	0	0	0	0	0	0	0	0	0	0
Enterococcus_thailandicus	0	0	0	0	0	0	0	0	0	0	0	0	0	0	0	0	0	0	0	0	0	0	0	0	0	0	0	0	0	0	0	0	0	0	0	0	0	0.04743	0	0	0	0	0	0	0	0	0	0	0	0	0	0	0	0	0	0	0	0	0	0	0	0	0	0	0	0	0	0	0	0	0	0	0	0	0	0	0	0	0	0	0	0	0	0	0	0	0	0	0	0	0	0	0	0	0	0	0	0	0	0	0	0	0	0	0	0	0	0	0	0	0	0	0	0	0	0	0	0	0	0	0	0	0	0	0	0	0	0	0	0	0	0	0	0	0	0	0	0	0	0	0	0	0	0	0	0	0	0	0	0	0	0	0	0	0	0	0	0	0	0	0	0	0	0	0	0	0	0	0
Clostridium_celatum	0	0	0	0	0	0	0	0	0	0	0	0	0	0	0	0	0	0	0	0	0	0	0	0	0	0	0	0	0	0	0	0	0	0	0	0	0	0	0.00831	0	0	0	0	0	0	0	0	0	0	0	0	0	0	0	0	0	0	0	0	0	0	0	0	0	0	0	0	0	0	0	0	0	0	0	0	0	0	0	0	0	0	0	0	0	0	0	0.04722	0	0	0	0	0	0	0	0	0	0	0	0	0	0	0	0	0	0	0	0.03135	0	0	0	0	0	0	0	0	0	0	0	0	0	0	0	0	0	0	0	0	0	0	0	0	0	0	0	0	0	0	0	0	0	0	0	0	0	0	0	0	0	0	0	0	0	0	0	0	0	0	0	0	0	0	0	0	0	0	0	0	0	0
Microbacterium_paulum	0	0	0	0	0	0	0	0	0	0	0	0	0	0	0	0	0	0	0	0	0	0	0	0	0	0	0	0	0	0	0	0	0	0	0	0	0	0	0	0	0	0	0	0	0	0	0	0	0	0.04697	0	0	0	0	0	0	0	0	0	0	0	0	0	0	0	0	0	0	0	0	0	0	0	0	0	0	0	0	0	0	0	0	0	0	0	0	0	0	0	0	0	0	0	0	0	0	0	0	0	0	0	0	0	0	0	0	0	0	0	0	0	0	0	0	0	0	0	0	0	0	0	0	0	0	0	0	0	0	0	0	0	0	0	0	0	0	0	0	0	0	0	0	0	0	0	0	0	0	0	0	0	0	0	0	0	0	0	0	0	0	0	0	0	0	0	0	0	0	0
GGB1331_SGB1788	0	0	0	0	0	0	0	0.04692	0	0	0.01398	0	0	0	0	0	0	0	0	0	0	0	0	0	0	0	0	0	0	0	0	0	0	0	0	0	0	0	0	0	0	0	0	0	0	0	0	0	0	0	0	0	0	0	0	0	0	0	0	0	0	0	0	0	0	0	0	0	0	0	0	0	0	0	0	0	0	0	0	0	0	0	0	0	0.00529	0	0	0	0	0	0	0	0	0	0	0	0	0	0	0	0	0	0	0	0	0	0	0	0	0	0	0	0	0	0	0	0	0	0	0	0	0	0	0	0	0	0	0	0	0	0	0	0	0	0	0	0	0	0	0	0	0	0	0	0	0	0	0	0	0	0	0	0	0	0	0	0	0	0	0	0	0	0	0	0	0	0	0	0
Streptococcus_sp_F0442	0	0.04684	0.02902	0	0	0.02465	0	0	0.03332	0	0	0.00345	0	0.0005	0	0.00301	0.00349	0	0	0.00463	0.00379	0	0	0	0	0.01607	0	0.00036	0.00166	0	0	0	0	0	0	0	0	0.00107	0.00479	0	0	0	0.03378	0	0	0	0	0.01311	0.00548	0	0	0	0	0	0	0	0	0	0	0	0	0	0	0	0.00381	0	0	0	0	0	0	0	0	0.01307	0	0	0	0	0	0	0	0	0	0	0	0	0	0.00392	0	0	0	0	0	0	0	0	0	0	0	0	0	0	0	0	0	0	0	0	0	0	0	0	0	0.00046	0	0	0.00935	0	0	0	0	0	0	0	0	0	0	0	0	0	0	0.00044	0	0	0	0	0	0	0	0	0	0	0	0	0	0	0	0	0	0	0	0	0	0	0	0	0	0	0	0	0	0	0	0	0	0	0	0	0
Bacteroides_faecalis	0	0	0	0	0	0	0	0	0	0	0	0	0	0	0	0	0	0.00385	0	0	0	0	0	0	0	0	0	0	0	0	0	0	0	0	0	0	0	0	0	0	0	0	0	0	0	0	0	0	0	0	0	0	0	0	0	0	0	0	0	0	0	0	0	0	0	0	0	0	0	0	0	0	0	0	0	0	0	0	0	0	0	0	0	0	0	0	0	0	0	0	0	0	0	0	0	0	0	0	0.04664	0	0	0	0	0	0	0	0	0	0	0	0	0	0	0	0	0	0	0	0	0	0	0	0	0	0.00618	0	0	0	0	0	0	0	0	0	0	0	0	0	0	0	0.00887	0	0	0	0	0	0	0.0083	0	0	0	0	0	0	0	0	0	0	0	0	0	0	0	0	0	0	0	0	0
GGB1662_SGB2276	0	0	0	0	0	0	0	0	0	0	0	0	0	0.02827	0.04621	0	0	0	0	0	0	0	0	0	0	0	0	0	0	0	0	0	0	0	0	0	0	0	0	0	0	0	0	0	0	0	0	0	0	0	0	0	0	0	0	0	0	0	0	0	0	0	0	0	0	0	0	0	0	0	0	0	0	0	0	0	0	0	0	0	0	0	0	0	0	0	0	0	0	0	0	0	0	0	0	0	0	0	0	0	0	0	0	0	0	0	0	0	0	0	0	0	0	0	0	0	0	0.02295	0	0	0	0	0	0	0.0012	0	0	0.00591	0	0	0	0	0	0	0	0	0	0	0	0	0	0	0	0	0	0	0	0	0	0	0	0	0	0	0	0	0	0	0	0	0	0	0	0	0	0	0	0	0
Bacteroides_bouchesdurhonensis	0	0	0	0	0	0	0	0	0	0	0	0	0	0	0	0	0.00564	0	0	0	0	0	0.02336	0	0	0	0	0	0	0	0	0	0	0	0	0.02032	0	0	0	0	0	0	0	0	0	0.00826	0	0	0	0	0	0	0	0	0	0	0	0	0	0	0	0.00045	0	0	0	0	0	0	0	0	0.00341	0	0.00378	0	0	0	0	0	0	0	0.00114	0	0	0	0	0	0	0	0	0	0	0	0	0	0.04599	0.0411	0	0	0	0	0	0	0.03185	0.00586	0.00054	0	0	0	0.00454	0	0	0	0	0	0	0	0	0.03718	0.0054	0	0.00258	0	0.00681	0	0	0	0	0	0	0	0	0	0	0	0	0	0	0	0	0	0	0	0	0.04585	0	0	0	0	0	0	0	0	0	0	0	0	0	0	0	0	0	0	0	0	0	0	0	0	0
GGB2970_SGB3952	0	0	0	0	0	0	0	0	0	0	0	0	0	0	0	0	0	0	0	0	0	0	0	0	0	0	0	0	0	0	0	0	0	0	0	0	0	0	0	0	0	0	0	0	0	0	0	0	0	0	0	0	0	0	0	0	0	0	0	0	0	0	0	0	0	0	0	0	0	0	0.00017	0	0	0	0	0	0	0	0	0	0	0	0	0	0	0	0	0	0	0.04597	0	0	0	0	0	0	0	0	0	0	0	0	0.01786	0.00093	0	0	0	0	0	0	0	0	0	0	0	0	0	0	0	0.00337	0	0	0	0	0	0	0	0	0	0	0	0	0	0	0.00067	0	0	0	0.00892	0	0	0	0	0	0	0	0	0	0	0	0	0	0	0	0	0	0	0	0	0	0	0	0	0	0	0	0	0	0
GGB2998_SGB3989	0	0	0	0	0	0	0	0	0	0	0	0	0	0	0	0	0.00879	0	0	0	0	0	0	0	0	0	0	0	0	0	0	0	0	0	0	0	0	0	0	0	0	0	0	0	0	0	0	0	0	0	0	0	0	0	0	0	0	0	0	0	0	0	0	0	0	0	0	0	0	0	0.02371	0	0	0	0	0	0	0	0	0	0	0	0	0	0	0	0	0	0	0	0	0	0	0	0	0	0	0	0	0	0	0	0	0.0123	0	0	0	0	0	0	0	0	0	0	0	0	0	0	0	0	0	0	0	0	0	0	0	0.04578	0	0	0	0	0	0	0	0	0	0	0	0	0	0	0	0	0	0	0	0	0	0	0	0	0	0	0	0	0	0	0	0	0	0	0	0	0	0	0	0	0
Streptococcus_cristatus	0.01833	0.02157	0.00159	0	0	0	0	0	0	0.0036	0.03451	0.00281	0.00073	0	0	0	0	0	0	0.01281	0.02463	0	0	0.0014	0	0.00063	0.03118	0	0	0.00573	0.00125	0	0.00171	0.01635	0.0036	0	0	0.00839	0.00038	0	0	0	0.00324	0.00297	0	0	0.0015	0	0	0	0	0	0	0	0	0	0	0	0	0	0	0	0	0	0.00352	0	0	0	0	0	0	0	0	7e-05	0	0	0	0	0	0	0	0	0	0	0	0	0.04566	0	0	0	0	0	0	0	0	0	0	0	0	0	0	0	0	0	0	0	0.00843	0	0	0	0	0	0	0	0.02177	0	0.00815	0	0	0	0	0	0	0	0	0	0	0	0	0	0	0	0	0.00152	0	0	0	0	0	0	0	0	0	0	0	0	0	0	0	0	0	0	0	0	0	0	0	0	0	0	0	0	0	0	0	0	0	0	0
Streptococcus_oralis	0	0.00395	0.04547	0.0123	0	0.00119	0	0	0	0	0.02384	0.00361	0	0.00253	0	0	0	0	0	0	0	0	0.00262	0	0.00491	0	0.01872	0.01357	0.00273	0.00303	0.00629	0	0	0	0	0	0	0.00605	0	0	0	0	0.00685	0.00409	0	0	0	0.01482	0	0	0	0	0	0	0	0	0	0	0	0	0	0	0.00309	0	0.01147	0	0	0	0	0	0	0	0	0.00263	0	0	0	0	0	0.00039	0.00136	0	0	0	0	0	0.01083	0	0.00667	0	0	0	0.00159	0	0	0.00354	0	0	0	0	0	0	0	0	0	0	0.01133	0	0	0.00066	0.00453	0	0.00107	0	0	0	0	0	0	0	0.00032	0	0	0	0	0	0	0.00437	0.00082	0	0	0	0	0	0	0	0	0	0	0	0	0	0	0	0	0	0	0	0	0	0	0	0	0	0	0	0	0	0	0	0	0	0	0	0	0	0	0	0
GGB58067_SGB79698	0	0	0	0	0	0	0	0	0	0	0	0	0	0	0	0	0	0	0	0	0	0	0	0	0	0	0	0	0	0	0	0	0	0	0	0	0	0	0	0	0	0	0	0	0	0	0	0	0	0.03908	0	0	0	0	0	0	0	0	0	0	0	0	0	0.00826	0.02168	0	0	0	0	0.00134	0.04478	0	0	0	0	0	0	0	0	0	0	0	0	0	0	0	0	0	0	0	0	0	0	0	0.02369	0	0	0	0	0	0	0	0	0.03186	0	0	0	0	0	0	0.00985	0	0	0	0	0	0	0.00607	0	0	0	0	0	0	0	0	0	0	0	0	0	0	0	0	0	0	0	0	0	0	0	0	0	0	0	0	0	0	0	0	0	0	0	0	0	0	0	0	0	0	0	0	0	0	0	0	0	0	0
GGB28319_SGB40892	0	0	0	0	0	0	0	0	0	0	0	0	0	0	0.00087	0	0	0	0	0	0	0	0	0	0	0	0	0	0	0	0	0	0	0	0	0	0	0	0	0	0	0	0	0	0	0	0	0	0	0	0	0	0	0	0	0	0	0	0	0	0	0	0	0	0	0	0	0	0	0	0	0	0	0	0	0	0	0	0	0	0	0	0	0	0.00606	0	0	0	0	0	0	0	0.00279	0	0	0	0	0	0	0	0	0	0	0	0	0	0	0	0	0	0	0	0	0	0	0	0	0	0	0	0	0	0	0	0	0	0	0.00162	0	0	0	0	0	0	0	0	0	0	0	0	0	0	0	0	0	0	0	0	0	0	0	0	0	0	0	0	0	0	0	0	0	0.0447	0	0	0	0	0	0	0
GGB58233_SGB79883	0.00059	0	0	0	0	0	0	0.00051	0	0	0	0	0	0	0	0.02032	0	0	0	0.01628	0	0	0.00092	0	0	0	0	0	0	0	0	0.00859	0	0	0	0	0	0.04343	0	0	0	0.00229	0	0	0	0.00101	0	0	0.00437	0	0	0	0	0	0.01381	0	0	0	0	0	0.00021	0	0	0.00179	0.00222	0.00287	0.00442	0	0	0	0	0	0	0	0	0	0	0	0	0	0	0	0.01905	0.00623	0	0.00871	0	0	0.0024	0	0	0.00115	0	0	0.0011	0.00098	0	0.02375	0	0.00092	0	0	0.00029	0	0.00028	0	0	0.0038	0	0	0	0	0.00013	0	0	0	0	0	0	0	0	0	0	0	0	0	0	0	0	0	0	0	0	0	0	0	0	0	0.00069	0	0	0	0	0	0	0	0	0	0	0	0	0	0	0	0	0	0	0	0	0	0	0	0	0	0	0	0.00466	0	0
Kluyvera_georgiana	0	0	0	0	0	0	0.04332	0	0	0	0	0	0	0	0	0	0	0	0	0	0	0	0	0	0	0	0	0	0	0	0	0	0	0	0	0	0	0	0	0	0	0	0	0	0	0	0.02715	0	0	0	0	0	0	0	0	0	0	0	0	0	0	0	0	0	0	0	0	0	0	0	0	0	0	0	0	0	0	0	0	0	0	0	0	0	0	0	0	0	0	0	0	0	0	0	0	0	0	0	0	0	0	0	0	0	0	0	0	0	0	0	0	0	0	0	0	0	0	0	0	0	0	0	0	0	0	0	0	0	0	0	0	0	0	0	0	0	0	0	0	0	0	0	0	0	0	0	0	0	0	0	0	0	0	0	0	0	0	0	0	0	0	0	0	0	0	0	0	0	0
Bianquea_SGB71281	0	0	0	0	0	0	0	0	0	0	0	0	0	0	0	0	0	0	0	0	0	0	0.011	0	0	0	0	0	0	0.00531	0	0	0	0	0	0	0	0	0	0	0	0	0	0	0	0	0	0	0	0	0	0	0	0	0	0	0	0	0	0	0	0	0	0	0	0	0	0	0	0	0	0	0	0	0	0	0	0	0	0.03778	0	0	0	0	0	0	0	0	0	0	0	0	0	0	0	0.02471	0	0	0	0	0	0	0	0	0.0235	0	0	0	0	0	0	0	0	0	0	0	0	0	0	0.00174	0	0	0	0	0	0	0	0	0	0	0.04317	0	0	0	0	0	0	0	0	0	0	0	0	0	0	0	0	0	0	0	0	0	0	0	0	0	0	0	0	0	0	0	0	0	0	0	0	0	0
GGB3593_SGB4817	0.01864	0	0	0	0	0	0	0	0	0	0	0	0	0	0	0	0	0	0	0	0	0	0	0	0	0	0	0	0	0	0	0	0	0	0	0	0	0	0	0	0	0	0	0	0	0	0	0	0	0.00678	0	0	0	0	0	0	0	0	0	0	0	0	0	0.00207	0	0	0	0	0	0	0	0	0	0	0	0	0	0	0	0	0	0	0	0	0	0	0	0	0	0	0	0	0	0	0.02292	0	0	0	0.04292	0	0	0	0.02404	0	0	0	0	0	0	0	0.01694	0	0	0	0	0	0	0	0	0	0	0	0	0.01451	0	0	0	0	0	0	0	0	0	0	0	0	0	0	0	0	0	0	0	0	0	0	0	0	0	0	0	0	0	0	0	0	0	0	0	0	0	0	0	0	0	0	0	0	0
Streptococcus_anginosus	0	0.00657	0.00863	0.01301	0	0.00193	0	0	0	0	0.00537	0	0	0.00544	0.00279	0	0.00325	0	0	0	0	0	0.00013	0	0	0.00629	0.04261	0	0	0.0002	0	0	0	0.00113	0.00943	0	0	0.01302	0	0	0	0	0	0	0	0	0	0.03648	0	0	0	0	0	0	0	0	0	0	0	0	0	0	0	0	0.01905	0	0	0	0	0	0	0	0	0.00169	0	0	0	0.0014	0	0	0	0	0	0	0	0	0	0	0.00432	0	0	0	0	0	0	0	0	0	0	0	0	0.00019	0	0	0	0	0.007	0.00132	0	0	0	0	0	0	0	0	0	0	0	0	0	0	0	0	0	0	0	0	0	0	0	0	0	0	0	0	0	0	0	7e-05	0	0	0	0	0	0	0	0	0	0	0	0	0	0	0	0	0	0	0	0	0	0	0	0	0	0	0	0	0
Mediterraneibacter_massiliensis	0	0	0	0	0	0	0	0	0	0	0	0.00443	0	0	0	0	0.0012	0	0	0	0	0	0	0	0	0	0	0	0	0	0	0	0	0	0	0	0.00511	0	0	0	0	0	0	0	0	0	0	0	0.00608	0	0	0	0	0	0	0	0	0	0	0	0	0	0	0.00198	0	0	0	0	0	0.00692	0	0	0	0	0	0	0	0.00524	0	0	0	0	0	0	0	0.00418	0	0	0	0.00178	0	0.00677	0	0.00935	0	0	0	0.04261	0	0	0	0	0.01495	0	0.00292	0	0	0	0.00151	0	0	0	0	0.00469	0	0	0	0	0	0	0	0	0	0	0	0	0.00355	0.00173	0	0	0.00464	0	0	0	0.01335	0	0	0	0.0117	0	0	0.00526	0	0	0	0	0	0	0	0.00094	0	0	0	0	0	0	0	0	0	0	0	0	0	0	0	0	0	0	0
Eubacterium_saphenum	0	0	0	0	0	0	0.00568	0	0	0	0	0	0	0	0	0	0	0	0	0	0	0	0	0	0	0	0.04261	0	0.00013	0	0	0	0	0	0	0	0	0.00216	0	0	0	0	0	0	0	0	0	0	0	0	0	0	0	0	0	0	0	0	0	0	0	0	0	0	0	0	0	0	0	0	0	0	0	0	0	0	0	0	0	0	0	0	0	0	0	0	0	0	0	0	0	0	0	0	0	0	0	0	0	0	0	0	0	0	0	0	0	0	0	0	0	0	0	0	0	0	0	0	0	0	0	0	0	0	0	0	0	0	0	0	0	0	0	0	0	0	0	0	0	0	0	0	0	0	0	0	0	0	0	0	0	0	0	0	0	0	0	0	0	0	0	0	0	0	0	0	0	0	0
GGB3528_SGB4713	0	0	0	0	0	0	0	0	0	0	0	0	0	0	0	0	0	0	0	0	0	0	0	0	0	0	0	0	0	0	0	0	0	0	0	0	0	0	0	0	0	0	0	0	0	0	0	0	0	0	0	0	0	0	0	0	0	0	0	0	0	0	0	0	0	0	0	0	0	0	0.01906	0	0	0	0	0	0	0	0	0	0	0	0	0	0	0	0	0	0	0	0	0	0	0	0	0	0	0	0	0	0	0	0	0.00403	0	0	0	0	0	0	0	0	0	0	0	0	0	0	0	0	0	0	0	0	0.04229	0	0	0	0	0	0	0	0	0	0	0	0	0	0	0	0	0	0	0	0	0	0	0	0	0	0	0	0	0	0	0	0	0	0	0	0	0	0	0	0	0	0	0	0
Anaerovorax_odorimutans	0.00061	0	0	0	0.04213	0	0	0	0	0	0	0	0	0	0	0	0	0	0	0	0	0	0.00065	0	0	0	0	0	0	0	0	0	0	0	0	0	0	0.00015	0	0.0008	0	0	0	0	0	0.0062	0	0	0	0	0	0	0	0	0	0	0	0	0	0	0	0	0	0	0	0	0	0	0	0	0	0	0	0	0	0	0	0	0	0	0	0	0	0	0	0	0	0	0	0	0	0	0	0	0	0	0	0	0	0	0	0	0	0	0	0	0	0	0	0	0	0	0	0	0	0	0	0	0	0	0	0.03518	0	0	0	0	0	0	0	0	0	0	0	0	0	0	0	0	0	0	0	0	0	0	0	0	0	0	0	0	0	0	0	0	0	0	0	0	0	0	0	0	0	0	0	0	0	0	0
Provencibacterium_massiliense	0	0	0	0	0	0	0	0	0	0.00618	0	0	0	0	0	0	0	0	0	0	0	0	0	0	0	0	0	0	0	0	0	0	0.00283	0	0	0	0.00065	0.00454	0	0	0	0	0	0	0	0.00406	0	0	0	0	0	0	0	0	0	0	0	0	0	0	0.00052	0	0	0	0	0	0	0	0	0	0	0	0	0	0	0	0	0	0	0	0	0	0	0.00561	0	0	0	0	0	0	0	0	0	0	0	0	0	0	0.00213	0	0	0	0.00184	0	0.00104	0	0	0.04179	0.00076	0	0	0	0	0	0	0	0	0.00039	0.02317	0	0.00244	0	0	0.00056	0.00238	0	0	0.00073	0	0	0.00055	0	0	0	0.00144	0	0	0	0.00215	0	0	0.00153	0	0.00185	0	0	0	0	0	0	0	0	0	0	0	0	0	0	0	0	0	0	0	0	0	0	0	0	0
Fumia_xinanensis	0	0	0	0	0	0	0	0	0	0	0	0	0	0	0	0	0	0	0	0	0	0	0.00163	0	0	0.00804	0	0	0	0	0	0	0	0	0	0	0	0	0	0	0.00044	0	0	0	0	0	0	0	0	0	0	0	0	0	0.00376	0	0	0	0	0	0	0	0	0	0	0.04178	0	0.00013	0	0	0	0	0	0	0	0	0	0	0	0	0	0	0	0	0	0	0	0	0	0	0	0	0	0	0	0	0	0	0.00013	0	0	0	0	0	0.00271	0	0	0	0	0	0	0	0	0	0	0	0	0	0	0.0009	0	0	0	0	0	0	0	0	0	0	0	0	0	0	0	0	0	0	0	0	0	0	0	0	0	0	0	0	0	0	0	0	0	0	0	0	0	0	0	0	0	0	0	0	0	0	0	0	0
Proteus_mirabilis	0	0	0	0	0	0	0	0	0	0	0	0	0	0	0	0	0	0	0	0	0	0	0	0	0	0	0	0	0	0	0	0	0	0	0	0	0	0	0	0	0	0	0.04152	0	0	0	0	0	0	0	0	0	0	0	0	0	0.00121	0	0.00534	0	0	0	0	0	0	0	0	0	0	0	0	0	0	0	0	0	0	0	0	0	0	0	0	0	0	0	0	0	0	0	0	0	0	0	0	0	0	0	0	0	0	0	0	0	0	0	0	0	0	0	0	0	0	0	0	0	0	0	0	0	0	0	0	0	0	0	0	0	0	0	0	0	0	0	0	0	0	0	0	0	0	0	0	0	0	0	0	0	0	0	0	0	0	0	0	0	0	0	0	0	0	0	0	0	0	0	0	0	0
GGB9211_SGB14151	0	0	0	0	0	0	0	0	0	0	0	0	0	0	0	0	0	0	0	0	0	0	0.02152	0	0	0	0	0	0	0	0	0	0	0	0	0	0	0	0	0	0	0	0	0	0	0	0	0	0	0	0	0	0	0	0	0	0	0	0	0	0	0	0	0	0	0	0	0	0	0	0	0	0	0	0	0	0	0	0	0	0	0	0	0	0	0	0	0	0	0.04148	0	0	0	0	0	0	0	0	0	0	0	0	0	0	0	0	0	0	0	0	0	0	0	0	0	0	0	0	0	0	0	0	0	0	0	0	0	0	0	0	0	0	0	0	0	0	0	0	0	0	0	0	0	0	0	0	0	0	0	0	0	0	0	0	0	0	0	0	0	0	0	0	0	0	0	0	0	0	0
GGB45432_SGB63101	0	0	0	0	0	0	0	0	0	0	0	0	0	0.00578	0	0	0.00585	0	0	0	0	0	0	0	0	0	0	0	0	0	0	0	0	0	0	0	0	0	0	0.0154	0	0.04147	0	0	0	0	0	0	0	0.00841	0	0	0	0	0	0	0	0	0	0	0	0	0	0	0	0	0	0	0	0	0	0	0	0	0	0	0	0	0	0	0	0	0	0	0	0	0	0	0	0	0	0	0	0	0	0	0	0	0.00581	0	0	0	0	0	0	0	0	0.00509	0	0	0	0	0.00229	0	0	0	0	0	0	0.0032	0	0	0	0	0	0	0	0	0	0	0	0	0	0	0	0	0	0	0	0	0	0	0	0	0	0	0	0	0	0	0	0	0	0	0	0	0	0	0	0	0	0	0	0	0	0	0	0	0
GGB74511_SGB47635	0	0	0	0	0	0	0	0	0	0	0	0	0	0	0	0	0	0	0	0	0	0	0	0	0	0	0	0	0	0	0	0	0	0	0	0	0	0	0	0	0	0	0	0	0	0	0	0	0.04121	0	0	0	0	0	0	0	0	0	0	0	0	0	0	0	0	0	0	0	0	0	0	0	0	0	0	0	0	0	0	0	0	0	0	0	0	0	0	0	0	0	0	0	0	0	0	0	0	0	0	0	0	0	0	0	0	0	0	0	0	0	0	0	0	0	0	0	0	0	0	0	0	0	0	0	0	0	0	0	0	0	0	0	0	0	0	0	0	0	0	0	0	0	0	0	0	0	0	0	0	0	0	0	0	0	0	0	0	0	0	0	0	0	0	0	0	0	0	0	0
Enterobacter_asburiae	0	0	0	0	0	0	0	0	0	0	0.04112	0	0	0	0	0	0	0	0	0	0	0	0	0	0	0	0	0	0	0	0	0	0	0	0	0	0	0	0	0	0	0	0	0	0	0	0	0	0	0	0	0	0	0	0	0	0	0	0	0	0	0	0	0	0	0	0	0	0	0	0	0	0	0	0	0	0	0	0	0	0	0	0	0	0	0	0	0	0	0	0	0	0	0	0	0	0	0	0	0	0	0	0.01943	0	0	0	0	0	0	0	0	0	0	0	0	0	0	0	0	0	0	0	0	0	0	0	0	0	0	0	0	0	0	0	0	0	0	0	0	0	0	0	0	0	0	0	0	0	0	0	0	0	0	0	0	0	0	0	0	0	0	0	0	0	0	0	0	0	0
Bacteroides_cutis	0	0	0	0	0	0	0	0	0	0.02161	0	0	0	0	0	0	0	0	0	0	0	0	0	0	0	0	0	0	0	0	0	0	0	0	0	0	0	0	0	0	0	0	0	0	0	0	0	0	0	0	0	0	0	0	0	0	0	0	0	0	0	0	0	0	0	0	0	0	0	0	0	0	0	0	0	0	0	0	0	0	0	0	0	0	0.04024	0	0	0	0	0	0	0	0	0	0	0	0	0	0	0	0	0	0	0	0	0	0	0	0.01384	0	0	0	0	0	0	0	0	0	0	0	0.00513	0	0	0	0	0	0	0	0	0	0	0	0	0	0	0	0	0	0	0	0	0	0	0	0	0	0	0	0	0	0	0	0	0	0	0	0	0	0	0	0	0	0	0	0	0	0	0	0
GGB3351_SGB4434	0	0	0	0	0	0	0	0	0	0	0	0	0	0	0	0	0	0	0	0	0	0	0	0	0	0	0	0	0	0	0	0	0	0	0	0	0	0	0	0	0	0	0	0	0	0	0	0	0	0.03964	0	0	0	0	0	0	0	0	0	0	0	0	0	0	0	0	0	0	0	0	0.01333	0	0	0	0	0	0	0	0	0	0	0	0	0	0.01423	0	0	0	0	0	0	0	0.0002	0	0.01487	0	0	0	0	0	0	0.0173	0	0.01109	0	0	0	0	0	0	0.0154	0	0	0	0	0	0	0	0	0	0	0	0	0	0	0	0.00218	0	0	0	0	0	0	0	0	0	0	0	0.00633	0	0	0	0	0	0	0	0	0	0	0	0	0	0	0	0	0	0	0	0	0	0	0	0	0	0	0	0	0	0
Anaerofustis_stercorihominis	0.00116	0	0.00941	0	0	7e-05	0	0.00686	0	0	0	0	0	0	0	0	0	0	0	0	0	0	0	0	0	0.00017	0.01304	0	0.01284	0	0	0	0	0	0	0	0	0.00365	0	0.00823	0	0	0	0	0	0	0	0.0396	0.00174	0	0	0	0	0	0	0	0	0	0	0	0	0	0	0	0	0	0	0	0	0	0	0	0	0	0	0	0	0	0	0	0	0	0	0	0	0.00018	0	0	0	0	0	0	0	0	0	0	0	0	0	0	0	0	0	0	0	0	0	0	0	0	0	0	0	0	0	0	0	0	0	0	0	0	0	0	0	0	0	0	0	0	0	0	0	0	0	0	0	0	0	0	0	0	0	0	0	0	0	0	0	0	0	0	0	0	0	0	0	0	0	0	0	0	0	0	0	0	0	0	0
GGB9525_SGB14925	0	0	0	0	0	0	0	0	0	0	0	0	0	0	0	0	0	0	0	0	0	0	0	0	0	0	0	0	0	0	0	0	0	0	0	0	0	0	0	0	0	0	0	0	0	0	0	0	0	0.00193	0	0	0	0	0	0	0	0	0	0	0	0	0	0	0	0	0	0	0	0	0.00014	0	0	0	0	0	0	0	0	0	0	0	0	0	0	0	0	0	0	0	0	0	0	0	0.03896	0	0	0	0	0	0	0	0	0	0	0	0	0	0	0	0	0	0	0	0	0	0	0.00182	0	0	0	0	0	0	0	0	0	0	0	0	0	0	0	0	0	0	0	0	0	0	0	0	0	0	0	0	0	0	0	0	0	0	0	0	0	0	0	0	0	0	0	0	0	0	0	0	0	0	0
Schaalia_SGB17154	0	0	0	0.03864	0	0	0	0	0	0	0	0	0	0	0	0	0	0	0.00957	0	0	0	0	0.00315	0	0.0078	0	0	0	0.00207	0	0	0	0	0.00059	0	0	0	0	0	0	0	0	0	0	0.00776	0	0	0	0	0	0	0	0	0	0	0	0	0	0	0	0	0	0	0	0	0	0	0	0	0	0	0	0	0	0	0	0	0	0	0	0	0	0	0	0.00033	0	0	0	0	0	0	0	0.00842	0	0	0	0	0	0.00048	0	0	0.01042	0	0	0	0.005	0	0	0	0	0	0	0	0	0	0	0	0	0	0	0	0	0	0	0	0	0	0	0	0	0	0	0	0	0	0	0	0	0	0	0	0	0	0	0	0	0	0	0	0	0	0	0	0	0	0	0	0	0	0	0	0	0	0	0	0	0	0
Cloacibacillus_evryensis	0	0	0	0	0	0	0	0.0256	0	0	0	0	0	0	0	0	0	0	0	0	0.01126	0	0.00232	0	0	0	0	0	0	0	0	0	0	0.03785	0	0	0	0.03385	0	0	0	0	0	0	0	0	0	0	0	0	0	0	0	0	0	0	0	0	0	0	0	0	0	0	0	0	0	0	0	0	0	0	0	0	0	0	0	0	0	0	0	0	0	0.00541	0	0	0	0	0	0	0	0	0	0	0	0	0	0	0	0	0	0	0	0	0	0	0	0	0	0	0	0	0	0	0	0	0	0	0	0	0	0	0	0	0	0	0	0	0	0	0	0	0	0	0	0	0	0	0	0	0	0	0	0	0	0	0	0	0	0	0	0	0	0	0	0	0	0	0	0	0	0	0	0	0	0	0	0	0
GGB6574_SGB9289	0	0	0	0	0	0	0	0	0	0	0	0	0	0.00017	0	0	0	0	0	0	0	0	0	0	0	0	0	0	0	0	0	0	0	0	0	0	0.03783	0	0	0	0	0	0	0	0	0.00784	0	0	0	0	0	0	0	0	0	0	0	0	0	0	0	0	0	0	0	0	0	0	0	0	0	0	0	0	0	0	0	0	0	0	0	0	0	0	0	0	0	0	0	0	0	0	0	0	0	0	0	0	0	0	0	0	0	0	0	0	0	0	0	0	0	0	0	0	0	0	0	0	0	0	0	0	0	0	0	0	0	0	0	0	0	0	0	0	0	0	0	0	0	0	0	0	0	0	0	0	0	0	0	0	0	0	0	0	0	0	0	0	0	0	0	0	0	0	0	0	0	0	0
Clostridium_sp_NSJ_6	0	0.00646	0	0	0	0	0	0	0	0	0	0	0	0	0	0	0	0	0	0	0.00859	0	0	0	0	0	0	0	0	0	0	0	0	0	0	0	0	0	0	0	0	0	0	0	0	0	0	0	0	0	0	0	0	0	0	0	0	0	0	0	0	0	0	0	0	0	0	0	0	0	0	0	0	0	0	0	0	0	0	0	0	0	0	0	0	0	0.03782	0	0	0	0	0	0	0	0	0	0	0	0	0	0	0	0	0	0	0	0	0	0	0	0	0	0	0	0	0	0	0	0	0	0	0	0	0	0	0	0	0	0	0	0	0	0	0	0	0	0	0	0	0	0	0	0	0	0	0	0	0	0	0	0	0	0	0	0	0	0	0	0	0	0	0	0	0	0	0	0	0	0
GGB87334_SGB6273	0	0	0	0	0	0	0	0	0	0	0	0	0	0	0	0	0	0	0	0	0	0	0	0	0	0	0	0	0	0	0	0	0	0	0	0	0	0	0	0	0	0	0	0	0	0	0	0	0	0	0	0	0	0	0	0	0	0	0	0	0	0	0	0	0	0	0	0	0	0	0.00707	0	0	0	0	0	0	0	0	0	0	0	0	0	0	0	0	0	0	0	0	0	0	0	0	0	0	0	0	0	0	0	0	0.00769	0	0	0	0	0	0	0	0	0	0	0	0	0	0	0	0	0	0	0	0	0	0	0	0	0	0	0	0	0	0	0	0	0	0	0	0	0	0	0	0	0	0	0	0	0	0	0	0	0	0	0	0.03752	0	0	0	0	0	0	0	0	0	0	0	0	0
Actinobaculum_sp_oral_taxon_183	0.00162	0.01427	0.00109	0.0051	0	0.00752	0	0	0.00508	0	0	0.00111	0.00035	0	0	0	0	0.00183	0	0	0.00066	0	0	0	0	0.0146	0.00837	0	0.00664	0	0.00778	0	0.00098	0	0.01266	0	0	0.02568	0	0.00198	0	0	0	0.03634	0.01314	0	0	0.00461	0.01986	0.002	0	0	0	0	0	0	0	0	0	0	0	0	0	0	0	0	0	0	0	0	0	0	0	0	0	0	0	0	0	0	0	0	0	0	0	0	0	0	0	0	0	0	0	0	0	0	0	0	0	0	0	0	0	0	0	0	0	0	0	0	0	0	0	0	0	0	0	0	0	0	0	0	0	0	0	0	0	0	0	0	0	0	0	0	0	0	0	0	0	0	0	0	0	0	0	0	0	0	0	0	0	0	0	0	0	0	0	0	0	0	0	0	0	0	0	0	0	0	0
Christensenella_sp_NSJ_35	0	0	0	0	0	0.00013	0	0	0	0	0.0126	0.01481	0	0.00632	0.00247	0.03603	0	0	0	0	0	0	0.00875	0	0	0	0	0	0	0	0	0	0	0	0	0	0	0	0	0	0	0	0	0	0	0	0	0	0.016	0	0	0	0	0	0	0	0	0	0	0	0	0	0	0	0	0	0	0	0	0	0	0	0	0	0	0	0	0	0	0.00344	0	0	0	0.03224	0	0	0	0	0	0	0	0	0	0	0	0	0.00519	0	0	0	0	0	0	0	0	0	0	0	0	0	0	0	0.0073	0	0	0	0	0	0	0.0028	0	0	0	0	0	0	0	0	0	0	0	0	0	0	0.00714	0	0	0	0	0	0	0.01969	0	0	0	0	0	0	0	0	0	0	0	0	0	0	0	0	0	0	0	0	0	0	0	0	0	0	0
Clostridia_bacterium_UC5_1_1E11	0	0	0	0	0	0	0	0	0	0	0	0	0	0	0	0	0	0.0354	0	0	0	0	0	0	0	0	0	0	0	0	0	0	0	0	0	0	0	0	0	0	0	0	0	0	0	0	0	0	0	0	0	0	0	0	0	0	0	0	0	0	0	0	0	0	0	0	0	0	0	0	0	0	0	0	0	0	0	0	0	0	0	0	0	0	0	0	0	0	0	0	0	0	0	0	0	0	0	0	0	0	0	0	0	0	0	0	0	0	0	0	0	0	0	0	0	0	0	0	0	0	0	0	0	0	0	0	0	0	0	0	0	0	0	0	0	0	0	0	0	0	0	0	0	0	0	0	0	0	0	0	0	0	0	0	0	0	0	0	0	0	0	0	0	0	0	0	0	0	0
GGB33512_SGB15203	0.0025	0	0	0	0	0	0	0	0	0	0	0	0	0.03198	0.01485	0	0	0	0	0	0	0	0	0	0	0	0	0	0	0	0	0	0	0	0	0.03534	0	0	0	0	0	0	0	0	0	0.00908	0	0	0	0	0	0	0	0	0	0	0	0	0	0	0	0	0	0	0	0	0	0	0	0	0	0	0	0	0	0	0	0	0	0	0	0	0	0	0	0	0	0	0	0	0	0	0	0	0	0	0	0	0	0	0	0	0	0	0	0	0	0	0	0	0	0	0	0	0	0	0	0	0	0	0	0	0	0	0	0	0	0.02874	0	0	0	0	0	0	0	0	0	0	0	0	0	0	0	0	0	0	0	0	0	0	0	0	0	0	0	0	0	0	0	0	0	0	0	0	0	0	0	0	0
Klebsiella_oxytoca	0	0	0	0	0	0	0	0	0	0	0	0	0	0	0	0	0	0	0	0	0	0	0	0	0	0	0	0	0	0	0	0	0	0	0	0	0	0	0	0	0	0	0.01254	0.00874	0.00306	0	0	0	0	0	0	0	0	0	0	0	0	0	0	0	0.00145	0	0	0	0	0	0	0	0	0	0	0	0	0	0	0	0	0	0	0	0	0	0	0	0	0	0	0	0	0	0.03534	0	0	0	0	0	0	0	0	0	0	0	0	0	0	0	0	0	0	0.01559	0	0	0	0	0	0	0	0	0	0	0	0	0	0	0	0	0	0	0	0	0	0	0	0	0	0	0	0	0	0	0	0	0	0	0	0	0	0	0	0	0	0	0	0	0	0	0	0	0	0	0	0	0	0	0	0	0	0	0
GGB1543_SGB2126	0	0	0	0	0	0	0	0	0	0	0	0	0	0	0	0	0	0	0	0	0	0	0	0	0	0	0	0	0	0	0	0	0	0	0	0	0	0	0	0	0	0	0	0	0	0	0	0	0	0	0	0	0	0	0	0	0	0	0	0	0	0	0	0	0	0	0	0	0	0	0	0	0	0	0	0	0	0	0	0	0	0	0	0	0	0	0	0	0	0	0	0	0	0	0	0	0	0	0	0	0	0	0	0	0	0	0	0	0	0	0	0	0	0	0	0	0	0	0	0	0	0	0	0	0	0	0	0	0	0	0	0	0	0	0.03517	0	0	0	0	0	0	0	0	0	0	0	0	0	0	0	0	0	0	0	0	0	0	0	0	0	0	0	0	0	0	0	0	0	0
GGB4671_SGB6460	0	0	0	0	0	0	0	0	0	0	0	0	0	0	0	0	0	0	0	0	0	0	0	0	0	0	0	0	0	0	0	0	0	0	0	0	0	0	0	0	0	0	0	0	0	0	0	0	0	0.03488	0	0	0	0	0	0	0	0	0	0	0	0	0	0	0	0	0	0	0	0	0	0	0	0	0	0	0	0	0	0	0	0	0	0	0	0	0	0	0	0	0	0	0	0	0	0	0	0	0	0	0	0	0	0	0	0	0	0	0	0	0	0	0	0	0	0	0	0	0	0	0	0	0	0	0	0	0	0	0	0	0	0	0	0	0	0	0	0	0	0	0	0	0	0	0	0	0	0	0	0	0	0	0	0	0	0	0	0	0	0	0	0	0	0	0	0	0	0	0
GGB2977_SGB3959	0	0	0	0	0	0	0	0	0	0	0	0	0	0	0	0	0	0	0	0	0	0	0	0	0	0	0	0	0	0.03193	0	0	0	0	0	0	0	0	0	0	0	0	0	0	0	0	0	0	0	0.03481	0	0	0	0	0	0	0	0	0	0	0	0	0	0	0	0	0	0	0	0.00102	0	0	0	0	0	0	0	0	0	0	0	0	0	0	0	0	0	0	0	0	0	0	0	0	0	0	0	0	0	0	0	0	0	0	0	0	0	0	0	0	0	0	0	0	0	0	0	0	0	0	0	0	0	0	0	0	0	0	0	0	0	0	0	0	0	0	0	0	0	0	0	0	0	0	0	0	0	0	0	0	0	0	0	0	0	0	0	0	0	0	0	0	0	0	0	0	0	0	0
Enterococcus_hirae	0	0	0	0	0	0	0	0	0	0	0	0	0	0	0	0	0	0	0	0	0	0	0	0	0	0	0	0	0	0	0	0	0	0	0	0	0	0	0	0	0	0	0	0	0	0	0	0	0	0	0	0	0	0	0	0	0	0	0	0	0	0	0	0	0	0	0	0	0	0	0	0	0	0	0	0	0	0	0	0	0	0	0	0	0	0	0	0	0	0	0	0	0	0	0	0	0	0	0	0	0	0	0	0	0	0	0	0	0	0	0	0	0	0	0	0	0	0	0	0	0	0	0	0	0.0033	0	0	0	0	0	0	0	0	0	0	0	0	0	0	0	0	0	0	0	0	0	0	0	0	0	0.0348	0	0	0	0	0	0	0	0	0	0	0	0	0	0	0	0	0	0
Lawsonibacter_faecis	0	0	0	0	0	0	0	0	0	0	0	0	0	0	0	0	0	0	0	0	0	0	0	0	0	0	0	0	0	0	0	0	0	0	0	0	0	0	0	0	0	5e-05	0	0	0	0.00023	0	0	0.03051	0	0	0	0	0	0	0	0	0	0	0	0	0	0	0	0	0	0	0	0	0	0	0	0	0	0	0	0	0	0	0	0	0	0	0	0	0	0	0	0	0	0	0	0	0	0	0	0	0	0	0	0	0	0	0	0	0	0	0	0	0	0	0	0	0	0	0	0	0	0	0	0	0	0	0	0	0	0	0	0	0	0	0	0	0	0	0	0	0	0.0348	0	0	0	0	0	0	0	0	0	0	0	0	0	0	0	0	0	0	0	0	0	0	0	0	0	0	0	0	0	0
Alcaligenes_faecalis	0	0	0	0	0	0	0	0	0	0	0	0	0	0	0	0	0	0	0	0	0	0	0.0345	0	0	0	0	0	0	0	0	0	0	0	0	0	0	0	0	0	0	0	0	0	0	0	0	0	0	0	0	0	0	0	0	0	0	0	0	0	0	0	0	0	0	0	0	0	0	0	0	0	0	0	0	0	0	0	0	0	0	0	0	0	0	0	0	0	0	0	0	0	0	0	0	0	0	0	0	0	0	0	0	0	0	0	0	0	0	0	0	0	0	0	0	0	0	0	0	0	0	0	0	0	0	0	0	0	0	0	0	0	0	0	0	0	0	0	0	0	0	0	0	0	0	0	0	0	0	0	0	0	0	0	0	0	0	0	0	0	0	0	0	0	0	0	0	0	0
GGB4277_SGB5832	0	0	0	0	0	0	0	0	0	0	0.00963	0	0	0	0	0	0	0	0	0	0	0	0	0	0	0	0	0	0	0	0	0	0	0.00012	0	0	0	0	0	0	0	0	0	0	0	0	0	0	0	0	0	0	0	0	0.03448	0	0	0	0	0	0	0	0	0	0	0	0	0	0	0	0	0	0	0	0	0	0	0	0	0	0	0	0	0	0	0	0	0	0	0	0	0	0	0	0	0	0	0	0	0	0	0	0	0	0	0	0	0	0	0	0.00384	0	0	0	0	0	0	0	0	0	0	0	0	0	0	0	0	0	0	0	0	0	0	0	0	0	0	0	0	0	0	0	0	0	0	0	0	0	0	0	0	0	0	0	0	0	0	0	0	0	0	0	0	0	0	0	0	0	0
Anaerotruncus_rubiinfantis	0	0	0	0	0	0	0	0	0	0.00287	0	0	0	0.02163	0.03447	0	0	0	0	0	0	0	0.00427	0	0	0	0	0	0	0.00068	0	0	0	0	0	0.00391	0.01887	0	0	0	0	0.01844	0	0	0	0	0	0	0	0	0	0	0	0	0	0	0	0	0	0	0	0	0	0	0	0.00043	0	0	0	0	0	0	0	0	0	0	0	0	0	0	0	0	0	0.01234	0	0.00122	0	0	0	0	0	0	0	0	0.00029	0.00159	0	0	0.00414	0.00271	0	0	0.00155	0	0.0046	0	0	0.02428	0	0	0	0.00285	0	0	0	0	0	0.00482	0.02162	0	0.00366	0	7e-05	0.00784	0	0.00226	0	0.00389	0	0	0.00492	0	0	0	0	0	0	0	0.00883	0	0	0	0	0	0.00026	0.00015	0	0	0	0	0	0	0	0	0	0	0	0.00635	0.02745	0	0	8e-05	0	0	0	0	0	0	0
Lachnospiraceae_unclassified_SGB4708	0	0	0	0	0	0	0	0	0.03299	0	0	0	0	0	0	0	0	0	0	0	0	0	0	0	0	0	0	0	0	0	0	0	0	0	0	0	0	0	0	0	0	0	0	0	0	0	0	0	0	0	0	0	0	0	0	0	0	0	0	0	0	0	0	0	0	0	0	0	0	0	0	0	0	0	0	0	0	0	0	0	0	0.03437	0	0	0	0	0	0	0	0	0	0	0	0	0	0	0	0	0	0	0	0	0	0	0	0	0	0	0	0	0	0	0	0	0	0	0	0	0	0	0	0	0	0	0	0	0	0	0	0	0	0	0	0	0	0	0	0	0	0	0	0	0	0	0	0	0	0	0	0	0	0	0	0	0	0	0	0	0	0	0	0	0	0	0	0	0	0	0
bacterium_210917_SL_2_15	0	0	0	0	0	0	0	0	0	0	0	0	0	0	0	0	0	0	0	0	0	0	0	0	0	0	0	0	0	0	0	0	0	0	0	0	0	0	0	0	0	0	0	0	0	0	0	0	0	0	0	0	0	0	0	0	0	0	0	0	0	0	0	0	0	0	0	0	0	0	0	0	0	0	0	0	0	0	0	0	0	0	0	0	0	0	0	0	0	0	0	0	0	0	0	0	0	0	0	0	0	0	0	0	0	0	0	0	0	0	0	0	0	0	0	0	0	0	0	0	0	0	0	0	0	0	0	0	0	0	0	0	0	0	0	0	0	0	0	0	0	0	0	0	0	0	0	0	0	0	0	0	0	0	0	0	0	0	0.0342	0	0	0	0	0	0	0	0	0	0
Alistipes_timonensis	0	0	0	0	0	0	0	0	0	0	0	0	0	0	0	0	0	0	0	0	0	0	0	0	0	0	0	0	0	0	0	0	0	0	0	0	0	0	0	0	0	0	0	0	0	0	0	0	0	0	0	0	0	0	0	0	0	0	0	0	0	0	0	0	0	0	0	0	0	0	0	0	0	0	0	0	0	0	0	0	0	0	0	0	0	0	0	0	0	0	0	0	0	0	0	0	0	0	0	0	0	0	0	0	0	0	0	0.03411	0	0	0	0	0	0	0	0	0	0	0	0	0	0	0	0	0	0	0	0	0	0	0	0	0	0	0	0	0	0	0	0	0	0	0	0	0	0	0	0	0	0	0	0	0	0	0	0	0	0.00486	0	0	0	0	0	0	0	0	0	0	0
GGB79395_SGB105947	0	0	0	0	0	0	0	0	0	0	0	0	0	0	0	0	0	0	0	0	0	0	0	0	0	0	0	0	0	0	0	0	0	0	0	0	0	0	0	0	0	0	0	0	0	0	0	0	0	0	0	0	0	0	0	0	0	0	0	0	0	0	0	0	0	0	0	0	0	0	0	0	0	0	0	0	0	0	0	0	0	0	0.03411	0	0	0.00051	0	0	0	0	0	0	0	0	0	0	0	0	0	0	0	0	0	0	0	0	0	0	0	0	0	0	0	0	0	0	0	0	0	0	0	0	0	0	0	0	0	0	0	0	0	0	0	0	0	0	0	0	0	0	0	0	0	0	0	0	0	0	0	0	0	0	0	0	0	0	0	0	0	0	0	0	0	0	0	0	0	0	0
Duodenibacillus_massiliensis	0	0	0	0	0	0	0	0	0	0	0	0	0	0	0	0	0	0	0	0	0	0	0	0	0	0	0	0	0	0	0	0	0	0	0	0	0	0	0	0	0	0	0	0	0	0	0	0	0	0	0	0	0	0	0	0	0	0	0	0	0	0	0	0	0	0	0	0	0	0	0	0	0	0	0	0	0	0	0	0	0	0	0	0	0	0	0	0	0	0	0	0	0	0	0	0	0	0	0	0	0	0	0	0	0	0	0	0	0	0	0	0	0	0	0.01269	0	0	0	0	0	0	0	0.03404	0	0	0	0	0	0	0	0	0	0	0	0	0	0	0	0	0	0	0	0	0	0	0	0	0	0	0	0	0	0	0	0	0	0	0	0	0	0	0	0	0	0	0	0	0	0
Melissococcus_sp_OM08_11BH	0	0	0	0.03382	0	0	0	0	0	0	0	0	0	0	0	0	0	0	0	0	0	0	0	0	0	0	0	0	0	0	0	0	0	0	0	0	0	0	0	0	0	0	0	0	0	0	0	0	0	0	0	0	0	0	0	0	0	0	0	0	0	0	0	0	0	0	0	0	0	0	0	0	0	0	0	0	0	0	0	0	0	0	0	0	0	0	0	0	0	0	0	0	0	0	0	0	0	0	0	0	0	0	0	0	0	0	0	0	0	0	0	0	0	0	0	0	0	0	0	0	0	0	0	0	0	0	0	0	0	0	0	0	0	0	0	0	0	0	0	0	0	0	0	0	0	0	0	0	0	0	0	0	0	0	0	0	0	0	0	0	0	0	0	0	0	0	0	0	0
GGB9261_SGB14209	0.00739	0	0	0	0	0	0	0	0	0	0	0	0	0.00348	0.00527	0	0	0	0	0	0	0	0	0	0	0	0	0	0	0	0	0	0	0	0	0	0	0	0	0	0	0	0	0	0	0	0	0	0	0.00482	0	0	0	0	0	0	0	0	0	0	0	0	0	0	0	0	0	0	0	0	0	0	0	0	0	0	0	0	0	0	0	0	0	0	0.00025	0	0	0	0	0	0	0	0	0	0	0.00264	0	0	0.03365	0	0	0	0	0	0	0	0	0	0	0	0	0	0	0	0	0	0	0	0	0	0	0	0	0	0	0	0	0	0	0	0	0	0	0	0	0	0	0	0	0	0	0	0	0	0.00439	0	0	0	0	0	0	0	0	0	0	0	0	0	0	0	0	0	0	0	0	0	0	0	0
Kocuria_indica	0	0	0	0	0	0	0	0	0	0	0	0	0	0	0	0	0	0	0	0	0	0	0	0	0	0	0	0	0	0	0	0	0	0	0	0	0	0	0	0	0	0.03344	0	0	0	0	0	0	0	0	0	0	0	0	0	0	0	0	0	0	0	0	0	0	0	0	0	0	0	0	0	0	0	0	0	0	0	0	0	0	0	0	0	0	0	0	0	0	0	0	0	0	0	0	0	0	0	0	0	0	0	0	0	0	0	0	0	0	0	0	0	0	0	0	0	0	0	0	0	0	0	0	0	0	0	0	0	0	0	0	0	0	0	0	0	0	0	0	0	0	0	0	0	0	0	0	0	0	0	0	0	0	0	0	0	0	0	0	0	0	0	0	0	0	0	0	0	0	0
GGB38716_SGB14237	0	0	0	0	0	0	0	0	0	0	0	0	0	0.00497	0.03343	0	0	0	0	0	0	0	0	0	0	0	0	0	0	0	0	0	0	0	0	0	0	0	0	0	0	0	0	0	0	0	0	0	0	0	0	0	0	0	0	0	0	0	0	0	0	0	0	0	0	0	0	0	0	0	0	0	0	0	0	0	0	0	0	0	0	0	0	0	0	0	0	0	0	0	0	0	0	0	0	0	0	0	0	0	0	0	0	0	0	0	0	0	0	0	0	0	0	0	0	0	0	0	0	0	0	0	0	0	0	0	0	0	0	0	0	0	0	0	0	0	0	0	0	0	0	0	0	0	0	0	0	0	0	0	0	0	0	0	0	0	0	0	0	0	0	0	0	0	0	0	0	0	0
Actinomyces_gerencseriae	0	0.0054	0	0	0	0	0	0	0.00235	0	0	0	0	0	0	0	0	0	0	0	0	0	0	0	0	0	0.03343	0	0.01173	0	0	0	0.00168	0	0.00148	0	0	0.02766	0	0	0	0	0.00928	0.01537	0.00386	0	0	0	0.00103	0	0	0	0	0	0	0	0	0	0	0	0	0	0	0	0	0	0	0	0	0	0	0	0	0	0	0	0	0	0	0	0	0	0	0	0	0	0	0	0	0	0	0	0	0	0	0	0	0	0	0	0	0	0	0	0	0	0	0	0	0	0	0	0	0	0	0	0	0	0	0	0	0	0	0	0	0	0	0	0	0	0	0	0	0	0	0	0	0	0	0	0	0	0	0	0	0	0	0	0	0	0	0	0	0	0	0	0	0	0	0	0	0	0	0	0	0	0	0	0
Actinomyces_naeslundii	0.00865	0.00544	0.00828	0.0046	0	0	0	0	0	0	0.01117	0	0	0	0	0	0	0	0	0	0.00273	0	0.00094	0	0	0	0.02373	0	0.01013	0.01009	0	0	0.00026	0	0.01092	0	0	0.01251	0.00175	0.00885	0	0	0.00413	0.01758	0.01949	0.03312	0	0.01649	0.0221	0.01722	0	0	0	0	0	0	0	0	0	0	0	0	0	0	0	0	0	0	0	0	0	0	0	0	0	0	0	0	0	0	0	0	0	0	0	0	0	0	0	0	0	0	0	0	0	0	0	0	0	0	0	0	0	0	0	0	0	0	0	0	0	0	0	0	0	0	0	0	0	0	0	0	0	0	0	0	0	0	0	0	0	0	0	0	0	0	0	0	0	0	0	0	0	0	0	0	0	0	0	0	0	0	0	0	0	0	0	0	0	0	0	0	0	0	0	0	0	0	0
Rothia_SGB49305	0	0	0.00048	0	0	0	0	0	0	0	0.03299	0.00681	0	0	0	0	0	0	0	0	0.00192	0	0	0	0	0	0.00535	0	0	0	0.00018	0	0.00228	0	0	0	0	0.00252	0	0	0	0	0	0	0	0	0	0	0	0	0	0	0	0	0	0	0	0	0	0	0	0	0	0	0	0	0	0	0	0	0	0	0	0.00428	0	0	0	0	0	0	0	0	0	0	0	0	0	0	0	0	0	0	0	0	0	0	0	0	0	0	0	0	0	0	0	0	0	0	0	0	0	0	0.00094	0	0.00018	0	0	0	0	0	0	0.0001	0	0	0	0	0	0	0	0	0	0	0	0	0	0	0	0	0	0	0	0	0	0	0	0	0	0	0	0	0	0	0	0	0	0	0	0	0	0	0	0	0	0	0	0	0	0	0
Streptococcus_sobrinus	0	0	0.00482	0	0	0	0	0	0	0	0.03044	0	0	0	0	0	0	0	0	0	0	0	0	0	0	0	0	0	0	0	0	0	0.03267	0	0	0	0	0	0	0	0	0	0	0	0	0	0	0	0	0	0	0	0	0	0	0	0	0	0	0	0	0	0	0	0	0	0	0	0	0	0	0	0	0	0	0	0	0	0	0	0	0	0	0	0	0	0	0	0	0	0	0	0	0	0	0	0	0	0	0	0	0	0	0	0	0	0	0	0	0	0	0	0	0	0	0	0	0	0	0	0	0	0	0	0	0	0	0	0	0	0	0	0	0	0	0	0	0	0	0	0	0	0	0	0	0	0	0	0	0	0	0	0	0	0	0	0	0	0	0	0	0	0	0	0	0	0	0	0
GGB4657_SGB6444	0	0	0	0	0	0	0	0	0	0	0	0	0	0	0	0	0	0	0	0	0	0	0	0	0	0	0	0	0	0	0	0	0	0	0	0	0	0	0	0	0	0	0	0	0	0	0	0	0	0	0	0	0	0	0	0	0	0	0	0	0	0	0	0	0	0	0	0	0	0	0	0	0	0	0	0	0	0	0.03265	0	0	0	0	0	0	0	0	0	0	0	0	0	0	0	0	0	0	0	0	0	0	0	0	0	0	0	0	0	0	0	0	0	0	0	0	0	0	0	0	0	0	0	0	0	0	0	0	0	0	0	0	0	0	0	0	0	0	0	0	0	0	0	0	0	0	0	0	0	0	0	0	0	0	0	0	0	0	0	0	0	0	0	0	0	0	0	0	0	0
GGB3002_SGB3993	0	0	0	0	0	0	0	0.0131	0	0	0	0	0	0	0	0	0	0	0	0	0	0	0	0	0	0	0	0	0	0	0	0	0	0	0	0	0	0	0	0	0	0	0	0	0	0	0	0.00265	0	0	0	0	0	0	0	0	0	0	0	0	0	0	0	0	0	0	0	0	0	0	0	0	0	0	0	0	0	0	0	0	0	0	0	0	0	0	0	0	0	0	0	0	0	0	0	0	0	0	0	0	0	0	0	0	0	0	0	0	0	0	0	0	0	0	0	0	0	0	0	0	0	0	0	0	0	0	0	0	0	0	0	0	0	0	0	0	0	0	0.0326	0	0	0	0	0	0	0	0	0	0	0	0	0	0	0	0	0	0	0	0	0	0	0	0	0	0	0	0	0	0
GGB10692_SGB17347	0	0	0	0	0	0	0	0	0	0	0	0	0	0.00176	0.00349	0	0	0	0	0	0	0	0	0	0	0	0	0	0	0	0	0	0	0	0	0	0	0	0	0	0.00234	0	0	0	0	0	0	0	0	0.00066	0	0	0	0	0	0	0	0	0	0	0	0	0	0	0	0	0	0	0	0	0	0	0	0	0	0	0	0	0	0	0	0	0	0	0	0	0	0	0	0	0	0	0	0	0	0	0	0	0.00851	0	0	0	0	0	0	0	0	0	0	0	0	0	0	0	0	0	0	0	0	0	0	0	0	0	0	0	0	0	0	0	0.03238	0	0	0	0	0	0	0	0	0	0	0	0	0	0	0	0	0	0	0	0	0	0	0	0	0	0	0	0	0	0	0	0	0	0	0	0	0	0
GGB9343_SGB14307	0	0	0	0	0	0	0	0	0	0	0	0	0	0	0	0	0	0	0	0	0	0	0	0	0	0	0	0	0	0	0	0	0	0	0	0	0	0	0	0	0	0	0	0	0	0	0	0	0	0	0	0	0	0	0	0	0	0	0	0	0	0	0	0	0	0	0	0	0	0	0	0	0	0	0	0	0	0	0	0	0	0	0	0	0	0	0	0	0	0.02364	0	0	0	0	0.03232	0	0	0	0	0	0	0	0	0	0	0	0	0	0	0	0	0	0	0	0	0	0	0	0	0	0	0	0	0	0	0	0	0	0	0	0	0	0	0	0	0	0	0	0	0	0	0	0	0	0	0	0	0	0	0	0	0	0	0	0	0	0	0	0	0	0	0	0	0	0	0	0	0	0
GGB70873_SGB95326	0	0	0	0	0	0	0	0	0	0	0	0	0	0	0	0	0	0	0	0	0	0	0	0	0	0	0	0	0	0	0	0	0	0	0	0	0	0	0	0	0	0	0	0	0	0	0	0	0	0	0	0	0	0.03228	0	0	0	0	0	0	0	0	0	0	0	0	0	0	0	0	0	0	0	0	0	0	0	0	0	0	0	0	0	0	0	0	0	0	0	0	0	0	0	0	0	0	0	0	0	0	0	0	0	0	0	0	0	0	0	0	0	0	0	0	0	0	0	0	0	0	0	0	0	0	0	0	0	0	0	0	0	0	0	0	0	0	0	0	0	0	0	0	0	0	0	0	0	0	0	0	0	0	0	0	0	0	0	0	0	0	0	0	0	0	0	0	0	0	0
GGB9365_SGB14342	0	0	0	0	0	0	0	0	0	0	0	0	0	0	0	0	0	0	0	0	0	0	0	0	0	0	0	0	0.00017	0	0	0	0.03227	0	0	0	0.00056	0	0	0	0.00713	0	0	0	0	0.01605	0	0	0	0	0	0	0	0	0	0	0	0	0	0	0	0	0	0	0	0	0	0	0	0	0	0	0	0	0	0	0	0	0	0	0	0	0	0	0.00592	0	0	0	0	0	0	0	0	0	0	0	0	0	0	0	0	0	0	0	0	0	0	0	0	0	0.00227	0	0	0	0	0	0	0	0	0	0	0	0	0	0	0	0	0	0	0	0	0	0	0	0	0	0	0	0	0	0	0	0	0	0	0	0	0	0	0	0	0	0	0	0	0	0	0	0	0	0	0	0	0	0	0	0	0	0
Victivallis_lenta	0	0	0	0	0	0	0	0	0	0	0	0	0	0	0	0	0	0	0	0	0	0	0	0	0	0	0	0	0	0	0	0	0.0011	0	0	0	0	0	0	0	0	0	0	0	0	0	0	0	0	0	0	0	0	0	0	0	0	0	0	0	0	0	0	0	0	0	0	0	0	0	0	0	0	0	0	0	0	0	0	0	0	0	0	0	0	0	0	0	0	0	0	0	0	0	0	0	0	0	0	0	0	0	0	0	0	0	0	0	0	0	0	0	0	0	0	0	0	0	0	0	0	0	0	0.03215	0	0	0	0	0	0	0	0	0	0	0	0	0	0	0	0	0	0	0	0	0	0	0	0.00694	0	0	0.00065	0	0	0	0	0	0	0	0	0	0	0	0	0	0	0	0	0	0
Solobacterium_SGB6829	0.00101	0	0.00297	0	0	0	0	0	0	0	0	0.00693	0.00616	0	0	0	0	0	0	0	0.01351	0	0	0.00185	0.00611	0	0.02168	0	0	0.00309	0.00964	0	0.00284	0.00613	0.00051	0	0	0.00052	0	0	0	0	0	0.01322	0	0.00293	0	0	0	0.00198	0	0	0.00385	0	0	0.0119	0.00422	0	0	0	0	0	0.00166	0.00307	0	0	0	0	0	0	0	0	0	0.00222	0.0011	0.00034	0.00423	0	0.00227	0	0.01026	0	0	0	0	0.00529	0.01016	0.01164	0	0	0	0.00901	0	0.03208	0	0.00215	0.01199	0.0053	0	0.00711	0.00113	0	0.00053	0	0	0.00035	0.00825	0	0.00312	0	0.0093	0	0	0	0.00071	0	0.01197	0	0	0.00389	0	0.01579	0	0	0	0	0	0	0.00381	0.01383	0	0.00064	0	0.00859	0	0	0	0.00473	0	0	0	0	0	0	0	0	0	0	0	0	0	0	0	0	0	0	0	0	0	0	0	0	0	0	0	0	0	0	0
Kluyvera_ascorbata	0	0	0	0	0	0	0	0	0	0	0	0	0	0	0	0	0	0	0	0	0	0	0	0	0	0	0	0	0	0	0	0	0	0	0	0	0	0	0	0	0	0	0	0	0	0	0	0	0	0	0	0	0	0	0	0.03186	0	0	0	0	0.01539	0	0	0	0	0	0	0	0	0	0	0	0	0	0	0	0	0	0	0	0	0	0	0	0	0	0	0	0	0	0	0	0	0.00288	0	0	0	0	0	0	0	0	0	0	0	0	0	0	0	0	0	0	0	0	0	0	0	0	0	0	0	0	0	0	0	0	0	0	0	0	0	0	0	0	0	0	0	0	0	0	0	0	0	0	0	0	0	0	0	0	0	0	0	0	0	0	0	0	0	0	0	0	0	0	0	0	0	0	0
GGB9301_SGB14262	0.00833	0	0	0	0	0	0	0	0	0	0	0	0	0	0	0	0	0	0	0	0	0	0.0026	0	0	0	0	0	0	0	0	0	0	0	0	0	0	0	0	0	0	0	0	0	0	0	0	0	0	0	0	0	0	0	0	0	0	0	0	0	0	0	0	0	0	0	0	0	0	0	0	0	0	0	0	0	0	0	0	0	0	0	0	0	0	0	0	0	0	0	0	0	0	0	0	0	0	0	0.03145	0	0	0	0	0	0	0	0	0	0	0	0	0	0.00116	0	0	0	0	0	0	0.00258	0	0	0	0	0	0	0	0.0011	0	0	0.02271	0	0	0	0	0	0	0.00045	0.00571	0	0	0	0	0	0	0	0	0	0	0	0	0	0	0	0	0	0	0	0.00437	0	0	0	0	0	0	0	0	0	0
GGB51269_SGB5061	0.02841	0	0	0	0	0	0	0	0	0	0	0	0	0	0	0	0	0	0	0	0	0	0.03144	0	0	0	0	0	0	0	0	0	0	0	0	0	0	0	0	0	0	0	0	0	0	0	0	0	0	0	0	0.00072	0	0	0	0	0	0	0	0	0	0	0	0	0	0	0	0	0	0	0	0	0	0	0	0	0	0	0	0.00339	0	0	0	0	0	0	0	0	0	0	0	0	0	0	0	0	0	0	0.00114	0	0.00568	0.02101	0	0	0	0	0	0	0	0	0	0.00305	0	0	0	0	0	0	0	0	0	0	0	0	0	0	0	0	0	0	0	0	0	0	0	0	0	0	0	0	0	0	0	0	0	0	0	0	0	0	0	0	0	0	0	0	0	0	0	0	0	0	0	0	0	0	0	0	0
Hafnia_alvei	0	0	0	0	0	0	0	0	0	0	0	0	0	0	0	0	0	0	0	0	0	0	0	0	0	0	0	0	0	0	0	0	0	0	0	0	0	0	0	0	0	0	0	0	0	0	0	0	0	0	0	0	0	0	0	0	0	0	0	0	0	0	0	0	0	0	0	0	0	0	0	0	0	0	0	0	0	0	0	0	0	0	0	0	0	0	0	0	0	0	0	0	0	0	0	0	0	0	0	0	0	0	0	0	0	0	0	0	0	0	0	0	0	0	0	0	0	0	0	0	0	0	0	0	0	0	0	0	0	0	0	0	0	0	0	0	0	0	0	0	0	0	0	0	0	0	0	0	0.0313	0	0	0	0	0	0	0	0	0	0	0	0	0	0	0	0	0	0	0	0
Haemophilus_sputorum	0	0	0	0	0	0	0	0	0	0.0058	0	0	0	0	0	0	0	0	0	0	0	0	0	0	0.00403	0	0	0	0	0	0	0	0	0.03113	0	0	0	0	0	0	0	0	0	0	0	0	0	0	0	0	0	0	0	0	0	0	0.02864	0	0.00846	0	0	0	0	0	0.00039	0	0	0	0	0	0	0	0	0	0	0	0	0	0	0	0.00882	0	0	0	0	0	0	0.0155	0.00106	0	0	0	0	0	0	0	0	0	0	0	0	0.00519	0	0	0	0	0	0	0	0	0	0	0.00197	0	0	0	0	0	0	0	0	0	0	0	0	0	0	0	0	0	0	0	0	0	0	0	0	0	0	0	0	0	0	0.00419	0	0	0	0	0	0	0	0	0	0	0	0	0	0	0	0	0	0	0	0	0	0	0	0	0
GGB2996_SGB3983	0	0	0	0	0	0	0	0	0	0	0	0	0	0	0	0	0	0	0	0	0	0	0	0	0	0	0	0	0	0	0	0	0	0	0	0	0	0	0	0	0	0	0	0	0	0	0	0	0	0	0	0	0	0	0	0	0	0	0	0	0	0	0	0	0	0	0	0	0	0	0	0	0	0	0	0	0	0	0	0	0	0	0	0	0	0	0	0	0	0	0	0	0	0	0.01082	0	0	0	0	0	0	0	0	0	0	0	0	0	0	0	0	0	0	0	0	0	0	0	0	0	0	0	0	0	0	0	0	0	0	0	0.03102	0	0	0	0	0	0	0	0	0	0	0	0	0	0	0	0	0	0	0	0	0	0	0	0	0	0	0	0	0	0	0	0	0	0	0	0	0	0
GGB29535_SGB42321	0	0	0	0	0	0	0	0	0	0	0	0	0	0	0	0	0	0	0	0	0	0	0	0	0	0	0	0	0	0	0	0	0	0	0	0	0	0	0	0	0	0	0	0	0	0	0	0	0	0	0	0	0	0	0	0	0	0	0	0	0	0	0	0	0	0	0	0	0	0	0	0	0	0	0	0	0	0.0046	0	0	0	0	0	0	0	0	0	0	0	0	0	0	0	0	0.00038	0	0	0	0	0	0	0	0	0	0	0	0	0	0	0	0	0	0	0	0	0	0	0	0	0	0	0	0	0	0	0	0	0	0	0	0	0	0	0	0	0	0	0	0	0	0	0	0	0	0	0	0.0199	0	0	0.03097	0	0	0	0	0	0	0	0	0	0	0	0	0	0	0	0	0	0	0
GGB3538_SGB4728	0	0	0	0	0	0	0	0	0	0	0	0	0	0	0	0	0	0	0	0	0	0	0	0	0	0	0	0	0	0	0	0	0	0	0	0	0	0.02808	0	0	0	0	0	0	0	0	0	0	0	0	0	0	0	0	0	0	0	0	0	0	0	0	0	0.0079	0	0	0	0	0	0	0	0	0	0	0	0	0	0	0	0	0	0	0	0	0	0.03078	0	0	0	0	0	0	0	0	0	0	0	0	0	0	0	0	0	0	0	0	0	0	0	0	0	0	0	0	0	0	0	0	0	0	0	0	0	0	0	0	0	0	0	0	0	0	0	0	0	0	0	0	0	0	0	0.01279	0	0	0	0	0	0	0	0	0	0	0	0	0	0	0	0	0	0	0	0	0	0	0	0	0	0	0
Carnobacterium_divergens	0	0	0	0	0	0	0	0	0	0	0	0	0	0	0	0	0	0	0	0	0	0	0	0	0	0	0	0	0	0	0	0	0	0	0	0	0	0	0	0	0	0	0	0	0	0	0	0	0	0	0	0	0	0	0	0	0.02228	0	0	0	0	0	0	0	0.03039	0	0	0	0	0	0	0	0	0	0	0	0	0	0	0	0	0	0	0	0	0	0	0	0	0	0	0	0	0	0	0	0	0	0	0	0	0	0	0	0	0	0	0	0	0	0	0	0	0	0	0	0	0	0	0	0	0	0	0	0	0	0	0	0	0	0	0	0	0	0	0	0	0	0	0	0	0	0	0	0	0	0	0	0	0	0	0	0	0	0	0	0	0	0	0	0	0	0	0	0	0	0	0	0
GGB3602_SGB66069	0	0	0	0	0	0	0	0	0	0	0	0	0	0	0	0	0	0	0	0	0	0	0	0	0	0	0	0	0	0	0	0	0	0	0	0	0	0	0	0	0	0	0	0	0	0	0	0	0	0	0	0	0	0	0	0	0	0	0	0	0	0	0	0	0	0	0	0	0	0	0	0	0	0	0	0	0	0	0	0	0	0	0	0	0	0	0	0	0	0	0	0	0	0	0	0	0	0	0	0	0	0	0	0	0	0	0	0	0	0	0	0	0	0	0	0	0	0	0	0	0	0.03035	0	0	0	0	0	0	0	0	0	0	0	0	0	0	0	0	0	0	0	0	0	0	0	0	0	0	0	0	0	0	0	0	0	0	0	0	0	0	0	0	0	0	0	0	0	0	0
Lancefieldella_parvula	0	0	0	0.00232	0	0	0	0	0.00078	0	0	0	0	0	0	0	0	0	0	0	0.02623	0	0	0	0	0	0	0	0.00244	0	0	0	0.00518	0.03029	0	0	0	0	0	0	0	0	0	0.00821	0	0.00105	0	0	0	0	0	0	0	0	0	0	0	0	0	0	0	0	0	0	0.00303	0	0	0	0	0	0	0	0	0.0025	0	0	0	0	0	0	0.00441	0	0	0	0	0	0.0011	0	0.0125	0	0	0	0	0.00024	0	0	0	0	0	0	0.00057	0	0	0	0	0	0.00434	0	0	0	0	0	0	0	0	0	0.00226	0	0	0	0	0	0	0	0	0	0	0	0	0.00131	0	0	0	0	0	0	0	0	0	0	0	0	0	0	0	0	0	0	0	0	0	0	0	0	0	0	0	0	0	0	0	0	0	0	0	0	0	0	0
GGB74701_SGB54318	0	0	0	0	0	0	0	0	0	0	0	0	0	0	0	0	0	0	0	0	0	0	0	0	0	0	0	0	0	0	0	0	0	0	0	0	0	0	0	0	0	0	0	0	0	0	0	0	0	0	0	0	0	0	0	0	0	0	0	0	0	0	0	0	0	0	0	0	0	0	0	0	0	0	0	0	0	0	0	0	0	0	0	0	0	0	0	0	0	0	0	0	0	0	0	0	0	0	0	0	0	0	0	0	0	0	0	0	0	0	0	0	0	0	0	0	0	0	0	0	0	0	0.03022	0	0	0	0	0	0	0	0	0	0	0	0	0	0	0	0	0	0	0	0	0	0	0	0	0	0	0	0	0	0	0	0	0	0	0	0	0	0	0	0	0	0	0	0	0	0
Diplocloster_agilis	0.00233	0	0.00234	0	0	0	0	0	0	0	0	0	0	0	0	0	0	0	0	0	0	0	0.00778	0	0	0	0	0	0	0	0	0	0	0	0	0	0	0	0	0	0	0.01782	0	0	0	0.00141	0	0	0	0	0.00357	0	0	0	0	0	0	0	0	0	0	0	0	0	0	0	0.00349	0	0	0	0	0	0	0	0	0	0	0	0	0	0	0	0	0.00524	0	0	0	0	0	0	0	0	0	0	0.00057	0	0	0	0.00216	0.00203	0	0	0.00227	0	0.00076	0	0	0	0	0	0	0	0	0	0	0	0	0	0	0	0	0	0	0	0	0	0	0	0	0	0.00358	0	0	0	0.00016	0	0	0	0	0	0	0	0	0	0	0	0	0.0298	0	0.00073	0	0	0	0	0	0	0	0	0.02179	0	0	0	0	0	0	0	0	0	0
GGB9778_SGB15398	0	0	0	0	0	0	0	0	0	0	0	0	0	0	0	0	0	0	0	0	0	0	0	0	0	0	0	0	0	0	0	0	0	0	0	0	0	0	0	0	0	0	0	0	0	0	0	0	0	0.02951	0	0	0	0	0	0	0	0	0	0	0	0	0	0	0	0	0	0	0	0	0	0	0	0	0	0	0	0	0	0	0	0	0	0	0	0	0	0	0	0	0	0	0	0	0	0	0	0	0	0	0	0	0	0	0	0	0	0	0	0	0	0	0	0	0	0	0	0	0	0	0	0	0	0	0	0	0	0	0	0	0	0	0	0	0	0	0	0	0	0	0	0	0	0	0	0	0	0	0	0	0	0	0	0	0	0	0	0	0	0	0	0	0	0	0	0	0	0	0
Eubacterium_infirmum	0	0	0	0	0	0	0	0	0	0	0.00626	0.02948	0	0	0	0	0	0	0	0	0	0	0	0	0	0	0.01493	0	0	0	0	0	0	0	0	0	0	0	0	0	0	0	0	0	0.01739	0	0	0	0	0	0	0	0	0	0	0	0	0	0	0	0	0	0	0	0	0	0	0	0	0	0	0	0	0	0	0	8e-05	0	0	0	0	0	0	0	0	0	0	0	0	0	0	0	0	0	0	0	0	0	0	0	0	0	0	0	0	0	0.0011	0.00071	0	0	0	0	0	0	0	0	0	0	0	0	0	0	0	0	0	0	0	0	0	0	0	0.00763	0	0	0	0	0	0	0	0	0	0	0	0	0	0	0	0	0	0	0	0	0	0	0	0	0	0	0	0	0	0	0	0	0	0	0	0	0
GGB55957_SGB77276	0	0	0	0	0	0	0	0	0	0	0	0	0	0	0	0.00029	0	0.00555	0	0	0	0	0	0	0.00202	0	0	0	0	0	0	0	0	0	0	0	0	0	0.00123	0	0	0	0	0	0.02942	0	0	0	0	0	0	0	0	0	0	0	0	0	0.01565	0	0	0	0	0	0	0.00572	0	0	0	0	0	0.00903	0	0	0	0.00062	0	0	0	0	0	0	0.00393	0	0	0	0.02481	0	0	0	0	0.02512	0	0	0	0	0	0	0	0	0	0	0	0	0	0	0	0	0	0	0	0	0	0	0	0	0	0	0.01001	0	0	0.00077	0	0	0	0	0	0	0	0	0	0	0.0037	0	0	0	0	0	0	0	0	0	0	0	0	0	0	0	0	0	0	0	0	0	0	0	0	0	0	0	0.02144	0	0	0	0.00033	0	0	0	0
GGB9059_SGB13976	0	0	0	0	0	0	0	0	0	0	0	0	0	0	0	0	0	0	0	0	0	0	0	0	0	0	0	0	0	0	0	0	0	0	0	0	0	0	0	0	0	0	0	0	0	0	0	0	0	0.0289	0	0	0	0	0	0	0	0	0	0	0	0	0	0	0	0	0	0	0	0	0	0	0	0	0	0	0	0	0	0	0	0	0	0	0	0	0	0	0	0	0	0	0	0	0	0	0	0	0	0	0	0	0	0	0	0	0	0	0	0	0	0	0	0	0	0	0	0	0	0	0	0	0	0	0	0	0	0	0	0	0	0	0	0	0	0	0	0	0	0	0	0	0	0	0	0	0	0	0	0	0	0	0	0	0	0	0	0	0	0	0	0	0	0	0	0	0	0	0
GGB9545_SGB14951	0	0	0	0	0	0	0	0	0	0	0	0	0	0	0	0	0	0	0	0	0	0	0	0	0	0	0	0	0	0	0	0	0	0	0	0	0	0	0	0	0	0	0	0	0	0	0	0	0	0	0	0	0	0	0	0	0	0	0	0	0	0	0	0	0	0	0	0	0	0	0	0	0	0	0	0	0	0	0	0	0	0	0	0	0	0	0	0	0	0	0	0	0	0	0.00033	0	0	0	0	0	0	0	0	0	0	0	0	0	0	0	0	0	0	0	0	0	0	0	0	0	0.02868	0	0	0	0	0	0	0	0	0	0	0	0	0	0	0	0	0	0	0	0	0	0	0	0	0	0	0	0	0	0	0	0	0	0	0	0	0	0	0	0	0	0	0	0	0	0	0	0
Weissella_viridescens	0	0	0	0	0	0	0	0	0	0	0	0	0	0	0	0	0	0	0	0	0	0	0	0	0	0	0	0	0	0	0	0	0	0	0	0	0	0	0	0	0	0	0	0	0	0	0	0	0	0	0	0	0	0	0	0	0	0	0	0	0	0	0	0	0	0	0	0	0	0	0	0	0	0	0	0	0	0	0	0	0	0	0	0	0	0	0	0.02852	0	0	0	0	0	0	0	0	0	0	0	0	0	0	0	0	0	0	0	0	0	0	0	0	0	0	0	0	0	0	0	0	0	0	0	0	0	0	0	0	0	0	0	0	0	0	0	0	0	0	0	0	0	0	0	0	0	0	0	0	0	0	0	0	0	0	0	0	0	0	0	0	0	0	0	0	0	0	0	0	0
GGB3722_SGB5050	0	0	0	0	0	0	0	0	0	0	0	0	0	0	0	0	0	0	0	0	0	0	0	0	0	0	0	0	0	0	0	0	0	0	0	0	0	0	0	0	0	0	0	0	0	0	0	0	0	0	0	0	0	0	0	0	0	0	0	0	0	0	0	0	0	0	0	0	0	0	0	0	0	0	0	0	0	0	0	0	0	0	0	0	0	0	0	0	0	0	0	0	0	0	0	0	0	0	0	0	0	0	0	0	0	0	0.02834	0	0	0	0	0	0	0	0	0	0	0	0	0	0	0	0	0	0	0	0	0	0	0	0	0	0	0	0	0	0	0	0	0	0	0	0	0	0	0	0	0	0	0	0	0	0	0	0	0	0	0	0	0	0	0	0	0	0	0	0	0	0
GGB58158_SGB79798	0	0	0	0	0	0	0	0	0	0	0	0	0	0	0	0	0	0	0	0	0	0	0	0	0	0	0	0	0	0	0	0	0	0	0	0	0	0.00128	0	0	0	0	0	0	0	0	0	0	0	0	0	0	0	0	0.00024	0	0	0	0	0	0	0	0	0.00074	0.00242	0	0.00305	0	0	0.00018	0	0	0	0	0	0	0	0.00126	0	0	0	0	0	0	0.00034	0.00233	0	0	0	0	0	0	0	0	0	0	0	0	0.00125	0	0	0	0.00299	0	0	0	0	0	0	0	0	0	0.0015	0	0	0	0	0	0.0156	0	0	0	0	0	0	0.00151	4e-05	0	0	0	0	0	0	0	0.02813	0	0	0	0	0	0	0	0	0	0	0	0	0	0	0	0	0	0	0	0	0	0	0	0	0	0	0	0	0	0	0	0	0	0
Candidatus_Saccharibacteria_unclassified_SGB19847	0	0	0	0	0	0	0	0	0	0	0	0	0	0	0	0	0	0	0	0	0.01962	0	0	0	0	0	0	0	0	0	0	0.02748	0	0	0	0	0	0	0	0	0	0	0	0	0	0	0	0	0	0	0	0	0	0	0	0	0	0	0	0	0	0	0	0	0	0	0	0	0	0	0	0	0	0	0	0	0	0	0	0	0	0	0	0	0	0	0	0	0	0	0	0	0	0	0	0	0	0	0	0	0	0	0	0	0	0	0	0	0	0	0	0	0	0	0.00073	0	0	0	0	0	0	0	0	0	0	0	0	0	0	0	0	0	0	0	0	0	0	0	0	0	0	0	0	0	0	0	0	0	0	0	0	0	0	0	0	0	0	0	0	0	0	0	0	0	0	0	0	0	0
Peptoniphilus_lacrimalis	0	0	0	0	0	0	0	0	0	0	0	0	0	0	0	0	0	0	0	0	0	0	0	0	0	0	0	0	0	0	0	0	0	0	0	0	0	0	0	0	0	0	0	0	0	0	0	0	0	0	0	0	0	0	0	0	0	0	0	0	0	0	0	0	0	0	0	0	0	0	0	0	0	0	0	0	0	0	0	0	0	0	0	0	0	0	0	0	0	0	0	0	0	0	0	0	0	0	0.00161	0	0	0.00252	0	0	0	0	0.00077	0	0	0	0.00303	0	0	0	0	0	0	0	0	0	0.00022	0	0	0	0.0268	0	0	0	0	0	0	0	0	0	0	0	0	0	0	0	0	0	0	0	0	0	0	0	0	0	0	0	0	0	0	0	0	0	0	0	0	0	0	0	0	0	0	0	0
GGB9297_SGB14255	0	0	0	0	0	0	0	0	0	0	0	0	0	0	0	0	0	0	0	0	0	0	0	0	0	0	0	0	0	0	0	0	0	0	0	0.00032	0	0	0	0	0	0	0	0	0	0	0	0	0	0.0038	0	0	0	0	0	0	0	0	0	0	0	0	0	0	0	0	0	0	0	0	0	0	0	0	0	0	0	0	0	0	0	0	0	0	0	0	0	0	0	0	0	0	0	0	0.00891	0.02679	0	0	0	0	0	0	0	0	0	0	0	0	0	0	0	0	0	0	0	0	0	0	0	0	0	0	0.02171	0	0	0	0	0	0	0	0	0	0	0	0	0	0	0	0	0	0	0	0	0	0	0	0	0	0	0	0	0	0	0	0	0	0	0	0	0	0	0	0	0	0	0	0	0	0
GGB9282_SGB14235	0	0	0	0	0	0	0	0	0	0	0	0	0	0	0	0	0	0	0	0	0	0	0	0	0	0	0	0	0	0	0	0	0	0	0	0	0	0	0	0	0	0	0	0	0	0	0	0	0	0	0	0	0	0	0	0	0	0	0	0	0	0	0	0	0	0	0	0	0	0	0	0	0	0	0	0	0	0	0	0	0	0	0	0	0	0	0	0	0	0	0	0	0	0	0	0.02655	0	0	0.01837	0	0	0	0	0	0	0	0	0	0	0	0	0	0	0	0	0	0	0	0	0	0	0	0	0	0	0	0	0	0	0	0	0	0	0	0	0	0	0	0	0	0	0	0	0	0	0	0	0	0	0	0	0	0	0	0	0	0	0	0	0	0	0	0	0	0	0	0	0	0
GGB9466_SGB14859	0	0	0	0	0	0	0	0	0	0	0	0	0	0	0	0	0	0	0	0	0	0	0	0	0	0	0	0	0	0	0	0	0	0	0	0	0	0	0	0	0	0	0	0	0	0	0	0	0	0	0	0	0	0	0	0	0	0	0	0	0	0	0	0	0	0	0	0	0	0	0	0	0	0	0	0	0	0	0	0	0	0	0	0	0	0	0	0	0	0	0	0	0	0	0	0	0	0	0	0	0	0	0	0	0	0	0	0	0	0	0	0	0	0	0	0	0	0	0	0	0.02628	0	0	0	0	0	0	0	0	0	0	0	0	0	0	0	0	0	0	0	0	0	0	0	0	0	0	0	0	0	0	0	0	0	0	0	0	0	0	0	0	0	0	0	0	0	0	0	0
Raoultibacter_massiliensis	0.02617	0	0	0	0	0	0	0	0	0	0	0	0	0	0	0	0	0	0	0	0	0	0	0	0	0	0	0	0	0	0	0	0	0	0	0	0	0	0	0	0	0	0	0	0	0	0	0	0.00147	0.00048	0	0	0	0	0	0	0	0	0	0	0	0	0	0	0	0	0	0	0	0	0	0	0	0	0	0	0	0	0	0	0	0	0	0	0	0	0	0	0	0	0	0	0	0	0	0	0	0	0	0	0	0	0	0	0	0	0	0	0	0	0	0	0	0	0	0	0	0	0	0	0	0	0	0	0	0	0	0	0	0	0	0	0	0	0	0	0	0	0	0	0	0	0	0	0	0	0	0	0	0	0	0	0	0	0	0	0	0	0	0	0	0	0	0	0	0	0	0	0
GGB3124_SGB4136	0	0	0	0	0	0	0	0	0	0	0	0	0	0	0	0	0	0	0	0	0	0	0	0	0	0	0	0	0	0	0	0	0	0	0	0.00228	0	0	0	0	0	0.02607	0	0	0	0	0	0	0	0	0	0	0	0	0	0	0	0	0	0	0	0	0	0	0	0	0	0	0	0	0	0	0	0	0	0	0	0	0	0	0	0	0	0	0	0	0	0	0	0	0	0	0	0	0	0	0	0	0	0	0	0	0.01419	0	0	0	0	0	0	0	0	0	0	0	0	0	0	0	0	0	0	0	0	0	0	0	0	0	0	0	0	0	0	0	0	0	0	0	0	0	0	0	0	0.01672	0	0	0	0	0	0	0	0	0	0	0	0	0	0	0	0	0	0	0	0	0	0	0	0	0
Puniceicoccaceae_unclassified_SGB8769	0	0	0	0	0	0	0	0	0	0	0	0	0	0	0	0	0	0	0	0	0	0	0	0	0	0	0	0	0	0	0	0	0	0	0	0	0	0	0	0	0	0	0	0	0	0	0	0	0	0	0	0	0	0	0	0	0	0	0	0	0	0	0	0	0	0	0	0	0	0	0	0	0	0	0	0	0	0	0	0	0	0	0	0	0	0	0	0	0	0	0	0	0	0	0	0	0	0	0	0	0	0	0	0	0	0	0	0	0	0	0	0	0	0	0	0	0	0	0	0	0	0	0.02596	0	0	0	0	0	0	0	0	0	0	0	0	0	0	0	0	0	0	0	0	0	0	0	0	0	0	0	0	0	0	0	0	0	0	0	0	0	0	0	0	0	0	0	0	0	0
GGB6554_SGB9256	0	0	0.0258	0	0	0	0	0	0	0	0	0	0	0	0	0	0	0	0	0	0	0	0.02218	0	0	0	0	0	0	0	0	0	0	0	0	0	0	0	0	0	0	0	0	0	0	0	0	0	0	0	0	0	0	0	0	0	0	0	0	0	0	0	0	0	0	0.00992	0	0	0	0	0	0	0	0	0	0	0	0	0	0	0	0	0	0	0	0	0	0	0	0	0	0	0	0	0	0	0	0	0	0	0	0	0	0	0	0	0	0	0	0	0	0	0	0	0	0	0	0	0	0	0	0	0	0	0	0	0	0	0	0	0	0	0	0	0	0	0	0	0	0	0	0	0	0	0	0	0	0	0	0	0	0	0	0	0	0	0	0	0	0	0	0.0152	0	0	0	0	0	0	0
Arachnia_rubra	0	0	0.00368	0	0	0.00661	0	0	0	0	0	0	0	0	0	0	0	0	0	0	0	0	0	0	0	0	0.00035	0	0	0	0	0	0	0	0	0	0	0	0	0	0	0	0	0.01943	0	0	0	0	0.02567	0	0	0	0	0	0	0	0	0	0	0	0	0	0	0	0	0	0	0	0	0	0	0	0	0	0	0	0	0	0	0	0	0	0	0	0	0	0	0	0	0	0	0	0	0	0	0	0	0	0	0	0	0	0	0	0	0	0	0	0	0	0	0	0	0	0	0	0	0	0	0	0	0	0	0	0	0	0	0	0	0	0	0	0	0	0	0	0	0	0	0	0	0	0	0	0	0	0	0	0	0	0	0	0	0	0	0	0	0	0	0	0	0	0	0	0	0	0	0	0
GGB9547_SGB14954	0	0	0	0	0	0	0	0	0	0	0	0	0	0	0	0	0	0	0	0	0	0	0	0	0	0	0	0	0	0	0	0	0	0	0	0	0	0	0	0	0	0	0	0	0	0	0	0	0	0	0	0	0	0	0	0	0	0	0	0	0	0	0	0	0	0	0	0	0	0	0	0	0	0	0	0	0	0	0	0	0	0	0	0	0	0	0	0	0	0	0	0	0	0	0.00607	0	0	0	0.0255	0	0	0	0	0	0	0	0	0	0	0	0	0	0	0	0	0	0	0	0	0.01665	0	0	0	0.0062	0	0	0	0	0	0	0	0	0	0	0	0	0	0	0	0	0	0	0	0	0	0	0	0	0	0	0	0	0	0	0	0	0	0	0	0	0	0	0	0	0	0	0	0	0
Sneathia_vaginalis	0	0	0	0	0	0	0	0	0	0	0	0	0	0	0	0	0	0	0	0	0	0	0	0	0	0	0	0	0	0	0	0	0	0	0	0	0	0	0	0	0	0	0	0	0	0	0	0	0	0	0	0	0	0	0	0	0	0	0	0	0.00234	0	0	0	0	0	0	0	0	0	0	0	0	0	0	0	0	0	0	0	0	0	0	0	0	0	0	0	0	0	0	0	0	0	0	0	0	0	0.02537	0	0	0	0	0	0	0	0	0	0	0	0	0	0	0	0	0	0	0	0	0	0	0	0	0	0	0	0	0	0	0	0	0	0	0	0	0	0	0	0	0	0	0.0135	0	0	0	0	0	0	0	0	0	0	0	0	0	0	0	0	0	0	0	0	0	0	0	0	0	0	0
GGB1575_SGB2164	0	0	0	0	0	0	0	0	0	0	0	0	0	0	0	0	0	0	0	0	0	0	0	0	0	0	0	0	0	0	0	0	0	0	0	0	0.02526	0	0	0	0	0	0	0	0	0	0	0	0	0	0	0	0	0	0	0	0	0	0	0	0	0	0	0.00248	0	0	0	0	0	0	0	0	0	0	0	0	0	0	0	0	0	0	0	0	0	0.01084	0	0	0	0	0	0	0	0	0	0	0	0	0	0	0	0	0	0	0	0	0	0	0	0	0	0	0	0	0	0	0	0	0	0	0	0	0	0	0	0	0	0	0	0	0	0	0	0	0	0	0	0	0	0	0	0	0	0	0	0	0	0	0	0	0	0	0	0	0	0	0	0	0	0	0	0	0	0	0	0	0	0	0
Cronobacter_sakazakii	0	0	0	0	0	0	0	0	0	0	0	0	0	0	0	0	0	0	0.02526	0	0	0	0	0	0	0	0	0	0	0	0	0	0	0	0	0	0	0	0	0	0	0	0	0	0	0	0	0	0	0	0	0	0	0	0	0	0	0	0	0	0	0	0	0	0	0	0	0	0	0	0	0	0	0	0	0	0	0	0	0	0	0	0	0	0	0	0	0	0	0	0	0	0	0	0	0	0	0	0	0	0	0	0	0	0	0	0	0	0	0	0	0	0	0	0	0	0	0	0	0	0	0	0	0	0	0	0	0	0	0	0	0	0	0	0	0	0	0	0	0	0	0	0	0	0	0	0	0	0	0	0	0	0	0	0	0	0	0	0	0	0	0	0	0	0	0	0	0	0
GGB3032_SGB4027	0	0	0	0	0	0	0	0	0	0	0	0	0	0	0	0	0	0	0	0	0	0	0.00407	0	0	0	0	0	0	0	0	0	0	0	0	0	0	0	0	0	0	0.02468	0	0	0	0	0	0.02007	0	0	0	0	0	0	0	0	0	0	0	0	0	0	0	0	0	0	0	0	0	0	0	0	0	0	0	0	0	0	0	0	0	0	0	0	0	0	0	0	0	0	0	0	0	0	0	0	0	0	0	0	0	0	0	0	0	0	0	0	0	0	0	0	0	0	0	0	0	0	0	0	0	0	0	0	0	0	0	0	0	0	0	0	0	0	0	0	0	0	0	0	0	0	0	0	0	0	0	0	0	0	0	0	0	0	0	0	0	0	0	0	0	0	0	0	0	0	0	0	0
Eubacteriales_bacterium	0	0	0	0	0	0	0	0	0	0	0	0	0	0	0	0	0	0	0	0	0	0	0	0	0	0	0	0	0	0	0	0	0	0	0	0	0	0	0	0	0	0	0	0	0	0	0	0	0	0	0	0	0	0	0	0	0	0	0	0	0	0	0	0	0	0	0	0	0	0	0	0	0	0	0	0	0	0	0	0	0	0	0	0	0	0	0	0	0	0	0	0	0	0	0	0	0	0	0	0	0	0	0.00451	0	0	0	0	0.00696	0	0	0	0	0	0	0	0	0	0.00341	0.01717	0	0	0	0	0	0	0	0	0	0	0	0.00627	0	0	0	0	0	0	0	0.01173	0	0	0	0	0	0	0	0	0	0	0	0	0	0	0	0	0	0	0	0.02467	0	0	0	0	0	0	0	0	0	0
GGB9775_SGB15395	0	0	0	0	0	0	0	0	0	0	0	0	0	0	0	0	0	0	0	0	0	0	0	0	0	0	0	0	0	0	0	0	0	0	0	0	0	0	0	0	0	0	0	0	0	0	0	0	0	0.00615	0	0	0	0	0	0	0	0	0	0	0	0	0	0	0	0	0	0	0	0	0	0	0	0	0	0	0	0	0	0	0	0	0	0	0	0	0	0	0	0	0	0	0	0	0	0	0	0	0	0	0	0	0	0	0	0	0	0	0	0	0	0	0	0	0	0	0	0	0	0	0	0	0.01183	0	0.02018	0	0	0.02466	0	0	0	0	0	0	0	0	0	0	0	0	0	0	0	0	0	0	0	0	0	0	0	0	0	0	0	0	0	0	0	0	0	0	0	0	0	0	0	0	0
Clostridium_sp_Marseille_P2538	0	0	0	0	0	0	0.01594	0	0	0	0	0	0	0	0	0	0	0	0	0	0	0	0.02449	0.02193	0	0	0	0	0	0	0	0	0	0	0	0	0	0	0	0	0	0	0	0	0	0	0	0	0	0	0	0	0	0	0	0	0	0	0	0	0	0	0	0	0	0	0	0	0	0	0	0	0	0	0	0	0	0	0	0	0	0	0	0	0	0	0	0	0	0	0	0	0	0	0	0	0	0	0	0	0	0	0	0	0	0	0	0	0	0	0	0	0	0	0	0	0	0	0	0	0	0	0	0	0	0	0	0	0	0	0	0	0	0	0	0	0	0	0	0	0	0	0	0	0	0	0	0	0	0	0	0	0	0	0	0	0	0	0	0	0	0	0	0	0	0	0	0	0
GGB58485_SGB80143	0.02436	0	0	0	0	0	0	0	0	0.00964	0	0	0	0.01613	0.02378	0	0	0	0	0	0	0	0.01238	0	0	0	0	0	0	0	0	0	0.0007	0	0	0	0	0	0	0	0	0	0	0	0	0.00533	0	0	0	0.01232	0	0	0	0	0	0	0	0	0	0	0	0	0	0	0	0	0	0.0157	0	0	0	0	0	0	0	0	0	0	0	0.00281	0	0	0	0	0	0	0	0	0	0	0	0	0.00315	0	0.00135	0.00383	0	0	0.00059	0	0.00104	0	0.00314	0	0.02398	0	0	0	0.00037	0	0	0.01919	0	0	0	0	0	0.00099	0	0	0	0	0.01509	0	0.01335	0	0	0	0	0	0.00249	0	0	0	0.00042	0.01196	0.02311	0	0	0	0	0	0	0	0	0.00286	0	0	0	0.01565	0	0	0	0	0.00046	0	0	0.00047	0.01826	0	0	0	0	0	0	0	0	0	0
Corynebacterium_durum	0.00121	0.00881	0.00866	0.00581	0	0.00658	0	0	0	0	0.00884	0	0	0.00482	0.00632	0	0	0	0	0	0.00994	0	0.00022	0.00013	0	0	0.00583	0	0.00041	0	0	0	0.00669	0.00221	0	0	0	0.02296	0.01683	0	0	0	0.00455	0.00116	0.00851	0.0008	0.01879	0.02432	0.00587	0.00799	0	0	0	0	0	0	0	0	0	0	0	0	0	0	0	0	0	0	0	0	0	0	0	0.00346	0	0	0	0	0	0	0	0	0	0	0	0	0	0	0	0	0	0	0	0	0	0	0	0	0	0	0	0	0	0	0	0	0	0	0	0	0	0	0	0	0	0	0	0	0	0	0	0	0	0	0	0	0	0	0	0	0	0	0	0	0	0	0	0	0	0	0	0	0	0	0	0	0	0	0	0	0	0	0	0	0	0	0	0	0	0	0	0	0	0	0	0	0	0	0
GGB3677_SGB4990	0	0	0	0	0	0	0	0	0	0	0	0	0	0	0	0	0	0	0	0	0	0	0	0	0	0	0	0	0	0	0	0	0	0	0	0	0	0	0	0	0	0	0	0	0	0	0	0	0	0	0	0	0	0	0	0	0	0	0	0	0	0	0	0	0	0.01941	0	0	0	0	0	0	0	0	0	0	0	0	0	0.00048	0	0	0	0.00417	0	0	0	0	0	0	0	0	0	0	0	0	0	0	0	0	0	0	0	0	0	0	0	0	0	0	0	0	0	0	0	0	0	0	0	0	0	0	0	0	0.02414	0	0	0	0	0	0	0	0	0	0	0	0	0	0	0	0	0	0	0	0	0	0	0.01402	0	0	0	0	0	0	0	0	0	0	0	0	0	0	0	0	0	0	0	0	0
GGB3353_SGB4437	0	0	0	0	0	0	0	0.024	0	0	0	0	0	0	0	0	0	0	0	0	0	0	0	0	0	0	0	0	0	0.00676	0	0	0	0	0	0	0	0	0	0	0	0	0	0	0	0	0	0.00528	0	0	0	0	0	0	0	0	0	0	0	0	0	0	0	0	0	0	0	0	0	0	0	0	0	0	0	0	0	0	0	0	0	0	0	0	0	0	0	0	0	0	0	0	0	0	0	0	0	0	0	0	0	0	0	0	0.00738	0	0	0	0.00039	0	0	0	0	0	0	0	0	0	0	0	0	0	0	0	0	0	0	0	0	0	0	0	0	0	0	0	0	0	0	0	0	0	0	0	0	0	0	0	0	0	0	0	0	0	0	0	0	0	0	0	0	0	0	0	0	0	0	0	0
Streptococcus_intermedius	0	0.02399	0	0	0	0	0	0	0	0	0	0.0126	0	0	0	0	0	0	0	0	0	0	0	0	0	0	0.01196	0	0	0	0	0	0.00202	0	0	0	0	0	0	0	0	0	0	0.0003	0	0	0.00316	0	0	0	0	0	0	0	0	0	0	0	0	0	0	0	0	0	0.00184	0	0	0	0	0	0	0	0	0	0	0	0	0	0	0	0	0	0	0	0	0	0	0	0	0	0	0	0	0	0	0	0	0	0	0	0	0	0	0	0	0	0	0.00984	0	0	0	0	0	0	0	0	0	0	0	0	0	0	0	0	0.00045	0	0	0	0	0	0	0.00562	0	0	0	0	0	0	0	0	0	0	0	0	0	0	0	0	0	0	0	0	0	0	0	0	0	0	0	0	0	0	0	0	0	0	0	0	0
GGB45613_SGB63326	0	0	0	0	0	0	0	0.00246	0	0	0.00226	0	0	0	4e-05	0	0	0	0	0	0	0	0.01417	0	0	0	0	0	0	0	0	0	0	0	0	0	0	0.0188	0	0	0	0	0	0	0	0	0	0	0	0	0	0	0	0	0.00374	0	0	0	0	0	0	0	0	0.00052	0	0	0	0	0	0	0	0	0	0	0	0	0	0	0	0	0	0	0	0.00151	0	0.00672	0	0	0	0	0	0	0	0	0	0	0	0.02394	0	0	0	0	0	0	0	0	0	0	0	0	0	0	0	0	0	0	0	0	0	0.00051	0	0	0	0	0	0	0	0.00267	0	0	0.0104	0	0	0	0	0	0	0	0.00568	0	0	0	0	0	0	0	0	0	0	0	0	0	0	0	0	0	0	0	0.00021	0	0	0	0	0	0	0	0	0	0
Fusobacterium_periodonticum	0	0	0	0	0	0	0	0	0	0	0	0	0	0	0	0	0	0	0	0	0	0	0	0	0	0	0	0	0	0	0	0	0	0	0	0	0	0	0	0	0	0	0	0	0	0	0	0	0	0	0	0	0	0	0	0	0.02386	0	0	0	0	0	0	0	0.00194	0	0	0	0	0	0	0	0	0	0	0	0	0	0	0	0	0	0	0	0	0	0	0	0	0	0	0	0	0	0	0	0	0	0	0	0	0	0	0	0	0	0	0	0	0	0	0	0	0	0.00019	0	0	0	0	0	0	0	0	0	0	0	0	0	0	0	0	0	0	0	0	0	0	0	0	0	0	0	0	0	0	0	0	0	0	0	0	0	0	0	0	0	0	0	0	0	0	0	0	0	0	0	0	0	0
Selenomonas_artemidis	0	0	0	0	0	0	0	0	0	0	0	0	0	0	0	0	0	0	0	0	0	0	0	0	0	0	0	0	0	0	0	0	0	0	0	0	0	0	0	0	0	0	0	0	0	0	0	0	0	0	0	0	0	0	0	0	0	0	0	0	0	0	0	0	0	0	0	0	0	0	0	0	0	0	0	0	0	0	0	0	0	0	0	0	0	0	0	0	0	0	0	0	0	0	0	0	0	0	0	0	0	0	0	0	0	0	0	0.02375	0	0	0	0	0	0	0	0	0	0	0	0	0	0	0	0	0	0	0	0	0	0	0	0	0	0	0	0	0	0	0	0	0	0	0	0	0	0	0	0	0	0	0	0	0	0	0	0	0	0	0	0	0	0	0	0	0	0	0	0	0
Pseudoflavonifractor_capillosus	0	0	0	0	0	0	0	0	0	0	0	0	0	0	0	0	0.01291	0	0	0	0	0	0.00412	0	0	0	0	0	0	0	0	0	0	0	0	0	0	0	0	0.0014	0	0.02371	0	0	0	0	0	0	0	0	0	0	0	0	0.01221	0	0	0	0	0	0	0	0	0.00064	0	0	0	0.00115	0	0	0	0	0	0	0	0	0	0	0	0	0	0.01114	0	0.00248	0	0.01088	0	0	0	0	0	0	0.00146	0	0	0	0	0	0	0	0	0	0	0	0	0	0	0	0	0	0	0	0.00059	0	0	0	0	0	0	0	0	0	0	0	0.01224	0	0	3e-05	0	0	0	0	0	0	0	0	0	0	0	0	0	0	0	0	0	0	0	0	0	0	0	0	0	0	0	0	0	0	0	0	0	0	0	0	0	0	0	0	0
Clostridium_sp_Marseille_P3244	0	0	0	0	0	0	0	0.00655	0	0.01045	0	0	0	0.01796	0.02351	0	0.00384	0	0	0	0	0	0.008	0	0	0	0	0	0.00163	0.00543	0	0	0.00752	0	0	0.01945	0.00154	0.00572	0	0.02069	0.0204	0.00052	0	0	0	0	0	0	0.00883	0.00021	0	0	0	0	0	0	0	0	0	0	0.00128	0	0	0.00013	0	0	0	0.00036	0	0	0	0	0	0	0	0	0	0.00099	0	0.00089	0	0	0	0.00632	0	0.00192	0	0	0	0	0	0	0	0	0	0.00154	0	0.00953	0	2e-05	0	0	0	0	0.00196	0	0	0.00332	0	0	0	0.00197	0.00566	0	0	0	0	0.00016	0	0	0.00277	0	0	0	0.00176	0	0	0.00165	9e-05	0	0.00484	0	0	0	0	0	0	0	0.00019	0	0	0.00361	0	0	0	0	0	0	0	0	0	0	0	0	0	0	0	0	0	0	0	0	0	0	0	0	0	0	0
Mogibacterium_timidum	0	0	0	0	0	0	0	0	0	0	0	0	0	0	0	0	0	0	0	0	0	0	0	0	0	0	0.01399	0	0	0	0	0	0	0	0	0	0	0.02333	0	0	0	0	0	0	0	0	0	0	0	0	0	0	0	0	0	0	0	0	0	0	0	0	0	0	0	0	0	0	0	0	0	0	0	0	0	0	0	0	0	0	0	0	0	0	0	0	0	0	0	0	0	0	0	0	0	0	0	0	0	0	0	0	0	0	0	0	0	0	0	0	0	0	0	0	0	0	0	0	0	0	0	0	0	0	0	0	0	0	0	0	0	0	0	0	0	0	0	0	0	0	0	0	0	0	0	0	0	0	0	0	0	0	0	0	0	0	0	0	0	0	0	0	0	0	0	0	0	0	0
Schaalia_SGB17153	0	0	0	0	0	0	0	0	0	0	0	0	0	0	0	0	0	0	0	0	0	0	0	0	0	0	0	0	0	0	0	0	0	0	0	0	0	0	0	0	0	0	0	0	0	0	0	0	0	0	0	0	0	0	0	0	0	0	0	0	0	0	0.00302	0	0	0	0	0	0	0	0	0	0	0	0	0	0	0	0	0	0	0	0	0	0	0	0	0	0	0	0	0	0	0	0	0	0	0	0	0	0	0	0.00265	0	0	0	0	0	0	0	0	0	0	0	0	0	0	0	0	0	0	0.02331	0	0	0	0	0.00114	0	0	0	0	0	0	0	0	0	0	0	0	0	0	0	0	0	0	0	0	0	0	0	0	0	0	0	0	0	0	0	0	0	0	0	0	0	0	0	0	0	0
Actinomyces_dentalis	0.00389	0.01173	0.02306	0.00389	0	0	0	0	0.00125	0.00267	0	0.00775	0.01196	0.00042	0	0	0	0	0	0.00211	0.00477	0	0.00288	0	0	0	0.02112	0	0.00524	0.00206	0.00607	0	0.0001	0.00055	0.01204	0	0.00048	0.01521	0.0053	0	0.00052	0	0.00208	0	0.00965	0.00143	0	0.00946	0.00258	0.00407	0	0	0	0	0	0	0	0	0	0	0	0	0	0	0	0	0	0	0	0	0	0	0	0	0	0	0	0	0	0	0	0	0	0	0	0	0	0	0	0	0	0	0	0	0	0	0	0	0	0	0	0	0	0	0	0	0	0	0	0	0	0	0	0	0	0	0	0	0	0	0	0	0	0	0	0	0	0	0	0	0	0	0	0	0	0	0	0	0	0	0	0	0	0	0	0	0	0	0	0	0	0	0	0	0	0	0	0	0	0	0	0	0	0	0	0	0	0	0
GGB4689_SGB6486	0	0	0	0	0	0	0	0	0	0	0	0	0	0	0	0	0	0	0	0	0	0	0	0	0	0	0	0	0	0	0	0	0	0	0	0	0	0	0	0	0	0	0	0	0	0	0	0	0	0.02302	0	0	0	0	0	0	0	0	0	0	0	0	0	0	0	0	0	0	0	0	0	0	0	0	0	0	0	0	0	0	0	0	0	0	0	0	0	0	0	0	0	0	0	0	0	0	0	0	0	0	0	0	0	0	0	0	0	0	0	0	0	0	0	0	0	0	0	0	0	0	0	0	0	0	0	0	0	0	0	0	0	0	0	0	0	0	0	0	0	0	0	0	0	0	0	0	0	0	0	0	0	0	0	0	0	0	0	0	0	0	0	0	0	0	0	0	0	0	0
Peptoniphilus_grossensis	0	0	0	0	0	0	0	0	0	0	0	0	0	0	0	0	0	0	0	0	0	0	0.00288	0	0	0	0	0	0	0	0	0	0	0	0	0	0	0	0	0	0	0	0	0	0	0	0	0	0	0	0	0	0	0	0.02301	0	0	0	0	0	0	0	0	0	0	0	0	0	0	0	0	0	0	0	0	0	0	0	0	0	0	0	0	0	0	0	0	0	0	0	0	0	0	0	0	0	0	0	0	0	0	0	0	0	0	0	0	0	0	0	0.00111	0	0	0	0	0	0	0	0	0	0	0	0	0	0.00334	0	0	0	0	0	0	0	0	0	0	0	0	0	0	0	0	0	0	0	0	0	0	0	0	0	0	0	0	0	0	0	0	0	0	0	0	0	0	0	0	0	0	0	0
Propionibacterium_acidifaciens	0	0.00027	0	0.02257	0	0	0	0	0	9e-05	0	0	0	0	0	0.0029	0	0.00979	0.00067	0	0	0	0	0	0	0	0	0	0	0	0	0	0.00331	0	0	0	0	0	0.00144	0	0	0	0	0	0.0072	0.00988	0	0.02299	0	0	0	0	0	0	0	0	0	0	0	0	0	0	0	0	0	0	0	0	0	0	0	0	0	0	0	0	0	0	0	0	0	0	0	0	0	0	0	0	0	0	0	0	0	0	0	0	0	0	0	0	0	0	0	0	0	0	0	0	0	0	0	0	0	0	0	0	0	0	0	0	0	0	0	0	0	0	0	0	0	0	0	0	0	0	0	0	0	0	0	0	0	0	0	0	0	0	0	0	0	0	0	0	0	0	0	0	0	0	0	0	0	0	0	0	0	0	0	0	0
GGB3649_SGB4958	0	0	0	0	0	0	0	0	0	0	0	0	0	0	0	0	0	0	0	0	0	0	0	0	0	0	0	0	0	0	0	0	0	0	0	0	0	0	0	0	0	0	0	0	0	0	0	0	0	0	0	0	0	0	0	0.02294	0	0	0	0	0	0	0	0	0	0	0	0	0	0	0	0	0	0	0	0	0	0	0	0	0	0	0	0	0	0	0	0	0	0	0	0	0	0	0	0	0	0	0	0	0	0	0	0	0	0	0	0	0	0	0	0	0	0	0	0	0	0	0	0	0	0	0	0	0	0	0	0	0	0	0	0	0	0	0	0	0	0	0	0	0	0	0	0	0	0	0	0	0	0	0	0	0	0	0	0	0	0	0	0	0	0	0	0	0	0	0	0	0
Slackia_exigua	0	0	0	0	0	0	0	0	0	0	0	0	0	0	0	0	0	0	0	0	0	0	0	0	0	0	0	0	0	0	0	0	0	0	0	0	0	0.00042	0	0	0	0	0	0	0.02292	0	0	0	0	0	0	0	0	0	0	0	0	0	0	0	0	0	0	0	0	0	0	0	0	0	0	0	0	0	0	0	0	0	0	0	0	0	0	0	0	0	0	0	0	0	0	0	0	0	0	0	0	0	0	0	0	0	0	0	0	0	0	0	0	0	0	0	0	0	0	0	0	0	0	0	0	0	0	0	0	0	0	0	0	0	0	0	0	0	0	0	0	0	0	0	0	0	0	0	0	0	0	0	0	0	0	0	0	0	0	0	0	0	0	0	0	0	0	0	0	0	0	0	0
Massiliimalia_timonensis	0	0	0	0	0	0	0	0	0.00205	0	0	0	0	0.0036	0.00284	0.01828	0	0	0	0	0	0	0	0	0	0	0	0	0	0	0	0	0.00085	0	0	0	0	0.02287	0	0.01004	0.00739	0.00011	0	0	0	0.00172	0	0	0.00168	0	0	0	0	0	0	0	0	0	0	0	0	0	0	0	0	0.00378	0	0	0	0	0	0	0	0	0	0	0	0	0	0	0	0	0	0	0	0	0	0	0	0	0	0.01301	0	0.00446	0	0	0	0.01029	0	0	0	0	0	0	0	0	0	0	0	0	0.00102	9e-05	0	0	0	0	0	0	0	0	0	0	0	0	0	0	0	0	0	0	0	0	0	0	0	0	0	0	0	0	0	0	0	0	0	0	0	0	0	0	0	0	0	0	0	0	0	0	0	0	0	0	0	0	0	0	0	0	0
Fenollaria_timonensis	0	0	0	0	0	0	0	0	0	0	0	0	0	0	0	0	0	0	0	0	0	0	0.02281	0	0	0	0	0	0	0	0	0	0	0	0	0	0	0	0	0	0	0	0	0	0	0	0	0	0	0	0	0	0	0	0	0	0	0	0	0	0	0	0	0	0.00516	0	0	0	0	0	0	0	0	0	0	0	0	0	0	0	0	0	0	0	0	0	0	0	0	0	0	0	0	0	0	0	0	0	0	0	0	0	0	0	0	0	0	0	0	0	0.00914	0	0	0	0	0	0	0	0	0	0.0071	0	0	0	0.00078	0	0	0	0	0	0	0	0	0	0	0	0	0	0	0	0	0	0	0	0	0	0	0	0	0	0	0	0	0	0	0	0	0	0	0	0	0	0	0	0	0	0	0	0
Oscillospiraceae_unclassified_SGB4197	0	0	0	0	0	0	0	0	0	0	0	0	0	0	0	0	0	0	0	0	0	0	0	0	0	0	0	0	0	0	0	0	0	0	0	0	0	0	0	0	0	0	0	0	0	0	0	0	0	0.02264	0	0	0	0	0	0	0	0	0	0	0	0	0	0	0	0	0	0	0	0	0	0	0	0	0	0	0	0	0	0	0	0	0	0	0	0	0	0	0	0	0	0	0	0	0	0	0	0	0	0	0	0	0	0	0	0	0	0	0	0	0	0	0	0	0	0	0	0	0	0	0	0	0	0	0	0	0	0	0	0	0	0	0	0	0	0	0	0	0	0	0	0	0	0	0	0	0	0	0	0	0	0	0	0	0	0	0	0	0	0	0	0	0	0	0	0	0	0	0
GGB9285_SGB14238	0	0	0	0	0	0	0	0	0	0	0	0	0	0	0	0	0	0	0	0	0	0	0	0	0	0	0	0	0	0	0	0	0	0	0	0	0	0	0	0	0	0	0	0	0	0	0	0	0	0	0	0	0	0	0	0	0	0	0	0	0	0	0	0	0	0	0	0	0	0	0	0	0	0	0	0	0	0	0	0	0	0	0	0	0	0	0	0	0	0	0	0	0.02253	0	0	0	0	0	0	0	0	0	0	0	0	0	0	0	0	0	0	0	0	0	0	0	0	0	0	0	0	0	0	0	0	0	0	0	0	0	0	0	0	0	0	0	0	0	0	0	0	0	0	0	0	0	0	0	0	0	0	0	0	0	0	0	0	0	0	0	0	0	0	0	0	0	0	0	0
GGB1379_SGB48439	0	0	0	0	0	0	0	0	0	0	0	0	0	0	0	0	0	0	0	0	0	0	0	0	0	0	0	0	0	0	0	0	0	0	0	0	0	0	0	0	0	0	0	0	0	0	0	0	0	0	0	0	0	0	0	0	0	0	0	0	0	0	0	0	0	0	0	0	0	0	0	0	0	0	0	0	0	0	0	0	0	0	0	0	0	0	0	0	0	0	0	0	0	0	0	0	0	0	0	0	0	0	0	0	0	0	0	0	0	0	0	0	0	0	0	0	0	0.02247	0	0	0	0	0	0	0	0	0	0	0	0	0	0	0	0	0	0	0	0	0	0	0	0	0	0	0	0	0	0	0	0	0	0	0	0	0	0	0	0	0	0	0	0	0	0	0	0	0	0	0
GGB9641_SGB15117	0	0	0	0	0	0	0	0	0	0	0	0	0	0	0	0	0	0	0	0	0	0	0	0	0	0	0	0	0	0	0	0	0	0	0	0	0	0	0	0	0	0	0	0	0	0	0	0	0	0.02206	0	0	0	0	0	0	0	0	0	0	0	0	0	0	0	0	0	0	0	0	0	0	0	0	0	0	0	0	0	0	0	0	0	0	0	0	0	0	0	0	0	0	5e-05	0	0	0	0	0	0	0	0	0	0	0	0	0	0	0	0	0	0	0	0	0	0	0	0	0	0	0	0	0	0	0	0.02243	0	0	0	0	0	0	0	0.00397	0	0	0	0	0	0	0	0	0	0	0	0	0	0	0	0	0	0	0	0	0	0	0	0	0	0	0	0	0	0	0	0	0	0	0	0
Caproicibacterium_amylolyticum	0	0	0	0	0	0	0	0	0	0	0	0	0	0	0	0	0	0	0	0	0	0	0	0	0	0	0	0	0	0	0	0	0	0	0	0	0	0	0	0	0	0	0	0	0	0	0	0	0	0	0	0	0	0	0	0	0.02231	0	0	0	0	0	0	0	0	0	0	0	0	0	0	0	0	0	0	0	0	0	0	0	0	0	0	0	0	0	0	0	0	0	0	0	0	0	0	0	0	0	0	0	0	0	0	0	0	0	0	0	0	0	0	0	0	0	0	0	0	0	0	0	0	0	0	0	0	0	0	0	0	0	0	0	0	0	0	0	0	0	0	0	0	0	0	0	0	0	0	0	0	0	0	0	0	0	0	0	0	0	0	0	0	0	0	0	0	0	0	0	0
Oribacterium_SGB5283	0	0	0	0	0	0	0	0	0	0	0	0	0	0	0	0	0	0	0	0	0	0	0	0	0	0	0	0	0	0	0	0	0	0	0	0	0	0	0	0	0	0	0.02226	0	0	0	0	0	0	0	0	0	0	0	0	0	0	0	0	0	0	0	0	0	0	0	0	0	0	0	0	0	0	0	0	0	0	0	0	0	0	0	0	0	0	0	0	0	0	0	0	0	0	0	0	0	0	0	0	0	0	0	0	0	0	0	0	0	0	0	0	0	0	0	0	0	6e-05	0	0	0	0	0	0	0	0	0	0	0	0	0	0	0	0	0	0	0	0	0	0	0	0	0	0	0	0	0	0	0	0	0	0	0	0	0	0	0	0	0	0	0	0	0	0	0	0	0	0	0	0
Thermophilibacter_provencensis	0	0	0	0	0	0	0	0	0	0	0	0	0	0.01112	0	0	0	0	0	0	0.02222	0	0	0	0	0	0	0	0	0	0	0	0	0	0	0	0	0	0	0	0	0	0	0	0	0	0	0	0	0	0	0	0	0	0	0	0	0	0	0	0	0	0	0	0	0	0	0	0	0	0	0	0	0	0	0	0	0	0	0	0	0	0	0	0	0	0	0	0	0	0	0	0	0	0	0	0	0	0	0	0	0	0	0	0	0	0	0	0	0	0	0	0	0	0	0	0	0	0	0	0	0	0	0	0	0	0	0	0	0	0	0	0	0	0	0	0	0	0	0	0	0	0	0	0	0	0	0	0	0	0	0	0	0	0	0	0	0	0	0	0	0	0	0	0	0	0	0	0
GGB45656_SGB63370	0	0	0	0	0	0	0	0	0	0	0	0	0	0	0	0	0	0	0	0	0	0	0	0	0	0	0	0	0	0	0	0	0	0	0	0	0	0	0	0	0	0	0	0	0	0	0	0	0	0	0	0	0	0	0	0	0	0	0	0	0	0	0	0	0	0	0	0	0	0	0	0	0	0	0	0	0	0	0	0	0	0	0	0	0	0	0	0	0	0	0	0	0	0	0	0	0	0	0	0	0	0	0	0	0.01119	0	0	0	0	0	0	0	0	0	0	0	0	0	0	0	0	0	0	0	0	0	0	0	0	0	0	0	0	0	0	0	0.00026	0	0	0	0	0	0	0	0	0	0	0	0	0	0	0	0	0	0	0	0	0	0.02213	0	0	0	0	0	0	0	0	0	0
GGB74463_SGB54347	0	0	0	0	0	0	0	0	0	0	0	0	0	0	0	0	0	0	0	0	0	0	0.00115	0	0	0	0	0	0	0	0	0	0	0	0	0	0	0	0	0	0	0	0	0	0	0	0	0	0	0	0	0	0	0	0	0	0	0	0	0	0	0	0	0	0	0	0	0	0	0	0	0	0	0	0	0	0	0	0	0	0	0	0	0	0	0	0	0	0	0	0	0	0	0	0	0	0	0	0.00365	0	0	0	0	0	0	0	0	0	0	0	0	0.00361	0	0	0	0	0	0.00032	0	0	0	0	0	0	0	0	0	0.00034	0	0	0	0	0	0	0	0	0	0	0.02202	0	0	0	0	0	0	0	0	0	0	0	0	0	0	0	0	0	0	0	0	0	0	0	0	0	0	0	0	0	0
GGB3034_SGB4030	0	0	0	0	0	0	0	0	0	0	0	0	0	0	0	0	0	0	0	0	0	0	0	0	0	0	0	0	0	0	0	0	0	0	0	0	0	0	0	0	0	0	0	0	0	0	0	0.00207	0	0	0	0	0	0	0	0	0	0	0	0	0	0	0	0	0	0	0	0	0	0	0	0	0	0	0	0	0	0	0	0	0	0	0	0	0	0.00402	0	0	0	0	0	0	0	0	0	0	0	0	0	0	0	0	0	0	0	0	0	0	0	0	0	0	0	0	0	0	0	0	0	0	0	0	0	0	0	0	0	0	0	0	0	0	0	0	0	0	0	0	0	0	0	0.02198	0	0	0	0	0	0	0	0	0	0	0	0	0	0	0	0	0	0	0	0	0	0	0	0	0	0	0
GGB4564_SGB6302	0.00261	0	0	0	0	0	0	0	0	0	0	0	0	0	0	0	0	0	0	0	0	0	0	0	0	0	0	0	0	0	0	0	0	0	0	0	0	0	0	0	0	0	0	0	0	0	0	0	0	0	0	0	0	0	0	0	0	0	0	0	0	0	0	0.02188	0	0	0	0	0	0	0	0	0	0	0	0	0	0	0	0	0	0	0	0	0	0	0	0	0	0	0	0	0	0	0	0	0	0	0	0	0	0	0	0	0	0	0	0	0	0	0	0.01128	0	0	0	0	0	0	0	0	0	0	0	0	0	0	0	0	0	0	0	0	0	0	0	0	0	0	0	0	0	0	0	0	0	0	0	0	0	0	0	0	0	0	0	0	0	0	0	0	0	0	0	0	0	0	0	0	0
Gemmiger_sp_An194	0	0	0	0	0	0	0	0	0	0	0	0	0	0	0	0	0	0.02187	0	0	0	0	0	0	0	0	0	0	0	0	0	0	0	0	0	0	0	0	0	0	0	0	0	0	0	0	0	0	0	0	0	0	0	0	0	0	0	0	0	0	0	0	0	0	0	0	0	0	0	0	0	0	0	0	0	0	0	0	0	0	0	0	0	0	0	0	0	0	0	0	0	0	0	0	0	0	0	0	0	0	0	0	0	0	0	0	0	0	0	0	0	0	0	0	0	0	0	0	0	0	0	0	0	0	0	0	0	0	0	0	0	0	0	0	0	0	0	0	0	0	0	0	0	0	0	0	0	0	0	0	0	0	0	0	0	0	0	0	0	0	0	0	0	0	0	0	0	0	0
GGB6610_SGB9344	0	0	0	0	0	0	0	0	0	0	0	0	0	0	0	0	0	0	0	0	0	0	0	0	0	0	0	0	0	0	0	0	0.02179	0	0	0	0	0	0	0	0	0	0	0	0	0	0	0	0	0	0	0	0	0	0	0	0	0	0	0	0	0	0	0	0	0	0	0	0	0	0	0	0	0	0	0	0	0	0	0	0	0	0	0	0	0	0	0	0	0	0	0	0	0	0	0	0	0	0	0	0	0	0	0	0	0	0	0	0	0	0	0	0	0	0	0	0	0	0	0	0	0	0	0	0	0	0	0	0	0	0	0	0	0	0	0	0	0	0	0	0	0	0	0	0	0	0	0	0	0	0	0	0	0	0	0	0	0	0	0	0	0	0	0	0	0	0	0	0
Afipia_sp_OHSU_II_C1	0	0	0	0	0	0	0	0	0	0	0.02175	0	0	0	0	0	0	0	0	0	0.00056	0	0	0.00367	0	0	0	0	0	0	0	0	0	0	0	0	0	0	0	0	0	0	0	0	0	0	0	0	0	0	0	0	0	0	0	0	0	0	0	0	0	0	0	0	0	0	0	0	0	0	0	0	0	0	0	0	0	0	0	0	0	0	0	0	0	0	0	0	0	0	0	0	0	0	0	0	0	0	0	0	0	0	0	0	0	0	0	0	0	0	0	0	0	0	0	0	0	0	0	0	0	0	0	0	0	0	0	0	0	0	0	0	0	0	0	0	0	0	0	0	0	0	0	0	0	0	0	0	0	0	0	0	0	0	0	0	0	0	0	0	0	0	0	0	0	0	0	0	0
Eubacterium_nodatum	0	0	0	0	0	0	0	0	0	0	0	0	0	0	0	0	0	0	0	0	0	0	0	0	0	0	0.0217	0	0.0018	0	0	0	0.00262	0	0	0	0	0.01561	0	0	0	0	0	0	0	0.01248	0	0	0	0	0	0	0	0	0	0	0	0	0	0	0	0	0	0	0	0	0	0	0	0	0	0	0	0	0	0	0	0	0	0	0	0	0	0	0	0	0	0	0	0	0	0	0	0	0	0	0	0	0	0	0	0	0	0	0	0	0	0	0	0	0	0	0	0	0	0	0	0	0	0	0	0	0	0	0	0	0	0	0	0	0	0	0	0	0	0	0	0	0	0	0	0	0	0	0	0	0	0	0	0	0	0	0	0	0	0	0	0	0	0	0	0	0	0	0	0	0	0	0
Streptococcus_constellatus	0	0.00648	0	0.0055	0	0	0	0	0	0	0	0	0	0	0	0	0.00056	0	0	0.0017	0.00072	0	0	0	0	0	0.02158	0	0.00083	0	0	0	0	0	0	0	0	0.01888	0	0	0	0	0	0	0.0031	0	0	0	0	0	0	0	0	0	0	0	0	0	0	0	0	0	0	0	0.00046	0	0	0	0	0	0	0	0	0	0	0	0	0	0	0	0	0	0	0	0	0	0	0	0	0	0	0	0	0	0	0	0	0	0	0	0	0	0	0	0	0	0.01009	0	0	0	0	0	0	0	0	0	0	0	0	0	0	0	0	0	0	0	0	0	0	0	0	0	0	0	0	0	0	0	0	0	0	0	0	0	0	0	0	0	0	0	0	0	0	0	0	0	0	0	0	0	0	0	0	0	0	0	0	0	0
Serinicoccus_profundi	0	0	0	0	0	0	0	0	0	0	0	0	0	0	0	0	0	0	0	0	0	0	0	0	0	0	0	0	0	0	0	0	0	0	0	0	0	0	0	0	0	0	0	0	0	0	0	0	0	0	0	0	0	0	0	0	0	0	0	0	0	0	0	0	0	0	0	0	0	0	0	0	0	0	0	0	0	0	0	0	0	0	0	0	0	0	0	0	0	0	0	0	0	0	0	0	0	0	0	0	0	0	0	0	0	0	0	0	0	0.02145	0	0	0	0	0	0	0	0	0	0	0	0	0	0	0	0	0	0	0	0	0	0	0	0	0	0	0	0	0	0	0	0	0	0	0	0	0	0	0	0	0	0	0	0	0	0	0	0	0	0	0	0	0	0	0	0	0	0	0
Yeguia_hominis	0	0	0	0	0	0	0	0	0	0.02126	0	0	0	0	0	0	0	0	0	0	0	0	0	0	0	0	0	0	0	0	0	0	0	0	0	0	0.00512	0	0	0	0	0	0	0	0	0	0	0	0	0.01066	0	0	0	0	0	0	0	0	0	0	0	0	0	0	0	0	0	0	0	0	0	0	0	0	0	0	0	0	0	0	0	0	0	0	0.00223	0	0	0	0	0	0	0	0	0	0	0	0	0	0.00774	0	0	0	0.01931	0.00033	0.01073	0	0	0	0	0	0	0	0	0	0	0	0	0	0.003	0.00026	0.00413	0	0	0	0.00045	0	0	0	0	0	0.01121	0	0	0	0	0	0	0	0	0	0	0	0	0	0	0	0	0	0	0	0	0	0	0	0	0	0	0	0	0	0	0	0	0	0	0	0	0	0
GGB9192_SGB14131	0	0	0	0	0	0	0	0	0	0	0	0	0	0	0	0	0	0	0	0	0	0	0	0	0	0	0	0	0	0	0	0	0	0	0	0	0	0	0	0	0	0	0	0	0	0	0	0	0	0.02119	0	0	0	0	0	0	0	0	0	0	0	0	0	0	0	0	0	0	0	0	0	0	0	0	0	0	0	0	0	0	0	0	0	0	0	0	0	0	0	0	0	0	0	0	0	0	0	0	0	0	0	0	0.01247	0	0	0	0	0	0	0	0	0	0	0	0	0	0	0	0	0	0	0	0	0	0	0	0	0	0	0	0	0	0	0	0	0	0	0.00554	0	0	0	0	0	0	0	0	0	0	0	0	0	0	0	0	0	0	0	0	0	0	0	0	0	0	0	0	0	0	0
Enterococcus_gallinarum	0	0	0	0	0	0	0	0	0.00825	0	0	0	0	0	0	0	0	0	0	0	0	0	0	0	0	0	0	0.00275	0	0	0	0	0	0	0	0	0	0.02114	0	0	0	0	0	0	0	0	0.01102	0	0	0	0	0	0	0	0	0	0	0	0	0	0	0	0	0	0	0	0	0	0	0	0	0	0	0	0	0.01438	0	0	0	0	0	0	0	0	0	0	0	0	0	0	0	0	0	0	0	0	0	0	0	0	0	0	0	0	0	0	0	0	0	0	0	0	0	0	0	0	0	0	0	0	0	0	0	0	0	0	0	0	0	0	0	0	0	0	0	0	0	0	0	0	0	0	0	0	0	0	0	0	0	0	0	0	0	0	0	0	0	0	0	0	0	0	0	0	0	0	0	0	0
Lachnoclostridium_sp_An138	0	0	0	0	0	0	0	0	0	0	0	0	0	0	0	0	0	0	0	0	0	0	0	0	0	0	0	0	0	0	0	0	0	0	0	0	0	0	0	0	0	0.0209	0	0	0	0	0	0	0	0	0	0	0	0	0	0	0	0	0	0	0	0	0	0	0	0.00116	0	0	0	0	0	0	0	0	0	0	0	0	0	0	0	0	0	0	0	0	0	0	0	0	0	0	0	0	0	0	0	0	0.0041	0	0	0	0	0	0	0	0	0	0	0	0	0	0	0	0	0	0	0	0	0	0	0	0	0	0	0	0.00741	0	0.00131	0	0	0	0	0	0	0	0	0	0.00077	0	0	0.00232	0	0	0	0	0	0	0	0	0	0	0	0	0	0	0	0	0	0	0	0	0	0	0	0	0	0	0
GGB1345_SGB1803	0	0	0	0	0	0	0	0	0	0.02073	0	0	0	0	0	0	0	0	0	0	0	0	0	0	0	0	0	0	0	0	0	0	0	0	0	0	0	0	0	0	0	0	0	0	0	0	0	0	0	0	0	0	0	0	0	0	0	0	0	0	0	0	0	0	0	0	0	0	0	0	0	0	0	0	0	0	0	0	0	0	0	0	0	0	0	0	0	0	0	0	0	0	0	0	0	0	0	0	0	0	0	0	0	0	0	0	0	0	0	0	0	0	0	0	0	0	0	0	0	0	0	0	0	0	0	0	0	0	0	0	0	0	0	0	0	0	0	0	0	0	0	0	0	0	0	0	0	0	0	0	0	0	0	0	0	0	0	0	0	0	0	0	0	0	0	0	0	0	0
Catenibacillus_scindens	0	0	0	0	0	0	0	0.0027	0	0	0	0	0	0	0	0	0	0	0	0	0	0	0	0	0	0	0	0	0	0	0	0	0.00198	0	0	0.00017	0	0	0	0.00147	0	6e-05	0	0	0	0	0	0	0.00708	0.00159	0	0	0	0	0	0	0	0	0	0	0	0	0	0.00028	0	0	0	0.00627	0	0	0	0	0	0	0	0	0	0	0	0	0	0	0	0.00131	0	0.00358	0	0	0	0	0	0	0	0	0	0	0	0	0	0	0	0	0.0015	0	0.00463	0	0	0	0	0	9e-05	0	0	0	0	0	0	0	0	0	0.00101	0	0	0	0.01064	0	0	0	0.00539	0	0	0	0	0	0.02073	0	0.00175	0	0	0	0	0	0	0	0	0	0	0	0	0	0	0	0	0	0	0	0	0	0	0	0	0	0	0	0	0	0	0	0
Lachnoclostridium_sp_An131	0	0	0	0	0	0	0	0	0	0	0	0	0	0	0	0	0	0	0	0	0	0	0	0	0	0	0	0	0	0	0	0	0	0	0	0	0	0	0	0.00092	0	0	0	0	0	0	0	0	0	0	0	0	0	0	0	0	0	0	0	0	0.02055	0	0	5e-05	0	0	0	0	0	0	0	0	0	0	0	0	0	0	0	0	0	0	0	0	0	0.00214	0	0	0	0	0	0	0	0	0	0	0	0	0	0	0	0	0	0	0	0	0	0	0	0	0	0	0	0	0	0	0	0	0	0	0	0	0	0	0	0	0	0.00819	0	0	0	0	0	0	0	0	0	0	0	0	0	0.01984	0	0	0	0	0	0	0	0	0	0	0	0	0	0	0	0	0	0	0	0	0	0	0	0	0	0	0
Parabacteroides_sp_TM07_1AC	0	0	0	0	0	0	0	0	0	0	0	0	0	0	0	0	0	0	0	0	0	0	0.02043	0	0	0	0	0	0	0	0	0	0	0	0	0	0	0	0	0	0.00116	0	0	0	0	0	0	0	0	0	0	0	0	0	0	0	0	0	0	0	0	0	0	0	0	0	0	0	0	0	0	0	0	0	0	0	0	0	0	0	0	0	0	0	0	0	0	0	0	0	0	0	0	0	0	0	0	0	0	0	0	0	0	0	0	0	0	0	0	0	0	0	0	0	0	0	0	0	0	0	0	0	0	0	0	0	0	0	0	0	0	0	0	0	0	0	0	0	0	0	0	0	0	0	0	0	0	0	0	0	0	0	0	0	0	0	0	0	0	0	0	0	0	0	0	0	0	0	0
Limosilactobacillus_oris	0	0	0.02031	0	0	0	0	0	0	0	0	0	0	0	0	0	0	0	0	0	0	0	0	0	0	0	0	0	0	0	0	0	0	0	0.00221	0	0	0	0	0	0	0	0	0	0	0	0	0	0	0	0	0	0	0	0	0	0	0	0	0	0	0	0	0	0	0	0	0	0	0	0	0	0	0	0	0	0	0	0	0	0	0	0	0	0	0	0	0	0	0	0	0	0	0	0	0	0	0	0	0	0	0	0	0	0	0	0	0	0	0	0	0	0	0	0	0	0	0	0	0	0	0	0	0	0	0	0	0	0	0	0	0	0	0	0	0	0	0	0	0	0	0	0	0	0	0	0	0	0	0	0	0	0	0	0	0	0	0	0	0	0	0	0	0	0	0	0	0	0
Clostridium_saccharogumia	0	0	0	0	0	0	0	0	0	0	0	0	0	0	0	0	0	0	0	0	0	0	0	0	0	0	0	0	0	0	0	0	0	0	0	0	0.00067	0.02003	0	0	0	0	0	0	0	0	0	0	0	0	0	0	0	0	0	0	0	0	0	0	0	0	0	0	0	0	0	0	0	0	0.00196	0	0	0	0	0	0	0	0	0	0	0	0	0.00902	0	0	0	0	0	0	0	0	0	0	0	0	0	0	0	0	0	0	0	0.00496	0	0.00313	0	0	0	0	0	0	0	0	0	0	0	0	0	0	0	0	0	0	0	0	0	0	0	0	0	0	0	0	0	0	0	0	0	0	0	0	0	0	0	0	0	0	0	0	0	0	0	0	0	0	0	0	0	0	0	0	0	0	0	0	0	0	0
GGB33469_SGB15237	0	0	0	0	0	0	0	0	0	0	0	0	0	0	0	0	0	0	0	0	0	0	0	0	0	0	0	0	0	0	0	0	0	0	0	0	0	0	0	0	0	0	0	0	0	0	0	0	0	0	0	0	0	0	0	0	0	0	0	0	0	0	0	0.00126	0	0	0	0	0	0	0	0	0	0	0	0	0	0	0	0	0	0	0	0	0	0	0	0	0	0	0	0	0	0	0.02003	0	0	0	0	0	0	0	0	0	0	0	0	0	0	0	0.00355	0	0	0	0	0	0	0	0	0	0	0	0	0	0	0	0	0	0	0	0	0	0	0	0	0	0	0	0	0	0	0	0	0	0	0	0	0	0	0	0	0	0	0	0	0	0	0	0	0	0	0	0	0	0	0	0	0	0
Oscillospiraceae_unclassified_SGB15257	0	0	0	0	0	0	0	0	0	0	0	0	0	0	0	0	0	0	0	0	0	0	0	0	0	0	0	0	0	0	0	0	0	0	0	0	0	0	0	0	0	0	0	0	0	0	0	0	0	0	0	0	0	0	0	0	0	0	0	0	0	0	0	0	0	0	0	0	0	0	0.01012	0	0	0	0	0	0	0	0	0	0	0	0	0	0	0	0	0	0	0	0	0	0	0	0	0	0	0	0	0	0	0	0	0.02003	0	0	0	0	0	0	0.00835	0	0	0	0	0	0	0	0	0	0	0	0	0	0	0	0	0	0	0	0	0	0	0	0	0	0	0	0	0	0	0	0	0	0	0	0	0	0	0	0	0	0	0	0	0	0	0	0	0	0	0	0	0	0	0	0	0	0
TM7_phylum_sp_oral_taxon_349	0	0.00789	0.00663	0	0	0	0	0	0	0	0	0.01996	0.00041	0	0	0	0	0	0	0	0	0	0	0	0	0	0	0	0	0	0.01464	0	0	0	0.00521	0	0	0	0	0	0	0	0	0	0	0	0	0	0	0	0	0	0	0	0	0	0	0	0	0	0	0	0	0	0	0	0	0	0	0	0	0	0	0	0	0	0	0	0	0	0	0	0	0	0	0	0	0.00036	0	0	0	0	0	0	0	0	0	0	0	0	0	0	0	0	0	0	0	0	0	0	0	0	0	0	0	0	0	0	0	0	0	0	0	0	0	0	0	0	0	0	0	0	0	0	0	0	0	0	0	0	0	0	0	0	0	0	0	0	0	0	0	0	0	0	0	0	0	0	0	0	0	0	0	0	0	0	0	0	0
Firmicutes_bacterium_AM41_11	0	0	0	0	0	0	0	0	0	0	0	0	0.01989	0	0	0	0	0	0	0	0	0	0	0	0	0	0	0	0	0	0	0	0	0	0	0	0	0	0	0	0	0	0	0	0	0	0	0	0	0	0	0	0	0	0	0	0	0	0	0	0	0	0	0	0	0	0	0	0	0	0	0	0	0	0	0	0	0	0	0	0	0	0	0	0	0	0	0	0	0	0	0	0	0	0	0	0	0	0	0	0	0	0	0	0	0	0	0	0	0	0	0	0	0	0	0	0	0	0	0	0	0	0	0	0	0	0	0	0	0	0	0	0	0	0	0	0	0	0	0	0	0	0	0	0	0	0	0	0	0	0	0	0	0	0	0	0	0	0	0	0	0	0	0	0	0	0	0	0
GGB12798_SGB135773	0	0.00415	0	0	0	0	0	0	0	0	0	0.01971	0.00095	0	0	0.00968	0	0	0	0	0.01389	0	0	0	0	0	0.00759	0	0.00012	0	0	0.00874	0	0	0	0	0	0.00044	0.01086	0	0.00025	0	0.00099	0	0	0	0	0	0	0	0	0	0	0	0	0	0	0	0	0	0	0	0	0	0	0	0	0	0	0	0	0	0	0	0	0	0	0	0	0	0	0	0	0	0	0	0	0	0	0	0	0	0	0	0	0	0	0.01085	0	0.00034	0.0003	0	0	0	0	0	0	0	0	0	0.0003	0	0	0	0.00179	0	0	0	0	0	0	0	0	0	0	0	0	0	0	0	0	0	0	0	0	0	0	0	0	0	0	0	0	0	0	0	0	0	0	0	0	0	0	0	0	0	0	0	0	0	0	0	0	0	0	0	0	0	0
Schaalia_meyeri	0	0	0	0.00515	0	0	0	0	0	0	0.00637	0	0	0	0	0	0	0	0	0	0	0	0	0	0	0	0.01958	0	0	0	0	0	0	0	0	0	0	0	0	0	0	0	0	0	0	0	0	0	0	0	0	0	0	0	0	0	0	0	0	0	0	0	0	0	0	0	0	0	0	0	0	0	0	0	0	0	0	0	0	0	0	0	0	0	0	0	0	0	0	0	0	0	0	0	0	0	0	0	0	0	0	0	0	0	0	0	0	0	0	0	0	0	0	0	0	0	0	0	0	0	0	0	0	0	0	0	0	0	0	0	0	0	0	0	0	0	0	0	0	0	0	0	0	0	0	0	0	0	0	0	0	0	0	0	0	0	0	0	0	0	0	0	0	0	0	0	0	0	0
Kluyvera_sichuanensis	0	0	0	0	0	0	0	0	0	0	0	0	0	0	0	0	0	0	0	0	0	0	0	0	0.00172	0	0	0	0	0	0	0	0	0	0	0	0	0	0	0	0	0	0	0	0	0	0	0	0	0	0	0	0	0	0	0	0	0	0	0	0.00852	0	0	0	0	0	0	0	0	0	0	0	0	0	0	0.00483	0	0	0	0	0	0	0	0	0	0	0	0	0	0	0	0	0	0.01951	0	0	0	0	0	0	0	0	0	0	0	0	0	0	0	0	0	0	0	0	0	0	0	0	0.00428	4e-05	0	0	0	0	0	0	0	0	0	0	0	0	0	0	0	0	0	0	0	0.00111	0	0	0	0	0	0	0	0	0	0	0	0	0	0	0	0	0	0	0	0	0	0	0	0	0	0	0	0	0
Alistipes_SGB2302	0	0	0	0	0	0	0	0	0	0	0	0	0	0	0	0	0	0	0	0	0	0	0	0	0	0	0	0	0	0	0	0	0	0	0	0	0	0	0	0	0	0	0	0	0	0	0	0	0	0	0	0	0	0.01911	0	0	0	0	0	0	0	0	0	0	0	0	0	0	0	0	0	0	0	0	0	0	0	0	0	0	0	0	0	0	0	0	0	0	0	0	0	0	0	0	0	0	0	0	0	0	0	0	0	0	0	0	0	0	0	0	0	0	0	0	0	0	0	0	0	0	0	0	0	0	0	0	0	0	0	0	0	0	0	0	0	0	0	0	0	0	0	0	0	0	0	0	0	0	0	0	0	0	0	0	0	0	0	0	0	0	0	0	0	0	0	0	0	0	0
GGB9708_SGB15235	0	0	0	0	0	0	0	0	0	0	0	0	0	0	0	0	0	0	0	0	0	0	0	0	0	0	0	0	0	0	0	0	0	0	0	0	0	0	0	0	0	0	0	0	0	0	0	0	0	0	0	0	0	0	0	0	0	0	0	0	0	0	0	0	0	0	0	0	0	0	0	0	0	0	0	0	0	0	0	0	0	0	0	0	0	0	0	0	0	0	0	0	0	0	0.01908	0	0	0	0	0	0	0	0	0	0	0	0	0	0	0	0	0	0	0	0	0	0	0	0	0	0	0	0	0	0	0	0	0	0	0	0	0	0	0	0	0	0	0	0	0	0	0	0	0	0	0	0	0	0	0	0	0	0	0	0	0	0	0	0	0	0	0	0	0	0	0	0	0	0
GGB3606_SGB4870	0	0.00649	0	0	0	0	0	0	0	0	0	0	0	0	0	0	0	0	0	0	0	0	0	0.01546	0	0	0	0	0	0	0.01085	0	0	0	0	0	0	0	0	0	0	0	0	0	0	0	0	0	0	0	0	0	0	0	0	0	0	0	0	0	0	0	0	0	0	0	0	0	0	0	0	0	0	0	0	0	0	0	0	0	0	0	0	0	0	0	0	0	0	0	0	0	0	0	0	0	0	0	0	0	0	0	0	0	0	0	0	0	0	0	0	0	0	0	0	0	0	0	0	0	0	0	0	0	0	0	0	0	0	0	0	0	0	0	0	0	0	0	0	0	0	0	0	0	0	0	0	0	0	0	0	0	0	0	0	0	0.01907	0	0	0	0	0	0	0	0	0	0	0	0
Collinsella_bouchesdurhonensis	0	0	0	0	0	0	0	0	0	0	0	0	0	0	0	0	0	0	0	0	0	0	0	0	0	0	0	0	0	0	0	0	0	0	0	0	0.01882	0	0	0	0	0	0	0	0	0	0	0	0	0	0	0	0	0	0	0	0	0	0	0	0	0	0	0	0	0	0	0	0	0	0	0	0	0	0	0	0	0	0	0	0	0	0	0	0	0	0	0	0	0	0	0	0	0	0	0	0	0	0	0	0	0	0	0	0	0	0	0	0	0	0	0	0	0	0	0	0	0	0	0	0	0	0	0	0	0	0	0	0	0	0	0	0	0	0	0	0	0	0	0	0	0	0	0	0	0	0	0	0	0	0	0	0	0	0	0	0	0	0	0	0	0	0	0	0	0	0	0	0
GGB18456_SGB4146	0	0	0	0	0	0	0	0	0	0	0	0	0	0	0	0	0	0	0	0	0	0	0	0	0	0	0	0	0	0	0	0	0	0	0	0	0	0	0	0	0	0	0	0	0	0	0	0	0	0.00978	0	0	0	0	0	0	0	0	0	0	0	0	0	0	0	0	0	0	0	0	0	0	0	0	0	0	0	0	0	0	0	0	0	0	0	0	0	0	0	0	0	0	0	0	0	0	0	0	0	0	0	0	0	0	0	0	0	0	0	0	0	0	0	0	0	0	0	0	0	0	0	0	0	0	0	0	0	0	0	0	0	0	0	0	0	0	0	0	0	0	0	0	0	0.01863	0	0	0	0	0	0	0	0	0	0	0	0	0	0	0	0	0	0	0	0	0	0	0	0	0
Janibacter_anophelis	0	0	0	0	0	0	0	0	0	0	0	0	0	0	0	0	0	0	0	0	0	0	0	0	0	0	0	0	0	0	0	0	0	0	0	0	0	0	0	0	0	0	0	0	0	0	0	0	0	0	0	0	0	0	0	0	0	0	0	0	0	0	0	0	0	0	0	0	0	0	0	0	0	0	0	0	0	0	0	0	0	0	0	0	0	0	0	0	0	0	0	0	0	0	0	0	0	0	0	0	0	0	0	0	0	0	0	0	0	0.0185	0	0	0	0	0	0	0	0	0	0	0	0	0	0	0	0	0	0	0	0	0	0	0	0	0	0	0	0	0	0	0	0	0	0	0	0	0	0	0	0	0	0	0	0	0	0	0	0	0	0	0	0	0	0	0	0	0	0	0
GGB35597_SGB49163	0	0	0	0	0	0	0	0	0	0	0	0	0	0	0	0	0	0	0	0	0	0	0	0	0	0	0	0	0	0	0	0	0	0	0	0	0	0	0	0	0	0	0	0	0	0	0	0	0	0.01843	0	0	0	0	0	0	0	0	0	0	0	0	0	0	0	0	0	0	0	0	0	0	0	0	0	0	0	0	0	0	0	0	0	0	0	0	0	0	0	0	0	0	0	0	0	0	0	0	0	0	0	0	0	0	0	0	0	0	0	0	0	0	0	0	0	0	0	0	0	0.00257	0	0	0	0	0	0	0	0	0	0	0	0	0	0	0	0	0	0	0	0	0	0	0	0	0	0	0	0	0	0	0	0	0	0	0	0	0	0	0	0	0	0	0	0	0	0	0	0	0
GGB6546_SGB9245	0	0	0	0	0	0	0	0	0	0	0	0	0	0	0	0	0	0	0	0	0	0	0	0	0	0	0	0	0	0	0	0	0	0	0	0	0	0	0	0	0	0	0	0	0	0	0	0	0	0	0	0	0	0	0	0	0	0	0	0	0	0	0	0	0	0	0	0.01835	0	0	0	0	0	0	0	0	0	0	0	0	0	0	0	0	0	0	0	0	0	0	0	0	0	0	0	0	0	0	0	0	0	0	0	0	0	0	0	0	0	0	0	0	0	0	0	0	0	0	0	0	0	0	0	0	0	0	0	0	0	0	0	0	0	0	0	0	0	0	0	0	0	0	0	0	0	0	0	0	0	0	0	0	0	0	0	0	0	0	0	0	0	0	0	0	0	0	0	0	0
Enterococcus_casseliflavus	0	0	0	0	0	0	0	0	0	0	0	0	0	0	0	0	0	0	0	0	0	0	0	0	0.01809	0	0	0	0	0	0	0	0	0	0	0	0	0	0	0	0	0	0	0	0	0	0	0	0	0	0	0	0	0	0	0	0	0	0	0	0.00226	0	0	0	0	0	0	0	0	0	0	0	0	0	0	0	0	0	0	0	0	0	0	0	0	0	0	0	0	0	0	0	0	0.00421	0	0	0	0	0	0	0	0	0	0	0	0	0	0	0	0	0	0	0	0	0	0	0	0	0	0	0	0	0	0	0	0	0	0	0	0	0	0	0	0	0	0	0	0	0	0	0	0	0	0	0	0	0	0	0	0	0	0	0	0	0	0	0	0	0	0	0	0	0	0	0	0	0	0	0
Ralstonia_mannitolilytica	0	0.00437	0.00578	0.00082	0	0	0	0	0	0	0	0	0	0	0	0	0	0	0	0	0	0	0	0	0.00811	0.00041	0.00622	0	0.01343	0	0	0	0.00064	0	0	0	0	0.00302	0	0	0	0	0	0.00384	0.01805	0.00696	0	0	0	0	0	0	0	0	0	0	0	0	0	0	0	0	0	0	0	0	0	0	0	0	0	0	0	0	0	0	0	0	0	0	0	0	0	0	0	0	0	0	0	0	0	0	0	0	0	0	0	0	0	0	0	0	0	0	0	0	0	0	0	0	0	0	0	0	0	0	0	0	0	0	0	0	0	0	0	0	0	0	0	0	0	0	0	0	0	0	0	0	0	0	0	0	0	0	0	0	0	0	0	0	0	0	0	0	0	0	0	0	0	0	0	0	0	0	0	0	0	0	0
GGB47174_SGB65105	0	0	0	0	0	0	0	0	0	0	0	0	0	0	0	0	0	0	0	0	0	0	0	0	0	0	0	0	0	0	0	0	0	0	0	0	0	0	0	0	0	0	0	0	0	0	0	0	0	0.01792	0	0	0	0	0	0	0	0	0	0	0	0	0	0	0	0	0	0	0	0	0	0	0	0	0	0	0	0	0	0	0	0	0	0	0	0	0	0	0	0	0	0	0.00428	0	0	0	0	0	0	0	0	0	0	0	0	0	0	0	0	0	0	0	0	0	0	0	0	0	0	0	0	0	0	0	0	0	0	0	0	0	0	0	0	0	0	0	0	0	0	0	0	0	0	0	0	0	0	0	0	0	0	0	0	0	0	0	0	0	0	0	0	0	0	0	0	0	0	0	0
Clostridium_sp_D5	0	0	0.01259	0	0.00076	0	0	0	0	0	0.01789	0	0	0	0	0	0	0.00359	0	0.00533	0	0	0	0.00341	0	0	0	0	0.00092	0	0	0	0	0	0	0.00173	0	0	0	0	0	0	0	0	0	0	0	0	0	0	0	0	0	0	0	0	0	0	0	0	0	0	0	0	0	0	0	0	0	0	0	0	0	0	0	0	0	0	0	0	0	0	0	0	0	0	0	0	0	0	0	0	0	0	0	0	0.01544	0	0	0	0	0	0	0	0	0	0	0	0	0	0	0	0	0	0	0	0	0	0	0	0	0	0	0	0	0	0	0	0	0	0	0	0	0	0	0	0	0	0	0	0	0	0	0	0	0	0	0	0	0	0	0	0	0	0	0	0	0	0	0	0	0	0	0	0	0	0	0	0
Traorella_massiliensis	0	0	0	0	0	0	0	0	0	0	0	0	0	0	0	0	0	0	0	0	0	0	0	0	0	0	0	0	0	0	0	0	0	0	0	0	0	0	0	0	0	0	0	0	0	0	0	0	0	0	0	0	0	0	0	0	0	0	0	0	0	0	0	0	0	0	0	0	0	0	0	0	0	0	0	0	0	0	0	0	0	0	0	0	0	0	0	0	0	0	0	0	0	0	0	0	0	0	0	0	0	0	0	0	0	0	0	0	0	0	0.01776	0	0.00103	0	0	0	0	0	0	0	0	0	0	0	0	0	0	0	0	0	0.00069	0	0	0	0	0	0	0	0	0	0	0	0	0	0	0	0	0	0	0	0	0	0	0	0	0	0	0	0	0	0	0	0	0	0	0	0	0	0
GGB3058_SGB4060	0	0	0	0	0	0	0	0	0	0	0	0	0	0	0	0	0	0	0	0	0	0	0	0	0	0	0	0	0	0	0	0	0	0	0	0	0	0	0	0	0	0	0	0	0	0	0	0	0	0	0	0	0	0	0	0	0	0	0	0	0	0	0	0	0	0	0	0	0	0	0	0	0	0	0	0	0	0	0	0	0	0	0	0	0	0	0	0	0	0	0	0	0	0	0	0	0	0	0	0	0	0	0	0	0	0	0	0	0	0	0	0	0	0	0	0	0	0	0	0	0	0	0	0	0	0.0177	0	0	0	0	0	0	0	0	0	0	0	0	0	0	0	0	0	0	0	0	0	0	0	0	0	0	0	0	0	0	0	0	0	0	0	0	0	0	0	0	0	0	0
Sneathia_sanguinegens	0	0	0	0	0	0	0	0	0	0	0	0	0	0	0	0	0	0	0	0	0	0	0	0	0	0	0	0	0	0	0	0	0	0	0	0	0	0	0	0	0	0	0	0	0	0	0	0	0	0	0	0	0	0	0	0	0	0	0	0	0	0	0	0	0	0	0	0	0	0	0	0	0	0	0	0	0	0	0	0	0	0	0	0	0	0	0	0	0	0	0	0	0	0	0	0	0	0	0.01766	0	0	0	0	0	0	0	0	0	0	0	0	0	0	0	0	0	0	0	0	0	0	0	0	0	0	0	0	0	0	0	0	0	0	0	0	0	0	0	0	0	0	0	0	0	0	0	0	0	0	0	0	0	0	0	0	0	0	0	0	0	0	0	0	0	0	0	0	0	0
Gemella_haemolysans	0	0	0.00299	0	0	0	0	0	0.00042	0	0	0.00439	0	0	0	0	0	0	0.00114	0	0.01764	0	0	0	0	0	0.00445	0	0	0	0.00293	0	0	0	0	0	0	0	0	0	0	0	0.00537	0	0	0	0	0	0	0	0	0	0	0	0	0	0	0	0	0	0	0	0	0	0	0	0	0	0	0	0	0	0	0	0	0	0	0	0	0	0	0	0	0	0	0	0	0	0	0	0	0	0	0	0	0	0	0	0	0	0	0	0	0	0	0	0	0	0	0	0	0	0	0	0	0	0	0	0	0	0	0	0	0	0	0	0	0	0	0	0	0	0	0	0	0	0	0	0	0	0	0	0	0	0	0	0	0	0	0	0	0	0	0	0	0	0	0	0	0	0	0	0	0	0	0	0	0	0
GGB1496_SGB2073	0	0	0	0	0	0	0	0	0	0	0	0	0	0	0	0	0	0	0	0	0	0	0	0	0	0	0	0	0	0	0	0	0.00435	0	0	0	0	0	0	0	0	0	0	0	0	0	0	0	0	0	0	0	0	0	0	0	0	0	0	0	0	0	0	0	0	0	0	0	0	0	0	0	0	0	0	0	0.01762	0	0	0	0	0	0	0	0	0	0	0	0	0	0	0	0	0	0	0	0	0	0	0	0	0	0	0	0	0	0	0	0	0	0	0	0	0	0	0	0	0	0	0	0	0	0	0	0	0	0	0	0	0	0	0	0	0	0	0	0	0	0	0	0	0	0	0	0	0	0	0	0	0	0	0	0	0	0	0	0	0	0	0	0	0	0	0	0	0	0	0	0
Turicimonas_muris	0	0	0	0	0	0	0	0	0	0	0	0	0	0	0	0	0	0	0	0	0	0	0	0	0	0	0	0	0	0	0	0	0	0	0	0	0	0	0	0	0	0	0	0	0	0	0	0	0	0	0	0	0	0	0	0	0	0	0	0	0	0	0	0	0	0	0	0	0	0	0	0	0	0	0	0	0	0	0	0	0	0	0	0	0	0	0	0	0	0	0	0	0	0	0	0	0	0	0	0	0	0	0	0	0	0	0	0	0	0	0	0	0	0	0	0	0	0	0	0	0	0	0	0	0	0	0	0	0	0	0	0	0	0	0	0	0	0	0	0	0	0	0	0	0	0	0	0	0	0	0	0	0	0	0	0	0	0	0	0	0	0.01759	0	0	0	0	0	0	0
GGB9522_SGB98319	0	0	0	0	0	0	0	0	0	0	0	0	0	0	0	0	0	0	0	0	0	0	0	0	0	0	0	0	0	0	0	0	0.00519	0	0	0	0.00631	0	0	0	0	0	0	0	0	0	0	0	0	0	0	0	0	0	0	0	0	0	0	0	0	0	0	0	0	0	0	0	0	0	0	0	0	0	0	0	0	0	0	0	0	0	0	0	0	0	0	0	0	0	0	0	0	0	0	0	0	0	0	0	0	0	0	0	0	0	0	0.00589	0	0	0	0	0	0	0	0	0	0.01754	0	0	0	0	0	0	0	0	0	0	0	0	0	0	0	0	0	0	0	0	0	0	0	0	0	0	0	0	0	0	0	0	0	0	0	0	0	0	0	0	0	0	0	0	0	0	0	0	0	0	0
GGB45600_SGB15302	0	0	0.01753	0	0	0	0	0	0	0	0	0	0	0	0	0	0	0	0	0	0	0	0	0	0	0	0	0	0	0	0	0	0	0	0	0	0	0	0	0	0	0	0	0	0	0	0	0	0	0	0	0	0	0	0	0	0	0	0	0	0	0	0	0	0	0	0	0	0	0	0	0	0	0	0	0	0	0	0	0	0	0	0	0	0	0	0	0	0	0	0	0	0	0	0	0	0	0	0	0	0	0	0	0	0	0	0	0	0	0	0	0	0	0	0	0	0	0	0	0	0	0	0	0	0	0	0	0	0	0	0	0	0	0	0	0	0	0	0	0	0	0	0	0	0	0	0	0	0	0	0	0	0	0	0	0	0	0	0	0	0	0	0	0	0	0	0	0	0
Lactobacillus_iners	0	0	0	0	0	0	0	0	0	0	0	0	0	0	0	0	0	0	0	0	0	0	0	0	0	0	0	0	0	0	0	0	0	0	0	0	0	0	0	0	0	0	0	0.0175	0	0	0	0	0	0	0	0	0	0	0	0	0	0	0	0	0	0	0	0	0	0	0	0	0	0	0	0	0	0	0	0	0	0	0	0	0	0	0	0	0	0	0	0	0	0	0	0	0	0	0	0	0	0	0	0	0	0	0	0	0	0	0	0	0	0	0	0	0	0	0	0	0	0	0	0	0	0	0	0	0	0	0	0	0	0	0	0	0	0	0	0	0	0	0	0	0	0.00442	0	0	0	0	0	0	0	0	0	0	0	0	0	0	0	0	0	0	0	0	0	0	0	0	0	0	0
Anaerococcus_obesiensis	0	0	0	0	0	0	0	0	0	0	0	0	0	0	0	0	0	0	0	0	0	0	0	0	0	0	0	0	0.00804	0	0	0	0	0	0	0	0	0	0	0	0	0	0	0	0	0	0	0	0	0	0	0	0	0	0.00983	0	0	0	0	0	0	0	0	0	0	0	0	0	0	0	0	0	0	0	0	0	0	0.01718	0	0	0	0	0	0	0	0	0	0	0	0	0	0	0	0	0	0	0	0	0	0	0	0	0	0	0	0	0	0	0	0	0	0	0	0	0	0	0	0	0	0	0	0	0	0	0	0	0	0	0	0	0	0	0	0	0	0	0	0	0	0	0	0	0	0	0	0	0	0	0	0	0	0	0	0	0	0	0	0	0	0	0	0	0	0	0	0	0	0	0
Arachnia_propionica	0	0	0.01701	0.00021	0	0	0	0	0	0	0	0	0	0	0	0	0	0	0	0	0	0	0	0	0	0	0.00337	0	0.00142	0	0	0	0	0	0	0	0	0	0	0	0	0	0.00225	0.00186	0.00268	0	0	0	0	0	0	0	0	0	0	0	0	0	0	0	0	0	0	0	0	0	0	0	0	0	0	0	0	0	0	0	0	0	0	0	0	0	0	0	0	0	0	0	0	0	0	0	0	0	0	0	0	0	0	0	0	0	0	0	0	0	0	0	0	0	0	0	0	0	0	0	0	0	0	0	0	0	0	0	0	0	0	0	0	0	0	0	0	0	0	0	0	0	0	0	0	0	0	0	0	0	0	0	0	0	0	0	0	0	0	0	0	0	0	0	0	0	0	0	0	0	0	0	0
Pauljensenia_hongkongensis	0.00354	0	0	0	0	0	0	0	0	0	0	0	0	0	0	0	0	0	0	0	0.00349	0	0	0	0	0	0.01688	0	0.0004	0	0	0	0	0	0	0	0	0.00777	0	0	0	0.00101	0	0	0.0005	0.00308	0	0.00089	0.00781	0	0	0	0	0	0	0	0	0	0	0	0	0	0	0	0	0	0	0	0	0	0	0	0	0	0	0	0	0	0	0	0	0	0	0	0	0	0	0	0	0	0	0	0	0	0	0	0	0	0	0	0	0	0	0	0	0	0	0	0	0	0	0	0	0	0	0	0	0	0	0	0	0	0	0	0	0	0	0	0	0	0	0	0	0	0	0	0	0	0	0	0	0	0	0	0	0	0	0	0	0	0	0	0	0	0	0	0	0	0	0	0	0	0	0	0	0	0	0	0
Prevotella_timonensis	0	0	0	0	0	0	0	0	0	0	0	0	0	0	0	0	0	0	0	0	0	0	0	0	0	0	0	0	0	0	0	0	0	0.00217	0	0	0	0	0	0	0	0	0	0	0	0	0	0	0	0	0	0	0	0	0	0	0	0	0	0	0	0	0.00057	0	0	0	0	0	0.00244	0	0	0	0	0	0	0	0	0	0	0	0	0	0	0	0	0	0	0	0	0	0	0	0	0	0	0	0	0	0.01686	0	0	0.00085	0	0	0	0	0	0	0	0	0	0	0	0	0	0	0	0	0	0	0	0	0	0	0	0	0	0	0	0	0	0	0	0	0	0	0	0	0	0	0	0	0	0	0	0	0	0	0	0	0	0	0	0	0	0	0	0	0	0	0	0	0	0	0	0	0	0	0
Anaerofilum_hominis	0	0	0	0	0	0	0	0	0.00114	0.00107	0	0	0	0	0	0	0.00052	0	0	0	0	0	0	0	0	0	0	0	0	0	0	0	0	0	0	0.00098	0.00665	0	0	0	0	0	0	0	0	0.00252	0	0	0	0	0	0	0	0	0	0	0	0	0	0	0	0	0	0	0	0.00165	0	0.00082	0	0	0	0	0	0	0	0	0	0	0	0.00283	0	0	0	0.00052	0	0	0	0	0	0	0	0	0	0	0	0	0	0	0.00036	0.0008	0	0	0.0007	0	0	0	0	0.00266	0.00049	0	0	0	8e-05	0	0	0	0	0.00012	0.00121	0	0	0	0	0.01652	0	0	0	0	0	0	0.00135	0	0	0	0.00028	0	0	0	0.00029	0	0	0	0	0	0	0	0	0	0	0	0	0	0	0	0	0	0	0	0	0	0	0	0	0	0	0	0	0	0
Sanguibacteroides_justesenii	0	0	0	0	0	0	0	0.01302	0	0	0	0	0	0.00589	0.01644	0	0	0	0	0	0	0	0.00949	0	0	0	0	0	0	0	0	0	0	0	0	0	0	0	0	0	0	0	0	0	0	0	0	0	0	0	0	0	0	0	0	0	0	0	0	0	0	0	0	0	0	0	0	0	0	0	0	0	0	0	0	0	0	0	0	0	0	0	0	0	0	0	0	0	0	0	0	0	0	0	0	0	0	0	0	0	0	0	0	0	0	0	0	0	0	0	0	0	0	0	0	0	0	0	0	0	0	0	0	0	0	0	0	0	0	0	0	0	0	0	0	0	0	0	0	0	0	0	0	0	0	0	0	0	0	0	0	0	0	0	0	0	0	0	0	0	0	0	0	0	0	0	0	0	0
Blautia_SGB4833	0	0	0	0	0	0	0	0	0	0	0	0	0	0	0	0	0	0	0	0	0	0	0	0	0	0	0	0	0	0	0	0	0	0	0	0	0	0	0	0	0	0	0	0	0	0	0	0	0	0.0162	0	0	0	0	0	0	0	0	0	0	0	0	0	0	0	0	0	0	0	0	0	0	0	0	0	0	0	0	0	0	0	0	0	0	0	0	0	0	0	0	0	0	0	0	0	0	0	0	0	0	0	0	0	0	0	0	0	0	0	0	0	0	0	0	0	0	0	0	0	0	0	0	0	0	0	0	0	0	0	0	0	0	0	0	0	0	0	0	0	0	0	0	0	0	0	0	0	0	0	0	0	0	0	0	0	0	0	0	0	0	0	0	0	0	0	0	0	0	0
Actinomyces_johnsonii	0	0	0	0	0	0	0	0	0	0	0	0	0	0	0	0	0	0	0	0	0	0	0	0	0	0	0	0	0	0	0	0	0	0	0	0	0	0.01609	0	0	0	0	0.00923	0	0.00103	0	0.00325	0	0.00096	0	0	0	0	0	0	0	0	0	0	0	0	0	0	0	0	0	0	0	0	0	0	0	0	0	0	0	0	0	0	0	0	0	0	0	0	0	0	0	0	0	0	0	0	0	0	0	0	0	0	0	0	0	0	0	0	0	0	0	0	0	0	0	0	0	0	0	0	0	0	0	0	0	0	0	0	0	0	0	0	0	0	0	0	0	0	0	0	0	0	0	0	0	0	0	0	0	0	0	0	0	0	0	0	0	0	0	0	0	0	0	0	0	0	0	0	0	0	0	0
Solobacterium_SGB6828	0	0	0	0	0	0	0	0	0	0	0	0.00373	0	0	0	0	0	0	0	0	0	0	0	0	0.00298	0	0	0	0.00199	0	0.01607	0	0	0.01114	0	0	0	0	0	0	0	0	0	0	0	0	0	0	0	0	0	0	0	0	0	0	0	0	0	0	0	0	0	0	0	0	0	0	0	0	0	0	0	0	0	0	0	0	0	0	0	0	0	0	0	0	0	0	0	0	0	0.00874	0	0.00178	0	0	0	0	0	0	0	0	0	0	0	0	0	0	0	0	0	0	0	0	0	0	0	0	0	0.00095	0	0	0	0	0	0	0	0	0.01149	0	0	0	0	0	0	0	0	0	0	0	0	0	0	0	0	0	0	0	0	0	0	0	0	0	0	0	0	0	0	0	0	0	0	0	0	0	0	0	0
Ezakiella_coagulans	0	0	0	0.00252	0	0	0	0	0	0	0.01576	0	0	0	0	0	0	0	0	0	0	0	0	0	0	0	0	0	0	0	0	0	0	0	0	0	0	0	0	0	0	0	0	0	0	0	0	0	0	0	0	0	0	0	0	0	0	0	0	0	0	0	0	0	0	0	0	0	0	0	0	0	0	0	0	0	0	0	0	0	0	0	0	0	0	0	0	0	0	0	0	0	0	0	0	0	0	0	0	0	0	0	0	0	0	0	0.0006	0	0	0	0.00734	0	0	0	0	0	0	0	0	0	0.0053	0	0	0	0	0	0	0	0	0	0	0	0	0	0	0	0	0	0	0	0	0	0	0	0	0	0	0	0	0	0	0	0	0	0	0	0	0	0	0	0	0	0	0	0	0	0	0	0
GGB9781_SGB15402	0	0	0	0	0	0	0	0.00281	0	0	0	0	0	0	0	0	0	0	0	0	0	0	0.00023	0	0	0	0	0	0	0	0	0	0	0	0	0	0	0.00592	0	0	0	0	0	0	0	0	0	0	0	0.01571	0	0	0	0	0	0	0	0	0	0	0	0	0	0	0	0	0	0	0	0	0	0	0	0	0	0	0	0	0	0	0	0	0	0.00044	0	0	0	0	0	0	0	0	0	0	0	0	0	0	0	0	0	0	0	0	0	0	0	0	0	0	0	0	0.00216	0	0	0	0	0	0	0	0	0	0	0	0	0	0	0	0	0	0	0	0	0	0	0	0	0	0	0	0	0	0	0	0	0	0	0	0	0	0	0	0	0	0	0	0	0	0	0	0	0	0	0	0	0	0	0	0
GGB1420_SGB1957	0	0	0	0	0	0	0	0	0	0	0	0	0	0	0	0	0	0	0	0	0	0	0	0	0	0	0	0	0	0	0	0	0	0	0	0	0	0	0	0	0	0	0	0	0	0	0	0	0	0	0	0	0	0	0	0	0	0	0	0	0	0	0	0	0	0	0	0	0	0	0	0	0	0	0	0	0	0	0	0	0	0	0	0	0	0	0	0	0	0	0	0	0	0	0	0	0	0	0	0	0	0	0	0	0	0	0	0	0	0	0	0	0	0	0	0	0	0	0	0	0	0	0	0	0	0	0	0	0	0	0	0	0	0	0	0	0	0	0.00825	0	0	0	0	0	0	0	0	0	0	0.01569	0	0	0	0	0	0	0	0	0	0	0	0	0	0	0	0	0	0	0
Cardiobacterium_sp_Marseille_Q4385	0	0	0	0	0	0	0	0	0	0	0.01565	0	0	0	0	0	0	0	0	0	0	0	0	0	0	0	0	0	0	0	0	0	0	0	0	0	0	0	0	0	0	0	0	0	0	0	0	0	0	0	0	0	0	0	0	0	0	0	0	0	0	0	0	0	0	0	0	0	0	0	0	0	0	0	0	0	0	0	0	0	0	0	0	0	0	0	0	0	0	0	0	0	0	0	0	0	0	0	0	0	0	0	0	0	0	0	0	0	0	0	0	0	0	0	0	0	0	0	0	0	0	0	0	0	0	0	0	0	0	0	0	0	0	0	0	0	0	0	0	0	0	0	0	0	0	0	0	0	0	0	0	0	0	0	0	0	0	0	0	0	0	0	0	0	0	0	0	0	0
Candidatus_Saccharibacteria_unclassified_SGB19846	0	0.00418	0.01552	0	0	0.00129	0	0	0	0	0	0	0	0	0	0.0023	0	0.00402	0	0	0.00594	0	0	0	0	0.00065	0	0	0	0	0.00424	0.00864	0	0	0.00204	0	0.00045	0	0.00709	0	0.00469	0	0.00481	0	0	0	0	0	0	0	0	0	0	0	0	0	0	0	0	0	0	0	0	0	0	0	0	0	0	0	0	0	0	0	0.00108	0	0	0	0	0	0	0	0	0	0	0	0	0	0	0	0	0	0	0	0	0	0	0.00106	0	0	0	0.00284	0	0	0	0	0.0006	0	0	0	0	0	0	0	0.00054	0	0.00123	0	0	0	0	0	0	0	0	0	0	0	0	0	0	0	0	0	0	0	0	0	0	0	0	0	0	0	0	0	0	0	0	0	0	0	0	0	0	0	0	0	0	0	0	0	0	0	0	0	0	0	0
GGB9532_SGB14933	0	0	0	0	0	0	0	0	0	0	0	0	0	0	0	0	0	0	0	0	0	0	0	0	0	0	0	0	0	0	0	0	0	0	0	0	0	0	0	0	0	0	0	0	0	0	0	0	0	0	0	0	0	0	0	0	0	0	0	0	0	0	0	0	0	0	0	0	0	0	0	0	0	0	0	0	0	0	0	0.00427	0	0	0	0	0	0	0	0	0	0	0	0	0	0	0	0	0	0	0	0	0	0	0	0	0	0	0	0	0	0	0	0	0	0	0	0	0	0	0.01544	0	0	0	0	0	0	0	0	0	0	0	0	0	0	0	0	0	0	0	0	0	0	0.00244	0	0	0	0	0	0	0	0	0	0	0	0	0	0	0	0	0	0	0	0	0	0	0	0	0	0	0
GGB6521_SGB9212	0	0	0	0	0	0	0	0	0	0	0	0	0	0	0	0	0	0	0	0	0	0	0	0	0	0	0	0	0	0	0	0	0	0	0	0	0	0	0	0	0	0	0	0	0	0	0	0	0	0.01537	0	0	0	0	0	0	0	0	0	0	0	0	0	0	0	0	0	0	0	0	0	0	0	0	0	0	0	0	0	0	0	0	0	0	0	0	0	0	0	0	0	0	0	0	0	0	0	0	0	0	0	0	0	0	0	0	0	0	0	0	0	0	0	0	0	0	0	0	0	0	0	0	0	0	0	0	0	0	0	0	0	0	0	0	0	0	0	0	0	0	0	0	0	0	0	0	0	0	0	0	0	0	0	0	0	0	0	0	0	0	0	0.00362	0	0	0	0	0	0	0
Granulicatella_adiacens	0	0.00461	0.00315	0.00949	0	0.00108	0	0	0	0	0	0	0	0	0	0	0	0	0	0	0.01524	0	0	0	0	0	0.01161	0	0	0	0	0	0	0.01053	0.00865	0	0	0	0.00298	0	0	0	0	0	0.00031	0	0	0	0	0	0	0	0	0	0	0	0	0	0	0	0	0	0	0	0.00281	0	0	0	0	0	0	0	0	0	0	0	0	0	0	0	0	0	0	0	0	0	0	0	0	0	0	0	0	0	0	0	0	0	0	0	0	0	0	0	0	0	0.00982	0	0	0	0	0	0	0	0	0	0.00533	0	0	0	0	0	0	0	0	0	0	0	0	0	0	0	0	0	0	0	0	0	0	0	0	0	0	0	0	0	0	0	0	0	0	0	0	0	0	0	0	0	0	0	0	0	0	0	0	0	0	0	0
GGB9361_SGB14336	0	0	0	0	0	0	0	0	0	0	0	0	0	0	0	0	0	0	0	0	0	0	0	0	0	0	0	0	0	0	0	0	0	0	0	0	0	0	0	0	0	0	0	0	0	0	0	0	0	0	0	0	0	0	0	0	0	0	0	0	0	0	0	0	0	0	0	0	0	0	0.01049	0	0	0	0	0	0	0	0	0	0	0	0	0	0	0	0	0	0	0	0	0	0	0	0	0	0	0	0	0	0	0	0	0.01513	0.00702	0	0	0	0	0	0	0	0	0	0	0	0	0	0	0	0	0	0	0	0	0	0	0	0	0	0	0	0	0	0	0	0	0	0	0	0	0	0	0	0	0	0	0	0	0	0	0	0	0	0	0	0	0	0	0	0	0	0	0	0	0	0	0	0
Fannyhessea_vaginae	0	0	0	0	0	0	0	0	0	0	0	0	0	0	0	0	0	0	0	0	0	0	0	0	0	0	0	0	0	0	0	0	0	0	0	0	0	0	0	0	0	0	0	0	0	0	0	0	0	0	0	0	0	0	0.01484	0	0	0	0	0	0.00137	0	0	0	0	0	0	0	0	0	0	0	0	0	0	0	0	0	0	0	0	0	0	0	0	0	0	0	0	0	0	0	0	0	0	0	0	0	0	0	0	0	0	0	0	0	0	0	0	0	0	0	0	0	0	0	0	0	0	0	0	0	0	0	0	0	0	0	0	0	0	0	0	0	0	0	0	0	0	0	0	0	0	0	0	0	0	0	0	0	0	0	0	0	0	0	0	0	0	0	0	0	0	0	0	0	0	0	0
Campylobacter_concisus	0	0	0	0	0	0	0	0	0	0	0	0	0	0	0	0	0	0	0	0	0	0	0	0	0	0	0	0	0	0	0	0	0	0	0	0	0	0	0	0	0	0	0	0	0	0	0	0	0	0	0	0	0	0	0	0	0.01479	0	0	0	0	0	0	0	0	0	0	0	0	0	0	0	0	0	0	0	0	0	0	0	0	0	0	0	0	0	0	0	0	0	0	0	0	0	0	0	0	0	0	0	0	0	0	0	0	0	0	0	0	0	0	0	0	0	0	0	0	0	0	0	0	0	0	0	0	0	0	0	0	0	0	0	0	0	0	0	0	0	0	0	0	0	0	0	0	0	0	0	0	0	0	0	0	0	0	0	0	0	0	0	0	0	0	0	0	0	0	0	0
Leptotrichia_sp_oral_taxon_221	0	0	0	0	0	0	0	0	0	0	0	0	0	0	0	0	0	0	0	0	0	0	0	0	0	0	0	0	0	0	0	0	0	0	0	0	0	0	0	0	0	0	0	0	0	0	0	0	0	0	0	0	0	0	0	0	0	0	0	0	0	0	0	0	0	0	0	0	0	0	0	0	0	0	0	0	0	0	0	0	0	0	0	0	0	0	0	0	0	0	0	0	0	0	0	0	0	0	0	0	0	0	0	0	0	0	0	0	0.01478	0	0	0	0	0	0	0	0	0	0	0	0	0	0	0	0	0	0	0	0	0	0	0	0	0	0	0	0	0	0	0	0	0	0	0	0	0	0	0	0	0	0	0	0	0	0	0	0	0	0	0	0	0	0	0	0	0	0	0	0
Methanobrevibacter_oralis	0	0	0	0	0	0	0	0	0	0	0	0	0	0	0	0	0	0	0	0	0	0	0	0	0	0	0	0	0	0	0	0	0	0	0	0	0	0.01473	0	0	0	0	0	0	0	0	0	0	0	0	0	0	0	0	0	0	0	0	0	0	0	0	0	0	0	0	0	0	0	0	0	0	0	0	0	0	0	0	0	0	0	0	0	0	0	0	0	0	0	0	0	0	0	0	0	0	0	0	0	0	0	0	0	0	0	0	0	0	0	0	0	0	0	0	0	0	0	0	0	0	0	0	0	0	0	0	0	0	0	0	0	0	0	0	0	0	0	0	0	0	0	0	0	0	0	0	0	0	0	0	0	0	0	0	0	0	0	0	0	0	0	0	0	0	0	0	0	0	0
Candidatus_Saccharibacteria_bacterium_oral_taxon_955	0	0	0.01442	0	0	0	0	0	0	0	0	0	0	0	0	0	0	0	0	0	0	0	0	0.00085	0	0	0	0	0	0	0	0	0	0	0	0	0	0	0	0	0	0	0	0	0	0	0	0	0	0	0	0	0	0	0	0	0	0	0	0	0	0	0	0	0	0	0	0	0	0	0	0	0	0	0	0	0	0	0	0	0	0	0	0	0	0	0	0	0	0	0	0	0	0	0	0	0	0	0	0	0	0	0	0	0	0	0	0	0	0	0	0	0	0	0	0	0	0	0	0	0	0	0	0	0	0	0	0	0	0	0	0	0	0	0	0	0	0	0	0	0	0	0	0	0	0	0	0	0	0	0	0	0	0	0	0	0	0	0	0	0	0	0	0	0	0	0	0	0
Arachnia_SGB15899	0	0	0	0	0	0	0	0	0	0	0.00061	0	0	0	0	0	0	0	0	0	0	0	0	0	0	0	0.01425	0	0.00338	0	0	0	0	0	0	0	0	0	0	0	0	0	0.00668	0	0	0	0	0	0	0	0	0	0	0	0	0	0	0	0	0	0	0	0	0	0	0	0	0	0	0	0	0	0	0	0	0	0	0	0	0	0	0	0	0	0	0	0	0	0	0	0	0	0	0	0	0	0	0	0	0	0	0	0	0	0	0	0	0	0	0	0	0	0	0	0	0	0	0	0	0	0	0	0	0	0	0	0	0	0	0	0	0	0	0	0	0	0	0	0	0	0	0	0	0	0	0	0	0	0	0	0	0	0	0	0	0	0	0	0	0	0	0	0	0	0	0	0	0	0
GGB9185_SGB14124	0	0	0	0	0	0	0	0	0	0	0	0	0	0	0	0	0	0	0	0	0	0	0	0	0	0	0	0	0	0	0	0	0	0	0	0	0	0	0	0	0	0	0	0	0	0	0	0	0	0	0	0	0	0	0	0	0	0	0	0	0	0	0	0	0	0	0	0	0	0	0	0	0	0	0	0	0	0	0	0	0	0	0	0	0	0	0	0	0	0	0	0	0	0	0	0	0	0	0	0	0	0	0	0	0	0	0	0	0	0	0	0	0	0	0	0	0	0.01411	0	0	0	0	0	0	0	0	0	0	0	0	0	0	0	0	0	0	0	0	0	0	0	0	0	0	0	0	0	0	0	0	0	0	0	0	0	0	0	0	0	0	0	0	0	0	0	0	0	0	0
Granulicatella_SGB8239	0	0	0	0	0	0	0	0	0	0	0	0	0	0	0	0	0	0	0	0	0	0	0	0	0	0	0	0	0	0	0	0	0	0	0	0	0	0	0	0	0	0	0	0	0	0	0	0	0	0	0	0	0	0	0	0	0	0	0	0	0	0	0	0	0.01404	0	0	0	0	0	0	0	0	0	0	0	0	0	0	0	0	0	0	0	0	0	0	0	0	0	0	0	0	0	0	0	0	0	0	0	0	0	0	0	0	0	0.0093	0	0	0	0	0	0	0	0	0	0.00046	0	0	0	0	0	0	0	0	0	0	0	0	0	0	0	0	0	0	0	0	0	0	0	0	0	0	0	0	0	0	0	0	0	0	0	0	0	0	0	0	0	0	0	0	0	0	0	0	0	0	0	0
Streptococcus_sinensis	0	0.01387	0.00699	0	0	0	0	0	0	0	0	0	0	0	0	0	0	0	0	0	0	0	0	0	0	0	0	0	0.00013	0	0	0	0	0	0	0	0	0	0	0	0	0	0	0	0	0	0	0	0	0	0	0	0	0	0	0	0	0	0	0	0	0	0	0	0	0	0	0	0	0	0	0	0	0	0	0	0	0	0	0	0	0	0	0	0	0	0	0	0	0	0	0	0	0	0	0	0	0	0	0	0	0	0	0	0	0	0	0	0	0	0	0	0	0	0	0	0	0	0	0	0	0	0	0	0	0	0	0	0	0	0	0	0	0	0	0	0	0	0	0	0	0	0	0	0	0	0	0	0	0	0	0	0	0	0	0	0	0	0	0	0	0	0	0	0	0	0	0	0
Lancefieldella_rimae	0	0	0.0013	0.00159	0	0	0	0	0	0	0	0.01378	0	0	0	0	0	0	0	0	0	0	0	0	0	0	0.00793	0	0	0	0	0.00382	0	0	0.00705	0	0	0	0	0	0	0	0	0	0	0	0	0	0	0	0	0	0	0	0	0	0	0	0	0	0	0	0	0	0	0	0	0.00141	0	0	0	0	0	0	0	0	0	0	0	0	0	0	0	0	0	0	0	0	0	0	0	0	0	0	0	0	0	0	0	0	0	0	0	0	0	0	0.00089	0	0	0	0	0	0	0	0	0	0	0	0	0	0	0	0	0	0	0	0	0	0	0	0	0	0	0	0	0	0	0	0	0	0	0	0	0	0	0	0	0	0	0	0	0	0	0	0	0	0	0	0	0	0	0	0	0	0	0	0	0	0
Kosakonia_sacchari	0	0	0	0	0	0	0	0	0	0	0	0	0	0	0	0	0	0	0	0	0	0	0	0	0	0	0	0	0	0	0	0	0	0	0	0	0	0	0	0	0	0	0	0	0	0	0	0	0	0	0	0	0	0	0	0	0	0	0	0	0	0	0	0	0	0	0	0	0	0	0	0	0	0	0	0	0	0	0.0137	0	0	0	0	0	0	0	0	0	0	0	0	0	0	0	0	0	0	0	0	0	0	0	0	0	0	0	0	0	0	0	0	0	0	0	0	0	0	0	0	0	0	0	0	0	0	0	0	0	0	0	0	0	0	0	0	0	0	0	0	0	0	0	0	0	0	0	0	0	0	0	0	0	0	0	0	0	0	0	0	0	0	0	0	0	0	0	0	0	0
Parvimonas_parva	0	0	0	0	0	0	0	0	0	0	0	0	0	0	0	0	0	0	0	0	0	0	0	0	0	0	0	0	0	0	0	0	0	0	0	0	0	0	0	0	0	0	0	0	0	0	0	0	0	0	0	0	0	0	0	0	0	0	0	0	0	0	0	0	0	0	0	0	0	0	0	0	0	0	0	0	0	0	0	0	0	0	0	0	0	0	0	0	0	0	0	0	0	0	0	0	0	0	0.00378	0	0	0	0	0	0	0	0	0	0	0	0.01368	0	0	0	0	0	0	0	0	0	0	0	0	0	0	0	0	0	0	0	0	0	0	0	0	0	0	0	0	0	0	0	0	0	0	0	0	0	0	0	0	0	0	0	0	0	0	0	0	0	0	0	0	0	0	0	0	0	0
Schaalia_cardiffensis	0	0	0	0	0	0	0	0	0	0	0	0	0	0	0	0	0	0	0	0	0	0	0	0	0	0	0.00614	0	0	0	0	0	0	0	0	0	0	0.01364	0	0	0	0	0	0	0	0.00245	0	0	0	0	0	0	0	0	0	0	0	0	0	0	0	0	0	0	0	0	0	0	0	0	0	0	0	0	0	0	0	0	0	0	0	0	0	0	0	0	0	0	0	0	0	0	0	0	0	0	0	0	0	0	0	0	0	0	0	0	0	0	0	0	0	0	0	0	0	0	0	0	0	0	0	0	0	0	0	0	0	0	0	0	0	0	0	0	0	0	0	0	0	0	0	0	0	0	0	0	0	0	0	0	0	0	0	0	0	0	0	0	0	0	0	0	0	0	0	0	0	0	0
Ruminococcus_sp_OA3	0	0	0	0	0	0	0	0	0	0	0	0	0	0	0	0	0	0	0	0	0	0	0	0	0	0	0	0	0	0	0	0	0	0	0	0	0	0	0	0	0	0	0	0	0	0	0	0.01354	0	0	0	0	0	0	0	0	0	0	0	0	0	0	0	0	0	0	0	0	0	0	0	0	0	0	0	0	0	0	0	0	0	0	0	0	0	0	0	0	0	0	0	0	0	0	0	0	0	0	0	0	0	0	0	0	0	0	0	0	0	0	0	0	0	0	0	0	0	0	0	0	0	0	0	0	0	0	0	0	0	0	0	0	0	0	0	0	0	0	0	0	0	0	0	0	0	0	0	0	0	0	0	0	0	0	0	0	0	0	0	0	0	0	0	0	0	0	0	0	0
GGB12794_SGB19881	0	0.00182	0.00135	0	0	0	0	0	0	0	0	0	0	0	0	0	0	0	0	0	0.01351	0	0	0	0	0	0.00035	0	0	0	0	0	0	0	0	0	0	0	0	0	0	0	0.00469	0	0	0	0	0	0	0	0	0	0	0	0	0	0	0	0	0	0	0	0	0	0	0	0	0	0	0	0	0	0	0	0	0	0	0	0	0	0	0	0	0	0	0	0	0	0	0	0	0	0	0	0	0	0	0.00624	0	0	0	0	0	0	0	0	0	0	0	0	0	0	0	0	0	0	0	0	0	0	0	0	0	0	0	0	0	0	0	0	0	0	0	0	0	0	0	0	0	0	0	0	0	0	0	0	0	0	0	0	0	0	0	0	0	0	0	0	0	0	0	0	0	0	0	0	0	0	0
Schaalia_turicensis	0	0	0	0	0	0	0	0	0	0	0	0.0134	0	0	0	0	0	0	0	0	0	0	0	0	0	0	0	0	0	0	0	0	0	0	0	0	0	0.00372	0	0	0	0	0	0	0	0	0	0	0	0	0	0	0	0	0	0	0	0	0	0	0	0	0	0	0	0	0	0	0	0	0	0	0	0	0	0	0	0	0	0	0	0	0	0	0	0	0	0	0	0	0	0	0	0	0	0	0	0	0	0	0	0.0005	0	0	0	0	0	0	0	0	0.00205	0	0	0	0	0	0	0	0	0	0	0	0	0	0	0	0	0	0	0	0	0	0	0	0	0	0	0	0	0	0	0	0	0	0	0	0	0	0	0	0	0	0	0	0	0	0	0	0	0	0	0	0	0	0	0	0	0	0
GGB9239_SGB14181	0	0	0	0	0	0	0	0	0	0	0	0	0	0	0	0	0	0	0	0	0	0	0	0	0	0	0	0	0	0	0	0	0	0	0	0	0	0	0	0	0	0	0	0	0	0	0	0	0	0	0	0	0	0	0	0	0	0	0	0	0	0	0	0	0	0	0	0	0	0	0	0	0	0	0	0	0	0	0	0	0	0	0	0	0	0	0	0	0	0	0	0	0	0	0.00457	0	0	0	0	0	0	0	0	0	0	0	0	0	0	0	0	0	0.00801	0	0	0	0	0	0	0	0	0	0	0.01313	0	0	0	0	0	0	0	0	0	0	0.01334	0	0	0	0	0	0	0	0	0	0	0	0	0	0	0	0	0	0	0	0	0	0	0	0	0	0	0	0	0	0	0	0	0	0
Tractidigestivibacter_SGB14390	0	0	0	0	0	0	0	0	0	0	0	0	0	0	0	0	0	0	0	0	0	0	0	0	0	0	0	0	0	0	0	0	0	0	0	0	0	0	0	0	0	0	0	0	0	0	0	0	0	0	0	0	0	0	0	0	0	0	0	0	0	0	0	0	0	0	0	0	0	0	0	0	0	0	0	0	0	0	0	0	0	0	0	0	0	0	0	0	0	0	0	0	0	0	0	0	0	0	0	0	0	0	0	0	0	0	0	0	0	0	0	0	0	0	0	0	0	0	0	0	0	0	0	0	0	0	0	0	0.01332	0	0	0	0	0	0	0	0	0	0	0	0	0	0	0	0	0	0	0	0	0	0	0	0	0	0	0	0	0	0	0	0	0	0	0	0	0	0	0	0
Ezakiella_SGB6726	0	0	0	0	0	0	0	0	0	0	0	0	0	0	0	0	0	0	0	0	0	0	0.00467	0	0	0	0	0	0	0	0	0	0	0	0	0	0	0	0	0	0	0	0	0	0	0	0	0	0	0	0	0	0	0	0.00573	0	0	0	0	0	0	0	0	0	0	0	0	0	0.01331	0	0	0	0	0	0	0	0	0	0	0	0	0	0	0	0	0	0	0	0	0	0	0	0	0	0	0	0	0	0	0	0	0	0	0	0	0	0	0	0	0	0	0	0	0	0	0	0	0	0	0	0	0	0	0	0	0	0	0	0	0	0	0	0	0	0	0	0	0	0	0	0	0	0	0	0	0	0	0	0	0	0	0	0	0	0	0	0	0	0	0	0	0	0	0	0	0	0	0	0
GGB9537_SGB14940	0	0	0	0	0	0	0	0	0	0.00719	0	0	0	0.00868	0.0102	0	0	0	0	0	0	0	0.01227	0	0	0	0	0	0	0	0	0	0	0	0	0.01326	0	0	0	0	0	0	0	0	0	0.00286	0	0	0	0	0	0	0	0	0	0	0	0	0	0	0	0	0	0	0	0	0	0	0	0	0	0	0	0	0	0	0	0	0	0	0	0	0	0	0	0.00024	0	0	0	0	0	0	0	0	0	0	0	0	0.00775	0	0	0	0	0	0	0	0	0.00027	0	0	0	0	0	0	0	0	0	0	0	0	0.00024	0	0	0	0	0	0	0	0	0	0	0	0	0	0	0	0	0	0	0	0	0	0	0	0	0	0	0	0	0.00553	0	0	0	0	0	0	0	0	0	0	0	0	0	0	0	0	0	0	0
GGB9786_SGB63164	0	0	0	0	0	0	0	0	0	0	0	0	0	0.01324	0.01105	0	0	0	0	0	0	0	0	0	0	0	0	0	0	0	0	0	0	0	0	0	0.00301	0	0	0	0	0	0	0	0	0	0	0	0	0	0	0	0	0	0	0	0	0	0	0	0	0	0	0	0	0	0	0	0	0	0	0	0	0	0	0	0	0	0	0	0	0	0	0	0	0	0	0	0	0	0	0	0	0	0	0	0	0	0	0	0	0	0	0	0	0	0	0	0	0	0	0	0	0	0	0	0	0	0	0	0	0	0	0	0	0	0	0	0	0	0	0	0	0	0	0	0	0	0	0	0	0	0	0	0	0	0	0	0	0	0	0	0	0	0	0	0	0	0	0	0	0	0	0	0	0	0	0	0
Gemmiger_SGB72777	0	0	0	0	0	0	0	0	0	0	0	0	0	0	0	0	0	0	0	0	0	0	0	0	0	0	0	0	0	0	0	0	0	0	0	0	0	0	0	0	0	0	0	0.0132	0	0	0	0	0	0	0	0	0	0	0	0	0	0	0	0	0	0	0	0	0	0	0	0	0	0	0	0	0	0	0	0	0	0	0	0	0	0	0	0	0	0	0	0	0	0	0	0	0	0	0	0	0	0	0	0	0	0	0	0	0	0	0	0	0	0	0	0	0	0	0	0	0	0	0	0	0	0	0	0	0	0	0	0	0	0	0	0	0	0	0	0	0	0	0	0	0	0	0	0	0	0	0	0	0	0	0	0	0	0	0	0	0	0	0	0	0	0	0	0	0	0	0	0	0
GGB84348_SGB119979	0	0	0	0	0	0	0	0	0	0	0	0	0	0	0	0	0	0	0	0	0	0	0	0	0	0	0	0	0	0	0	0	0	0	0	0.01317	0	0	0	0	0	0	0	0	0	0	0	0	0	0	0	0	0	0	0	0	0	0	0	0	0	0	0	0	0	0	0	0	0	0	0	0	0	0	0	0	0	0	0	0	0	0	0	0	0	0	0	0	0	0	0	0	0	0	0	0	0	0	0	0	0	0	0	0	0	0	0	0	0	0	0	0	0	0	0	0	0	0	0	0	0	0	0	0	0	0	0	0	0	0	0	0	0	0	0	0	0	0	0	0	0	0	0	0	0	0	0	0	0	0	0	0	0	0	0	0	0	0	0	0	0	0	0	0	0	0	0	0	0
GGB1566_SGB2153	0	0	0	0	0	0	0	0	0	0	0	0	0	0	0	0	0	0	0	0	0	0	0	0	0	0	0	0	0	0	0	0	0	0	0	0	0	0	0	0	0	0	0	0	0	0	0	0	0	0	0	0	0	0.01317	0	0	0	0	0	0	0	0	0	0	0	0	0	0	0	0	0	0	0	0	0	0	0	0	0	0	0	0	0	0	0	0	0	0	0	0	0	0	0	0	0	0	0	0	0	0	0	0	0	0	0	0	0	0	0	0	0	0	0	0	0	0	0	0	0	0	0	0	0	0	0	0	0	0	0	0	0	0	0	0	0	0	0	0	0	0	0	0	0	0	0	0	0	0	0	0	0	0	0	0	0	0	0	0	0	0	0	0	0	0	0	0	0	0	0
Blautia_SGB59878	0	0	0	0.01293	0	0	0	0	0	0	0	0	0	0	0	0	0	0	0	0	0	0	0	0	0	0	0	0	0	0	0	0	0	0	0	0	0	0	0	0	0	0	0	0	0	0	0	0	0	0	0	0	0	0	0	0	0	0	0	0	0	0	0	0	0	0	0	0	0	0	0	0	0	0	0	0	0	0	0	0	0	0	0	0	0	0	0	0	0	0	0	0	0	0	0	0	0	0	0	0	0	0	0	0	0	0	0	0	0	0	0	0	0	0	0	0	0	0	0	0	0	0	0	0	0	0	0	0	0	0	0	0	0	0	0	0	0	0	0	0	0	0	0	0	0	0	0	0	0	0	0	0	0	0	0	0	0	0	0	0	0	0	0	0	0	0	0	0	0
Clostridium_transplantifaecale	0.00023	0	0	0	0	0	0	0	0	0	0	0	0	0	0	0	0	0	0	0	0	0	0	0	0	0	0	0	0	0	0	0	0	0	0	0	0	0	0	0	0	0	0	0	0	0	0	0	0	0	0	0	0	0	0	0	0	0	0.00256	0	0.0006	0	0	0	0	0	0	0	0	0	0	0	0	0	0	0	0	0	0	0	0	0	0	0	0.00057	0	0.00055	0	0	0	0	0	0	0	0	0	0	0	0	0	0	0	0.00011	0	0	0	0	0	0	0	0	0	0	0	0	0	0	0	0	0	0	0	0	0	0	0	0	0	0	0	0	0	0	0	0	0	0	0	0.0037	0	0	0.01289	0	0	0	0	0	0	0.00161	0	0	0	0	0.0005	0	0	0	0	0	0	0	0	0	0	0	0	0	0	0
GGB9574_SGB14987	0	0	0	0	0	0	0	0	0	0	0	0	0	0	0	0.00263	0	0	0	0	0	0	0	0	0	0	0	0	0	0	0	0	0	0	0	0	0	0	0	0	0	0	0	0	0	0	0	0	0	0	0	0	0	0	0	0	0	0	0	0	0	0	0	0	0	0	0	0	0	0	0	0	0	0	0	0	0	0	0	0	0	0.0004	0	0	0	0	0.00151	0	0.0064	0	0	0	0	0	0	0	0	0	0	0	0	0	0	0	0	0	0	0	0	0	0	0	0	0.01283	0	0	0	0	0	0	0	0	0	0	0	0	0	0	0	0	0	0	0	0	0	0	0	0	0	0	0	0	0	0	0	0	0	0	0	0	0	0	0	0	0	0	0	0	0	0	0	0	0	0	0	0	0	0	0
GGB9101_SGB14033	0	0	0	0	0	0	0	0	0	0	0	0	0	0	0	0	0	0	0	0	0	0	0	0	0	0	0	0	0	0	0	0	0	0	0	0	0	0	0	0	0	0	0	0	0	0	0	0	0	0	0	0	0	0	0	0	0	0	0	0	0	0	0	0	0	0	0	0	0	0	0	0	0	0	0	0	0	0	0	0	0	0	0	0	0	0	0	0	0	0	0	0	0	0	0	0	0	0	0	0	0	0	0	0	0	0	0	0	0	0	0	0	0	0	0	0	0	0	0	0	0	0	0.01099	0	0	0	0	0	0	0	0	0	0	0	0	0	0	0	0	0	0	0	0	0	0	0	0	0	0	0.01279	0	0	0	0	0	0	0	0	0	0	0	0	0	0	0	0	0	0	0
GGB9551_SGB14958	0	0	0	0	0	0	0	0	0	0	0	0	0	0	0	0	0	0	0	0	0	0	0	0	0	0	0	0	0	0	0	0	0	0	0	0	0	0	0	0	0	0	0	0	0	0	0	0	0	0	0	0	0	0	0	0	0	0	0	0	0	0	0	0	0	0	0	0	0	0	0	0	0	0	0	0	0	0	0	0	0	0	0	0	0	0	0	0	0	0.0127	0	0	0	0	0	0	0	0	0	0	0	0	0	0	0	0	0	0	0	0	0	0	0	0	0	0	0	0	0	0	0	0	0	0	0	0	0	0	0	0	0	0	0	0	0	0	0	0	0	0	0	0	0	0	0	0	0	0	0	0	0	0	0	0	0	0	0	0	0	0	0	0	0	0	0	0	0	0	0
GGB4541_SGB6262	0	0	0	0	0	0	0	0	0	0	0	0	0	0	0	0	0	0	0	0	0	0	0	0	0	0	0	0	0	0	0	0	0	0	0	0	0	0	0	0	0	0	0	0	0	0	0	0	0	0.01257	0	0	0	0	0	0	0	0	0	0	0	0	0	0	0	0	0	0	0	0	0	0	0	0	0	0	0	0	0	0	0	0	0	0	0	0	0	0	0	0	0	0	0	0	0	0	0	0	0	0	0	0	0	0	0	0	0	0	0	0	0	0	0	0	0	0	0	0	0	0	0	0	0	0	0	0	0	0	0	0	0	0	0	0	0	0	0	0	0	0	0	0	0	0	0	0	0	0	0	0	0	0	0	0	0	0	0	0	0	0	0	0	0	0	0	0	0	0	0
Clostridium_disporicum	0	0	0	0	0	0	0	0	0	0	0	0	0	0	0	0	0	0	0	0	0	0	0	0	0	0	0	0	0	0	0	0	0	0	0	0	0	0	0	0	0	0	0	0	0	0	0	0	0	0	0	0	0	0	0	0	0.01241	0	0	0	0	0	0	0	0	0	0	0	0	0	0	0	0	0	0	0	0	0	0	0	0	0	0	0	0	0	0.00291	0	0	0	0	0	0	0	0	0	0	0	0	0	0	0	0	0	0	0	0	0	0	0	0	0	0	0	0	0	0	0	0	0	0	0	0	0	0	0	0	0	0	0	0	0	0	0	0	0	0	0	0	0	0	0	0	0	0	0	0	0	0	0	0	0	0	0	0	0	0	0	0	0	0	0	0	0	0	0	0	0	0
Lactococcus_garvieae	0	0	0.00245	0	0	0	0	0	0	0	0	0	0	0	0	0	0	0	0	0	0	0	0	0	0	0	0	0	0	0	0	0	0	0	0	0	0	0	0	0	0	0	0	0	0	0	0.01236	0	0	0	0	0	0	0	0	0	0	0	0	0	0	0	0	0	0	0	0	0	0	0	0	0	0	0	0	0	0	0	0	0	0	0	0	0	0	0	0	0	0	0	0	0	0	0	0	0	0	0	0	0	0	0	0	0	0	0	0	0	0	0	0	0	0	0	0	0	0	0	0	0	0	0	0	0	0	0	0	0	0	0	0	0	0	0	0	0	0	0	0	0	0	0	0	0	0	0	0	0	0	0	0	0	0	0	0	0	0	0	0	0	0	0	0	0	0	0	0	0	0
Arachnia_SGB15898	0	0.00298	0	0	0	0	0	0	0	0	0	0	0	0	0	0	0	0	0	0	0	0	0	0	0	0	0	0	0	0	0	0	0	0	0	0	0	0	0.00239	0	0	0	0.00403	0.00329	0.00393	0	0	0	0.01228	0	0	0	0	0	0	0	0	0	0	0	0	0	0	0	0	0	0	0	0	0	0	0	0	0	0	0	0	0	0	0	0	0	0	0	0	0	0	0	0	0	0	0	0	0	0	0	0	0	0	0	0	0	0	0	0	0	0	0	0	0	0	0	0	0	0	0	0	0	0	0	0	0	0	0	0	0	0	0	0	0	0	0	0	0	0	0	0	0	0	0	0	0	0	0	0	0	0	0	0	0	0	0	0	0	0	0	0	0	0	0	0	0	0	0	0	0	0	0	0
Parabacteroides_chinchillae	0	0	0	0	0	0	0	0	0	0	0	0	0	0	0	0	0	0	0	0	0	0	0.00291	0	0	0	0	0	0	0	0	0	0	0	0	0	0	0	0	0	0	0.01215	0	0	0	0	0	0	0	0	0	0	0	0	0	0	0	0	0	0	0	0	0	0	0	0	0	0	0	0	0	0	0	0	0	0	0	0	0	0	0	0	0	0	0	0	0	0	0	0	0	0	0	0	0	0	0	0	0	0	0	0	0	0	0	0	0	0	0	0	0	0	0	0	0	0	0	0	0	0	0	0	0	0	0	0	0	0	0	0	0	0	0	0	0	0	0	0	0	0	0	0	0	0	0	0.00426	0	0	0	0	0	0	0	0	0	0	0	0	0	0	0	0	0	0	0	0	0	0	0
GGB9539_SGB14942	0	0	0	0	0	0	0	0	0	0	0	0	0	0	0	0	0	0	0	0	0	0	0	0	0	0	0	0	0	0	0	0	0	0	0	0	0	0	0	0	0	0	0	0	0	0	0	0	0	0	0	0	0	0	0	0	0	0	0	0	0	0	0	0	0	0	0	0	0	0	0	0	0	0	0	0	0	0	0	0	0	0	0	0	0.01209	0	0	0	0	0	0	0	0	0	0	0	0	0	0	0	0	0	0	0	0	0	0	0	0	0	0	0	0	0	0	0	0	0	0	0	0	0	0	0	0	0	0	0	0	0	0	0	0	0	0	0	0	0	0	0	0	0	0	0	0	0	0	0	0	0	0	0	0	0	0	0	0	0	0	0	0	0	0	0	0	0	0	0	0
GGB9582_SGB15001	0	0	0	0	0	0	0	0	0	0	0	0	0	0	0	0	0	0	0	0	0	0	0	0	0	0	0	0	0	0	0	0	0	0	0	0	0	0	0	0	0	0	0	0	0	0	0	0	0	0	0	0	0	0	0	0	0	0	0	0	0	0	0	0	0	0	0	0	0	0	0	0	0	0	0	0	0	0	0	0	0	0	0	0	0	0	0	0	0	0	0	0	0	0	0	0	0	0	0	0	0	0	0	0	0	0	0	0	0	0	0	0	0	0	0	0	0	0	0	0	0	0	0	0	0.01206	0	0	0	0	0	0	0	0	0	0	0	0	0	0	0	0	0	0	0	0	0	0	0	0	0	0	0	0	0	0	0	0	0	0	0	0	0	0	0	0	0	0	0	0
GGB9618_SGB15064	0	0	0	0	0	0	0	0	0	0	0	0	0	0	0	0	0	0	0	0	0	0	0	0	0	0	0	0	0	0	0	0	0	0	0	0	0	0	0	0	0	0	0	0	0	0	0	0	0	0	0	0	0	0	0	0	0	0	0	0	0	0	0	0	0	0	0	0	0	0	0.01196	0	0	0	0	0	0	0	0	0	0	0	0	0	0	0	0	0	0	0	0	0	0	0	0	0	0	0	0	0	0	0	0	0.00354	0	0	0	0	0	0	0	0	0	0	0	0	0	0	0	0.00139	0	0	0	0	0	0	0	0	0	0	0	0	0	0	0	0	0	0	0	0	0	0	0	0	0	0	0	0	0	0	0	0	0	0	0	0	0	0	0	0	0	0	0	0	0	0	0	0	0
Ellagibacter_isourolithinifaciens	0	0	0	0	0	0	0	0	0	0	0	0	0	0	0	0	0	0	0	0	0	0	0	0	0	0	0	0	0	0	0	0	0	0	0	0	0	0	0	0	0	0	0	0	0	0	0	0	0	0	0	0	0	0	0	0	0	0	0	0	0	0	0	0	0	0	0	0	0	0	0	0	0	0	0	0	0	0	0	0	0	0	0	0	0	0	0	0	0	0	0	0	0	0	0	0	0	0	0	0	0	0	0	0	0	0	0.01195	0	0	0	0	0	0	0	0	0	0	0	0	0	0	0	0	0	0	0	0	0	0	0	0	0	0	0	0	0	0	0	0	0	0	0	0	0	0	0	0	0	0	0	0	0	0	0	0	0	0	0	0	0	0	0	0	0	0	0	0	0	0
GGB33247_SGB47403	0	0	0	0	0	0	0	0	0	0	0	0	0	0	0	0	0	0	0	0	0	0	0	0	0	0	0	0	0	0	0	0	0	0	0	0	0	0	0	0	0	0	0	0	0	0	0	0	0	0	0	0.0006	0	0	0	0	0	0	0	0	0	0	0	0	0	0	0	0	0	0	0	0	0	0	0	0	0	0	0	0	0	0	0	0	0	0	0	0	0	0	0	0	0	0	0	0	0	0	0	0	0	0	0	0	0	0	0	0	0	0.01187	0	0	0	0	0	0	0	0	0	0	0	0	0	0	0	0	0	0	0	0	0	0	0	0	0	0	0	0	0	0	0	0	0	0	0	0	0	0	0	0	0	0	0	0	0	0	0	0	0	0	0	0	0	0	0	0	0	0	0
Bariatricus_massiliensis	0	0	0	0	0	0	0	0	0	0	0	0	0	0	0	0	0	0	0	0	0	0	0.00179	0	0	0	0	0	0	0	0	0.01177	0	0	0	0	0	0	0	0	0	0	0	0	0	0	0	0	0	0	0	0	0	0	0	0	0	0	0	0	0	0	0	0	0	0	0	0	0	0	0	0	0	0	0	0	0	0	0	0	0	0	0	0	0	0	0	0	0	0	0	0	0	0	0	0	0	0	0	0	0	0	0	0	0	0	0	0	0	0	0	0	0	0	0	0	0	0	0	0	0	0	0	0	0	0	0	0	0	0	0	0	0	0	0	0	0	0	0	0	0	0	0	0	0	0	0	0	0	0	0	0	0	0	0	0	0	0	0	0	0	0	0	0	0	0	0	0	0
Escherichia_marmotae	0	0	0	0	0	0	0	0	0	0	0	0	0	0	0	0	0	0	0	0	0	0	0.01175	0	0	0	0	0	0	0	0	0	0	0	0	0	0	0	0	0	0	0	0	0	0	0	0	0	0	0	0	0	0	0	0	0	0	0	0	0	0	0	0	0	0	0	0	0	0	0	0	0	0	0	0	0	0	0	0	0	0	0	0	0	0	0	0	0	0	0	0	0	0	0	0	0	0	0	0	0	0	0	0	0	0	0	0	0	0	0	0	0	0	0	0	0	0	0	0	0	0	0	0	0	0	0	0	0	0	0	0	0	0	0	0	0	0	0	0	0	0	0	0	0	0	0	0	0	0	0	0	0	0	0	0	0	0	0	0	0	0	0	0	0	0	0	0	0	0
Limosilactobacillus_pontis	0	0	0	0	0	0	0	0	0	0	0	0	0	0	0	0	0	0	0	0	0	0	0	0	0	0	0	0	0	0	0	0	0	0	0	0	0	0	0	0	0	0	0	0	0	0	0	0	0	0	0	0	0	0	0	0	0	0	0	0	0	0	0	0	0	0	0	0	0	0	0	0	0	0	0	0	0	0	0	0	0	0	0	0	0	0	0.01175	0	0	0	0	0	0	0	0	0	0	0	0	0	0	0	0	0	0	0	0	0	0	0	0	0	0	0	0	0	0	0	0	0	0	0	0	0	0	0	0	0	0	0	0	0	0	0	0	0	0	0	0	0	0	0	0	0	0	0	0	0	0	0	0	0	0	0	0	0	0	0	0	0	0	0	0	0	0	0	0	0	0
Youxingia_wuxianensis	0	0	0	0	0	0	0	0	0	0	0	0	0	0.01042	0.01164	0	0	0	0	0	0	0	0	0	0	0	0	0	0	0	0	0	0	0	0	0	0.00539	0	0	0	0	0	0	0	0	0	0	0	0	0	0	0	0	0	0	0	0	0	0	0	0	0	0	0	0	0	0	0	0	0	0	0	0	0	0	0	0	0	0	0.0063	0	0	0	0	0	0	0	0	0	0.00103	0	0	0	0	0.0002	0.00286	0	0	0.00141	0	0	0	0	0	0.01119	0	0	0	0.00092	0	0	0	0	0	0	0	0	0	0	2e-05	0	0	0.00746	0	0.00436	0.00179	0	0.00413	0	0	0.00736	0	0	0	0	0	0.00123	0	0.00059	0	0	0	0	0	0	0	0	0	0	0	0	0	0	0	0	0	0	0.01171	0	0	0	0	0	0	0	0	0	0	0
Blautia_sp_Marseille_P3201T	0	0	0	0	0	0	0	0	0	0	0	0	0	0	0	0	0	0	0	0	0	0	0	0	0	0	0	0	0.01166	0	0	0	0	0	0	0	0	0	0	0	0	0	0	0	0	0	0	0	0	0	0	0	0	0	0	0	0	0	0	0	0	0	0	0	0	0	0	0	0	0	0	0	0	0	0	0	0	0	0	0	0	0	0	0	0	0	0	0	0	0	0	0	0	0	0	0	0	0	0	0	0	0	0	0	0	0	0	0	0	0	0	0	0	0	0	0	0	0	0	0	0	0	0	0	0	0	0	0	0	0	0	0	0	0	0	0	0	0	0	0	0	0	0	0	0	0	0	0	0	0	0	0	0	0	0	0	0	0	0	0	0	0	0	0	0	0	0	0	0
GGB9781_SGB66170	0	0	0	0	0	0	0	0	0	0	0	0	0	0.0018	0	0	0	0	0	0	0	0	0	0	0	0	0	0	0	0	0	0	0	0	0	0	0	0	0	0.00057	0	0	0	0	0	0	0	0	0	0.01152	0	0	0	0	0	0	0	0	0	0	0	0	0	0	0	0	0	0	0	0	0	0	0	0	0	0	0	0	0	0	0	0	0	0	0	0	0	0	0	0	0	0	0	0	0	0	0	0	0	0	0	0	0	0	0	0	0	0	0	0	0	0	0.00179	0	0	0	0	0	0	0.0027	0	0	0	0	0	0	0	0.00067	0	0	0.00056	0	0	0	0	0	0	0	0	0	0	0	0	0	0	0	0	0	0	0	0	0	0	0	0	0	0	0	0	0	0	0	0	0	0	0	0	0	0
Citrobacter_braakii	0	0	0	0	0	0	0	0	0	0	0	0	0	0	0	0	0	0	0	0	0	0	0	0	0	0	0	0	0	0	0	0	0	0	0	0	0	0	0	0	0	0	0	0	0	0	0	0	0	0	0	0	0	0	0	0	0	0	0	0	0	0	0	0	0	0	0	0	0	0	0	0	0	0	0	0.0016	0	0	0	0	0	0	0	0	0	0	0	0	0	0	0	0	0	0	0	0	0	0	0	0	0	0	0	0	0	0	0	0	0	0	0	0	0	0	0	0	0	0	0	0	0	0	0	0	0	0	0	0	0	0	0	0	0	0	0	0	0	0	0	0.01116	0	0	0.00052	0	0	0	0	0	0.0087	0	0	0	0	0	0	0	0	0	0	0	0	0	0	0	0	0	0	0	0
Sarcina_ventriculi	0	0	0	0	0	0	0	0	0	0	0	0	0	0	0	0	0	0	0	0	0	0	0	0	0	0	0	0	0	0	0	0	0	0	0	0	0	0	0	0	0	0	0	0	0	0	0	0	0	0	0	0	0	0	0	0	0	0	0	0	0	0	0	0	0	0	0	0	0	0	0	0	0	0	0	0	0	0	0	0	0	0	0	0	0	0	0	0	0	0	0	0	0	0	0	0	0	0	0	0	0	0	0	0	0	0	0	0	0	0.01115	0	0	0	0	0	0	0	0	0	0	0	0	0	0	0	0	0	0	0	0	0	0	0	0	0	0	0	0	0	0	0	0	0	0	0	0	0	0	0	0	0	0	0	0	0	0	0	0	0	0	0	0	0	0	0	0	0	0	0
Solobacterium_SGB6834	0	0	0	0	0	0	0	0	0	0	0	0	0	0	0	0	0	0	0	0	0	0	0	0	0	0	0	0	0.00543	0	0	0	0	0	0	0	0	0	0	0	0	0	0.00308	0	0	0	0	0	0	0	0	0	0	0	0	0	0	0	0	0	0	0	0	0	0.01092	0	0	0	0	0	0	0	0	0.00527	0	0	0.00211	0	0	0	0.00995	0	0	0	0	0	0	0.00462	0	0	0	0	0	0.00257	0.00296	0	0.00163	0.00633	0	0	0	0.00661	0	0	0	0.00257	0.00547	0	0	0	0	0	0.01104	0	0.0031	0.00096	0.00733	0	0	0.00115	0	0	0	0	0	0	0	0	0	0.00293	0.00353	0	0	0	0	0	0	0.0029	0	0	0	0	0	0	0	0	0	0	0	0	0	0	0	0	0	0	0	0	0	0	0	0	0	0	0	0	0	0	0
GGB3816_SGB5181	0	0	0	0	0	0	0	0	0	0	0	0	0	0	0	0	0	0	0	0	0	0	0	0	0	0	0	0	0	0	0	0	0	0	0	0	0	0	0	0	0	0	0	0	0	0	0	0	0	0	0	0	0	0	0	0	0	0	0	0	0	0	0	0	0	0	0	0	0	0	0	0	0	0	0	0	0	0	0	0	0	0	0	0	0	0	0	0	0	0.00061	0	0	0	0	0	0	0	0	0	0	0	0	0	0	0	0	0	0	0	0	0	0	0	0	0	0	0	0	0	0	0.01102	0	0	0	0	0	0	0	0	0	0	0	0	0	0	0	0	0	0	0	0	0	0	0	0	0	0	0	0	0	0	0	0	0	0	0	0	0	0	0	0	0	0	0	0	0	0	0	0
Peptostreptococcus_anaerobius	0	0	0	0	0	0	0	0	0	0	0	0	0	0	0	0	0	0	0	0	0	0	0	0	0	0	0	0	0.00472	0	0	0	0	0	0	0	0	0	0	0	0	0	0	0	0	0	0	0	0	0	0	0	0	0	0	0	0	0	0	0	0	0	0	0	0	0	0	0	0	0	0	0	0	0	0	0	0	0.00176	0	0	0	0	0	0	0	0	0	0	0	0	0	0	0	0	0	0	0	0	0	0	0	0	0	0	0	0	0	0	0	0	0	0	0	0	0	0	0	0	0	0	0	0	0	0	0.01102	0	0	0	0	0	0	0	0	0	0	0	0	0	0	0	0	0	0	0	0	0	0	0	0	0	0	0	0	0	0	0	0	0	0	0	0	0	0	0	0	0	0	0	0
Christensenella_timonensis	0	0	0	0	0	0	0	0	0	0	0	0	0	0.00164	0.0008	0	0	0	0	0	0	0	0.011	0	0	0	0	0	0	0	0	0	0	0	0	0	0	0	0	0	0	0.00361	0	0	0	0	0	0	0	0	0	0	0	0	0	0	0	0	0	0	0	0	0	7e-05	0	0	0	0	0	0	0	0	0	0	0	0	0	0	0	0	0	0	0	0	0	0.00034	0	0	0	0	0	0	0	0	0	0	0	0	0	0	0	0	0	0	0	0	0	0	0	0	0	0	0.00039	0	0	0	0	0	0	0.00011	0	0	0	0	0	0	0	0	0	0	0	0	0	0	0	0	0	0	0	0	0	0	0	0	0	0	0	0	0	0	0	0	0	0	0	0	0	0	0	0	0	0	0	0	0	0	0	0	0
GGB9291_SGB14248	0	0	0	0	0	0	0	0	0	0	0	0	0	0	0	0	0	0	0	0	0	0	0	0	0	0	0	0	0	0	0	0	0	0	0	0	0	0	0	0	0	0	0	0	0	0	0	0	0	0.01099	0	0	0	0	0	0	0	0	0	0	0	0	0	0	0	0	0	0	0	0	0	0	0	0	0	0	0	0	0	0	0	0	0	0	0	0	0	0	0	0	0	0	0	0	0.00027	0	0	0	0	0	0	0	0	0	0	0	0	0	0	0	0	0	0	0	0	0	0	0	0	0	0	0	0	0	0	0	0	0	0	0	0	0	0	0	0	0	0	0	0	0	0	0	0	0	0	0	0	0	0	0	0	0	0	0	0	0	0	0	0	0	0	0	0	0	0	0	0	0	0
Parascardovia_denticolens	0	0.01098	0	0	0	0	0	0	0	0	0	0	0	0	0	0	0	0	0	0	0	0	0	0	0	0	0	0	0	0	0	0	0	0	0	0	0	0	0	0	0	0	0	0	0	0	0	0	0	0	0	0	0	0	0	0	0	0	0	0	0	0	0	0	0	0	0	0	0	0	0	0	0	0	0	0	0	0	0	0	0	0	0	0	0	0	0	0	0	0	0	0	0	0	0	0	0	0	0	0	0	0	0	0	0	0	0	0	0	0	0	0	0	0	0	0	0	0	0	0	0	0	0	0	0	0	0	0	0	0	0	0	0	0	0	0	0	0	0	0	0	0	0	0	0	0	0	0	0	0	0	0	0	0	0	0	0	0	0	0	0	0	0	0	0	0	0	0	0
GGB9480_SGB14875	0	0	0	0	0	0	0	0	0	0	0	0	0	0	0	0	0	0	0	0	0	0	0	0	0	0	0	0	0	0	0	0	0	0	0	0	0	0	0	0	0	0	0	0	0	0	0	0	0	0	0	0	0	0	0	0	0	0	0	0	0	0	0	0	0	0.01095	0	0	0	0	0	0	0	0	0	0	0	0	0	0	0	0	0	0	0	0	0	0	0	0	0	0	0	0	0	0	0	0	0	0	0	0	0	0	0	0	0	0	0	0	0	0	0	0	0	0	0	0	0	0	0	0	0	0	0	0	0	0	0	0	0	0	0	0	0	0	0	0	0	0	0	0	0	0	0	0	0	0	0	0	0	0	0	0	0	0	0	0	0	0	0	0	0	0	0	0	0	0	0
Rothia_aeria	0	0	0.00039	0	0	0	0	0	0	0	0	0	0	0	0	0	0	0	0	0	0.01093	0	0	0	0	0	0	0	0	0	0	0	0	0.00094	0	0	0	0	0.00386	0	0	0	0.00363	0.0035	0	0	0	0	0.00011	0	0	0	0	0	0	0	0	0	0	0	0	0	0	0	0	0	0	0	0	0	0	0	0	0.00399	0	0	0	0	0	0	0	0	0	0	0	0	0	0	0	0	0	0	0	0	0	0	0	0	0	0	0	0	0	0	0	0	0	0	0	0	0	0	0	0	0	0	0	0	0	0	0	0	0	0	0	0	0	0	0	0	0	0	0	0	0	0	0	0	0	0	0	0	0	0	0	0	0	0	0	0	0	0	0	0	0	0	0	0	0	0	0	0	0	0	0	0	0	0	0
GGB3217_SGB4249	0	0	0	0	0	0	0	0	0	0	0	0	0	0	0	0	0	0	0	0	0	0	0	0	0	0	0	0	0	0	0	0	0	0	0	0	0	0	0	0	0	0	0	0	0	0	0	0	0	0	0	0	0	0	0	0	0	0	0	0	0	0	0	0	0	0	0	0	0	0	0	0	0	0	0	0	0	0	0	0	0	0	0	0	0	0	0	0	0	0	0	0	0	0	0	0	0	0	0	0	0	0.01092	0	0	0	0	0	0	0	0	0	0	0	0	0	0	0	0	0	0	0	0	0	0	0	0	0	0	0	0	0	0	0	0	0	0	0	0	0	0	0	0	0	0	0	0	0	0	0	0	0	0	0	0	0	0	0	0	0	0	0	0	0	0	0	0	0	0	0
GGB9061_SGB13979	0	0	0	0	0	0	0	0	0	0	0	0	0	0	0	0	0	0	0	0	0	0	0	0	0	0	0	0	0	0	0	0	0	0	0	0	0	0	0	0	0	0	0	0	0	0	0	0	0	0	0	0	0	0	0	0	0	0	0	0	0	0	0	0	0	0	0	0	0	0	0	0	0	0	0	0	0	0	0	0	0	0	0	0	0	0	0	0	0	0	0	0	0	0	0	0.0108	0	0	0	0	0	0	0	0	0	0	0	0	0	0	0	0	0	0	0	0	0	0	0	0	0	0	0	0	0	0	0	0	0	0	0	0	0	0	0	0	0	0	0	0	0	0	0	0.00408	0	0	0	0	0	0	0	0	0	0	0	0	0	0	0	0	0	0	0	0	0	0	0	0	0
GGB9533_SGB14936	0	0	0	0	0	0	0	0	0	0	0	0	0	0	0	0	0	0	0	0	0	0	0.00147	0	0	0	0	0	0	0	0	0	0	0	0	0	0	0	0	0	0	0	0	0	0	0	0	0	0	0	0	0	0	0	0	0	0	0	0	0	0	0	0	0	0	0	0	0	0	0	0	0	0	0	0	0	0	0	0	0	0	0	0	0	0	0	0	0	0	0	0	0	0	0	0	0	0	0	0	0	0	0	0	0	0	0	0	0	0	0	0	0	0	0	0	0	0	0.00071	0	0.01075	0.00969	0	0	0	0.00217	0	0	0	0	0	0	0	0	0	0	0	0	0	0	0	0	0	0	0	0	0.00632	0	0	0	0	0	0	0	0	0	0	0	0	0	0	0	0	0	0	0	0	0	0	0
Oscillibacter_sp_PC13	0	0	0	0	0	0	0	0	0	0	0	0	0	0	0	0	0	0	0	0	0	0	0	0	0	0	0	0	0	0	0	0	0	0	0	0	0	0	0	0	0	0.00317	0	0	0	0	0	0	0	0	0	0	0	0	0	0	0	0	0	0	0	0	0	0	0	0	0	0	0	0	0.00177	0	0	0	0	0	0	0	0	0	0	0	0	0	0	0	0	0	0	0	0	0	0	0	0.0007	0	0	0	0	0	0	0	0.00353	0.00026	0.00147	0	0	0.01071	0	0	0	0	0	0	0	0	0	0	0	0	0	0	0	0	0.0025	0	0	0	0	0	0	0	0	0	0	0	0	0	0	0	0	0	0	0	0	0	0	0	0	6e-05	0	0	0	0	0	0	0	0	0	0	0	0	0	0	0	0	0	0	0
Clostridium_cuniculi	0	0	0	0	0	0	0	0	0	0	0	0	0	0	0	0	0	0	0	0	0	0	0	0	0	0	0	0	0	0	0	0	0	0	0	0	0	0	0	0	0	0	0	0	0	0	0	0	0	0	0	0	0	0	0	0	0	0	0	0	0	0	0	0	0	0	0	0	0	0	0	0	0	0	0	0	0	0	0	0	0	0	0	0	0	0	0.01061	0	0	0	0	0	0	0	0	0	0	0	0	0	0	0	0	0	0	0	0	0	0	0	0	0	0.00495	0	0	0	0	0	0	0	0	0	0	0	0	0	0	0	0	0	0	0	0	0	0	0	0	0	0	0	0	0	0	0	0	0	0	0	0	0	0	0	0	0	0	0	0	0	0	0	0	0	0	0	0	0	0	0	0
GGB4667_SGB6456	0	0	0	0	0	0	0	0	0	0	0	0	0	0	0.00078	0	0	0	0	0	0	0	0	0	0	0	0	0	0	0	0	0	0	0	0	0	0	0	0	0	0	0	0	0	0	0	0	0	0	0.01056	0	0	0	0	0	0	0	0	0	0	0	0	0	0	0	0	0	0	0	0	0	0	0	0	0	0	0	0	0	0	0	0	0	0	0	0	0	0	0	0	0	0	0	0	0	0	0	0	0	0	0	0	0	0	0	0	0	0	0	0	0	0	0	0	0	0	0	0	0	0	0	0	0	0	0	0	0	0	0	0	0	0	0	0	0	0	0	0	0	0	0	0	0	0	0	0	0	0	0	0	0	0	0	0	0	0	0	0	0	0	0	0	0	0	0	0	0	0	0
Solobacterium_SGB6833	0	0	0	0	0	0	0	0	0	0	0	0	0.00629	0	0	0	0	0	0.00358	0	0	0	0	0	0	0	0	0	0	0	0	0	0	0	0	0	0	0	0	0	0	0	0	0	0	0.0023	0	0	0.00094	0	0	0	0	0	0	0	0	0	0	0	0	0	0	0	0	0	0	0	0	0	0	0	0	0	0.00441	0	0.00245	0	0	0	0	0	0	0	0	0.00199	0	0	0.00963	0	0	0	0.00075	0	0.00296	0	0.00227	0	0	0	0.00076	0	0	0	0	0	0	0.00235	0.00169	0	0	0	0	0	0	0	0	0	0	0	0.00048	0.00232	0	0	0.00081	0	0	0	0.00614	0.00293	0	0	0	0.01038	0.00168	0	0	0	0	0	0	0	0	0	0	0	0	0	0	0	0	0	0	0	0	0	0	0	0	0	0	0	0	0	0	0	0	0	0
Olsenella_sp_oral_taxon_807	0	0.0103	0.00026	0.00073	0	0	0	0	0	0	0	0	0	0	0	0	0	0	0	0	0.00202	0	0.0003	0	0	0	0	0	0.00331	0	0	0	0.00273	0	0.0005	0	0	0.01028	0.00016	0	0	0	0	0	0.00523	0	0	0	0.00037	0	0	0	0	0	0	0	0	0	0	0	0	0	0	0	0	0	0	0	0	0	0	0	0	0	0	0	0	0	0	0	0	0	0	0	0	0	0	0	0	0	0	0	0	0	0	0	0	0	0	0	0	0	0	0	0	0	0	0	0	0	0	0	0	0	0	0	0	0	0	0	0	0	0	0	0	0	0	0	0	0	0	0	0	0	0	0	0	0	0	0	0	0	0	0	0	0	0	0	0	0	0	0	0	0	0	0	0	0	0	0	0	0	0	0	0	0	0	0	0
GGB50281_SGB70357	0	0	0	0	0	0	0	0	0	0	0	0	0	0	0	0	0	0	0	0	0	0	0	0	0	0	0	0	0	0	0	0	0	0	0	0	0	0	0	0	0	0	0	0	0	0	0	0	0	0	0	0	0	0.01029	0	0	0	0	0	0	0	0	0	0	0	0	0	0	0	0	0	0	0	0	0	0	0	0	0	0	0	0	0	0	0	0	0	0	0	0	0	0	0	0	0	0	0	0	0	0	0	0	0	0	0	0	0	0	0	0	0	0	0	0	0	0	0	0	0	0	0	0	0	0	0	0	0	0	0	0	0	0	0	0	0	0	0	0	0	0	0	0	0	0	0	0	0	0	0	0	0	0	0	0	0	0	0	0	0	0	0	0	0	0	0	0	0	0	0
GGB9695_SGB15209	0	0	0	0	0	0	0	0	0	0	0	0	0	0	0	0	0	0	0	0	0	0	0	0	0	0	0	0	0	0	0	0	0	0	0	0	0	0	0	0	0	0	0	0	0	0	0	0	0	0	0	0	0	0	0	0	0	0	0	0	0	0	0	0	0	0	0	0	0	0	0	0	0	0	0	0	0	0	0	0	0	0	0	0	0	0	0	0	0	0	0	0	0	0	0	0.01016	0	0	0	0	0	0	0	0	0	0	0	0	0	0	0	0	0.00178	0	0	0	0	0	0	0	0	0	0	0	0	0	0	0	0	0	0.00582	0	0	0	0	0	0	0	0	0	0	0	0	0	0	0	0	0	0	0	0	0	0	0	0	0	0	0	0	0	0	0	0	0	0	0	0	0	0
GGB10025_SGB15902	0	0	0	0	0	0	0	0	0	0	0	0	0	0	0	0	0	0	0	0	0.00994	0	0	0	0	0	0	0	0	0	0	0	0	0	0	0	0	0	0	0	0	0	0	0	0	0	0	0	0	0	0	0	0	0	0	0	0	0	0	0	0	0	0	0	0	0	0	0	0	0	0	0	0	0	0	0	0	0	0	0	0	0	0	0	0	0	0	0	0	0	0	0	0	0	0	0	0	0	0	0	0	0	0	0	0	0	0	0	0	0	0	0	0	0	0	0	0	0	0	0	0	0	0	0	0	0	0	0	0	0	0	0	0	0	0	0	0	0	0	0	0	0	0	0	0	0	0	0	0	0	0	0	0	0	0	0	0	0	0	0	0	0	0	0	0	0	0	0	0
GGB4750_SGB6579	0	0	0	0	0	0	0	0	0	0	0	0	0	0	0	0	0	0	0	0	0	0	0	0	0	0	0	0	0	0	0	0	0	0	0	0	0	0	0	0	0	0	0	0	0	0	0	0	0	0.00482	0	0	0	0	0	0	0	0	0	0	0	0	0	0	0	0	0	0	0	0	0	0	0	0	0	0	0	0	0	0	0	0	0	0	0	0	0	0	0	0	0	0	0	0	0.00405	0	0	0	0	0	0	0	0.00295	0	0	0	0	0	0	0	0	0	0	0	0	0	0	0	0	0.0096	0	0	0	0	0	0	0	0	0	0	0	0	0	0	0	0	0	0	0	0	0	0	0	0	0	0	0	0	0	0	0	0	0	0	0	0	0	0	0	0	0	0	0	0	0	0	0	0	0
GGB9536_SGB14939	0	0	0	0	0	0	0	0	0	0	0	0	0	0	0	0	0	0	0	0	0	0	0	0	0	0	0	0	0	0	0	0	0	0	0	0	0	0	0	0	0	0	0	0	0	0	0	0	0	0	0	0	0	0	0	0	0	0	0	0	0	0	0	0	0	0	0	0	0	0	0	0	0	0	0	0	0	0	0	0	0	0	0	0	0	0	0	0	0	0	0	0	0	0	0	0	0	0	0	0	0	0	0	0	0	0	0	0	0	0	0	0	0	0	0	0	0	0	0	0	0	0	0	0	0	0	0	0	0	0	0	0	0	0	0	0	0	0	0	0	0	0	0	0	0	0	0	0	0	0.00957	0	0	0	0	0	0	0	0	0	0	0	0	0	0	0	0	0	0	0
Furfurilactobacillus_milii	0	0	0	0	0	0.00946	0	0	0	0	0	0	0	0	0	0	0	0	0	0	0	0	0	0	0	0	0	0	0	0	0	0	0	0	0	0	0	0	0	0	0	0	0	0	0	0	0	0	0	0	0	0	0	0	0	0	0	0	0	0	0	0	0	0	0	0	0	0	0	0	0	0	0	0	0	0	0	0	0	0	0	0	0	0	0	0	0	0	0	0	0	0	0	0	0	0	0	0	0	0	0	0	0	0	0	0	0	0	0	0	0	0	0	0	0	0	0	0	0	0	0	0	0	0	0	0	0	0	0	0	0	0	0	0	0	0	0	0	0	0	0	0	0	0	0	0	0	0	0	0	0	0	0	0	0	0	0	0	0	0	0	0	0	0	0	0	0	0	0
GGB9176_SGB14114	0	0	0	0	0	0	0	0	0	0	0	0	0	0	0	0	0	0	0	0	0	0	0	0	0	0	0	0	0	0	0	0	0	0	0	0	0	0	0	0	0	0	0	0	0	0	0	0	0	0.00939	0	0	0	0	0	0	0	0	0	0	0	0	0	0	0	0	0	0	0	0	0	0	0	0	0	0	0	0	0	0	0	0	0	0	0	0	0	0	0	0.00091	0	0	0	0	0	0	0	0	0	0	0	0	0	0	0	0	0	0	0	0	0	0	0	0	0	0	0	0	0	0	0	0	0	0	0	0	0	0	0	0	0	0	0	0	0	0	0	0	0	0	0	0	0	0	0	0	0	0	0	0	0	0	0	0	0	0	0	0	0	0	0	0	0	0	0	0	0	0	0
GGB45620_SGB63333	0	0	0	0	0	0	0	0	0	0	0	0	0	0	0	0	0	0	0	0	0	0	0	0	0	0	0	0	0	0	0	0	0	0	0	0	0	0	0	0	0	0	0	0	0	0	0	0	0	0	0	0	0	0	0	0	0	0	0	0	0	0	0	0	0	0	0	0	0	0	0	0	0	0	0	0	0	0	0	0	0	0	0	0	0	0	0	0	0	0.00096	0	0	0	0	0	0	0	0	0	0	0	0	0	0	0	0	0	0	0	0	0	0	0	0	0	0	0	0	0	0	0	0	0	0.00045	0.00919	0	0	0	0	0	0	0	0	0	0	0	0	0	0	0	0	0	0	0	0	0	0	0	0	0	0	0	0	0	0	0	0	0	0	0	0	0	0	0	0	0	0	0	0
GGB9060_SGB13977	0	0	0	0	0	0	0	0	0	0	0	0	0	0	0	0	0	0	0	0	0	0	0	0	0	0	0	0	0	0	0	0	0	0	0	0	0	0	0	0	0	0	0	0	0	0	0	0	0	0	0	0	0	0	0	0	0	0	0	0	0	0	0	0	0	0	0	0	0	0	0	0	0	0	0	0	0	0	0	0	0	0	0	0	0	0	0	0	0	0	0	0	0	0	0	0	0	0	0	0	0	0	0	0	0	0	0	0	0	0	0	0	0	0	0	0	0	0	0	0	0	0	0	0	0	0	0	0	0	0	0	0	0	0	0	0	0	0	0	0	0	0	0	0	0.00919	0	0	0	0	0	0	0	0	0	0	0	0	0	0	0	0	0	0	0	0	0	0	0	0
GGB38987_SGB63305	0	0	0	0	0	0	0	0	0	0	0	0	0	0	0	0	0	0	0	0	0	0	0	0	0	0	0	0	0	0	0	0	0	0	0	0	0	0	0	0	0	0	0	0	0	0	0	0	0	0	0	0	0	0	0	0	0	0	0	0	0	0	0	0	0	0.0052	0	0	0	0	0	0	0	0	0	0	0	0	0	0	0	0	0	0	0	0	0	0	0	0	0	0	0	0	0	0	0	0	0	0	0	0	0	0	0	0	0	0	0	0	0	0	0	0	0	0	0	0	0	0	0	0	0	0	0	0	0	0	0	0	0	0	0	0	0	0	0	0	0	0	0	0.00916	0	0	0	0	0	0	0	0	0	0	0	0	0	0	0	0	0	0	0	0	0	0	0	0	0	0	0
Feifania_hominis	0	0	0	0	0	0	0	0	0	0	0	0	0	0	0	0	0	0	0	0	0	0	0	0	0	0	0	0	0	0	0	0	0	0	0	0	0	0	0	0	0	0	0	0	0	0.00032	0	0	0.00903	0	0	0	0	0	0	0	0	0	0	0	0	0	0	0	0	0	0	0	0	0	0	0	0	0	0	0	0	0	0	0	0	0	0	0	0	0	0	0	0	0	0	0	0	0	0	0	0	0	0.00114	0	0	0	0	0	0	0	0	0	0	0	0	0	0	0	0	0	0	0	0	0	0	0	0	0.00427	0	0	0	0	0	0	0	0	0	0	0	0	0	0	0	0	0	0	0	0	0	0	0	0	0	0	0	0	0	0	0	0	0	0	0	0	0	0	0	0	0	0	0	0	0
Turicibacter_sp_TJ11	0	0	0	0	0	0	0	0	0	0	0	0	0	0	0	0	0	0	0	0	0	0	0	0	0	0	0	0	0	0	0	0	0	0	0	0	0	0	0	0	0	0	0	0	0	0	0	0	0	0	0	0	0	0	0	0	0	0	0	0	0	0	0	0	0	0	0	0	0	0	0	0	0	0	0	0	0	0	0.0022	0	0	0	0	0	0	0	0	0.00892	0	0	0	0	0	0	0	0	0	0	0	0	0	0	0	0	0	0	0	0	0	0	0	0	0	0	0	0	0	0	0	0	0	0	0	0	0	0	0	0	0	0	0	0	0	0	0	0	0	0	0	0	0	0	0	0	0	0	0	0	0	0	0	0	0	0	0	0	0	0	0	0	0	0	0	0	0	0	0	0	0
Eubacteriales_Family_XIII_Incertae_Sedis_unclassified_SGB3978	0	0	0	0	0	0	0	0	0	0	0	0	0	0	0	0	0	0	0	0	0	0	0	0	0	0	0	0	0.00891	0	0	0	0	0	0	0	0	0.00314	0	0	0	0	0	0	0	0	0	0	0	0	0	0	0	0	0	0	0	0	0	0	0	0	0	0	0.00036	0	0	0	0	0	0	0	0	0	0	0	0	0	0	0	0	0	0	0	0	0	0	0	0	0	0	0	0	0	0	0	0	0	0	0	0	0	0	0	0	0	0	0	0	0	0	0	0	0	0	0	0	0	0	0	0	0	0	0	0	0	0	0	0	0	0	0	0	0	0	0	0	0	0	0	0	0	0	0	0	0	0	0	0	0	0	0	0	0	0	0	0	0	0	0	0	0	0	0	0	0	0	0	0
Aggregatibacter_sp_2125159857	0	0	0	0	0	0	0	0	0	0	0	0	0	0	0	0	0	0	0	0	0	0	0	0	0	0	0	0	0	0	0	0	0	0	0	0	0	0	0	0	0	0	0	0	0	0	0	0	0	0	0	0	0	0	0	0	0	0	0	0	0	0	0	0	0	0	0	0	0	0	0	0	0	0	0	0	0	0	0	0	0	0	0	0	0	0	0	0	0	0	0	0	0	0	0	0	0	0	0	0	0	0	0	0	0	0	0	0	0	0	0	0	0	0	0	0	0	0	0	0	0	0	0	0	0	0	0	0	0	0	0	0	0	0	0	0	0	0	0	0	0	0	0	0.0085	0	0	0	0	0	0	0	0	0	0	0	0	0	0	0	0	0	0	0	0	0	0	0	0	0
GGB3449_SGB4601	0	0	0	0	0	0	0	0	0	0	0	0	0	0	0	0	0	0.00847	0	0	0	0	0	0	0	0	0	0	0	0	0	0	0	0	0	0	0	0	0	0	0	0	0	0	0	0	0	0	0	0	0	0	0	0	0	0	0	0	0	0	0	0	0	0	0	0	0	0	0	0	0	0	0	0	0	0	0	0	0	0	0	0	0	0	0	0	0	0	0	0	0	0	0	0	0	0	0	0	0	0	0	0	0	0	0	0	0	0	0	0	0	0	0	0	0	0	0	0	0	0	0	0	0	0	0	0	0	0	0	0	0	0	0	0	0	0	0	0	0	0	0	0	0	0	0	0	0	0	0	0	0	0	0	0	0	0	0	0	0	0	0	0	0	0	0	0	0	0	0
Bulleidia_extructa	0	0	0	0	0	0	0	0	0	0	0	0	0	0	0	0	0	0	0	0	0	0	0	0	0	0	0.00403	0	0	0	0	0	0	0	0	0	0	0.00846	0	0	0	0	0	0	0	0	0	0	0	0	0	0	0	0	0	0	0	0	0	0	0	0	0	0	0	0	0	0	0	0	0	0	0	0	0	0	0	0	0	0	0	0	0	0	0	0	0	0	0	0	0	0	0	0	0	0	0	0	0	0	0	0	0	0	0	0	0	0	0	0	0	0	0	0	0	0	0	0	0	0	0	0	0	0	0	0	0	0	0	0	0	0	0	0	0	0	0	0	0	0	0	0	0	0	0	0	0	0	0	0	0	0	0	0	0	0	0	0	0	0	0	0	0	0	0	0	0	0	0
GGB3678_SGB4991	0	0	0	0	0	0	0	0	0	0	0	0	0	0	0	0	0	0	0	0	0	0	0	0	0	0	0	0	0	0	0	0	0	0	0	0	0	0	0	0	0	0	0	0	0	0	0	0	0	0	0	0	0	0	0	0	0	0	0	0	0	0	0	0	0	0	0	0	0	0	0	0	0	0	0	0	0	0	0	0	0	0	0	0	0	0	0	0	0	0	0	0	0	0	0	0	0	0	0	0	0	0.00839	0	0	0	0	0	0	0	0	0	0	0	0	0	0	0	0	0	0	0	0	0	0	0	0	0	0	0	0	0	0	0	0	0	0	0	0	0	0	0	0	0	0	0	0	0	0	0	0	0	0	0	0	0	0	0	0	0	0	0	0	0	0	0	0	0	0	0
Candidatus_Nanoperiomorbus_periodonticus	0	0	0.0037	0	0	0	0	0	0	7e-05	0	0.00466	0.00191	0	0	0	0	0	0	0	0.00422	0	0.00032	0	0	0	0	0	0	0	0.0048	0.00824	0	0	0.00026	0	0	0	0	0	0	0	0.00031	0	0	0	0	0	0	0	0	0	0	0	0	0	0	0	0	0	0	0	0	0	0.00035	0	0	0	0	0	0	0	0	0	0.0005	0.00164	0.00083	0	0	0	0	0	0	0	0	0	0	0	0	0	0	0	0	0	0	0	0	0.00066	0	0	0	0	0	0	0	0	0.00133	0	0	0.00273	0	0	0	0	0.00055	0	0.0011	0	0	0	0	0	0	0	0	0	0	0	0	0	0	0	0	0	0	0	0	0	0	0	0	0	0	0	0	0	0	0	0	0	0	0	0	0	0	0	0	0	0	0	0	0	0	0	0	0	0	0	0
Tropheryma_whipplei	0	0	0	0	0	0	0	0	0	0	0	0	0	0	0	0	0	0	0	0	0	0	0.00817	0	0	0	0	0	0	0	0	0	0	0	0	0	0	0	0	0	0	0	0	0	0	0	0	0	0	0	0	0	0	0	0	0	0	0	0	0	0	0	0	0	0	0	0	0	0	0	0	0	0	0	0	0	0	0	0	0	0	0	0	0	0	0	0	0	0	0	0	0	0	0	0	0	0	0	0	0	0	0	0	0	0	0	0	0	0	0	0	0	0	0	0	0	0	0	0	0	0	0	0	0	0	0	0	0	0	0	0	0	0	0	0	0	0	0	0	0	0	0	0	0	0	0	0	0	0	0	0	0	0	0	0	0	0	0	0	0	0	0	0	0	0	0	0	0	0
Paraclostridium_bifermentans	0	0	0	0	0	0	0	0	0	0	0	0	0	0	0	0	0	0	0	0	0	0	0	0	0	0	0	0	0	0	0	0	0	0	0	0	0	0	0	0	0	0	0	0	0	0	0	0	0	0	0	0	0	0	0	0	0	0	0	0	0	0	0	0	0	0	0	0	0	0	0	0	0	0	0	0	0	0	0	0	0	0	0	0	0	0	0	0	0	0	0	0	0	0	0	0	0	0	0	0	0	0	0	0	0	0	0	0	0	0.00813	0	0	0	0	0	0	0	0	0	0	0	0	0	0	0	0	0	0	0	0	0	0	0	0	0	0	0	0	0	0	0	0	0	0	0	0	0	0	0	0	0	0	0	0	0	0	0	0	0	0	0	0	0	0	0	0	0	0	0
GGB1277_SGB1714	0	0	0	0	0	0	0	0	0	0	0	0	0	0	0	0	0	0	0	0	0	0	0	0	0	0	0	0	0	0	0	0	0	0	0	0	0	0	0	0	0	0	0	0	0	0	0	0	0	0	0	0	0	0	0	0	0	0	0	0	0	0	0	0	0	0	0	0	0	0	0	0	0	0	0	0	0	0	0	0	0	0	0	0	0	0	0	0	0	0	0	0	0	0	0	0	0	0	0	0	0	0	0	0	0	0	0	0	0	0	0	0	0	0	0	0	0	0	0	0	0	0	0	0	0	0	0	0	0	0	0	0	0	0	0	0	0	0	0	0	0	0	0	0.00799	0	0	0	0	0	0	0	0	0	0	0	0	0	0	0	0	0	0	0	0	0	0	0	0	0
GGB9476_SGB14870	0	0	0	0	0	0	0	0	0	0	0	0	0	0	0	0	0	0	0	0	0	0	0	0	0	0	0	0	0	0	0	0	0	0	0	0	0	0.00789	0	0	0	0	0	0	0	0	0	0	0	0	0	0	0	0	0	0	0	0	0	0	0	0	0	0.00112	0	0	0	0	0	0	0	0	0	0	0	0	0	0	0	0	0	0	0	0	0	0.00614	0	0	0	0	0	0	0	0	0	0	0	0	0	0	0	0	0	0	0	0	0	0	0	0	0	0	0	0	0	0	0	0	0	0	0	0	0	0	0	0	0	0	0	0	0	0	0	0	0	0	0	0	0	0	0	0	0	0	0	0	0	0	0	0	0	0	0	0	0	0	0	0	0	0	0	0	0	0	0	0	0	0	0
GGB9716_SGB15269	0	0	0	0	0	0	0	0	0	0	0	0	0	0	0	0	0	0	0	0	0	0	0	0	0	0	0	0	0	0	0	0	0	0	0	0	0	0	0	0	0	0.00781	0	0	0	0	0	0	0	0	0	0	0	0	0	0	0	0	0	0	0	0	0	0	0	0	0	0	0	0	0	0	0	0	0	0	0	0	0	0	0	0	0	0	0	0	0	0	0	0	0	0	0	0	0	0	0	0	0	0	0	0	0	0	0	0	0	0	0	0	0	0	0	0	0	0	0	0	0	0	0	0	0	0	0	0	0	0	0	0	0	0	0	0	0	0	0	0	0	0	0	0	0	0	0	0	0	0	0	0	0	0	0	0	0	0	0	0	0	0	0	0	0	0	0	0	0	0	0
Luxibacter_massiliensis	0	0	0	0	0	0	0	0.00774	0	0	0	0	0	0	0	0	0	0	0	0	0	0	0	0	0	0	0	0	0	0	0	0	0	0	0	0	0	0	0	0	0	0	0	0	0	0	0	0	0	0	0	0	0	0	0	0	0	0	0	0	0	0	0	0	0	0.00085	0	0	0	0	0	0	0	0	0	0	0	0	0	0	0	0	0	0	0	0	0	0	0	0	0	0	0	0	0	0	0	0	0	0	0	0	0	0	0	0	0	0	0	0	0	0	0	0	0	0	0	0	0	0	0	0	0	0	0	0	0	0	0	0	0	0	0	0	0	0	0	0	0	0	0	0	0	0	0	0	0	0	0	0	0	0	0	0	0	0	0	0	0	0	0	0	0	0	0	0	0	0	0
Flavonifractor_sp_An100	0	0	0	0	0	0	0	0	0	0	0	0	0	0.00078	0.002	0	0	0	0	0	0	0	0	0	0	0	0	0	0	0	0	0	0	0	0	0	0	0	0	0	0	0	0	0	0	0	0	0	0	0	0	0	0	0	0	0	0	0	0	0	0	0	0	0	0	0	0	0	0	0	0	0	0	0	0	0	0	0	0	0	0	0	0	0	0	0	0	0	0	0	0	0	0	0	0	0	0	0	0	0	0	0	0	0	0.00026	0	0	0	0	0	0	0	0.0003	0	0	0	0	0	0	0	0	0	0	0	0	0	0	0.00774	0	0	0.00363	0	0	0	0	0	0	0	0	0	0	0	0	0	0	0	0	0	0	0	0	0	0	0	0	0	0	0	0	0	0	0	0	0	0	0	0	0	0
Eisenbergiella_sp_OF01_20	0	0	0	0	0	0	0	0	0	0	0	0	0	0	0	0	0	0	0	0	0	0	0	0	0	0	0	0	0.0005	0	0	0.00609	0	0	0	0	0	0	0	0	0	0	0	0	0	0	0	0	0	0	0	0	0	0	0	0	0	0	0	0	0	0	0	0	0	0	0	0	0	0	0	0	0	0	0	0	0	0	0	0	0	0	0	0.00165	0	0	0	0	0.00771	0	0	0	0	0	0	0	0	0	0	0	0	0	0	0	0	0	0	0	0	0	0	0	0	0	0	0	0	0	0	0	0	0	0	0	0	0	0	0	0	0	0	0	0	0	0	0	0	0	0	0	0	0	0	0	0	0	0	0	0	0	0	0	0	0	0	0	0	0	0	0	0	0	0	0	0	0	0	0	0
Sutterella_massiliensis	0	0	0	0	0	0	0	0	0	0	0	0	0	0.00767	0.00662	0	0	0	0	0	0	0	0	0	0	0	0	0	0	0	0	0	0	0	0	0	0	0	0	0	0	0	0	0	0	0	0	0	0	0	0	0	0	0	0	0	0	0	0	0	0	0	0	0	0	0	0	0	0	0	0	0	0	0	0	0	0	0	0	0	0	0	0	0	0	0	0	0	0	0	0	0	0	0	0	0	0	0	0	0	0	0	0	0	0	0	0	0	0	0	0	0	0	0	0	0	0	0	0	0	0	0	0	0	0	0	0	0	0	0	0	0	0	0	0	0	0	0	0	0	0	0	0	0	0	0	0	0	0	0	0	0	0	0	0	0	0	0	0	0	0	0	0	0	0	0	0	0	0
Lactiplantibacillus_plantarum	0	0	0.00764	0	0	0	0	0	0	0	0	0	0	0	0	0	0	0	0	0	0	0	0	0	0	0	0.00189	0	0	0	0	0	0	0	0	0	0	0	0	0	0	0	0	0	0	0	0	0	0	0	0	0	0	0	0	0	0	0	0	0	0	0	0	0	0	0	0	0	0	0	0	0	0	0	0	0	0	0	0	0	0	0	0	0	0	0	0	0	0	0	0	0	0	0	0	0	0	0	0	0	0	0	0	0	0	0	0	0	0	0	0	0	0	0	0	0	0.00496	0	0	0	0	0	0	0	0	0	0	0	0	0	0	0	0	0	0	0	0	0	0	0	0	0	0	0	0	0	0	0	0	0	0	0	0	0	0	0	0	0	0	0	0	0	0	0	0	0	0	0	0
Copranaerobaculum_intestinale	0	0	0	0	0	0	0	0	0	0	0	0	0	0	0	0	0	0	0	0	0	0	0	0	0	0	0	0	0	0	0	0	0	0	0	0	0	0.00759	0	0	0	0	0	0	0	0	0	0	0	0	0	0	0	0	0	0	0	0	0	0	0	0	0	0	0	0	0	0	0	0	0	0	0	0	0	0	0	0	0	0	0	0	0	0	0	0	0	0	0	0	0	0	0	0	0	0	0	0	0	0	0	0	0	0	0	0	0	0	0	0	0	0	0	0	0	0	0	0	0	0	0	0	0	0	0	0	0	0	0	0	0	0	0	0	0	0	0	0	0	0	0	0	0	0	0	0	0	0	0	0	0	0	0	0	0	0	0	0	0	0	0	0	0	0	0	0	0	0	0
Ruminococcus_gauvreauii	0	0	0	0	0	0	0	0	0	0	0	0	0	0	0	0	0	0	0	0	0	0	0	0	0	0	0	0	0	0	0	0	0	0	0	0	0	0.00756	0	0	0	0	0	0	0	0	0	0	0	0	0	0	0	0	0	0	0	0	0	0	0	0	0	0	0	0	0	0	0	0	0	0	0	0	0	0	0	0	0	0	0	0	0	0	0	0	0	0	0	0	0	0	0	0	0	0	0	0	0	0	0	0	0	0	0	0	0	0	0	0	0	0	0	0	0	0	0	0	0	0	0	0	0	0	0	0	0	0	0	0	0	0	0	0	0	0	0	0	0	0	0	0	0	0	0	0	0	0	0	0	0	0	0	0	0	0	0	0	0	0	0	0	0	0	0	0	0	0	0
GGB4260_SGB5796	0	0	0	0	0	0	0	0	0	0	0	0	0	0	0	0	0	0	0	0	0	0	0	0	0	0	0	0	0	0	0	0	0	0	0	0	0	0	0	0	0	0	0	0	0	0	0	0	0	0	0	0	0	0	0.00749	0	0	0	0	0	0	0	0	0	0	0	0	0	0	0	0	0	0	0	0	0	0	0	0	0	0	0	0	0	0	0	0	0	0	0	0	0	0	0	0	0	0	0	0	0	0	0	0	0	0	0	0	0	0	0	0	0	0	0	0	0	0	0	0	0	0	0	0	0	0	0	0	0	0	0	0	0	0	0	0	0	0	0	0	0	0	0	0	0	0	0	0	0	0	0	0	0	0	0	0	0	0	0	0	0	0	0	0	0	0	0	0	0	0
GGB9445_SGB14835	0	0	0	0	0	0	0	0	0	0	0	0	0	0	0	0	0	0	0	0	0	0	0	0	0	0	0	0	0	0	0	0	0	0	0	0	0	0	0	0	0	0	0	0	0	0	0	0	0	0	0	0	0	0	0	0	0	0	0	0	0	0	0	0	0	0	0	0	0	0	0.00748	0	0	0	0	0	0	0	0	0	0	0	0	0	0	0	0	0	0	0	0	0	0	0	0	0	0	0	0	0	0	0	0	0.00674	0	0	0	0	0	0	0	0	0	0	0	0	0	0	0	0	0	0	0	0	0	0	0	0	0	0	0	0	0	0	0	0	0	0	0	0	0	0	0	0	0	0	0	0	0	0	0	0	0	0	0	0	0	0	0	0	0	0	0	0	0	0	0	0	0
GGB31234_SGB14869	0	0	0	0	0	0	0	0	0	0	0	0	0	0.00116	0	0	0	0	0	0	0	0	0	0	0	0	0	0	0	0	0	0	0	0	0	0	0	0.00148	0	0	0	0	0	0	0	0	0	0	0	0	0	0	0	0	0	0	0	0	0	0	0	0	0	0	0	0	0	0	0	0	0	0	0	0	0	0	0	0	0	0	0	0	0	0	0	0	0	0	0	0	0	0	0	0	0	0	0	0	0	0	0	0	0	0	0	0	0	0	0	0	0	0	0	0	0	0	0	0	0.00745	0	0	0	0	0	0	0	0	0	0	0	0	0	0	0	0	0	0	0	0	0	0	0	0	0	0	0	0	0	0	0	0	0	0	0	0	0	0	0	0	0	0	0	0	0	0	0	0	0	0
Neisseria_subflava	0	0	0	0	0	0	0	0	0	0.00615	0	0	0	0	0	0	0.00577	0	0	0	0.00735	0	0	0	0	0	0	0	0	0	0	0	0	0	0	0	0	0	0	0	0	0	0	0	0	0	0	0	0	0	0	0	0	0	0	0	0	0	0	0	0	0	0	0	0	0	0	0	0	0	0	0	0	0	0	0	0	0	0	0	0	0	0	0	0	0	0	0	0	0	0	0	0	0	0	0	0	0	0	0	0	0	0	0	0	0	0	0	0	0	0	0	0	0	0	0	0	0	0	0	0	0	0	0	0	0	0	0	0	0	0	0	0	0	0	0	0	0	0	0	0	0	0	0	0	0	0	0	0	0	0	0	0	0	0	0	0	0	0	0	0	0	0	0	0	0	0	0	0
Fenollaria_massiliensis	0	0	0	0	0	0	0	0	0	0	0	0	0	0	0	0	0	0	0	0	0	0	0	0	0	0	0	0	0.00284	0	0	0	0	0	0	0	0	0	0	0	0	0	0	0	0	0	0	0	0	0	0	0	0	0	0	0	0	0	0	0	0	0	0	0	0	0	0	0	0	0	0	0	0	0	0	0	0	0	0	0	0	0	0	0	0	0	0	0	0	0	0	0	0	0	0	0	0	0.00735	0.0073	0	0	0.00048	0	0.0016	0	0	0	0	0	0	0	0	0	0	0	0	0	0	0	0	0	0	0	0	0	0	0	0	0	0	0	0	0	0	0	0	0	0	0	0	0	0	0	0	0	0	0	0	0	0	0	0	0	0	0	0	0	0	0	0	0	0	0	0	0	0	0	0	0
Candidatus_Borkfalkia_ceftriaxoniphila	0	0	0	0	0	0	0	0	0	0	0	0	0	0	0	0	0	0	0	0	0	0	0	0	0	0	0	0	0	0	0	0	0	0	0	0	0	0	0	0	0.00722	0	0	0	0	0	0	0	0	0	0	0	0	0	0	0	0	0	0	0	0	0	0	0	0	0	0	0	0	0	0	0	0	0	0	0	0	0	0	0	0	0	0	0	0	0	0	0	0	0	0	0	0	0	0	0	0	0	0	0	0	0	0	0	0	0	0	0	0	0	0	0	0	0	0	0	0	0	0	0	0	0	0	0	0	0	0	0	0	0	0	0	0	0	0	0	0	0	0	0	0	0	0	0.00504	0	0	0	0	0	0	0	0	0	0	0	0	0	0	0	0	0	0	0	0	0	0	0	0	0
Enterococcus_asini	0	0	0	0	0	0	0	0	0	0	0.00604	0	0	0	0	0	0	0	0	0	0	0	0	0	0	0	0	0	0	0	0	0	0	0	0	0	0	0	0	0	0	0	0	0	0.00718	0	0	0	0	0	0	0	0	0	0	0	0	0	0	0	0	0	0	0	0	0	0	0	0	0	0	0	0	0	0	0	0	0	0	0	0	0	0	0	0	0	0	0	0	0	0	0	0	0	0	0	0	0	0	0	0	0	0	0	0	0	0	0	0	0	0	0	0	0	0	0	0	0	0	0	0	0	0	0	0	0	0	0	0	0	0	0	0	0	0	0	0	0	0	0	0	0	0	0	0	0	0	0	0	0	0	0	0	0	0	0	0	0	0	0	0	0	0	0	0	0	0	0	0
Bifidobacterium_breve	0	0.00704	0	0	0	0	0	0	0	0	0	0	0	0	0	0	0	0	0	0	0	0	0	0	0	0	0	0	0	0	0	0	0	0	0	0	0	0	0	0	0	0	0	0	0	0	0	0	0	0	0	0	0	0	0	0	0	0	0	0	0	0	0	0	0	0	0	0	0	0	0	0	0	0	0	0	0	0	0	0	0	0	0	0	0	0	0	0	0	0	0	0	0	0	0	0	0	0	0	0	0	0	0	0	0	0	0	0	0	0	0	0	0	0	0	0	0	0	0	0	0	0	0	0	0	0	0	0	0	0	0	0	0	0	0	0	0	0	0	0	0	0	0	0	0	0	0	0	0	0	0	0	0	0	0	0	0	0	0	0	0	0	0	0	0	0	0	0	0
Aggregatibacter_segnis	0	0	0	0	0	0	0	0	0	0	0	0	0	0	0	0	0	0	0	0	0.00703	0	0	0	0	0	0	0	0	0	0	0	0	0	0	0	0	0	0	0	0	0	0	0	0	0	0	0	0	0	0	0	0	0	0	0	0	0	0	0	0	0	0	0	0	0	0	0	0	0	0	0	0	0	0	0	0	0	0	0	0	0	0	0	0	0	0	0.00289	0	0	0	0	0	0	0	0	0	0	0	0	0	0.0004	0	0	0	0	0	0	0	0	0	0	0	0	0	0	0	0	0	0	0	0	0	0	0	0	0	0	0	0	0	0	0	0	0	0	0	0	0	0	0	0	0	0	0	0	0	0	0	0	0	0	0	0	0	0	0	0	0	0	0	0	0	0	0	0	0	0	0
Intestinibacillus_massiliensis	0	0	0	0	0	0	0	0	0.00703	0	0	0	0	0	0	0	0	0	0	0	0	0	0	0	0	0	0	0	0	0	0	0	0	0	0	0	0	0	0	0	0	0	0	0	0	0	0	0	0	0	0	0	0	0	0	0	0	0	0	0	0	0	0	0	0	0	0	0	0	0	0	0	0	0	0	0	0	0	0	0	0	0	0	0	0	0	0	0	0	0	0	0	0	0	0	0	0	0	0	0	0	0	0	0	0.00071	0	0	0	0	0	0	0	0	0	0	0	0	0	0	0	0	0	0	0	0	0	0	0	0	0	0	0	0	0	0	0	0	0	0	0	0	0	0	0	0	0	0	0	0	0	0	0	0	0	0	0	0	0	0	0	0	0	0	0	0	0	0	0	0
Porphyromonas_bennonis	0	0	0	0	0	0	0	0	0	0	0	0	0	0	0	0	0	0	0	0	0	0	0.00695	0	0	0	0	0	0	0	0	0	0	0	0	0	0	0	0	0	0	0	0	0	0	0	0	0	0	0	0	0	0	0	0	0	0	0	0	0	0	0	0	0	0.00208	0	0	0	0	0	0	0	0	0	0	0	0	0	0	0	0	0	0	0	0	0	0	0	0	0	0	0	0	0	0	0	0	0	0	0	0	0	0	0	0	0	0	0	0	0	0.0033	0	0	0	0	0	0	0	0	0	0	0	0	0	0	0	0	0	0	0	0	0	0	0	0	0	0	0	0	0	0	0	0	0	0	0	0	0	0	0	0	0	0	0	0	0	0	0	0	0	0	0	0	0	0	0	0	0	0
Oxalobacter_SGB9385	0	0	0	0	0	0	0	0	0	0	0	0	0	0	0	0	0	0	0	0	0	0	0	0	0	0	0	0	0	0.00687	0	0	0	0	0	0	0	0	0	0	0	0	0	0	0	0	0	0	0	0	0	0	0	0	0	0	0	0	0	0	0	0	0	0	0	0	0	0	0	0	0	0	0	0	0	0	0	0	0	0	0	0	0	0	0	0	0	0	0	0	0	0	0	0	0	0	0	0	0	0	0	0	0	0	0	0	0	0	0	0	0	0	0	0	0	0	0	0	0	0	0	0	0	0	0	0	0	0	0	0	0	0	0	0	0	0	0	0	0	0	0	0	0	0	0	0	0	0	0	0	0	0	0	0	0	0	0	0	0	0	0	0	0	0	0	0	0	0	0
Clostridium_sp_AM58_1XD	0	0	0	0	0	0	0	0.00149	0	0	0	0	0	0	0	0	0	0	0	0	0	0	0	0	0	0	0	0	0	0	0	0	0	0	0	0	0	0	0	0	0	0	0	0	0	0	0	0	0	0	0	0	0	0	0	0	0	0	0	0	0	0	0	0	0	0	0.00531	0	0	0	0	0	0	0	0	0	0	0	0	0.00682	0	0	0	0	0	0	0	0	0.00633	0	0	0	0	0	0	0	0	0	0	0	0	0	0	0	0	0	0	0	0	0	0	0	0	0	0	0	0	0	0	0	0	0	0	0	0	0	0	0	0	0	0	0	0	0	0	0	0	0	0	0	0	0	0	0	0	0	0	0	0	0	0	0	0	0	0	0	0	0	0	0	0	0	0	0	0	0	0	0	0
GGB9412_SGB14766	0	0	0	0	0	0	0	0	0	0	0	0	0	0	0	0	0	0	0	0	0	0	0	0	0	0	0	0	0	0	0	0	0	0	0	0	0	0	0	0	0	0	0	0	0	0	0	0	0	0	0	0	0	0	0	0	0	0	0	0	0	0	0	0	0	0	0	0	0	0	0	0	0	0	0	0	0	0	0	0	0	0	0	0	0	0	0	0	0	0	0	0	0	0	0	0	0	0	0	0	0	0	0	0	0	0	0	0	0.00681	0	0	0	0	0	0	0	0	0	0	0	0	0	0	0	0	0	0	0	0	0	0	0	0	0	0	0	0	0	0	0	0	0	0	0	0	0	0	0	0	0	0	0	0	0	0	0	0	0	0	0	0	0	0	0	0	0	0	0	0
Veillonella_caviae	0	0	0	0	0	0	0	0	0	0	0	0	0	0	0	0	0	0	0	0	0	0	0	0	0	0	0	0	0	0	0	0	0	0	0	0	0	0	0	0	0	0	0	0	0	0	0	0	0	0	0	0	0	0	0	0	0	0	0	0.00679	0	0	0	0	0	0	0	0	0	0	0	0	0	0	0	0	0	0	0	0	0	0	0	0	0	0	0	0	0	0	0	0	0	0	0	0	0	0	0	0	0	0	0	0	0	0	0	0	0	0	0	0	0	0	0	0	0	0	0	0	0	0	0	0	0	0	0	0	0	0	0	0	0	0	0	0	0	0	0	0	0	0	0	0	0	0	0	0	0	0	0	0	0	0	0	0	0	0	0	0	0	0	0	0	0	0	0	0	0
GGB9424_SGB27144	0	0	0	0	0	0	0	0	0	0	0	0	0	0	0	0	0	0	0	0	0	0	0	0	0	0	0	0	0	0	0	0	0	0	0	0.00676	0	0	0	0	0	0	0	0	0	0	0	0	0	0	0	0	0	0	0	0	0	0	0	0	0	0	0	0	0	0	0	0	0	0	0	0	0	0	0	0	0	0	0	0	0	0	0	0	0	0	0	0	0	0	0	0	0	0	0	0	0	0	0	0	0	0	0	0	0	0	0	0	0	0	0	0	0	0	0	0	0	0	0	0	0	0	0	0	0	0	0	0	0	0	0	0	0	0	0	0	0	0	0	0	0	0	0	0	0	0	0	0	0	0	0	0	0	0	0	0	0	0	0	0	0	0	0	0	0	0	0	0	0
Intestinimonas_timonensis	0	0	0	0	0	0	0	0	0	0	0	0	0	0	0	0	0	0	0	0	0	0	0	0	0	0	0	0	0	0	0	0	0	0	0	0	0	0	0	0	0	0	0	0	0	0	0	0	0	0	0	0	0	0	0	0	0	0	0	0	0	0	0	0	0	0	0	0	0	0	0	0	0	0	0	0	0	0	0	0	0	0	0	0	0	0	0	0	0	0	0	0	0	0	0	0	0	0	0	0	0	0	0	0	0	0	0	0	0	0	0	0.00665	0	0	0	0	0	0	0	0	0	0	0	0	0	0	0	0	0	0	0	0	0	0	0	0	0	0	0	0	0	0	0	0	0	0	0	0	0	0	0	0	0	0	0	0	0	0	0	0	0	0	0	0	0	0	0	0	0
Bilophila_SGB69261	0	0	0	0	0	0	0	0	0	0	0	0	0	0	0	0	0	0	0	0	0	0	0	0	0	0	0	0	0	0	0	0	0	0	0	0	0	0	0	0	0.00663	0	0	0	0	0	0	0	0	0	0	0	0	0	0	0	0	0	0	0	0	0	0	0	0	0	0	0	0	0	0	0	0	0	0	0	0	0	0	0	0	0	0	0	0	0	0	0	0	0	0	0	0	0	0	0	0	0	0	0	0	0	0	0	0	0	0	0	0	0	0	0	0	0	0	0	0	0	0	0	0	0	0	0	0	0	0	0	0	0	0	0	0	0	0	0	0	0	0	0	0	0	0	0	0	0	0	0	0	0	0	0	0	0	0	0	0	0	0	0	0	0	0	0	0	0	0	0	0
GGB4272_SGB5822	0	0	0	0	0	0	0	0	0	0	0	0	0	0	0	0	0	0	0.00658	0	0	0	0	0	0	0	0	0	0	0	0	0	0	0	0	0	0	0	0	0	0	0	0	0	0	0	0	0	0	0	0	0	0	0	0	0	0	0	0	0	0	0	0	0	0	0	0	0	0	0	0	0	0	0	0	0	0	0	0	0	0	0	0	0	0	0	0	0	0	0	0	0	0	0	0	0	0	0	0	0	0	0	0	0	0	0	0	0	0	0	0	0	0	0	0	0	0	0	0	0	0	0	0	0	0	0	0	0	0	0	0	0	0	0	0	0	0	0	0	0	0	0	0	0	0	0	0	0	0	0	0	0	0	0	0	0	0	0	0	0	0	0	0	0	0	0	0	0	0
Blautia_SGB4793	0	0	0	0	0	0	0	0	0	0	0	0	0	0	0	0	0	0	0	0	0	0	0	0	0	0	0	0	0	0	0	0	0	0	0	0	0	0	0	0	0	0	0	0	0	0	0	0	0	0	0	0	0	0	0	0	0	0	0	0	0	0	0	0	0	0	0	0	0	0	0	0	0	0	0	0	0	0	0	0	0	0	0	0	0	0	0	0	0	0	0	0	0	0	0	0	0.0011	0	0	0	0	0	0	0	0	0	0	0	0	0	0	0	0	0	0	0	0	0	0	0	0	0	0	0	0	0	0	0	0	0	0	0	0	0	0	0	0	0	0	0	0	0	0	0	0	0	0	0	0	0	0	0	0	0	0	0	0.00644	0	0	0	0	0	0	0	0	0	0	0	0
Adlercreutzia_sp_JBNU_10	0	0	0	0	0	0	0	0	0	0	0	0	0	0	0	0	0	0	0	0	0	0	0	0	0	0	0	0	0	0	0	0	0	0	0	0	0	0	0	0	0	0	0	0	0	0	0	0	0	0.00644	0	0	0	0	0	0	0	0	0	0	0	0	0	0	0	0	0	0	0	0	0	0	0	0	0	0	0	0	0	0	0	0	0	0	0	0	0	0	0	0	0	0	0	0	0	0	0	0	0	0	0	0	0	0	0	0	0	0	0	0	0	0	0	0	0	0	0	0	0	0	0	0	0	0	0	0	0	0	0	0	0	0	0	0	0	0	0	0	0	0	0	0	0	0	0	0	0	0	0	0	0	0	0	0	0	0	0	0	0	0	0	0	0	0	0	0	0	0	0
Hafnia_paralvei	0	0	0	0	0	0	0	0	0	0	0	0	0	0	0	0	0	0	0	0	0	0	0	0	0	0	0	0	0	0	0	0	0	0	0	0	0	0	0	0	0	0	0	0	0	0	0	0	0	0	0	0	0	0	0	0	0	0	0	0	0	0	0	0	0	0	0	0	0	0	0	0	0	0	0	0	0	0	0	0	0	0	0	0	0	0	0	0	0	0	0	0	0	0	0	0	0	0	0	0	0	0	0	0	0	0	0	0	0	0	0	0	0	0	0	0	0	0	0	0	0	0	0	0	0	0	0	0	0	0	0	0	0	0	0	0	0	0	0.0064	0	0	0	0	0	0	0	0	0	0	0	0	0	0	0	0	0	0	0	0	0	0	0	0	0	0	0	0	0	0
Baileyella_intestinalis	0	0	0	0	0	0	0	0	0	0	0	0	0	0	0	0	0	0	0	0	0	0	0	0	0	0	0	0	0	0	0	0	0	0	0	0	0	0	0	0	0	0	0	0	0	0	0	0	0	0	0	0	0	0	0	0	0	0	0	0	0	0	0	0	0	0	0	0	0	0	0	0	0	0	0	0	0	0	0	0.00639	0	0	0	0	0	0	0	0	0	0	0	0	0	0	0	0	0	0	0	0	0	0	0	0	0	0	0	0	0	0	0	0	0	0	0	0	0	0	0	0	0	0	0	0	0	0	0	0	0	0	0	0	0	0	0	0	0	0	0	0	0	0	0	0	0	0	0	0	0	0	0	0	0	0	0	0	0	0	0	0	0	0	0	0	0	0	0	0	0
Peptidiphaga_SGB69229	0	0	0	0	0	0	0	0	0	0	0	0	0	0	0	0	0	0	0	0	0	0	0	0	0	0	0	0	0.00636	0	0	0	0	0	0	0	0	0.00355	0	0	0	0	0	0	0	0	0	0	0	0	0	0	0	0	0	0	0	0	0	0	0	0	0	0	0	0	0	0	0	0	0	0	0	0	0	0	0	0	0	0	0	0	0	0	0	0	0	0	0	0	0	0	0	0	0	0	0	0	0	0	0	0	0	0	0	0	0	0	0	0	0	0	0	0	0	0	0	0	0	0	0	0	0	0	0	0	0	0	0	0	0	0	0	0	0	0	0	0	0	0	0	0	0	0	0	0	0	0	0	0	0	0	0	0	0	0	0	0	0	0	0	0	0	0	0	0	0	0	0
Citrobacter_koseri	0	0	0	0	0	0	0	0	0	0	0	0	0	0	0	0	0	0	0	0	0	0.00634	0	0	0	0	0	0	0	0	0	0	0	0	0	0	0	0	0	0	0	0	0	0	0	0	0	0	0	0	0	0	0	0	0	0	0	0	0	0	0	0	0	0	0	0	0	0	0	0	0	0	0	0	0	0	0	0	0	0	0	0	0	0	0	0	0	0	0	0	0	0	0	0	0	0	0	0	0	0	0	0	0	0	0	0	0	0	0	0	0	0	0	0	0	0	0.00519	0	0	0	0	0	0	0	0	0	0	0	0	0	0	0	0	0	0	0	0	0	0	0	0	0	0	0	0	0	0	0	0	0	0	0	0	0	0	0	0	0	0	0	0	0	0	0	0	0	0	0	0
Clostridiaceae_unclassified_SGB66046	0	0	0	0	0	0	0	0	0	0	0	0	0	0	0	0.00631	0	0	0	0	0	0	0	0	0	0	0	0	0	0	0	0	0	0	0	0	0	0	0	0	0	0.0016	0	0	0	0	0	0	0	0	0	0	0	0	0	0	0	0	0	0	0	0	0	0	0	0	0	0	0	0	0	0	0	0	0	0	0	0	0	0	0	0	0	0	0	0	0	0	0	0	0	0	0	0	0	0	0	0	0	0	0	0	0	0	0	0	0	0	0	0	0	0	0	0	0	0	0	0	0	0	0	0	0	0	0	0	0	0	0	0	0	0	0	0	0	0	0	0	0	0	0	0	0	0	0	0	0	0	0	0	0	0	0	0	0	0	0	0	0	0	0	0	0	0	0	0	0	0	0
Staphylococcus_aureus	0	0	0	0	0	0	0	0	0	0	0	0	0	0	0	0	0	0	0	0	0.00623	0	0	0	0	0	0	0	0	0	0	0	0	0	0	0	0	0	0	0	0	0	0	0	0	0	0	0	0	0	0	0	0	0	0	0	0	0	0	0	0	0	0	0	0	0	0	0	0	0	0	0	0	0	0	0	0	0	0	0	0	0	0	0	0	0	0	0	0	0	0	0	0	0	0	0	0	0	0	0	0	0	0	0	0	0	0	0	0	0	0	0	0	0	0	0	0	0	0	0	0	0	0	0	0	0	0	0	0	0	0	0	0	0	0	0	0	0	0	0	0	0	0	0	0	0	0	0	0	0	0	0	0	0	0	0	0	0	0	0	0	0	0	0	0	0	0	0	0
GGB3446_SGB4597	0	0	0	0	0	0	0	0	0	0	0	0	0	0	0	0	0	0	0	0	0	0	0	0	0	0	0	0	0.00614	0	0	0	0	0	0	0	0	0	0	0	0	0	0	0	0	0	0	0	0	0	0	0	0	0	0	0	0	0	0	0	0	0	0	0	0	0	0	0	0	0	0	0	0	0	0	0	0	0	0	0	0	0	0	0	0	0	0	0	0	0	0	0	0	0	0	0	0	0	0	0	0	0	0	0	0	0	0	0	0	0	0	0	0	0	0	0	0	0	0	0	0	0	0	0	0	0	0	0	0	0	0	0	0	0	0	0	0	0	0	0	0	0	0	0	0	0	0	0	0	0	0	0	0	0	0	0	0	0	0	0	0	0	0	0	0	0	0	0	0
Veillonella_denticariosi	0	0	0	0	0	0	0	0	0	0	0	0	0	0	0	0	0	0	0	0	0	0	0	0	0	0	0	0	0	0	0	0	0	0	0	0	0	0	0	0	0	0	0	0	0	0	0	0	0	0	0	0	0	0	0	0	0	0	0	0	0	0	0	0	0	0	0	0	0	0	0	0	0	0.00045	0	0	0	0	0	0	0	0	0	0	0	0	0	0	0	0	0	0	0	0	0	0	0	0	0	0	0	0	0	0	0	0	0	0	0	0	0	0	0	0	0	0	0	0	0	0	0	0	0	0	0	0	0	0	0	0	0	0	0	0	0	0	0	0	0	0	0	0	0	0.00609	0	0	0	0	0	0	0	0	0	0	0	0	0	0	0	0	0	0	0	0	0	0	0	0	0
GGB42639_SGB59836	0	0	0	0	0	0	0	0	0	0	0	0	0	0	0	0	0	0	0	0	0	0	0.00588	0	0	0	0	0	0	0	0	0	0	0	0	0	0	0	0	0	0	0.00024	0	0	0	0	0	0	0	0	0	0	0	0	0	0	0	0	0	0	0	0	0	0	0	0	0	0	0	0	0	0	0	0	0	0	0	0	0	0	0	0	0	0	0	0	0	0	0	0	0	0	0	0	0	0	0	0	0	0	0	0	0.00607	0	0	0	0	0	0	0	0	0	0	0	0	0	0	0	0	0	0	0	0	0	0	0	0	0	0	0	0	0	0	0	0.00019	0	0	0	0	0	0	0	0	0	0	0	0	0	0	0	0	0	0	0	0	0	0	0	0	0	0	0	0	0	0	0	0	0	0
Limosilactobacillus_vaginalis	0	0	0.00603	0	0	0	0	0	0	0	0	0	0	0	0	0	0	0	0	0	0	0	0	0	0	0	0	0	0	0	0	0	0	0	0	0	0	0	0	0	0	0	0	0	0	0	0	0	0	0	0	0	0	0	0	0	0	0	0	0	0	0	0	0	0	0	0	0	0	0	0	0	0	0	0	0	0	0	0	0	0	0	0	0	0	0	0	0	0	0	0	0	0	0	0	0	0	0	0	0	0	0	0	0	0	0	0	0	0	0	0	0	0	0	0	0	0	0	0	0	0	0	0	0	0	0	0	0	0	0	0	0	0	0	0	0	0	0	0	0	0	0	0	0	0	0	0	0	0	0	0	0	0	0	0	0	0	0	0	0	0	0	0	0	0	0	0	0	0
Corynebacterium_accolens	0	0	0	0	0	0	0	0	0	0	0	0	0	0	0	0	0	0	0	0	0	0	0	0	0	0.00599	0	0	0	0	0	0	0	0	0	0	0	0	0	0	0	0	0	0	0	0	0	0	0	0	0	0	0	0	0	0	0	0	0	0	0	0	0	0	0	0	0	0	0	0	0	0	0	0	0	0	0	0	0	0	0	0	0	0	0	0	0	0	0	0	0	0	0	0	0	0	0	0	0	0	0	0	0	0	0	0	0	0	0	0	0	0	0	0	0	0	0	0	0	0	0	0	0	0	0	0	0	0	0	0	0	0	0	0	0	0	0	0	0	0	0	0	0	0	0	0	0	0	0	0	0	0	0	0	0	0	0	0	0	0	0	0	0	0	0	0	0	0	0
Olsenella_uli	0	0	0.00172	0	0	0	0	0	0	0	0	0	0	0	0	0	0	0	0	0	0	0	0	0	0	0	0	0	0.00339	0	0	0	0	0	0	0	0	0.00597	0	0	0	0	0	0	0	0	0	0	0	0	0	0	0	0	0	0	0	0	0	0	0	0	0	0	0	0	0	0	0	0	0	0	0	0	0	0	0	0	0	0	0	0	0	0	0	0	0	0	0	0	0	0	0	0	0	0	0	0	0	0	0	0	0	0	0	0	0	0	0	0	0	0	0	0	0	0	0	0	0	0	0	0	0	0	0	0	0	0	0	0	0	0	0	0	0	0	0	0	0	0	0	0	0	0	0	0	0	0	0	0	0	0	0	0	0	0	0	0	0	0	0	0	0	0	0	0	0	0	0
Burkholderia_contaminans	0	0	0	0.00241	0	0.00591	0	0	0	0	0	0	0	0	0	0	0	0	0	0	0	0	0	0	0.00427	0	0	0	0	0	0	0	0	0	0	0	0	0	0	0	0	0	0	0	0	0.00529	0	0	0	0	0	0	0	0	0	0	0	0	0	0	0	0	0	0	0	0	0	0	0	0	0	0	0	0	0	0	0	0	0	0	0	0	0	0	0	0	0	0	0	0	0	0	0	0	0	0	0	0	0	0	0	0	0	0	0	0	0	0	0	0	0	0	0	0	0	0	0	0	0	0	0	0	0	0	0	0	0	0	0	0	0	0	0	0	0	0	0	0	0	0	0	0	0	0	0	0	0	0	0	0	0	0	0	0	0	0	0	0	0	0	0	0	0	0	0	0	0	0	0
GGB1455_SGB2018	0	0	0.00014	0	0	0	0	0	0	0	0	0	0	0	0	0	0	0	0	0	0	0	0	0	0	0	0	0	0	0	0	0	0	0	0	0	0	0	0	0	0	0	0	0	0	0	0	0	0	0	0	0	0	0	0	0	0	0	0	0	0	0	0	0	0	0	0	0	0	0	0	0	0	0	0	0	0	0	0	0	0	0	0	0	0	0	0	0	0	0	0	0	0	0	0	0.00035	0	0	0	0	0	0	0	0	0	0	0	0	0	0	0.00591	0	0	0	0	0	0	0	0	0	0	0	0	0	0	0	0	0	0	0	0	0	0	0	0	0	0	0	0	0	0	0	0	0	0	0	0	0	0	0	0	0	0	0	0	0	0	0	0	0	0	0	0	0	0	0	0	0	0
GGB8965_SGB13825	0	0	0	0	0	0	0	0	0	0	0	0	0	0	0	0	0	0	0	0	0	0	0	0	0	0	0	0	0	0	0	0	0.00586	0	0	0	0	0	0	0	0	0	0	0	0	0	0	0	0	0	0	0	0	0	0	0	0	0	0	0	0	0	0	0	0	0	0	0	0	0	0	0	0	0	0	0	0	0	0	0	0	0	0	0	0	0	0	0	0	0	0	0	0	0	0	0	0	0	0	0	0	0	0	0	0	0	0	0	0	0	0	0	0	0	0	0	0	0	0	0	0	0	0	0	0	0	0	0	0	0	0	0	0	0	0	0	0	0	0	0	0	0	0	0	0	0	0	0	0	0	0	0	0	0	0	0	0	0	0	0	0	0	0	0	0	0	0	0	0
Acinetobacter_parvus	0	0	0	0	0	0	0	0	0	0	0	0	0	0	0	0	0	0	0	0	0	0	0	0.00583	0	0	0	0	0	0	0	0	0	0	0	0	0	0	0	0	0	0	0	0	0	0	0	0	0	0	0	0	0	0	0	0	0	0	0	0	0	0	0	0	0	0	0	0	0	0	0	0	0	0	0	0	0	0	0	0	0	0	0	0	0	0	0	0	0	0	0	0	0	0	0	0	0	0	0	0	0	0	0	0	0	0	0	0	0	0	0	0	0	0	0	0	0	0	0	0	0	0	0	0	0	0	0	0	0	0	0	0	0	0	0	0	0	0	0	0	0	0	0	0	0	0	0	0	0	0	0	0	0	0	0	0	0	0	0	0	0	0	0	0	0	0	0	0	0
GGB4745_SGB6571	0	0	0	0	0	0	0	0	0	0	0	0	0	0	0	0	0	0	0	0	0	0	0	0	0	0	0	0	0	0	0	0	0	0	0	0	0	0	0	0	0	0	0	0	0	0	0	0	0	0	0	0	0	0	0	0	0	0	0	0	0	0	0	0	0	0	0	0	0	0	0	0	0	0	0	0	0	0	0	0	0	0	0	0	0	0	0	0	0	0.0057	0	0	0	0	0	0	0	0	0	0	0	0	0	0	0	0	0	0	0	0	0	0	0	0	0	0	0	0	0	0	0	0	0	0	0	0	0	0	0	0	0	0	0	0	0	0	0	0	0	0	0	0	0	0	0	0	0	0	0	0	0	0	0	0	0	0	0	0	0	0	0	0	0	0	0	0	0	0	0
GGB9454_SGB14846	0	0	0	0	0	0	0	0	0	0	0	0	0	0	0	0	0	0	0	0	0	0	0	0	0	0	0	0	0	0	0	0	0	0	0	0	0	0	0	0	0	0	0	0	0	0	0	0	0	0	0	0	0	0	0	0	0	0	0	0	0	0	0	0	0	0	0	0	0	0	0	0	0	0	0	0	0	0	0	0	0	0	0	0	0	0	0	0	0	0	0	0	0	0	0	0	0	0	0	0	0	0	0	0	0	0	0	0	0	0	0	0	0.00558	0	0	0	0	0	0	0	0	0	0	0	0	0	0	0.00051	0	0	0	0	0	0	0	0	0	0	0.00075	0	0	0	0	0	0	0	0	0	0	0	0	0	0	0	0	0	0	0	0	0	0	0	0	0	0	0	0	0	0
Anaerostipes_rhamnosivorans	0	0	0	0	0	0	0	0	0	0	0	0	0	0	0	0	0	0	0	0	0	0	0	0	0	0	0.00557	0	0	0	0	0	0	0	0	0	0	0	0	0	0	0	0	0	0	0	0	0	0	0	0	0	0	0	0	0	0	0	0	0	0	0	0	0	0	0	0	0	0	0	0	0	0	0	0	0	0	0	0	0	0	0	0	0	0	0	0	0	0	0	0	0	0	0	0	0	0	0	0	0	0	0	0	0	0	0	0	0	0	0	0	0	0	0	0	0	0	0	0	0	0	0	0	0	0	0	0	0	0	0	0	0	0	0	0	0	0	0	0	0	0	0	0	0	0	0	0	0	0	0	0	0	0	0	0	0	0	0	0	0	0	0	0	0	0	0	0	0	0
Angelakisella_massiliensis	0	0	0	0	0	0	0	0	0	0	0	0	0	0	7e-05	0	0	0	0	0	0	0	0	0	0	0	0	0	0	0	0	0	0	0	0	0	0	0	0	0	0	0	0	0	0	0	0	0	0	0	0	0	0	0	0	0	0	0	0	0	0	0	0	0	0	0	0	0	0	0	0	0	0	0	0	0	0	0	0	0	0	0	0	0	0	0	0	0	0	0.00363	0	0	0	0	0	0	0	0	0	0	0	0	0	0	0	0	0	0	0	0	0	0	0	0	0	0	0	0	0.00553	0	0	0	0	0	0	0	0	0	0	0	0	0	0	0	0	0	0	0	0.00053	0	0	0	0	0	0	0.0003	0	0	0	0	0	0	0	0	0	0	0	0	0	0	0	0	0	0	0	0	0	0	0
Alloscardovia_omnicolens	0	0	0	0	0	0	0	0	0	0	0	0	0	0	0	0	0	0	0	0	0	0	0	0	0	0	0	0	0	0	0	0	0	0	0	0	0	0	0	0	0	0	0	0	0	0	0	0	0	0	0	0	0	0	0.00546	0	0	0	0	0	0	0	0	0	0	0	0	0	0	0	0	0	0	0.00185	0	0	0	0	0	0	0	0	0	0	0	0	0	0	0	0	0	0	0	0	0	0	0	0	0	0	0	0	0	0	0	0	0	0	0	0	0	0	0	0	0	0	0	0	0	0	0	0	0	0	0	0	0	0	0	0	0	0	0	0	0	0	0	0	0	0	0	0	0	0	0	0	0	0	0	0	0	0	0	0	0	0	0	0	0	0	0	0	0	0	0	0	0	0	0
Brevibacterium_rongguiense	0	0	0	0	0	0	0	0	0.00545	0	0	0	0	0	0	0	0	0	0	0	0	0	0	0	0	0	0	0	0	0	0	0	0	0	0	0	0	0	0	0	0	0	0	0	0	0	0	0	0	0	0	0	0	0	0	0	0	0	0	0	0	0	0	0	0	0	0	0	0	0	0	0	0	0	0	0	0	0	0	0	0	0	0	0	0	0	0	0	0	0	0	0	0	0	0	0	0	0	0	0	0	0	0	0	0	0	0	0	0	0	0	0	0	0	0	0	0	0	0	0	0	0	0	0	0	0	0	0	0	0	0	0	0	0	0	0	0	0	0	0	0	0	0	0	0	0	0	0	0	0	0	0	0	0	0	0	0	0	0	0	0	0	0	0	0	0	0	0	0
GGB12788_SGB19838	0	0	0	0.00541	0	0	0	0	0	0	0	0	0	0	0	0	0	0	0	0	0	0	0	0	0	0	0	0	0	0.00278	0	0	0	0	0	0	0	0	0	0	0	0	0.00308	0	0	0	0	0	0	0	0	0	0	0	0	0	0	0	0	0	0	0	0	0	0	0	0	0	0	0	0	0	0	0	0	0	0	0	0	0	0	0	0	0	0	0	0	0	0	0	0	0	0	0	0	0	0	0	0	0	0	0	0	0	0	0	0	0	0	0	0	0	0	0	0.0008	0	0	0	0	0	0	0	0	0	0	0	0	0	0	0	0	0	0	0	0	0	0	0	0	0	0	0	0	0	0	0	0	0	0	0	0	0	0	0	0	0	0	0	0	0	0	0	0	0	0	0	0	0	0
Peptostreptococcus_SGB749	0	0	0.00539	0	0	0	0	0	0	0	0	0	0	0	0	0	0	0	0	0	0	0	0	0	0	0	0.0026	0	0	0	0	0	0	0	0	0	0	0	0	0	0	0	0	0	0.00155	0	0	0	0	0	0	0	0	0	0	0	0	0	0	0	0	0	0	0	0	0	0	0	0	0	0	0	0	0	0	0	0	0	0	0	0	0	0	0	0	0	0	0	0	0	0	0	0	0	0	0	0	0	0	0	0	0	0	0	0	0	0	0	0	0	0	0	0	0	0	0	0	0	0	0	0	0	0	0	0	0	0	0	0	0	0	0	0	0	0	0	0	0	0	0	0	0	0	0	0	0	0	0	0	0	0	0	0	0	0	0	0	0	0	0	0	0	0	0	0	0	0	0	0
Olsenella_sp_KGMB02461	0	0	0	0	0	0	0	0	0	0	0	0	0	0	0	0	0	0	0	0	0	0	0	0	0	0	0	0	0	0	0	0	0	0	0	0	0	0	0	0	0	0	0	0	0	0	0	0	0	0	0	0	0	0	0	0	0	0	0	0	0	0	0	0.00031	0	0	0	0	0	0	0	0	0	0	0	0	0	0	0	0	0	0	0	0	0	0.00527	0	0	0	0	0	0	0	0	0	0	0	0	0	0	0	0	0	0	0	0	0	0	0	0	0	0	0	0	0	0	0	0	0	0	0	0	0	0	0	0	0	0	0	0	0	0	0	0	0	0	0	0	0	0	0	0	0	0	0	0	0	0	0	0	0	0	0	0	0	0	0	0	0	0	0	0	0	0	0	0	0	0	0
Yanshouia_hominis	0	0	0	0	0	0	0	0	0	0	0	0	0	0	0	0	0	0	0	0	0	0	0	0	0	0	0	0	0	0	0	0	0	0	0	0	0	0	0	0	0	0	0	0	0	0	0	0	0	0	0	0	0	0	0	0	0	0	0	0	0	0	0	0	0	0	0	0	0	0	0	0	0	0	0	0	0	0	0	0	0	0	0	0.00525	0	0	0	0	0	0	0	0	0	0	0.0016	0	0	0	0	0	0	0	0	0	0	0	0	0	0	0	0	0	0	0	0	0	0	0	0	0	0	0	0	0	0	0	0	0	0	0	0	0	0	0	0	0	0	0	0	0	0	0	0	0	0	0	0	0	0	0	0	0	0	0	0	0	0	0	0	0	0	0	0	0	0	0	0	0	0
Gallalistipes_aquisgranensis	0.00519	0	0	0	0	0	0	0	0	0	0	0	0	0	0	0	0	0	0	0	0	0	0	0	0	0	0	0	0	0	0	0	0	0	0	0	0	0	0	0	0	0	0	0	0	0	0	0	0	0	0	0	0	0	0	0	0	0	0	0	0	0	0	0	0	0	0	0	0	0	0	0	0	0	0	0	0	0	0	0	0	0	0	0	0	0	0	0	0	0	0	0	0	0	0	0	0	0	0	0	0	0	0	0	0	0	0	0	0	0	0	0	0	0	0	0	0	0	0	0	0	0	0	0	0	0	0	0	0	0	0	0	0	0	0	0	0	0	0	0	0	0	0	0	0	0	0	0	0	0	0	0	0	0	0	0	0	0	0	0	0	0	0	0	0	0	0	0	0
Oribacterium_parvum	0	0	0	0	0	0	0	0	0	0	0	0.00424	0	0	0	0	0	0	0	0	0.00518	0	0	0	0	0	0	0	0	0	0	0	0	0	0.00359	0	0	0	0	0	0	0	0	0	0	0	0	0	0	0	0	0	0	0	0	0	0	0	0	0	0	0	0	0	0.00035	0	0	0	0	0	0	0	0	0.00241	0	0	0	0	0	0	0	0	0	0	0	0	0	0.00049	0	0	0	0	0	0	0	0	0	0	0	0	0	0	0	0	0	0	0	0	0	0	0	0	0	0	0	0	0	0	0	0	0	0	0	0	0	0	0	0	0	0	0	0	0	0.00196	0	0	0	0	0	0	0	0	0	0	0	0	0	0	0	0	0	0	0	0	0	0	0	0	0	0	0	0	0	0	0	0	0	0	0
GGB70869_SGB2145	0	0	0	0	0	0	0	0	0	0	0	0	0	0	0	0	0	0	0	0	0	0	0	0	0	0	0	0	0	0	0	0	0	0	0	0	0	0	0	0	0	0	0	0	0	0	0	0	0	0	0	0	0	0	0	0	0	0	0	0	0	0	0	0.00115	0	0	0	0	0	0	0	0	0	0	0	0	0	0	0	0	0	0	0	0	0	0.00504	0	0	0	0	0	0	0	0	0	0	0	0	0	0	0	0	0	0	0	0	0	0	0	0	0	0	0	0	0	0	0	0	0	0	0	0	0	0	0	0	0	0	0	0	0	0	0	0	0	0	0	0	0	0	0	0	0	0	0	0	0	0	0	0	0	0	0	0	0	0	0	0	0	0	0	0	0	0	0	0	0	0	0
Actinomyces_israelii	0	0	0	0	0	0	0	0	0	0	0.00013	0	0	0	0	0	0	0	0	0	0	0	0	0	0	0	0.00502	0	0	0	0	0	0	0	0	0	0	0	0	0	0	0	0	0	0	0	0	0	0	0	0	0	0	0	0	0	0	0	0	0	0	0	0	0	0	0	0	0	0	0	0	0	0	0	0	0	0	0	0	0	0	0	0	0	0	0	0	0	0	0	0	0	0	0	0	0	0	0	0	0	0	0	0	0	0	0	0	0	0	0	0	0	0	0	0	0	0	0	0	0	0	0	0	0	0	0	0	0	0	0	0	0	0	0	0	0	0	0	0	0	0	0	0	0	0	0	0	0	0	0	0	0	0	0	0	0	0	0	0	0	0	0	0	0	0	0	0	0	0
Lawsonella_SGB3665	0	0	0	0	0	0	0	0	0	0	0	0	0	0	0	0	0	0	0	0	0	0	0	0	0	0	0	0	0	0	0	0	0	0	0	0	0	0	0	0	0	0	0	0	0	0	0	0	0	0	0	0	0	0	0	0	0	0	0	0	0	0	0	0	0	0	0	0.00501	0	0	0	0	0	0	0	0	0	0	0	0	0	0	0	0	0	0	0	0	0	0	0	0	0	0	0	0	0	0	0	0	0	0	0	0	0	0	0	0	0	0	0	0	0	0	0	0	0	0	0	0	0	0	0	0	0	0	0	0	0	0	0	0	0	0	0	0	0	0	0	0	0	0	0	0	0	0	0	0	0	0	0	0	0	0	0	0	0	0	0	0	0	0	0	0	0	0	0	0	0
Porphyromonas_endodontalis	0	0	0	0	0	0	0	0	0	0	0	0	0	0	0	0	0	0	0	0	0	0	0	0	0	0	0	0	0	0	0	0	0	0	0	0	0	0	0	0	0	0	0	0	0	0	0	0	0	0	0	0	0	0	0	0	0	0	0	0	0	0	0	0	0	0	0	0	0	0	0	0	0	0	0	0	0	0	0	0	0	0	0	0	0	0	0	0	0	0	0	0	0	0	0	0	0	0	0	0	0	0.00495	0	0	0	0	0	0	0	0	0	0	0	0	0	0	0	0	0	0	0	0	0	0	0	0	0	0	0	0	0	0	0	0	0	0	0	0	0	0	0	0	0	0	0	0	0	0	0	0	0	0	0	0	0	0	0	0	0	0	0	0	0	0	0	0	0	0	0
Atopobium_sp_oral_taxon_416	0	0	0	0	0	0	0	0	0	0	0	0	0	0	0	0	0	0	0	0	0	0	0	0	0	0	0	0	0	0	0	0	0	0	0	0	0	0	0	0	0	0	0	0.00112	0	0	0	0.00492	0	0	0	0	0	0	0	0	0	0	0	0	0	0	0	0	0	0	0	0	0	0	0	0	0	0	0	0	0	0	0	0	0	0	0	0	0	0	0	0	0	0	0	0	0	0	0	0	0	0	0	0	0	0	0	0	0	0	0	0	0	0	0	0	0	0	0	0	0	0	0	0	0	0	0	0	0	0	0	0	0	0	0	0	0	0	0	0	0	0	0	0	0	0	0	0	0	0	0	0	0	0	0	0	0	0	0	0	0	0	0	0	0	0	0	0	0	0	0	0	0
GGB3057_SGB4059	0	0	0	0	0	0	0	0	0	0	0	0	0	0	0	0	0	0	0	0	0	0	0	0	0	0	0	0	0	0	0	0	0	0	0	0.00487	0	0	0	0	0	0	0	0	0	0	0	0	0	0	0	0	0	0	0	0	0	0	0	0	0	0	0	0	0	0	0	0	0	0	0	0	0	0	0	0	0	0	0	0	0	0	0	0	0	0	0	0	0	0	0	0	0	0	0	0	0	0	0	0	0	0	0	0	0	0	0	0	0	0	0	0	0	0	0	0	0	0	0	0	0	0	0	0	0	0	0	0	0	0	0	0	0	0	0	0	0	0	0	0	0	0	0	0	0	0	0	0	0	0	0	0	0	0	0	0	0	0	0	0	0	0	0	0	0	0	0	0	0
GGB9621_SGB15072	0	0	0	0	0	0	0	0	0	0	0	0	0	0	0	0	0	0	0	0	0	0	0	0	0	0	0	0	0	0	0	0	0	0	0	0	0	0	0	0	0	0	0	0	0	0	0	0	0	0	0	0.00482	0	0	0	0	0	0	0	0	0	0	0	0	0	0	0	0	0	0	0	0	0	0	0	0	0	0	0	0	0	0	0	0	0	0	0	0	0	0	0	0	0	0	0	0	0	0	0	0	0	0	0	0	0	0	0	0	0	0	0	0	0	0	0	0	0	0	0	0	0	0	0	0	0	0	0	0	0.00191	0	0	0	0	0	0	0	0	0	0	0	0	0	0	0	0	0	0	0	0	0	0	0	0	0	0	0	0	0	0	0	0	0	0	0	0	0	0	0	0
GGB3213_SGB4243	0	0	0	0	0	0	0	0	0	0	0	0	0	0	0	0	0	0	0	0	0	0	0	0	0	0	0	0	0	0	0	0	0	0	0	0	0	0	0	0	0	0	0	0	0	0	0	0	0	0	0	0	0	0	0	0	0	0	0	0	0	0	0	0	0	0	0	0	0	0	0	0	0	0	0	0	0	0	0	0	0	0	0	0	0	0	0	0	0	0	0	0	0	0	0.0048	0	0	0	0	0	0	0	0	0	0	0	0	0	0	0	0	0	0	0	0	0	0	0	0	0	0	0	0	0	0	0	0	0	0	0	0	0	0	0	0	0	0	0	0	0	0	0	0	0	0	0	0	0	0	0	0	0	0	0	0	0	0	0	0	0	0	0	0	0	0	0	0	0	0
Anaerofilum_sp_An201	0	0	0.00469	0	0	0	0	0	0	0	0	0	0	0	0	0	0	0	0	0	0	0	0	0	0	0	0	0	0	0	0	0	0	0	0	0	0	0	0	0	0	0	0	0	0	0	0	0	0	0	0	0	0	0	0	0	0	0	0	0	0	0	0	0	0	0	0	0	0	0	0	0	0	0	0	0	0	0	0	0	0	0	0	0	0	0	0	0	0	0	0	0	0	0	0	0	0	0	0	0	0	0	0	0	0	0	0	0	0	0	0	0	0	0	0	0	0	0	0	0	0	0	0	0	0	0	0	0	0	0	0	0	0	0	0	0	0	0	0	0	0	0	0	0	0	0	0	0	0	0	0	0	0	0	0	0	0	0	0	0	0	0	0	0	0	0	0	0	0
Tetragenococcus_halophilus	0	0	0	0	0	0	0	0	0	0	0	0	0	0	0	0	0	0	0	0	0	0	0	0	0	0	0	0	0	0	0	0	0	0	0	0	0	0	0	0	0	0	0	0	0	0.00468	0	0	0	0	0	0	0	0	0	0	0	0	0	0	0	0	0	0	0	0	0	0	0	0	0	0	0	0	0	0	0	0	0	0	0	0	0	0	0	0	0	0	0	0	0	0	0	0	0	0	0	0	0	0	0	0	0	0	0	0	0	0	0	0	0	0	0	0	0	0	0	0	0	0	0	0	0	0	0	0	0	0	0	0	0	0	0	0	0	0	0	0	0	0	0	0	0	0	0	0	0	0	0	0	0	0	0	0	0	0	0	0	0	0	0	0	0	0	0	0	0	0	0
Vescimonas_SGB15088	0	0	0	0	0	0	0	0	0	0	0	0	0	0	0	0	0	0	0	0	0	0	0	0	0	0	0	0	0	0	0	0	0	0	0	0	0	0	0	0	0	0	0	0	0	0	0	0	0	0.00465	0	0	0	0	0	0	0	0	0	0	0	0	0	0	0	0	0	0	0	0	0	0	0	0	0	0	0	0	0	0	0	0	0	0	0	0	0	0	0	0	0	0	0	0	0	0	0	0	0	0	0	0	0	0	0	0	0	0	0	0	0	0	0	0	0	0	0	0.00236	0	0	0	0	0	0	0	0	0	0	0	0	0	0	0	0	0	0	0	0	0	0	0	0	0	0	0	0	0	0	0	0	0	0	0	0	0	0	0	0	0	0	0	0	0	0	0	0	0	0	0
Peptidiphaga_SGB15895	0	0	0	0	0	0	0	0	0	0	0	0	0	0	0	0	0	0	0	0	0	0	0	0	0	0	0.00449	0	0	0.0012	0	0	0	0	0	0	0	0	0	0	0	0	0	0.00057	0	0	0	0	0	0	0	0	0	0	0	0	0	0	0	0	0	0	0	0	0	0	0	0	0	0	0	0	0	0	0	0	0	0	0	0	0	0	0	0	0	0	0	0	0	0	0	0	0	0	0	0	0	0	0	0	0	0	0	0	0	0	0	0	0	0	0	0	0	0	0	0	0	0	0	0	0	0	0	0	0	0	0	0	0	0	0	0	0	0	0	0	0	0	0	0	0	0	0	0	0	0	0	0	0	0	0	0	0	0	0	0	0	0	0	0	0	0	0	0	0	0	0	0	0
Candidatus_Saccharibacteria_bacterium_oral_taxon_488	0	0	0	0	0	0	0	0	0	0	0.00163	0	0.00447	0	0	0.00219	0	0	0	0	0	0	0	0	0	0	0	0	0	0	0	0	0	0	0	0	0	0	0	0	0	0	0	0	0	0	0.00323	0	0	0	0	0	0	0	0	0	0	0	0	0	0	0	0	0	0	0	0	0	0	0	0	0	0	0	0	0	0	0	0	0	0	0	0	0	0	0	0	0	0	0	0	0	0	0	0	0	0	0	0	0	0	0	0	0	0	0	0.00081	0	0	0	0	0	0	0	0.00264	0	0	0	0	0	0	0	0	0	0	0	0	0	0	0	0	0	0	0	0	0	0	0	0	0	0	0	0	0	0	0	0	0	0	0	0	0	0	0	0	0	0	0	0	0	0	0	0	0	0	0	0	0	0
Prevotella_brevis	0	0	0	0	0	0	0	0	0	0	0	0	0	0	0	0	0	0	0	0	0	0	0	0	0	0	0	0	0	0	0	0	0	0	0	0	0	0	0	0	0	0	0	0	0	0	0	0	0	0	0	0	0	0	0	0	0	0	0	0	0	0	0	0	0	0	0	0	0	0	0	0	0	0	0	0	0	0	0	0	0	0	0	0	0	0	0	0	0	0	0	0	0	0	0	0	0	0	0	0	0	0	0	0	0	0	0	0	0	0	0	0	0	0	0	0	0	0	0	0	0	0	0	0	0	0	0	0	0	0	0	0	0	0	0	0	0	0	0	0	0	0	0	0.00444	0	0	0	0	0	0	0	0	0	0	0	0	0	0	0	0	0	0	0	0	0	0	0	0	0
GGB9832_SGB15478	0	0	0	0	0	0	0	0	0	0	0	0.00442	0	0	0	0	0	0	0	0	0	0	0	0	0	0	0	0	0	0	0	0	0	0	0	0	0	0	0	0	0	0	0	0	0	0	0	0	0	0	0	0	0	0	0	0	0	0	0	0	0	0	0	0	0	0	0	0	0	0.00049	0	0	0	0	0	0	0	0	0	0	0	0	0	0	0	0	0	0	0	0	0	0	0	0	0	0	0	0	0	0	0	0	0	0	0	0	0	0.00074	0	0	0	0	0	0	0	0	0	0	0	0	0	0	0	0	0	0	0	0	0	0	0	0	0	0	0	0	0	0	0	0	0	0	0	0	0	0	0	0	0	0	0	0	0	0	0	0	0	0	0	0	0	0	0	0	0	0	0	0	0
GGB3185_SGB4208	0	0	0	0	0	0	0	0	0	0	0	0	0	0	0	0	0	0	0	0	0	0	0	0	0	0	0	0	0	0	0	0	0	0	0	0	0	0	0	0	0	0	0	0	0	0	0	0	0	0.00436	0	0	0	0	0	0	0	0	0	0	0	0	0	0	0	0	0	0	0	0	0	0	0	0	0	0	0	0	0	0	0	0	0	0	0	0	0	0	0	0	0	0	0	0	0	0	0	0	0	0	0	0	0	0	0	0	0	0	0	0	0	0	0	0	0	0	0	0	0	0	0	0	0	0	0	0	0	0	0	0	0	0	0	0	0	0	0	0	0	0	0	0	0	0	0	0	0	0	0	0	0	0	0	0	0	0	0	0	0	0	0	0	0	0	0	0	0	0	0
Kosakonia_sp_SMBL_WEM22	0	0	0	0	0	0	0	0	0	0	0	0	0	0	0	0	0	0	0	0	0	0	0	0	0	0	0	0	0	0	0	0	0	0	0	0	0	0	0	0	0	0	0	0	0	0	0	0	0	0	0	0	0	0	0	0	0	0	0	0	0	0	0	0	0	0	0	0	0	0	0	0	0	0	0	0	0	0	0.00431	0	0	0	0	0	0	0	0	0	0	0	0	0	0	0	0	0	0	0	0	0	0	0	0	0	0	0	0	0	0	0	0	0	0	0	0	0	0	0	0	0	0	0	0	0	0	0	0	0	0	0	0	0	0	0	0	0	0	0	0	0	0	0	0	0	0	0	0	0	0	0	0	0	0	0	0	0	0	0	0	0	0	0	0	0	0	0	0	0	0
Peptidiphaga_gingivicola	0	0	0	0	0	0	0	0	0	0	0	0	0	0	0	0	0	0	0	0	0	0	0	0	0	0	0.00429	0	0	0	0	0	0	0	0	0	0	0	0	0	0	0	0	0	0	0	0	0	0	0	0	0	0	0	0	0	0	0	0	0	0	0	0	0	0	0	0	0	0	0	0	0	0	0	0	0	0	0	0	0	0	0	0	0	0	0	0	0	0	0	0	0	0	0	0	0	0	0	0	0	0	0	0	0	0	0	0	0	0	0	0	0	0	0	0	0	0	0	0	0	0	0	0	0	0	0	0	0	0	0	0	0	0	0	0	0	0	0	0	0	0	0	0	0	0	0	0	0	0	0	0	0	0	0	0	0	0	0	0	0	0	0	0	0	0	0	0	0	0
Schaalia_georgiae	0	0.00421	0	0	0	0	0	0	0	0	0	0	0	0	0	0	0	0	0	0	0	0	0	0	0	0	0	0	0.00086	0	0	0	0	0	0	0	0	0.00213	0	0	0	0	0	0	0	0	0	0	0	0	0	0	0	0	0	0	0	0	0	0	0	0	0	0	0	0	0	0	0	0	0	0	0	0	0	0	0	0	0	0	0	0	0	0	0	0	0	0	0	0	0	0	0	0	0	0	0	0	0	0	0	0	0	0	0	0	0	0	0	0	0	0	0	0	0	0	0	0	0	0	0	0	0	0	0	0	0	0	0	0	0	0	0	0	0	0	0	0	0	0	0	0	0	0	0	0	0	0	0	0	0	0	0	0	0	0	0	0	0	0	0	0	0	0	0	0	0	0	0
GGB1425_SGB1964	0	0	0	0	0	0	0	0	0	0	0	0	0	0	0	0	0	0	0	0	0	0	0	0	0	0	0	0	0	0	0	0	0	0	0	0	0	0	0	0	0	0	0	0	0	0	0	0	0	0	0	0	0	0	0	0	0	0	0	0	0	0	0	0	0	0	0	0	0	0	0.00419	0	0	0	0	0	0	0	0	0	0	0	0	0	0	0	0	0	0	0	0	0	0	0	0	0	0	0	0	0	0	0	0	0.00038	0	0	0	0	0	0	0	0	0	0	0	0	0	0	0	0	0	0	0	0	0	0	0	0	0	0	0	0	0	0	0	0	0	0	0	0	0	0	0	0	0	0	0	0	0	0	0	0	0	0	0	0	0	0	0	0	0	0	0	0	0	0	0	0	0
Bacteroides_congonensis	0	0	0	0	0	0	0	0	0	0	0	0	0	0	0	0	0	0	0	0	0	0	0	0	0	0	0	0	0	0	0	0	0	0	0	0.00405	0	0	0	0	0	0	0	0	0	0	0	0	0	0	0	0	0	0.0024	0	0	0	0	0	0	0	0	0	0	0	0	0	0	0	0	0	0	0	0	0	0	0	0	0	0	0	0	0	0	0	0	0	0	0	0	0	0	0	0	0	0	0	0	0	0	0	0	0	0	0	0	0	0	0	0	0	0	0	0	0	0	0	0	0	0	0	0	0	0	0	0	0	0	0	0	0	0	0	0	0	0	0	0	0	0	0	0	0	0	0	0	0	0	0	0	0	0	0	0	0	0	0	0	0	0	0	0	0	0	0	0	0	0	0
GGB9637_SGB15111	0	0	0	0	0	0	0	0	0	0	0	0	0	0	0	0	0	0	0	0	0	0	0	0	0	0	0	0	0	0	0	0	0	0	0	0	0	0	0	0	0	0	0	0	0	0	0	0	0	0.00404	0	0	0	0	0	0	0	0	0	0	0	0	0	0	0	0	0	0	0	0	0	0	0	0	0	0	0	0	0	0	0	0	0	0	0	0	0	0	0	0	0	0	0	0	0	0	0	0	0	0	0	0	0	0	0	0	0	0	0	0	0	0	0	0	0	0	0	0	0	0	0	0	0	0	0	0	0	0	0	0	0	0	0	0	0	0	0	0	0	0	0	0	0	0	0	0	0	0	0	0	0	0	0	0	0	0	0	0	0	0	0	0	0	0	0	0	0	0	0
GGB34228_SGB53814	0	0	0	0	0	0	0	0	0	0	0	0	0	0	0	0	0	0	0	0	0	0	0	0	0	0	0	0	0	0	0	0	0	0	0	0	0	0	0	0	0	0	0	0	0	0	0	0	0	0.00141	0	0	0	0	0	0	0	0	0	0	0	0	0	0	0	0	0	0	0	0	0.00055	0	0	0	0	0	0	0	0	0	0	0	0	0	0.00025	0	0	0	0	0	0	0	0	0	0	0	0	0	0.00404	0	0	0	0	0	0	0	0	0	0	0	0	0	0	0	0	0	0	0	0	0	0	0	0	0	0	0	0	0	0	0	0	0	0	0	0	0	0	0	0	0	0	0	0	0	0	0	0	0	0	0	0	0	0	0	0	0	0	0	0	0	0	0	0	0	0	0	0	0	0
Gehongia_tenuis	0	0	0	0	0	0	0	0	0	0	0	0	0	0	0	0	0	0	0	0	0	0	0	0	0	0	0	0	0	0	0	0	0	0	0	0.00393	0	0	0	0	0	0	0	0	0	0	0	0	0	0	0	0	0	0	0	0	0	0	0	0	0	0	0	0	0	0	0	0	0	0	0	0	0	0	0	0	0	0	0	0	0	0	0	0.0004	0	5e-05	0	0	0	0	0	0	0	0	0	0	0	0	0	0	0	0	0	0	0.0002	0	0	0	3e-05	0	0	0.00044	0.00051	0	0	0	0	0.0004	0	0.00131	0	0	0	0	0.00039	0	0	0.00034	0	0	0.00055	0	0	0	0	0	0	0	0	0	0	0	0	0	0	0	0	0	0	0	0	0	0	0	0	0	0	0	0	0	0	0	0	0	0	0	0	0	0
Lactococcus_carnosus	0	0	0	0	0	0	0	0	0	0	0.00071	0	0	0	0	0	0	0	0	0	0	0	0	0	0	0	0	0	0	0	0	0	0	0	0	0	0	0	0	0	0	0	0	0	0	0	0	0	0	0	0	0	0	0	0	0	0	0	0	0	0	0	0	0	0	0	0	0	0	0	0	0	0	0	0	0	0	0	0	0	0	0	0	0	0	0	0.00239	0	0	0	0	0	0	0	0	0	0	0	0	0	0	0	0	0	0	0	0	0	0.00231	0	0	0	0	0	0	0	0	0	0	0	0	0	0	0	0	0	0	0	0.00392	0	0	0	0	0.00376	0	0	0	0	0	0	0	0	0	0	0	0	0	0	0	0	0	0	0	0	0	0	0	0	0	0	0	0	0	0	0	0	0	0	0
Anaerococcus_lactolyticus	0	0	0	0	0	0	0	0	0	0	0	0	0	0	0	0	0	0	0	0	0	0	0	0	0	0	0	0	0	0	0	0	0	0	0	0	0	0	0	0	0	0	0	0	0	0	0	0	0	0	0	0	0	0	0	0	0	0	0	0	0	0	0	0	0	0	0	0	0	0	0	0	0	0	0	0	0	0	0	0	0	0	0	0	0	0	0	0	0	0	0	0	0	0	0	0	0	0	0	0	0	0	0	0	0	0	0	0	0	0	0.00391	0	0	0	0	0	0	0	0	0	0	0	0	0	0	0	0	0	0	0	0	0	0	0	0	0	0	0	0	0	0	0	0	0	0	0	0	0	0	0	0	0	0	0	0	0	0	0	0	0	0	0	0	0	0	0	0	0	0
Clostridium_hylemonae	0	0	0	0	0	0	0	0	0	0	0	0	0	0	0	0	0	0	0	0	0	0	0	0	0	0	0	0	0	0	0	0	0	0	0	0	0	0.0039	0	0	0	0	0	0	0	0	0	0	0	0	0	0	0	0	0	0	0	0	0	0	0	0	0	0	0	0	0	0	0	0	0	0	0	0	0	0	0	0	0	0	0	0	0	0	0	0	0	0	0	0	0	0	0	0	0	0	0	0	0	0	0	0	0	0	0	0	0	0	0	0	0	0	0	0	0	0	0	0	0	0	0	0	0	0	0	0	0	0	0	0	0	0	0	0	0	0	0	0	0	0	0	0	0	0	0	0	0	0	0	0	0	0	0	0	0	0	0	0	0	0	0	0	0	0	0	0	0	0	0
Olsenella_profusa	0	0.00388	0	0	0	0	0	0	0	0	0	0	0	0	0	0	0	0	0	0	0	0	0	0	0	0	0.00111	0	0.00023	0	0	0	0	0	0	0	0	0	0	0	0	0	0	0.00304	0	0	0	0.00168	0	0	0	0	0	0	0	0	0	0	0	0	0	0	0	0	0	0	0	0	0	0	0	0	0	0	0	0	0	0	0	0	0	0	0	0	0	0	0	0	0	0	0	0	0	0	0	0	0	0	0	0	0	0	0	0	0	0	0	0	0	0	0	0	0	0	0	0	0	0	0	0	0	0	0	0	0	0	0	0	0	0	0	0	0	0	0	0	0	0	0	0	0	0	0	0	0	0	0	0	0	0	0	0	0	0	0	0	0	0	0	0	0	0	0	0	0	0	0	0	0
Actinomyces_sp_HMT897	0	0	0.00387	0	0	0	0	0	0	0	0	0.00011	0	0	0	0	0	0	0	0	0	0	0	0	0	0	0	0	0	0	0.00064	0	0	0	0.0001	0	0	0	0	0	0	0	0	0	0	0	0	0	0	0	0	0	0	0	0	0	0	0	0	0	0	0	0	0	0	0	0	0	0	0	0	0	0	0	0	0	0	0	0	0	0	0	0	0	0	0	0	0	0	0	0	0	0	0	0	0	0	0	0	0	0	0	0	0	0	0	0	0	0	0	0	0	0	0	0	0	0	0	0	0	0	0	0	0	0	0	0	0	0	0	0	0	0	0	0	0	0	0	0	0	0	0	0	0	0	0	0	0	0	0	0	0	0	0	0	0	0	0	0	0	0	0	0	0	0	0	0	0	0
Kluyvera_intermedia	0	0	0	0	0	0	0	0	0	0	0	0	0	0	0	0	0	0	0	0	0.00384	0	0	0	0	0	0	0	0	0	0	0	0	0	0	0	0	0	0	0	0	0	0	0	0	0	0	0	0	0	0	0	0	0	0	0	0	0	0	0	0	0	0	0	0	0	0	0	0	0	0	0	0	0	0	0	0	0	0	0	0	0	0	0	0	0	0	0	0	0	0	0	0	0	0	0	0	0	0	0	0	0	0	0	0	0	0	0	0	0	0	0	0	0	0	0	0	0	0	0	0	0	0	0	0	0	0	0	0	0	0	0	0	0	0	0	0	0	0	0	0	0	0	0	0	0	0	0	0	0	0	0	0	0	0	0	0	0	0	0	0	0	0	0	0	0	0	0	0
Porphyromonas_SGB1983	0	0	0	0	0	0	0	0	0	0	0	0	0	0	0	0	0	0	0	0	0	0	0	0	0	0	0	0	0	0	0	0	0	0	0	0	0	0	0	0	0	0	0	0	0	0	0	0	0	0	0	0	0	0	0	0	0	0	0	0	0	0	0	0	0	0	0	0	0	0	0	0	0	0	0	0	0	0	0	0	0	0	0	0	0	0	0	0	0	0	0	0	0	0	0	0	0	0	0	0	0	0.00381	0	0	0	0	0	0	0	0	0	0	0	0	0	0	0	0	0	0	0	0	0	0	0	0	0	0	0	0	0	0	0	0	0	0	0	0	0	0	0	0	0	0	0	0	0	0	0	0	0	0	0	0	0	0	0	0	0	0	0	0	0	0	0	0	0	0	0
GGB42389_SGB59559	0	0	0	0	0	0	0	0	0	0	0	0	0	0	0	0	0	0	0	0	0	0	0	0	0	0	0	0	0	0	0	0	0	0	0	0	0	0	0	0	0	0	0	0	0	0	0	0	0	0	0	0	0	0	0	0	0	0	0	0	0	0	0	0	0	0	0	0.00381	0	0	0	0	0	0	0	0	0	0	0	0	0	0	0	0	0	0	0	0	0	0	0	0	0	0	0	0	0	0	0	0	0	0	0	0	0	0	0	0	0	0	0	0	0	0	0	0	0	0	0	0	0	0	0	0	0	0	0	0	0	0	0	0	0	0	0	0	0	0	0	0	0	0	0	0	0	0	0	0	0	0	0	0	0	0	0	0	0	0	0	0	0	0	0	0	0	0	0	0	0
Mediterraneibacter_sp_NSJ_55	0	0	0	0	0	0	0	0	0	0	0	0	0	0	0	0	0	0	0	0	0	0	0	0	0	0	0	0	0	0	0	0	0	0	0	0	0	0	0	0	0	0	0	0	0	0	0	0	0	0	0	0	0	0	0	0	0	0	0	0	0	0	0	0.00041	0	0	0	0	0	0	0	0	0	0	0	0	0	0	0	0	0	0	0	0	0	0.00378	0	0	0	0	0	0	0	0	0	0	0	0	0	0	0	0	0	0	0	0	0	0	0	0	0	0	0	0	0	0	0	0	0	0	0	0	0	0	0	0	0	0	0	0	0	0	0	0	0	0	0	0	0	0	0	0	0	0	0	0	0	0	0	0	0	0	0	0	0	0	0	0	0	0	0	0	0	0	0	0	0	0	0
GGB3325_SGB4402	0	0	0	0	0	0	0	0	0	0	0	0	0	0	0	0	0	0	0	0	0	0	0	0	0	0	0	0	0	0	0	0	0	0	0	0	0	0	0	0	0	0	0	0	0	0	0	0	0	0	0	0	0	0	0	0	0	0	0	0	0	0	0	0	0	0	0	0	0	0	0	0	0	0	0	0	0	0	0	0	0	0	0	0	0	0	0	0	0	0	0	0	0	0	0	0	0	0	0	0	0	0	0	0	0	0	0	0	0	0	0	0	0	0	0	0	0	0	0	0	0	0	0	0	0	0	0.00378	0	0	0	0	0	0	0	0	0	0	0	0	0	0	0	0	0	0	0	0	0	0	0	0	0	0	0	0	0	0	0	0	0	0	0	0	0	0	0	0	0	0
GGB96534_SGB136060	0	0	0	0	0	0	0	0	0	0	0	0	0	0	0	0	0	0	0	0	0.00162	0	0	0	0	0	0	0	0	0	0	0	0	0	0	0	0	0	0.00376	0	0	0	0	0	0	0	0	0	0	0	0	0	0	0	0	0	0	0	0	0	0	0	0	0	0	0	0	0	0	0	0	0	0	0	0	0	0	0	0	0	0	0	0	0	0	0	0	0	0	0	0	0	0	0	0	0	0	0	0	0	0	0	0	0	0	0	0	0	0	0	0	0	0	0	0	0	0	0	0	0	0	0	0	0	0	0	0	0	0	0	0	0	0	0	0	0	0	0	0	0	0	0	0	0	0	0	0	0	0	0	0	0	0	0	0	0	0	0	0	0	0	0	0	0	0	0	0	0	0
Kocuria_rhizophila	0	0	0	0	0	0	0	0	0.00376	0	0	0	0	0	0	0	0	0	0	0	0	0	0	0	0	0	0	0	0	0	0	0	0	0	0	0	0	0	0	0	0	0	0	0	0	0	0	0	0	0	0	0	0	0	0	0	0	0	0	0	0	0	0	0	0	0	0	0	0	0	0	0	0	0	0	0	0	0	0	0	0	0	0	0	0	0	0	0	0	0	0	0	0	0	0	0	0	0	0	0	0	0	0	0	0	0	0	0	0	0	0	0	0	0	0	0	0	0	0	0	0	0	0	0	0	0	0	0	0	0	0	0	0	0	0	0	0	0	0	0	0	0	0	0	0	0	0	0	0	0	0	0	0	0	0	0	0	0	0	0	0	0	0	0	0	0	0	0	0
GGB50802_SGB106454	0	0	0	0	0	0	0	0	0	0	0	0	0	0	0	0	0	0	0	0	0	0	0	0	0	0	0	0	0	0	0	0	0	0	0	0	0	0	0	0	0	0	0.00365	0	0	0	0	0	0	0	0	0	0	0	0	0	0	0	0	0	0	0	0	0	0	0	0	0	0	0	0	0	0	0	0	0	0	0	0	0	0	0	0	0	0	0	0	0	0	0	0	0	0	0	0	0	0	0	0	0	0	0	0	0	0	0	0	0	0	0	0	0	0	0	0	0	0	0	0	0	0	0	0	0	0	0	0	0	0	0	0	0	0	0	0	0	0	0	0	0	0	0	0	0	0	0	0	0	0	0	0	0	0	0	0	0	0	0	0	0	0	0	0	0	0	0	0	0	0
Acinetobacter_sp_A3_8	0	0	0	0	0	0	0	0	0	0	0	0	0	0	0	0	0	0	0	0	0	0	0	0.00359	0	0	0	0	0	0	0	0	0	0	0	0	0	0	0	0	0	0	0	0	0	0	0	0	0	0	0	0	0	0	0	0	0	0	0	0	0	0	0	0	0	0	0	0	0	0	0	0	0	0	0	0	0	0	0	0	0	0	0	0	0	0	0	0	0	0	0	0	0	0	0	0	0	0	0	0	0	0	0	0	0	0	0	0	0	0	0	0	0	0	0	0	0	0	0	0	0	0	0	0	0	0	0	0	0	0	0	0	0	0	0	0	0	0	0	0	0	0	0	0	0	0	0	0	0	0	0	0	0	0	0	0	0	0	0	0	0	0	0	0	0	0	0	0	0
GGB3012_SGB4003	0	0	0	0	0	0	0	0	0	0	0	0	0	0	0	0	0	0	0	0	0	0	0	0	0	0	0	0	0	0	0	0	0	0	0	0	0	0	0	0	0	0	0	0	0	0	0	0	0	0	0	0	0	0	0	0	0	0	0	0	0	0	0	0	0	0	0	0	0	0	0	0	0	0	0	0	0	0	0	0	0	0	0	0	0	0	0	0	0	0	0	0	0	0	0	0	0	0	0.00358	0	0	0	0	0	0	0	0	0	0	0	0	0	0	0	0	0	0	0	0	0	0	0	0	0	0	0	0	0	0	0	0	0	0	0	0	0	0	0	0	0	0	0.00276	0	0	0	0	0	0	0	0	0	0	0	0	0	0	0	0	0	0	0	0	0	0	0	0	0	0	0
Corynebacterium_falsenii	0	0	0	0.00351	0	0	0	0	0	0	0	0	0	0	0	0	0	0	0	0	0	0	0	0	0	0	0	0	0	0	0	0	0	0	0	0	0	0	0	0	0	0	0	0	0	0	0	0	0	0	0	0	0	0	0	0	0	0	0	0	0	0	0	0	0	0	0	0	0	0	0	0	0	0	0	0	0	0	0	0	0	0	0	0	0	0	0	0	0	0	0	0	0	0	0	0	0	0	0	0	0	0	0	0	0	0	0	0	0	0	0	0	0	0	0	0	0	0	0	0	0	0	0	0	0	0	0	0	0	0	0	0	0	0	0	0	0	0	0	0	0	0	0	0	0	0	0	0	0	0	0	0	0	0	0	0	0	0	0	0	0	0	0	0	0	0	0	0	0
GGB3534_SGB4722	0	0	0	0	0	0.00301	0	0	0	0	0	0	0	0	0	0	0	0	0	0	0	0	0	0	0	0	0	0	0	0	0	0	0	0	0	0	0	0	0	0	0	0.00134	0	0	0	0	0	0	0	0	0	0	0	0	0	0	0	0	0	0	0	0	0	0	0	0	0	0	0	0	0	0	0	0	0	0	0	0	0	0	0	0	0	0	0	0.0035	0	0	0	0	0	0	0	0	0	0	0	0	0	0	0	0	0	0	0	0	0	0	0	0	0	0	0	0	0	0	0	0	0	0	0	0	0	0	0	0	0	0	0.00193	0	0	0	0	0	0	0	0	0	0.00103	0	0	0	0	0	0	0	0	0	0	0	0	0	0	0	0	0	0	0	0	0	0	0	0	0	0	0	0	0	0
TM7_phylum_sp_oral_taxon_350	0	0	0	0	0	0	0	0	0	0	0	0	0	0	0	0	0	0	0	0	0.0035	0	0	0	0	0	0	0	0	0	0.00276	0.00105	0	0	0	0	0	0	0	0	0	0	0	0	0	0	0	0	0	0	0	0	0	0	0	0	0	0	0	0	0	0	0	0	0	0	0	0	0	0	0	0	0	0	0	0	0	0	0	0	0	0	0	0	0	0	0	0	0	0	0	0	0	0	0	0	0	0	0	0	0	0	0	0	0	0	0	0	0	0	0	0	0	0	0	0	0	0	0	0	0	0	0	0	0	0	0	0	0	0	0	0	0	0	0	0	0	0	0	0	0	0	0	0	0	0	0	0	0	0	0	0	0	0	0	0	0	0	0	0	0	0	0	0	0	0	0	0	0
GGB1551_SGB2136	0	0	0	0	0	0	0	0	0	0	0	0	0	0	0	0	0	0	0	0	0	0	0	0	0	0	0	0	0	0	0	0	0	0	0	0	0	0	0	0	0	0	0	0	0	0	0	0	0	0	0	0	0	0	0	0	0	0	0	0	0	0	0	0	0	0	0	0	0	0	0	0	0	0	0	0	0	0	0	0	0	0	0	0	0	0	0	0	0	0	0	0	0	0	0	0	0	0	0	0	0	0	0	0	0	0	0	0	0	0	0	0	0	0	0	0	0	0	0	0	0	0	0	0	0	0	0	0	0	0	0	0	0	0	0.00347	0	0	0	0	0	0	0	0	0	0	0	0	0	0	0	0	0	0	0	0	0	0	0	0	0	0	0	0	0	0	0	0	0	0
Leuconostoc_holzapfelii	0	0.00316	0	0	0	0	0	0	0	0	0	0.00346	0	0	0	0	0	0	0	0	0	0	0	0	0	0	0	0	0	0	0	0	0	0	0	0	0	0	0	0	0	0	0	0	0	0	0	0	0	0	0	0	0	0	0	0	0	0	0	0	0	0	0	0	0	0	0	0	0	0	0	0	0	0	0	0	0	0	0	0	0	0	0	0	0	0	0	0	0	0	0	0	0	0	0	0	0	0	0	0	0	0	0	0	0	0	0	0	0	0	0	0	0	0	0	0	0	0	0	0	0	0	0	0	0	0	0	0	0	0	0	0	0	0	0	0	0	0	0	0	0	0	0	0	0	0	0	0	0	0	0	0	0	0	0	0	0	0	0	0	0	0	0	0	0	0	0	0	0
Limosilactobacillus_reuteri	0	0	0	0	0	0	0	0	0	0	0	0	0	0	0	0	0	0	0	0	0	0	0	0	0	0	0	0	0	0	0	0	0	0	0	0	0	0	0	0.00343	0	0	0	0	0	0	0	0	0	0	0	0	0	0	0	0	0	0	0	0	0	0	0	0	0	0	0	0	0	0	0	0	0	0	0	0	0	0	0	0	0	0	0	0	0	0	0	0	0	0	0	0	0	0	0	0	0	0	0	0	0	0	0	0	0	0	0	0	0	0	0	0	0	0	0	0	0	0	0	0	0	0	0	0	0	0	0	0	0	0	0	0	0	0	0	0	0	0	0	0	0	0	0	0	0	0	0	0	0	0	0	0	0	0	0	0	0	0	0	0	0	0	0	0	0	0	0	0	0
Anaeroglobus_geminatus	0	0	0	0	0.00329	0	0	0	0	0	0	0.00028	0	0	0	0	0	0	0	0	0	0	0	0	0	0	0	0.00123	0	0	0	0	0	0	0	0	0	0	0	0	0	0	0	0	0	0	0	0	0	0	0	0	0	0	0	0	0	0	0	0	0	0	0	0	0	0	0	0	0	0	0	0	0	0	0	0	0	0	0	0	0	0	0	0	0	0	0	0	0	0	0	0	0	0	0	0	0	0	0	0	0	0	0	0	0	0	0	0	0	0	0	0	0	0	0	0	0	0	0	0	0	0	0	0	0	0	0	0	0	0	0	0	0	0	0	0	0	0	0	0	0	0	0	0	0	0	0	0	0	0	0	0	0	0	0	0	0	0	0	0	0	0	0	0	0	0	0	0	0
GGB9240_SGB14182	0	0	0	0	0	0	0	0	0	0	0	0	0	0	0	0	0	0	0	0	0	0	0	0	0	0	0	0	0	0	0	0	0	0	0	0	0	0	0	0	0	0	0	0	0	0	0	0	0	0	0	0	0	0	0	0	0	0	0	0	0.00289	0	0	0	0	0	0	0	0	0	0	0	0	0	0	0	0	0	0	0	0	0	0	0	0	0	0	0	0	0.0032	0	0	0	0	0	0	0	0	0	0	0	0	0	0	0	0	0	0	0	0	0	0	0	0	0	0	0	0	0	0	0	0	0	0	0	0	0	0	0	0	0	0	0	0	0	0	0	0	0.00118	0	0	0	0	0	0	0	0	0	0	0	0	0	0	0	0	0	0	0	0	0	0	0	0	0	0	0	0	0	0
GGB3385_SGB4471	0	0	0	0	0	0	0	0	0	0	0	0	0	0	0	0	0	0	0	0	0	0	0	0	0	0	0	0	0	0	0	0	0	0	0	0	0	0	0	0	0	0	0	0	0	0	0	0	0	0	0	0	0	0	0	0	0	0	0	0	0	0	0	0	0	0	0	0	0	0	0	0	0	0	0	0	0	0	0	0	0	0	0	0	0	0	0	0	0	0	0	0	0	0	0	0	0	0	0	0	0	0	0	0	0	0	0	0	0	0	0	0	0.00316	0	0	0	0	0	0	0	0	0	0	0	0	0	0	0	0	0	0	0	0	0	0	0	0	0	0	0	0	0	0	0	0	0	0	0	0	0	0	0	0	0	0	0	0	0	0	0	0	0	0	0	0	0	0	0	0
Flavonifractor_sp_An82	0	0	0	0	0	0	0	0	0	0	0	0	0	0	0	0	0	0	0	0	0	0	0	0	0	0	0	0	0	0	0	0	0	0	0	0.00315	0	0	0	0	0	0	0	0	0	0	0	0	0	0	0	0	0	0	0	0	0	0	0	0	0	0	0	0	0	0	0	0	0	0	0	0	0	0	0	0	0	0	0	0	0	0	0	0	0	0	0	0	0	0	0	0	0	0	0	0	0	0	0	0	0	0	0	0	0	0	0	0	0	0	0	0	0	0	0	0	0	0	0	0	0	0	0	0	0	0	0	0	0	0	0	0	0	0	0	0	0	0	0	0	0	0	0	0	0	0	0	0	0	0	0	0	0	0	0	0	0	0	0	0	0	0	0	0	0	0	0	0	0
Candidatus_Saccharibacteria_unclassified_SGB19905	0	0	0	0	0	0	0	0	0	0	0	0	0	0	0	0	0	0	0	0	0	0	0	0	0	0	0	0	0	0	0	0	0	0	0	0	0	0	0	0	0	0	0	0	0	0	0.00313	0	0	0	0	0	0	0	0	0	0	0	0	0	0	0	0	0	0	0	0	0	0	0	0	0	0	0	0	0	0	0	0	0	0	0	0	0	0	0	0	0	0	0	0	0	0	0	0	0	0	0	0	0	0	0	0	0	0	0	0	0	0	0	0	0	0	0	0	0	0	0	0	0	0	0	0	0	0	0	0	0	0	0	0	0	0	0	0	0	0	0	0	0	0	0	0	0	0	0	0	0	0	0	0	0	0	0	0	0	0	0	0	0	0	0	0	0	0	0	0	0	0
GGB12785_SGB19827	0	0	0.00152	0	0	0.0001	0	0	0	0	0	0.00085	0	0	0	0	0	0	0	0	0.00311	0	0	0	0	0	0.00132	0	0	0	0	0	0	0.00188	0	0	0	0	0	0	0	0	0	0	0	0	0	0	0	0	0	0	0	0	0	0	0	0	0	0	0	0	0	0	0	0	0	0	0	0	0	0	0	0	0	0	0	0	0	0	0	0	0	0	0	0	0	0.00141	0	0	0	0	0	0	0	0	0	0	0	0	0.00043	0	0	0	0	0	0	0	0	0	0	0	0	0	0	0	0	0	0	0	0	0	0	0	0	0	0	0	0	0	0	0	0	0	0	0	0	0	0	0	0	0	0	0	0	0	0	0	0	0	0	0	0	0	0	0	0	0	0	0	0	0	0	0	0	0	0	0	0
Lautropia_mirabilis	0	0	0	0	0	0	0	0	0	0	0	0	0	0	0	0	0	0	0	0	0	0	0	0	0	0	0	0	0	0	0	0	0	0	0	0	0	0	0.00307	0	0	0	0	0	0	0	0	0	0	0	0	0	0	0	0	0	0	0	0	0	0	0	0	0	0	0	0	0	0	0	0	0	0	0	0	0	0	0	0	0	0	0	0	0	0	0	0	0	0	0	0	0	0	0	0	0	0	0	0	0	0	0	0	0	0	0	0	0	0	0	0	0	0	0	0	0	0	0	0	0	0	0	0	0	0	0	0	0	0	0	0	0	0	0	0	0	0	0	0	0	0	0	0	0	0	0	0	0	0	0	0	0	0	0	0	0	0	0	0	0	0	0	0	0	0	0	0	0	0
Cuneatibacter_caecimuris	0	0	0	0	0	0	0	0	0	0	0	0	0	0	0	0.00265	0	0	0	0	0	0	0	0	0	0	0	0	0	0	0	0	0	0	0	0	0	0	0	0	0	0	0	0	0	0	0	0	0	0	0	0	0	0	0	0	0	0	0	0	0	0	0	0	0	0	0	0	0	0	0	0	0	0	0	0	0	0	0	0	0	0	0	0	0	0	0	0	0	0	0	0.00216	0	0	0	0	0	0	0	0	0	0	0	0	0	0	0	0	0	0	0	0	0	0	0	0	0	0	0	0	0	0	0	0	0	0	0	0	0	0	0	0	0	0	0	0	0	0	0	0	0	0.00305	0	0	0	0	0	0	0	0	0	0	0	0	0	0	0	0	0	0	0	0	0	0	0	0	0	0	0
Coriobacteriales_bacterium_DNF00809	0	0	0	0	0	0	0	0	0	0	0	0	0	0	0	0	0	0	0	0	0	0	0	0	0	0	0	0	0	0	0	0	0	0	0	0	0	0	0	0	0	0	0	0	0	0	0	0	0	0	0	0	0	0	0	0	0	0	0	0	0	0	0	0	0	0	0	0	0	0	0	0	0	0	0	0	0	0	0	0	0	0	0	0	0	0	0	0	0	0	0	0	0	0	0	0	0	0	0.00304	0	0	0	0	0	0	0	0	0	0	0	0	0	0	0	0	0	0	0	0	0	0	0	0	0	0	0	0	0	0	0	0	0	0	0	0	0	0	0	0	0	0	0	0	0	0	0	0	0	0	0	0	0	0	0	0	0	0	0	0	0	0	0	0	0	0	0	0	0	0
Acidaminococcus_SGB42794	0	0	0	0	0	0	0	0	0	0	0	0	0	0	0	0	0	0	0	0	0	0	0	0	0	0	0	0	0	0	0	0	0	0	0	0	0	0	0	0	0	0.00298	0	0	0	0	0	0	0	0	0	0	0	0	0	0	0	0	0	0	0	0	0	0	0	0	0	0	0	0	0	0	0	0	0	0	0	0	0	0	0	0	0	0	0	0	0	0	0	0	0	0	0	0	0	0	0	0	0	0	0	0	0	0	0	0	0	0	0	0	0	0	0	0	0	0	0	0	0	0	0	0	0	0	0	0	0	0	0	0	0	0	0	0	0	0	0	0	0	0	0	0	0	0	0	0	0	0	0	0	0	0	0	0	0	0	0	0	0	0	0	0	0	0	0	0	0	0	0
GGB9499_SGB72735	0	0	0	0	0	0	0	0	0	0	0	0	0	0	0	0	0	0	0	0	0	0	0	0	0	0	0	0	0	0	0	0	0	0	0	0	0.00293	0	0	0	0	0	0	0	0	0	0	0	0	0	0	0	0	0	0	0	0	0	0	0	0	0	0	0	0	0	0	0	0	0	0	0	0	0	0	0	0	0	0	0.0003	0	0	0	0	0	0	0	0	0	0	0	0	0	0	0	0	0	0	0	0	0	0	0	0	0.00145	0	0	0	0	0	0	0	0	0	0	0	0	0	0	0	0	0	0	0	0	0	0	0	0	0	8e-05	0	0	0	0	0	0	0	0	0	0	0	0	0	0	0	0	0	0	0	0	0	0	0	0	0	0	0	0	0	0	0	0	0	0	0	0	0	0
Porphyromonas_sp_HMSC065F10	0.00236	0	0	0	0	0	0	0	0	0	0	0	0	0	0	0	0	0	0	0	0	0	0	0	0	0	0	0	0	0	0	0	0	0	0	0	0	0	0	0	0	0	0	0	0	0	0	0	0	0	0	0	0	0	0	0	0	0	0	0	0	0	0	0	0	0	0	0	0.00145	0	0	0	0	0	0	0	0	0	0	0	0	0	0	0	0	0	0	0	0	0	0	0	0	0	0	0	0	0.00073	0	0	0	0	0	0	0	0	0.00293	0	0	0	0	0	0	0	0	0	0	0	0	0	0	0	0	0	0	0	0	0	0	0	0	0	0	0	0	0	0	0	0	0	0	0	0	0	0	0	0	0	0	0	0	0	0	0	0	0	0	0	0	0	0	0	0	0	0	0	0	0	0
GGB75029_SGB47433	0	0	0	0	0	0	0	0	0	0	0	0	0	0	0	0	0	0	0	0	0	0	0	0	0	0	0	0	0	0	0	0	0	0	0	0	0	0	0	0	0	0	0	0	0	0	0	0	0	0	0	0	0	0	0	0	0	0	0	0	0	0	0	0	0	0	0	0	0	0	0	0	0	0	0	0	0	0	0	0	0	0	0	0	0	0	0	0	0	0.00292	0	0	0	0	0	0	0	0	0	0	0	0	0	0	0	0	0	0	0	0	0	0	0	0	0	0	0	0	0	0	0	0	0	0	0	0	0	0	0	0	0	0	0	0	0	0	0	0	0	0	0	0	0	0	0	0	0	0	0	0	0	0	0	0	0	0	0	0	0	0	0	0	0	0	0	0	0	0	0
Candidatus_Nanosynbacter_lyticus	0	0	0	0	0	0	0	0	0	0	0	0	0	0	0	0	0	0	0	0	0	0	0	0	0	0	0	0	0	0	0	0	0	0	0	0	0	0	0	0	0	0	0	0	0	0	0	0	0	0	0	0	0	0	0	0	0	0	0	0	0	0	0	0	0	0	0	0	0	0	0	0	0	0	0	0	0	0	0	0	0	0	0	0	0	0	0	0	0	0	0	0	0	0	0	0	0	0	0	0	0	0	0	0	0	0	0	0	0	0	0	0	0	0	0	0	0	0	0	0	0.0029	0	0	0	0	0	0	0	0	0	0	0	0	0	0	0	0	0	0	0	0	0	0	0	0	0	0	0	0	0	0	0	0	0	0	0	0	0	0	0	0	0	0	0	0	0	0	0	0
Pseudoflavonifractor_sp_AF19_9AC	0	0	0	0	0	0	0	0	0	0	0	0	0	0	0	0	0	0	0	0	0	0	0.00288	0	0	0	0	0	0	0	0	0	0	0	0	0	0.0011	0	0	0	0	0	0	0	0	0	0	0	0.0004	0	0	0	0	0	0	0	0	0	0	0	0	0	0	0	0	0	0	0	0	0	0	0	0	0	0	0	0	0	0	0	0	0	0	0	0	0	0	0	0	0	0	0	0	0	0	0	0	0	0	0	0	0	0	0	0	0	0	0	0	0	0	0	0	0	0	0	0	0	0	0	0	0	0	0	0	0	0	0	0	0	0.00216	0	0	0	0	0	0	0	0	0	0	0	0	0	0	0	0	0	0	0	0	0	0	0	0	0	0	0	0	0	0	0	0	0	0	0	0	0	0
GGB6611_SGB9345	0	0	0	0	0	0	0	0	0	0	0	0	0	0	0	0	0	0	0	0	0	0	0	0	0	0	0	0	0	0	0	0	0	0	0	0	0	0	0	0	0	0	0	0	0	0	0	0	0	0	0	0	0	0	0	0	0	0	0	0	0	0	0	0	0	0	0	0	0	0	0.00285	0	0	0	0	0	0	0	0	0	0	0	0	0	0	0	0	0	0	0	0	0	0	0	0	0	0	0	0	0	0	0	0	0	0	0	0	0	0	0	0	0	0	0	0	0	0	0	0	0	0	0	0	0	0	0	0	0	0	0	0	0	0	0	0	0	0	0	0	0	0	0	0	0	0	0	0	0	0	0	0	0	0	0	0	0	0	0	0	0	0	0	0	0	0	0	0	0	0
Mailhella_massiliensis	0	0	0	0	0	0	0	0	0	0	0	0	0	0	0	0	0	0	0	0	0	0	0	0	0	0	0	0	0	0	0	0	0.00022	0	0	0	0	0	0	0	0	0	0	0	0	0	0	0	0	0	0	0	0	0	0	0	0	0	0	0	0	0	0	0	0	0	0	0	0	0	0	0	0	0	0	0	0	0	0	0	0	0	0	0	0	0	0	0	0	0	0	0	0.00284	0	0	0	0	0	0	0	0	0	0	0	0	0	0	0	0	0	0	0	0	0	0	0	0	0	0	0	0	0	0	0	0	0	0	0	0	0	0	0	0	0	0	0	0	0	0	0	0	0	0	0	0	0	0	0	0	0	0	0	0	0	0	0	0	0	0	0	0	0	0	0	0	0	0	0	0
Bilifractor_porci	0	0	0	0	0	0	0	0	0	0	0	0	0	0	0	0	0	0	0	0	0	0	0	0	0	0	0	0	0	0	0	0	0	0	0	0	0	0	0	0	0	0	0	0	0	0	0	0	0	0	0	0	0	0	0	0	0	0	0	0	0	0	0	0	0	0	0	0	0	0	0	0	0	0	0	0	0	0	0	0	0	0	0	0	0	0	0	0	0	0	0	0	0	0	0	0	0	0	0	0	0	0	0	0	0	0	0	0	0	0	0	0	0	0	0	0	0	0	0	0	0	0	0	0	0	0	0	0	0.00281	0	0	0	0	0	0	0	0	0	0	0	0	0	0	0	0	0	0	0	0	0	0	0	0	0	0	0	0	0	0	0	0	0	0	0	0	0	0	0	0
Ornithinimicrobium_flavum	0	0	0	0	0	0	0	0	0	0	0	0	0	0	0	0	0	0	0	0	0	0	0	0	0	0	0	0	0	0	0	0	0	0	0	0	0	0	0	0	0	0	0	0	0	0	0	0	0	0	0	0	0	0	0	0	0	0	0	0	0	0	0	0	0	0	0	0	0	0	0	0	0	0	0	0	0	0	0	0	0	0	0	0	0	0	0	0	0	0	0	0	0	0	0	0	0	0	0	0	0	0	0	0	0	0	0	0	0	0.00274	0	0	0	0	0	0	0	0	0	0	0	0	0	0	0	0	0	0	0	0	0	0	0	0	0	0	0	0	0	0	0	0	0	0	0	0	0	0	0	0	0	0	0	0	0	0	0	0	0	0	0	0	0	0	0	0	0	0	0
GGB45491_SGB63163	0	0	0	0	0	0	0	0	0	0	0	0	0	0	0	0	0	0	0	0	0	0	0	0	0	0	0	0	0	0	0	0	0	0	0	0	0	0	0	0	0	0	0	0	0	0	0	0	0	0	0	0	0	0	0	0	0	0	0	0	0	0	0	0	0	0	0	0	0	0	0	0	0	0	0	0	0	0	0	0	0	0	0	0	0	0	0	0	0	0	0	0	0	0	0	0	0	0	0	0	0	0	0	0	0	0	0	0	0	0	0	0	0.00274	0	0	0	0	0	0	0	0	0	0	0	0	0	0	0	0	0	0	0	0	0	0	0	0	0	0	0	0	0	0	0	0	0	0	0	0	0	0	0	0	0	0	0	0	0	0	0	0	0	0	0	0	0	0	0	0
Ruminococcaceae_bacterium_Marseille_P2935	0	0	0	0	0	0	0	0	0	0	0	0	0	0	0	0	0	0	0	0	0	0	0.0011	0	0	0	0	0	0	0	0	0	0	0	0	0.00271	0	0	0	0	0	0	0	0	0	0	0	0	0	0	0	0	0	0	0	0	0	0	0	0	0	0	0	0	0	0	0	0	0	0	0	0	0	0	0	0	0	0	0	0	0	0	0	0	0	0	0	0	0	0	0	0	0	0	0	0	0	0	0	0	0	0	0	0	0	0	0	0	0	0	0	0	0	0	0	0	0	0	0	0	0	0	0	0	0	0	0	0	0	0	0	0	0	0	0	0	0	0	0	0	0	0	0	0	0	0	0	0	0	0	0	0	0	0	0	0	0	0	0	0	0	0	0	0	0	0	0	0	0
Serratia_marcescens	0	0	0	0	0	0	0	0	0	0	0	0	0	0	0	0	0	0	0	0	0	0	0.00271	0	0	0	0	0	0	0	0	0	0	0	0	0	0	0	0	0	0	0	0	0	0	0	0	0	0	0	0	0	0	0	0	0	0	0	0	0	0	0	0	0	0	0	0	0	0	0	0	0	0	0	0	0	0	0	0	0	0	0	0	0	0	0	0	0	0	0	0	0	0	0	0	0	0	0	0	0	0	0	0	0	0	0	0	0	0	0	0	0	0	0	0	0	0	0	0	0	0	0	0	0	0	0	0	0	0	0	0	0	0	0	0	0	0	0	0	0	0	0	0	0	0	0	0	0	0	0	0	0	0	0	0	0	0	0	0	0	0	0	0	0	0	0	0	0	0
GGB4587_SGB6346	0	0	0	0	0	0	0	0	0	0	0	0	0	0	0	0	0	0	0	0	0	0	0	0	0	0	0	0	0	0	0	0	0	0	0	0	0	0	0	0	0	0	0	0	0	0	0	0	0	0	0	0	0	0	0	0	0	0	0	0	0	0	0	0	0	0	0	0	0	0	0	0	0	0	0	0	0	0	0	0	0	0	0	0	0	0	0	0	0	0	0	0	0	0	0	0	0	0	0	0	0	0	0	0	0	0	0	0	0	0	0	0	0	0	0	0	0	0	0	0	0	0	0	0	0	0	0	0	0	0	0	0	0	0	0	0	0	0	0	0	0	0	0	0	0	0	0	0	0	0	0	0	0	0	0	0	0	0	0	0	0	0.0027	0	0	0	0	0	0	0
GGB34900_SGB14891	0	0	0	0	0	0	0	0	0	0	0	0	0	0	0	0	0	0	0	0	0	0	0	0	0	0	0	0	0	0	0	0	0	0	0	0	0	0	0	0	0	0	0	0	0	0	0	0	0	0	0	0	0	0	0	0	0	0	0	0	0	0	0	0	0	0	0	0	0	0	0	0	0	0	0	0	0	0	0	0	0	0	0	0	0	0	0	0	0	0	0	0	0	0	0	0	0	0	0	0	0	0	0	0	0	0	0	0	0	0	0	0	0	0	0	0	0	0	0.00266	0	0	0	0	0	0	0	0	0	0	0	0	0	0	0	0	0	0	0	0	0	0	0.00155	0	0	0	0.00226	0	0	0	0	0	0	0	0	0	0	0	0	0	0	0	0	0	0	0	0	0	0	0
GGB6001_SGB8624	0	0	0	0	0	0	0	0	0	0	0	0	0	0	0	0	0	0	0	0	0	0	0	0	0	0	0	0	0	0	0	0	0	0	0	0	0	0	0	0	0	0	0	0	0	0	0	0	0	0	0	0	0	0	0	0.00263	0	0	0	0	0	0	0	0	0	0	0	0	0	0	0	0	0	0	0	0	0	0	0	0	0	0	0	0	0	0	0	0	0	0	0	0	0	0	0	0	0	0	0	0	0	0	0	0	0	0	0	0	0	0	0	0	0	0	0	0	0	0	0	0	0	0	0	0	0	0	0	0	0	0	0	0	0	0	0	0	0	0	0	0	0	0	0	0	0	0	0	0	0	0	0	0	0	0	0	0	0	0	0	0	0	0	0	0	0	0	0	0	0
Lentilactobacillus_kefiri	0	0	0	0	0	0	0	0	0	0	0	0	0	0	0	0	0	0	0	0	0	0	0	0	0	0	0	0	0	0	0	0	0	0	0	0	0	0	0	0	0	0	0	0	0	0	0	0	0	0	0	0	0	0	0	0	0	0	0	0	0	0	0	0	0	0	0	0	0	0	0	0	0	0	0	0	0	0	0	0	0	0	0	0	0	0	0	0	0	0	0	0	0	0	0	0	0	0.00032	0	0	0	0	0	0	0	0	0	0	0	0	0	0	0	0	0	0	0	0	0	0	0	0	0	0	0	0	0	0	0	0	0	0	0	0.0026	0	0	0	0	0	0	0	0	0	0	0	0	0	0	0	0	0	0	0	0	0	0	0	0	0	0	0	0	0	0	0	0	0	0	0
Veillonellaceae_bacterium_DNF00626	0	0	0	0	0	0	0	0	0	0	0	0	0	0	0	0	0	0	0	0	0	0	0	0	0	0	0	0	0	0	0	0	0	0	0	0	0	0	0	0	0	0	0	0	0	0	0	0	0	0	0	0	0	0	0.00256	0	0	0	0	0	0	0	0	0	0	0	0	0	0	0	0	0	0	0	0	0	0	0	0	0	0	0	0	0	0	0	0	0	0	0	0	0	0	0	0	0	0	0	0	0	0	0	0	0	0	0	0	0	0	0	0	0	0	0	0	0	0	0	0	0	0	0.00062	0	0	0	0	0	0	0	0	0	0	0	0	0	0	0	0	0	0	0	0	0	0	0	0	0	0	0	0	0	0	0	0	0	0	0	0	0	0	0	0	0	0	0	0	0	0	0
GGB9411_SGB14764	0	0	0	0	0	0	0	0	0	0	0	0	0	0	0	0	0	0	0	0	0	0	0	0	0	0	0	0	0	0	0	0	0	0	0	0	0	0	0	0	0	0	0	0	0	0	0	0	0	0	0	0	0	0	0	0	0	0	0	0	0	0	0	0	0	0	0	0	0	0	0	0	0	0	0	0	0	0	0	0.00256	0	0	0	0	0	0	0	0	0	0	0	0	0	0	0	0	0	0	0	0	0	0	0	0	0	0	0	0	0	0	0	0	0	0	0	0	0	0	0	0	0	0	0	0	0	0	0	0	0	0	0	0	0	0	0	0	0	0	0	0	0	0	0	0	0	0	0	0	0	0	0	0	0	0	0	0	0	0	0	0	0	0	0	0	0	0	0	0	0
Porphyromonas_SGB1977	0	0	0	0	0	0	0	0	0	0	0	0	0	0	0	0	0	0	0	0	0	0	0	0	0	0	0	0	0	0	0	0	0	0	0	0	0	0	0	0	0	0	0	0	0	0	0	0	0	0	0	0	0	0	0	0	0	0	0	0	0	0	0	0	0	0	0	0	0	0	0	0	0	0	0	0	0	0	0	0	0	0	0	0	0	0	0	0	0	0	0	0	0	0	0	0	0	0	0	0	0	0	0	0	0	0	0	0	0	0	0.00255	0	0	0	0	0	0	0	0	0	0	0	0	0	0	0	0	0	0	0	0	0	0	0	0	0	0	0	0	0	0	0	0	0	0	0	0	0	0	0	0	0	0	0	0	0	0	0	0	0	0	0	0	0	0	0	0	0	0
Kluyvera_cryocrescens	0	0	0	0	0	0	0	0	0	0	0	0	0	0	0	0	0	0	0	0	0	0	0	0	0	0	0	0	0	0	0	0	0	0	0	0	0	0	0	0	0	0	0	0	0	0	0	0	0	0	0	0	0	0	0	0	0	0	0	0	9e-05	0	0	0	0	0	0	0	0	0	0	0	0	0	0	0.00253	0	0	0	0	0	0	0	0	0	0	0	0	0	0	0	0	0	0.00159	0	0	0	0	0	0	0	0	0	0	0	0	0	0	0	0	0	0	0	0	0	0	0	0	0	0	0	0	0	0	0	0	0	0	0	0	0	0	0	0	0	0	0	0	0	0	0	0	0	0	0	0	0	0	0	0	0	0	0	0	0	0	0	0	0	0	0	0	0	0	0	0	0	0	0
Lactococcus_raffinolactis	0	0	0	0	0	0	0	0	0	0	0	0	0	0	0	0	0	0	0	0	0	0	0	0	0	0	0	0	0	0	0	0	0	0	0	0	0	0	0	0	0	0	0	0	0	0	0	0	0	0	0	0	0	0	0	0	0	0	0	0	0	0	0	0	0	0	0	0	0	0	0	0	0	0	0	0	0	0	0	0	0	0	0	0	0	0	0.00247	0	0	0	0	0	0	0	0	0	0	0	0	0	0	0	0	0	0	0	0	0	0	0	0	0	0	0	0	0	0.00253	0	0	0	0	0	0	0	0	0	0	0	0	0	0	0	0	0	0.00157	0	0	0	0	0	0	0	0	0	0	0	0	0	0	0	0	0	0	0	0	0	0	0	0	0	0	0	0	0	0	0	0	0	0
Candidatus_Nanogingivalis_gingivitcus	0	0	0	0	0	0	0	0	0	0	0	0	0	0	0	0	0	0	0	0	0	0	0	0	0	0	0	0	0	0	0	0	0	0	0	0	0	0	0	0	0	0	0	0	0	0	0	0	0	0	0	0	0	0	0	0	0	0	0	0	0	0	0	0	0	0	0	0	0	0	0	0	0	0	0.00251	0	0	0	0	0	0	0	0	0	0	0	0	0	0	0	0	0	0	0	0	0	0	0	0	0	0	0	0	0	0	0	0	0	0	0	0.00039	0	0	0	0	0	0	0	0	0	0	0	0	0	0	0	0	0	0	0	0	0	0	0	0	0	0	0	0	0	0	0	0	0	0	0	0	0	0	0	0	0	0	0	0	0	0	0	0	0	0	0	0	0	0	0	0	0	0
Porphyromonas_uenonis	0	0	0	0	0	0	0	0	0	0	0	0	0	0	0	0	0	0	0	0	0	0	0.0007	0	0	0	0	0	0	0	0	0	0	0	0	0	0	0	0	0	0	0	0	0	0	0	0	0	0	0	0	0	0	0	0	0	0	0	0	0	0	0	0	0	0	0	0	0	0.00159	0	0	0	0	0	0	0	0	0	0	0	0	0	0	0	0	0	0	0	0	0	0	0	0	0	0	0	0	0	0.0025	0	0	0	0	0	0	0	0	0	0	0	0	0	0	0	0	0	0	0	0	0	0	0	0	0	0	0	0	0	0	0	0	0	0	0	0	0	0	0	0	0	0	0	0	0	0	0	0	0	0	0	0	0	0	0	0	0	0	0	0	0	0	0	0	0	0	0	0	0	0
Levyella_massiliensis	0	0	0	0	0	0	0	0	0	0	0	0	0	0	0	0	0	0	0	0	0	0	0	0	0	0	0	0	0	0	0	0	0	0	0.00249	0	0	0	0	0	0	0	0	0	0	0	0	0	0	0	0	0	0	0	0	0	0	0	0	0	0	0	0	0	0	0	0	0	0	0	0	0	0	0	0	0	0	0	0	0	0	0	0	0	0	0	0	0	0	0	0	0	0	0	0	0	0	0	0	0	0	0	0	0	0	0	0	0	0	0	0	0	0	0	0	0	0	0	0	0	0	0	0	0	0	0	0	0	0	0	0	0	0	0	0	0	0	0	0	0	0	0	0	0	0	0	0	0	0	0	0	0	0	0	0	0	0	0	0	0	0	0	0	0	0	0	0	0	0
GGB9694_SGB15204	0	0	0	0	0	0	0	0	0	0	0	0	0	0	0	0	0	0	0	0	0	0	0.00249	0	0	0	0	0	0	0	0	0	0	0	0	0	0	0	0	0	0	0	0	0	0	0	0	0	0	0	0	0	0	0	0	0	0	0	0	0	0	0	0	0	0	0	0	0	0	0	0	0	0	0	0	0	0	0	0	0	0	0	0	0	0	0	0	0	0	0	0	0	0	0	0	0	0	0	0	0	0	0	0	0	0	0	0	0	0	0	0	0	0	0	0	0	0	0	0	0	0	0	0	0	0	0	0	0	0	0	0	0	0	0	0	0	0	0	0	0	0	0	0	0	0	0	0	0	0	0	0	0	0	0	0	0	0	0	0	0	0	0	0	0	0	0	0	0	0
Phocaeicola_faecalis	0	0	0	0	0	0	0	0	0	0	0	0	0	0	0	0	0	0	0	0	0	0	0	0	0	0	0	0	0.00247	0	0	0	0	0	0	0	0	0	0	0	0	0	0	0	0	0	0	0	0	0	0	0	0	0	0	0	0	0	0	0	0	0	0	0	0	0	0	0	0	0	0	0	0	0	0	0	0	0	0	0	0	0	0	0	0	0	0	0	0	0	0	0	0	0	0	0	0	0	0	0	0	0	0	0	0	0	0	0	0	0	0	0	0	0	0	0	0	0	0	0	0	0	0	0	0	0	0	0	0	0	0	0	0	0	0	0	0	0	0	0	0	0	0	0	0	0	0	0	0	0	0	0	0	0	0	0	0	0	0	0	0	0	0	0	0	0	0	0	0
GGB1456_SGB2019	0	0	0	0	0	0	0	0	0	0	0	0	0	0	0	0	0	0	0	0	0	0	0	0	0	0	0	0	0.00233	0	0	0	0	0	0	0	0	0	0	0	0.00175	0	0	0	0	0	0	0	0	0	0	0	0	0	0	0	0	0	0	0	0	0	0	0	0.00247	0	0	0	0.00115	0	0	0	0	0	0	0	0	0	0	0	0	0	0	0	0	0	0	0	0	0	0	0	0	0	0	0	0	0	0	0	0	0	0	0	0	0	0	0	0	0	0.00044	0	0	0	0	0	0	0	0	0	0.00029	0	0	0	0	0	0	0	0	0	0	0	0	0	0	0	0	0	0	0	0	0	0	0	0	0	0	0	0	0	0	0	0	0	0	0	0	0	0	0	0	0	0	0	0	0	0	0	0
Mogibacterium_pumilum	0	0	0	0	0	0	0	0	0	0	0	0	0	0	0	0	0	0	0	0	0	0	0	0	0	0	0.00244	0	0	0	0	0	0	0	0	0	0	0	0	0	0	0	0	0	0	0	0	0	0	0	0	0	0	0	0	0	0	0	0	0	0	0	0	0	0	0	0	0	0	0	0	0	0	0	0	0	0	0	0	0	0	0	0	0	0	0	0	0	0	0	0	0	0	0	0	0	0	0	0	0	0	0	0	0	0	0	0	0	0	0	0	0	0	0	0	0	0	0	0	0	0	0	0	0	0	0	0	0	0	0	0	0	0	0	0	0	0	0	0	0	0	0	0	0	0	0	0	0	0	0	0	0	0	0	0	0	0	0	0	0	0	0	0	0	0	0	0	0	0
Lactobacillus_delbrueckii	0	0	0	0	0	0	0	0	0	0	0	0	0	0	0	0	0	0	0.00238	0	0	0	0	0	0	0	0	0	0	0	0	0	0	0	0	0	0	0	0	0	0	0	0	0	0	0	0	0	0	0	0	0	0	0	0	0	0	0	0	0	0	0	0	0	0	0	0	0	0	0	0	0	0	0	0	0	0	0	0	0	0	0	0	0	0	0	0	0	0	0	0	0	0	0	0	0	0	0	0	0	0	0	0	0	0	0	0	0	0	0	0	0	0	0	0.00165	0	0	0	0	0	0	0	0	0	0	0	0	0	0	0	0	0	0	0	0	0	0	0	0	0	0	0	0	0	0	0	0	0	0	0	0	0	0	0	0	0	0	0	0	0	0	0	0	0	0	0	0	0	0
Gemella_asaccharolytica	0	0	0	0	0	0	0	0	0	0	0	0	0	0	0	0	0	0	0	0	0	0	0	0	0	0	0	0	0	0	0	0	0	0	0	0	0	0	0	0	0	0	0	0	0	0	0	0	0	0	0	0	0	0	0	0	0	0	0	0	0	0	0	0	0	0	0	0	0	0	0	0	0	0	0	0	0	0	0	0	0	0	0	0	0	0	0	0	0	0	0	0	0	0	0	0	0	0	0.00032	0	0	0	0	0	0	0	0	0	0	0	0.00236	0	0	0	0	0	0	0	0	0	0	0	0	0	0	0	0	0	0	0	0	0	0	0	0	0	0	0	0	0	0	0	0	0	0	0	0	0	0	0	0	0	0	0	0	0	0	0	0	0	0	0	0	0	0	0	0	0	0
Lactococcus_taiwanensis	0	0	0	0	0	0	0	0	0	0	0	0	0	0	0	0	0	0	0	0	0	0	0	0	0.00236	0	0	0	0	0	0	0	0	0	0	0	0	0	0	0	0	0	0	0	0	0	0	0	0	0	0	0	0	0	0	0	0	0	0	0	0	0	0	0	0	0	0	0	0	0	0	0	0	0	0	0	0	0	0	0	0	0	0	0	0	0	0	0	0	0	0	0	0	0	0	0	0	0	0	0	0	0	0	0	0	0	0	0	0	0	0	0	0	0	0	0	0	0	0	0	0	0	0	0	0	0	0	0	0	0	0	0	0	0	0	0	0	0	0	0	0	0	0	0	0	0	0	0	0	0	0	0	0	0	0	0	0	0	0	0	0	0	0	0	0	0	0	0	0
Clostridium_tertium	0	0	0	0	0	0	0	0	0	0	0	0	0	0	0	0	0	0	0	0	0	0	0	0	0	0	0	0	0	0	0	0	0	0	0	0	0	0	0	0	0	0	0	0	0	0	0	0	0	0	0	0	0	0	0	0	0	0	0	0	0	0	0	0	0	0	0	0	0	0	0	0	0	0	0	0	0	0	0	0	0	0	0	0	0	0	0.00235	0	0	0	0	0	0	0	0	0	0	0	0	0	0	0	0	0	0	0	0	0	0	0	0	0	0	0	0	0	0	0	0	0	0	0	0	0	0	0	0	0	0	0	0	0	0	0	0	0	0	0	0	0	0	0	0	0	0	0	0	0	0	0	0	0	0	0	0	0	0	0	0	0	0	0	0	0	0	0	0	0	0
GGB9357_SGB14332	0	0	0	0	0	0	0	0	0	0	0	0	0	0	0	0	0	0	0	0	0	0	0	0	0	0	0	0	0	0	0	0	0	0	0	0	0	0	0	0	0	0	0	0	0	0	0	0	0	0	0	0	0	0	0	0	0	0	0	0	0	0	0	0	0	0	0	0	0	0	0	0	0	0	0	0	0	0	0	0	0	0	0	0	0	0	0	0	0	0	0	0	0	0	0	0	0	0	0	0	0	0	0	0	0	0	0	0	0	0	0	0	0	0	0	0	0	0	0	0.00165	0	0	0	0	0	0	0	0	0	0	0	0	0	0	0	0	0	0	0	0	0	0	0	0	0	0	0	0	0	0.00235	0	0	0	0	0	0	0	0	0	0	0	0	0	0	0	0	0	0	0
Kosakonia_cowanii	0	0	0	0	0	0	0	0	0	0	0	0	0	0	0	0	0	0	0	0	0	0	0	0	0	0	0	0	0	0	0	0	0	0	0	0	0	0	0	0	0	0	0	0	0	0	0	0	0	0	0	0	0	0	0	0	0	0	0	0	0	0	0	0	0	0	0	0	0	0	0	0	0	0	0	0	0	0	0.00232	0	0	0	0	0	0	0	0	0	0	0	0	0	0	0	0	0	0	0	0	0	0	0	0	0	0	0	0	0	0	0	0	0	0	0	0	0	0	0	0	0	0	0	0	0	0	0	0	0	0	0	0	0	0	0	0	0	0	0	0	0	0	0	0	0	0	0	0	0	0	0	0	0	0	0	0	0	0	0	0	0	0	0	0	0	0	0	0	0	0
GGB4768_SGB6601	0	0	0	0	0	0	0	0	0	0	0	0	0	0	0	0	0	0	0	0	0	0	0	0	0	0	0	0	0	0	0	0	0	0	0	0	0	0	0	0	0	0	0	0	0	0	0	0	0	0	0	0	0	0	0	0	0	0	0	0	0	0	0	0	0	0	0	0	0	0	0	0	0	0	0	0	0	0	0	0	0	0	0	0	0	0	0	0	0	0	0	0	0	0	0	0	0	0	0	0	0	0	0	0	0	0	0	0	0.00226	0	0	0	0	0	0	0	0	0	0	0	0	0	0	0	0	0	0	0	0	0	0	0	0	0	0	0	0	0	0	0	0	0	0	0	0	0	0	0	0	0	0	0	0	0	0	0	0	0	0	0	0	0	0	0	0	0	0	0	0
GGB9423_SGB14792	0	0	0	0	0	0	0	0	0	0	0	0	0	0	0	0	0	0	0	0	0	0	0	0	0	0	0	0	0	0	0	0	0.00225	0	0	0	0	0	0	0	0	0	0	0	0	0	0	0	0	0	0	0	0	0	0	0	0	0	0	0	0	0	0	0	0	0	0	0	0	0	0	0	0	0	0	0	0	0	0	0	0	0	0	0	0	0	0	0	0	0	0	0	0	0	0	0	0	0	0	0	0	0	0	0	0	0	0	0	0	0	0	0	0	0	0	0	0	0	0	0	0	0	0	0	0	0	0	0	0	0	0	0	0	0	0	0	0	0	0	0	0	0	0	0	0	0	0	0	0	0	0	0	0	0	0	0	0	0	0	0	0	0	0	0	0	0	0	0	0
GGB9264_SGB14212	0	0	0	0	0	0	0	0	0	0	0	0	0	0	0	0	0	0	0	0	0	0	0	0	0	0	0	0	0	0	0	0	0	0	0	0	0	0	0	0	0	0	0	0	0	0	0	0	0	0.0022	0	0	0	0	0	0	0	0	0	0	0	0	0	0	0	0	0	0	0	0	0	0	0	0	0	0	0	0	0	0	0	0	0	0	0	0	0	0	0	0	0	0	0	0	0	0	0	0	0	0	0	0	0	0	0	0	0	0	0	0	0	0	0	0	0	0	0	0	0	0	0	0	0	0	0	0	0	0	0	0	0	0	0	0	0	0	0	0	0	0	0	0	0	0	0	0	0	0	0	0	0	0	0	0	0	0	0	0	0	0	0	0	0	0	0	0	0	0	0
Clostridium_massiliamazoniense	0	0	0	0	0	0	0	0	0	0	0	0	0	0	0	0	0	0	0	0	0	0	0	0	0	0	0	0	0	0	0	0	0	0	0	0	0	0	0	0	0	0	0	0	0	0	0	0	0	0	0	0	0	0	0.00209	0	0	0	0	0	0	0	0	0	0	0	0	0	0	0	0	0	0	0	0	0	0	0	0	0	0	0	0	0	0	0	0	0	0	0	0	0	0	0	0	0	0	0	0	0	0	0	0	0	0	0	0	0	0	0	0	0	0	0	0	0	0	0	0	0	0	0	0	0	0	0	0	0	0	0	0	0	0	0	0	0	0	0	0	0	0	0	0	0	0	0	0	0	0	0	0	0	0	0	0	0	0	0	0	0	0	0	0	0	0	0	0	0	0
Agathobaculum_sp_Marseille_P7918	0	0	0.00084	0	0	0	0	0	0	0	0	0	0	0	0	0	0	0	0	0	0	0	0	0	0	0	0	0	0	0	0	0	0	0	0	0	0	0	0	0	0	0	0	0	0	0	0	0	0	0	0	0	0	0	0	0	0	0	0	0	0	0	0	0	0	0	0	0	0	0	0	0	0	0	0	0	0	0	0	0	0	0	0	0	0	0	0	0	0	0	0	0	0	0	0	0	0	0	0	0	0	0	0	0	0	0	0	0	0	0	0	0	0	0	0	0	0	0	0	0	0	0	0	0	0	0	0	0	0	0	0	0	0	0	0	0	0	0	0	0	0.00205	0	0	0	0	0	0	0	0	0	0	0	0	0	0	0	0	0	0	0	0	0	0	0	0	0	0	0	0
Bifidobacterium_mongoliense	0	0.00202	0	0	0	0	0	0	0	0	0	0	0	0	0	0	0	0	0	0	0	0	0	0	0	0	0	0	0	0	0	0	0	0	0	0	0	0	0	0	0	0	0	0	0	0	0	0	0	0	0	0	0	0	0	0	0	0	0	0	0	0	0	0	0	0	0	0	0	0	0	0	0	0	0	0	0	0	0	0	0	0	0	0	0	0	0	0	0	0	0	0	0	0	0	0	0	0	0	0	0	0	0	0	0	0	0	0	0	0	0	0	0	0	0	0	0	0	0	0	0	0	0	0	0	0	0	0	0	0	0	0	0	0	0	0	0	0	0	0	0	0	0	0	0	0	0	0	0	0	0	0	0	0	0	0	0	0	0	0	0	0	0	0	0	0	0	0	0
Lactobacillus_gallinarum	0	0	0	0	0	0	0	0	0	0	0	0	0	0	0	0	0	0	0	0	0	0	0	0	0	0	0	0	0	0	0	0	0	0	0	0	0	0	0	0	0	0	0	0	0	0	0	0	0	0	0	0	0	0	0	0	0	0	0	0	0	0	0	0	0	0	0	0	0	0	0	0	0	0	0	0	0	0	0	0	0	0	0	0	0	0	0	0	0	0	0	0	0	0	0	0	0	0	0	0	0	0	0	0	0	0	0	0	0	0	0	0	0	0	0	0	0	0	0.00201	0	0	0	0	0	0	0	0	0	0	0	0	0	0	0	0	0	0	0	0	0	0	0	0	0	0	0	0	0	0	0	0	0	0	0	0	0	0	0	0	0	0	0	0	0	0	0	0	0	0
Culturomica_massiliensis	0	0	0	0	0	0	0	0	0	0	0	0	0	0	0	0	0	0	0	0	0	0	0	0	0	0	0	0	0	0	0	0	0	0	0	0	0	0	0	0	0	0.00196	0	0	0	0	0	0	0	0	0	0	0	0	0	0	0	0	0	0	0	0	0	0	0	0	0	0	0	0	0	0	0	0	0	0	0	0	0	0	0	0	0	0	0	0	0	0	0	0	0	0	0	0	0	0	0	0	0	0	0	0	0	0	0	0	0	0	0	0	0	0	0	0	0	0	0	0	0	0	0	0	0	0	0	0	0	0	0	0	0	0	0	0	0	0	0	0	0	0	0	0	0	0	0	0	0	0	0	0	0	0	0	0	0	0	0	0	0	0	0	0	0	0	0	0	0	0	0
Mediterraneibacter_SGB48424	0	0	0	0.00195	0	0	0	0	0	0	0	0	0	0	0	0	0	0	0	0	0	0	0	0	0	0	0	0	0	0	0	0	0	0	0	0	0	0	0	0	0	0	0	0	0	0	0	0	0	0	0	0	0	0	0	0	0	0	0	0	0	0	0	0	0	0	0	0	0	0	0	0	0	0	0	0	0	0	0	0	0	0	0	0	0	0	0	0	0	0	0	0	0	0	0	0	0	0	0	0	0	0	0	0	0	0	0	0	0	0	0	0	0	0	0	0	0	0	0	0	0	0	0	0	0	0	0	0	0	0	0	0	0	0	0	0	0	0	0	0	0	0	0	0	0	0	0	0	0	0	0	0	0	0	0	0	0	0	0	0	0	0	0	0	0	0	0	0	0
Streptococcus_parauberis	0	0	0	0	0	0	0	0	0	0	0	0	0	0	0	0	0	0	0	0	0	0	0	0	0	0	0	0	0	0	0	0	0	0	0	0	0	0	0	0	0	0	0	0	0	0	0	0.00193	0	0	0	0	0	0	0	0	0	0	0	0	0	0	0	0	0	0	0	0	0	0	0	0	0	0	0	0	0	0	0	0	0	0	0	0	0	0	0	0	0	0	0	0	0	0	0	0	0	0	0	0	0	0	0	0	0	0	0	0	0	0	0	0	0	0	0	0	0	0	0	0	0	0	0	0	0	0	0	0	0	0	0	0	0	0	0	0	0	0	0	0	0	0	0	0	0	0	0	0	0	0	0	0	0	0	0	0	0	0	0	0	0	0	0	0	0	0	0	0	0
Muricomes_intestini	0	0	0	0	0	0	0	0.00184	0	0	0	0	0	0	0	0	0	0	0	0	0	0	0	0	0	0	0	0	0	0	0	0	0	0	0	0	0	0	0	0	0	0	0	0	0	0	0	0	0	0	0	0	0	0	0	0	0	0	0	0	0	0	0	0	0	0	0	0	0	0	0	0	0	0	0	0	0	0	0	0	0	0	0	0	0	0	0	0	0	0	0	0	0	0	0	0	0	0	0	0	0	0	0	0	0	0	0	0	0	0	0	0	0	0	0	0	0	0	0	0	0	0	0	0	0	0	0	0	0	0	0	0	0	0	0	0	0	0	0	0	0	0	0	0	0	0	0	0	0	0	0	0	0	0	0	0	0	0	0	0	0	0	0	0	0	0	0	0	0
Murimonas_intestini	0	0	0	0	0	0	0	0	0	0	0	0	0	0	0	0	0	0.00177	0	0	0	0	0	0	0	0	0	0	0	0	0	0	0	0	0	0	0	0	0	0	0	0	0	0	0	0	0	0	0	0	0	0	0	0	0	0	0	0	0	0	0	0	0	0	0	0	0	0	0	0	0	0	0	0	0	0	0	0	0	0	0	0	0	0	0	0	0	0	0	0	0	0	0	0	0	0	0	0	0	0	0	0	0	0	0	0	0	0	0	0	0	0	0	0	0	0	0	0	0	0	0	0	0	0	0	0	0	0	0	0	0	0	0	0	0	0	0	0	0	0	0	0	0	0	0	0	0	0	0	0	0	0	0	0	0	0	0	0	0	0	0	0	0	0	0	0	0	0	0
GGB3146_SGB4159	0	0	0	0	0	0	0	0	0	0	0	0	0	0	0	0	0	0	0	0	0	0	0	0	0	0	0	0	0	0	0	0	0	0	0	0	0	0	0	0	0	0	0	0	0	0	0	0	0	0	0	0	0	0	0	0	0	0	0	0	0	0	0	0	0	0	0	0	0	0	0	0	0	0	0	0	0	0	0	0	0	0	0	0	0	0	0	0	0	0	0	0	0	0	0.00171	0	0	0	0	0	0	0	0	0	0	0	0	0	0	0	0	0	0	0	0	0	0	0	0	0	0	0	0	0	0	0	0	0	0	0	0	0	0	0	0	0	0	0	0	0	0	0	0	0	0	0	0	0	0	0	0	0	0	0	0	0	0	0	0	0	0	0	0	0	0	0	0	0	0
Dysosmobacter_SGB15074	0	0	0	0	0	0	0	0	0	0	0	0	0	0	0	0	0	0	0	0	0	0	0	0	0	0	0	0	0	0	0	0	0	0	0	0	0	0	0	0	0	0	0	0	0	0	0	0	0	0	0	0	0	0	0	0	0	0	0	0	0	0	0	0	0	0	0	0	0	0	0	0	0	0	0	0	0	0	0	0	0	0	0	0	0	0	0	0	0	0	0	0	0	0	0	0	0	0	0.0017	0	0	0	0	0	0	0	0	0	0	0	0	0	0	0	0	0	0	0	0	0	0	0	0	0	0	0	0	0	0	0	0	0	0	0	0	0	0	0	0	0	0	0	0	0	0	0	0	0	0	0	0	0	0	0	0	0	0	0	0	0	0	0	0	0	0	0	0	0	0
GGB9104_SGB14036	0	0	0	0	0	0	0	0	0	0	0	0	0	0	0	0	0	0	0	0	0	0	0	0	0	0	0	0	0	0	0	0	0	0	0	0	0	0	0	0	0	0	0	0	0	0	0	0	0	0	0	0	0	0	0	0	0	0	0	0	0	0	0	0	0	0	0	0	0	0	0	0	0	0	0	0	0	0	0	0	0	0	0	0	0	0	0	0	0	0	0	0	0	0	0	0	0	0	0	0	0	0	0	0	0	0	0	0	0	0	0	0	0	0	0	0	0	0	0	0	0	0	0	0	0.00169	0	0	0	0	0	0	0	0	0	0	0	0	0	0	0	0	0	0	0	0	0	0	0	0	0	0	0	0	0	0	0	0	0	0	0	0	0	0	0	0	0	0	0	0
Clostridiales_bacterium_CHKCI006	0	0	0	0	0	0	0	0	0	0	0	0	0	0	0	0	0	0	0	0	0	0	4e-05	0	0	0	0	0	0	0	0	0	0	0	0	0	0	0	0	0	0	0	0	0	0	0	0	0	0	0	0	0	0	0	0	0	0	0	0	0	0	0	0	0	0	0	0	0	0	0	0	0	0	0	0	0	0	0	0	0	0	0	0	0	0	0	0	0	0	0	0	0	0	0	0	0	0	0	0	0	0	0	0	0	0	0	0	0	0	0	0	0	0	0	0	0	0	0	0	0	0	0	0	0	0	0	0	0	0	0	0	0	0	0	0	0	0	0	0	0	0	0.00165	0	0	0	0	0	0	0	0	0	0	0	0	0	0	0	0	0	0	0	0	0	0	0	0	0	0	0
Porphyromonas_SGB1980	0	0	0	0	0	0	0	0	0	0	0	0	0	0	0	0	0	0	0	0	0	0	0	0	0	0	0	0	0	0	0	0	0	0	0	0	0	0	0	0	0	0	0	0	0	0	0	0	0	0	0	0	0	0	0	0	0	0	0	0	0	0	0	0	0	0	0	0	0.0016	0	0	0	0	0	0	0	0	0	0	0	0	0	0	0	0	0	0	0	0	0	0	0	0	0	0	0	0	0	0	0	0	0	0	0	0	0	0	0	0	0	0	0	0	0	0	0	0	0	0	0	0	0	0	0	0	0	0	0	0	0	0	0	0	0	0	0	0	0	0	0	0	0	0	0	0	0	0	0	0	0	0	0	0	0	0	0	0	0	0	0	0	0	0	0	0	0	0	0	0
Enterobacter_mori	0	0	0	0	0	0	0	0	0	0	0	0	0	0	0	0	0	0	0	0	0	0	0	0	0	0	0	0	0	0	0	0	0	0	0	0	0	0	0	0	0	0	0.0016	0	0	0	0	0	0	0	0	0	0	0	0	0	0	0	0	0	0	0	0	0	0	0	0	0	0	0	0	0	0	0	0	0	0	0	0	0	0	0	0	0	0	0	0	0	0	0	0	0	0	0	0	0	0	0	0	0	0	0	0	0	0	0	0	0	0	0	0	0	0	0	0	0	0	0	0	0	0	0	0	0	0	0	0	0	0	0	0	0	0	0	0	0	0	0	0	0	0	0	0	0	0	0	0	0	0	0	0	0	0	0	0	0	0	0	0	0	0	0	0	0	0	0	0	0	0
Qiania_dongpingensis	0	0	0	0	0	0	0	0	0	0	0	0	0	0	0	0	0	0	0	0	0	0	0	0	0	0	0	0	0	0	0	0	0	0	0	0.00158	0	0	0	0	0	0	0	0	0	0	0	0	0	0	0	0	0	0	0	0	0	0	0	0	0	0	0	0	0	0	0	0	0	0	0	0	0	0	0	0	0	0	0	0	0	0	0	0	0	0	0	0	0	0	0	0	0	0	0	0	0	0	0	0	0	0	0	0	0	0	0	0	0	0	0	0	0	0	0	0	0	0	0	0.0002	0.00011	0	0	0	0	0	0	0	0	0	0	0	0	0	0	0	0	0	0.00081	0	0	0	0	0	0	0	0	0	0	0	0	0	0	0	0	0	0	0	0	0	0	0	0	0	0	0	0	0	0
Mageeibacillus_indolicus	0	0	0	0	0	0	0	0	0	0	0	0	0	0	0	0	0	0	0	0	0	0	0	0	0	0	0	0	0	0	0	0	0	0	0	0	0	0	0	0	0	0	0	0	0	0	0	0	0	0	0	0	0	0	0	0	0	0	0	0	0	0	0	0	0	0	0	0	0	0	0	0	0	0	0	0	0	0	0	0	0	0	0	0	0	0	0	0	0	0	0	0	0	0	0	0	0	0	0.00157	0	0	0	0	0	0	0	0	0	0	0	0	0	0	0	0	0	0	0	0	0	0	0	0	0	0	0	0	0	0	0	0	0	0	0	0	0	0	0	0	0	0	0	0	0	0	0	0	0	0	0	0	0	0	0	0	0	0	0	0	0	0	0	0	0	0	0	0	0	0
Methanobrevibacter_arboriphilus	0	0	0	0	0	0	0	0	0	0	0.00154	0	0	0	0	0	0	0	0	0	0	0	0	0	0	0	0	0	0	0	0	0	0	0	0	0	0	0	0	0	0	0	0	0	0	0	0	0	0	0	0	0	0	0	0	0	0	0	0	0	0	0	0	0	0	0	0	0	0	0	0	0	0	0	0	0	0	0	0	0	0	0	0	0	0	0	0	0	0	0	0	0	0	0	0	0	0	0	0	0	0	0	0	0	0	0	0	0	0	0	0	0	0	0	0	0	0	0	0	0	0	0	0	0	0	0	0	0	0	0	0	0	0	0	0	0	0	0	0	0	0	0	0	0	0	0	0	0	0	0	0	0	0	0	0	0	0	0	0	0	0	0	0	0	0	0	0	0	0
GGB4538_SGB6256	0	0	0	0	0	0	0	0	0	0	0	0	0	0	0	0	0	0	0	0	0	0	0	0	0	0	0	0	0	0	0	0	0	0	0	0	0	0	0	0	0	0	0	0	0	0	0	0	0	0	0	0	0	0	0	0	0	0	0	0	0	0	0	0	0	0	0	0	0	0	0	0	0	0	0	0	0	0	0	0	0	0	0	0	0	0	0.00153	0	0	0	0	0	0	0	0	0	0	0	0	0	0	0	0	0	0	0	0	0	0	0	0	0	0	0	0	0	0	0	0	0	0	0	0	0	0	0	0	0	0	0	0	0	0	0	0	0	0	0	0	0	0	0	0	0	0	0	0	0	0	0	0	0	0	0	0	0	0	0	0	0	0	0	0	0	0	0	0	0	0
Romboutsia_hominis	0	0	0	0	0	0	0	0	0	0	0	0	0	0	0	0	0	0	0	0	0	0	0	0	0	0	0	0	0	0	0	0	0	0	0	0	0	0	0	0	0	0	0	0	0	0	0	0	0	0	0	0	0	0	0	0	0	0	0	0	0	0	0	0	0	0	0	0	0	0	0	0	0	0	0	0	0	0	0	0	0	0	0	0	0	0	0.00152	0	0	0	0	0	0	0	0	0	0	0	0	0	0	0	0	0	0	0	0	0	0	0	0	0	0	0	0	0	0	0	0	0	0	0	0	0	0	0	0	0	0	0	0	0	0	0	0	0	0	0	0	0	0	0	0	0	0	0	0	0	0	0	0	0	0	0	0	0	0	0	0	0	0	0	0	0	0	0	0	0	0
Lacrimispora_sp_210928_DFI_3_58	0	0	0	0	0	0	0	0	0	0	0	0	0	0	0	0	0	0	0	0	0	0	0	0	0	0	0	0	0	0	0	0	0	0	0	0	0	0	0	0	0	0	0	0	0	0	0	0	0	0	0	0	0	0	0	0	0	0	0	0	0	0	0	0	0	0	0	0	0	0	0	0	0	0	0	0	0	0	0	0	0	0	0	0	0.00152	0	0	0	0	0	0	0	0	0	0	0	0	0	0	0	0	0	0	0	0	0	0	0	0	0	0	0	0	0	0	0	0	0	0	0	0	0	0	0	0	0	0	0	0	0	0	0	0	0	0	0	0	0	0	0	0	0	0	0	0	0	0	0	0	0	0	0	0	0	0	0	0	0	0	0	0	0	0	0	0	0	0	0	0
Prevotella_amnii	0	0	0	0	0	0	0	0	0	0	0	0	0	0	0	0	0	0	0	0	0	0	0	0	0	0	0	0	0	0	0	0	0	0	0	0	0	0	0	0	0	0	0	0	0	0	0	0	0	0	0	0	0	0	0	0	0	0	0	0	0	0	0	0	0	0	0	0	0	0	0	0	0	0	0	0	0	0	0	0	0	0	0	0	0	0	0	0	0	0	0	0	0	0	0	0	0	0	0	0	0	0	0	0	0	0	0	0	0	0	0	0	0	0	0	0	0	0	0	0	0	0	0	0	0	0	0	0	0	0	0	0	0	0	0	0	0	0	0	0	0	0.0015	0	0	0	0	0	0	0	0	0	0	0	0	0	0	0	0	0	0	0	0	0	0	0	0	0	0	0
Bacilliculturomica_massiliensis	0	0	0	0	0	0	0	0	0	0	0	0	0	0	0	0	0	0	0	0	0	0	0	0	0	0	0	0	0	0	0	0	0	0	0	0	0.00146	0	0	0	0	0	0	0	0	0	0	0	0	0	0	0	0	0	0	0	0	0	0	0	0	0	0	0	0	0	0	0	0	0	0	0	0	0	0	0	0	0	0	0	0	0	0	0	0	0	0	0	0	0	0	0	0	0	0	0	0	0	0	0	0	0	0	0	0	0	0	0	0	0	0	0	0	0	0	0	0	0	0	0	0	0	0	0	0	0	0	0	0	0	0	0	0	0	0	0	0	0	0	0	0	0	0	0	0	0	0	0	0	0	0	0	0	0	0	0	0	0	0	0	0	0	0	0	0	0	0	0	0
Latilactobacillus_curvatus	0	0	0	0	0	0	0	0	0	0	0	0	0	0	0	0	0	0	0	0	0	0	0	0	0	0	0	0	0	0	0	0	0	0	0	0	0	0	0	0	0	0	0	0	0	0	0	0	0	0	0	0	0	0	0	0	0	0	0	0	0	0	0	0	0	0	0	0	0	0	0	0	0	0	0	0	0	0	0	0	0	0	0	0	0	0	0	0	0	0	0	0	0	0	0	0	0	0	0	0	0	0	0	0	0	0	0	0	0	0	0	0	0	0	0	0	0.00139	0	0	0	0	0	0	0	0	0	0	0	0	0	0	0	0	0	0	0	0	0	0	0	0	0	0	0	0	0	0	0	0	0	0	0	0	0	0	0	0	0	0	0	0	0	0	0	0	0	0	0	0
GGB12785_SGB19824	0	0	0	0	0	0	0	0	0	0	0	0	0	0	0	0	0	0	0	0	0	0	0	0	0	0	0	0	0	0	0	0	0	0.00077	0	0	0	0	0	0	0	0	0	0	0	0	0	0	0	0	0	0	0	0	0	0	0	0	0	0	0	0	0	0	0	0	0	0	0	0	0	0	0	0	0	0	0	0	0	0	0	0	0	0	0	0	0	0.00137	0	0	0	0	0	0	0	0	0	0	0	0	0.00024	0	0	0	0	0	0	0	0	0	0	0	0	0	0	0	0	0	0	0	0	0	0	0	0	0	0	0	0	0	0	0	0	0	0	0	0	0	0	0	0	0	0	0	0	0	0	0	0	0	0	0	0	0	0	0	0	0	0	0	0	0	0	0	0	0	0	0	0
GGB6133_SGB8780	0	0	0	0	0	0	0	0	0	0	0	0	0	0	0.00129	0	0	0	0	0	0	0	0	0	0	0	0	0	0	0	0	0	0	0	0	0	0	0	0	0	0	0	0	0	0	0	0	0	0	0	0	0	0	0	0	0	0	0	0	0	0	0	0	0	0	0	0	0	0	0	0	0	0	0	0	0	0	0	0	0	0	0	0	0	0	0	0	0	0	0	0	0	0	0	0	0	0	0	0	0	0	0	0	0	0	0	0	0	0	0	0	0	0	0	0	0	0	0	0	0	0	0	0	0	0	0	0	0	0	0	0	0	0	0	0	0	0	0	0	0	0	0	0	0	0	0	0	0	0	0	0	0	0	0	0	0	0	0	0	0	0	0	0	0	0	0	0	0	0
Peptoniphilus_senegalensis	0	0	0	0	0	0	0	0	0	0	0	0	0	0	0	0	0	0	0	0	0	0	0	0	0	0	0	0	0	0	0	0	0	0	0	0	0	0	0	0	0	0	0	0	0	0	0	0	0	0	0	0	0	0	0	0	0	0	0	0	0	0	0	0	0	0	0	0	0	0	0	0	0	0	0	0	0	0	0	0	0	0	0	0	0	0	0	0	0	0	0	0	0	0	0	0	0	0	0	0	0	0	0	0	0	0	0	0	0	0	0	0	0	0	0	0	0	0	0	0	0.00126	0	0	0	0	0	0	0	0	0	0	0	0	0	0	0	0	0	0	0	0	0	0	0	0	0	0	0	0	0	0	0	0	0	0	0	0	0	0	0	0	0	0	0	0	0	0	0	0
Furfurilactobacillus_rossiae	0	0	0	0	0	0.00126	0	0	0	0	0	0	0	0	0	0	0	0	0	0	0	0	0	0	0	0	0	0	0	0	0	0	0	0	0	0	0	0	0	0	0	0	0	0	0	0	0	0	0	0	0	0	0	0	0	0	0	0	0	0	0	0	0	0	0	0	0	0	0	0	0	0	0	0	0	0	0	0	0	0	0	0	0	0	0	0	0	0	0	0	0	0	0	0	0	0	0	0	0	0	0	0	0	0	0	0	0	0	0	0	0	0	0	0	0	0	0	0	0	0	0	0	0	0	0	0	0	0	0	0	0	0	0	0	0	0	0	0	0	0	0	0	0	0	0	0	0	0	0	0	0	0	0	0	0	0	0	0	0	0	0	0	0	0	0	0	0	0	0
Microbacterium_enclense	0.00013	0	0	0	0	0	0	0	0	0	0	0	0	0	0	0	0	0	0	0	0	0	0	0	0	0	0	0	0	0	0	0	0	0	0	0	0	0	0	0	0	0	0	0	0	0	0	0.00126	0	0	0	0	0	0	0	0	0	0	0	0	0	0	0	0	0	0	0	0	0	0	0	0	0	0	0	0	0	0	0	0	0	0	0	0	0	0	0	0	0	0	0	0	0	0	0	0	0	0	0	0	0	0	0	0	0	0	0	0	0	0	0	0	0	0	0	0	0	0	0	0	0	0	0	0	0	0	0	0	0	0	0	0	0	0	0	0	0	0	0	0	0	0	0	0	0	0	0	0	0	0	0	0	0	0	0	0	0	0	0	0	0	0	0	0	0	0	0	0	0
GGB9630_SGB15084	0	0	0	0	0	0	0	0	0	0	0	0	0	0	0	0	0	0	0	0	0	0	0	0	0	0	0	0	0	0	0	0	0	0	0	0	0	0	0	0	0	0	0	0	0	0	0	0	0	0.00126	0	0	0	0	0	0	0	0	0	0	0	0	0	0	0	0	0	0	0	0	0	0	0	0	0	0	0	0	0	0	0	0	0	0	0	0	0	0	0	0	0	0	0	0	0	0	0	0	0	0	0	0	0	0	0	0	0	0	0	0	0	0	0	0	0	0	0	0	0	0	0	0	0	0	0	0	0	0	0	0	0	0	0	0	0	0	0	0	0	0	0	0	0	0	0	0	0	0	0	0	0	0	0	0	0	0	0	0	0	0	0	0	0	0	0	0	0	0	0
Porphyromonas_somerae	0	0	0	0	0	0	0	0	0	0	0	0	0	0	0	0	0	0	0	0	0	0	0	0	0	0	0	0	0	0	0	0	0	0	0	0	0	0	0	0	0	0	0	0	0	0	0	0	0	0	0	0	0	0	0	0	0	0	0	0	0	0	0	0	0	0	0	0	0	0	0	0	0	0	0	0	0	0	0	0	0	0	0	0	0	0	0	0	0	0	0	0	0	0	0	0	0	0	0	0	0	0	0	0	0	0	0	0	0	0	0.00124	0	0	0	0	0	0	0	0	0	0	0	0	0	0	0	0	0	0	0	0	0	0	0	0	0	0	0	0	0	0	0	0	0	0	0	0	0	0	0	0	0	0	0	0	0	0	0	0	0	0	0	0	0	0	0	0	0	0
GGB9258_SGB14205	0	0	0	0	0	0	0	0	0	0	0	0	0	0	0	0	0	0	0	0	0	0	0	0	0	0	0	0	0	0	0	0	0	0	0	0	0	0	0	0	0	0	0	0	0	0	0	0	0	0	0	0	0	0	0	0	0	0	0	0	0	0	0	0	0	0	0	0	0	0	0	0	0	0	0	0	0	0	0	0	0	0	0	0	0	0	0	0	0	0	0	0	0	0	0	0	0	0	0.00123	0	0	0	0	0	0	0	0	0	0	0	0	0	0	0	0	0	0	0	0	0	0	0	0	0	0	0	0	0	0	0	0	0	0	0	0	0	0	0	0	0	0	0	0	0	0	0	0	0	0	0	0	0	0	0	0	0	0	0	0	0	0	0	0	0	0	0	0	0	0
Extibacter_muris	0	0	0	0	0	0	0	0	0	0	0	0	0	0	0	0	0	0	0	0	0	0	0	0	0	0	0	0	0	0	0	0.00122	0	0	0	0	0	0	0	0	0	0	0	0	0	0	0	0	0	0	0	0	0	0	0	0	0	0	0	0	0	0	0	0	0	0	0	0	0	0	0	0	0	0	0	0	0	0	0	0	0	0	0	0	0	0	0	0	0	0	0	0	0	0	0	0	0	0	0	0	0	0	0	0	0	0	0	0	0	0	0	0	0	0	0	0	0	0	0	0	0	0	0	0	0	0	0	0	0	0	0	0	0	0	0	0	0	0	0	0	0	0	0	0	0	0	0	0	0	0	0	0	0	0	0	0	0	0	0	0	0	0	0	0	0	0	0	0	0
GGB3474_SGB4637	0	0	0	0	0	0	0	0	0	0	0	0	0	0	0	0	0	0	0	0	0	0	0.00119	0	0	0	0	0	0	0	0	0	0	0	0	0	0	0	0	0	0	0	0	0	0	0	0	0	0	0	0	0	0	0	0	0	0	0	0	0	0	0	0	0	0	0	0	0	0	0	0	0	0	0	0	0	0	0	0	0	0	0	0	0	0	0	0	0	0	0	0	0	0	0	0	0	0	0	0	0	0	0	0	0	0	0	0	0	0	0	0	0	0	0	0	0	0	0	0	0	0	0	0	0	0	0	0	0	0	0	0	0	0	0	0	0	0	0	0	0	0	0	0	0	0	0	0	0	0	0	0	0	0	0	0	0	0	0	0	0	0	0	0	0	0	0	0	0	0
GGB42674_SGB66070	0	0	0.00119	0	0	0	0	0	0	0	0	0	0	0	0	0	0	0	0	0	0	0	0	0	0	0	0	0	0	0	0	0	0	0	0	0	0	0	0	0	0	0	0	0	0	0	0	0	0	0	0	0	0	0	0	0	0	0	0	0	0	0	0	0	0	0	0	0	0	0	0	0	0	0	0	0	0	0	0	0	0	0	0	0	0	0	0	0	0	0	0	0	0	0	0	0	0	0	0	0	0	0	0	0	0	0	0	0	0	0	0	0	0	0	0	0	0	0	0	0	0	0	0	0	0	0	0	0	0	0	0	0	0	0	0	0	0	0	0	0	0	0	0	0	0	0	0	0	0	0	0	0	0	0	0	0	0	0	0	0	0	0	0	0	0	0	0	0	0
Levilactobacillus_brevis	0	0	0	0	0	0	0	0	0	0	0	0	0	0	0	0	0	0	0	0	0	0	0	0	0	0	0	0	0	0	0	0	0	0	0	0	0	0	0	0	0	0	0	0	0	0	0	0	0	0	0	0	0	0	0	0	0	0	0	0	0	0	0	0	0	0	0	0	0	0	0	0	0	0	0	0	0	0	0	0	0	0	0	0	0	0	0	0	0	0	0	0	0	0	0	0	0	0	0	0	0	0	0	0	0	0	0	0	0	0	0	0	0	0	0	0	0.00119	0	0	0	0	0	0	0	0	0	0	0	0	0	0	0	0	0	0	0	0	0	0	0	0	0	0	0	0	0	0	0	0	0	0	0	0	0	0	0	0	0	0	0	0	0	0	0	0	0	0	0	0
Caulobacter_sp_CCUG_60055	0	0	0	0	0	0	0	0	0	0	0	0	0	0	0	0	0	0	0	0	0	0	0.00058	0.00115	0.00014	0	0	0	0	0	0	0	0	0	0	0	0	0	0	0	0	0	0	0	0.00017	0	0	0	0	0	0	0	0	0	0	0	0	0	0	0	0	0	0	0	0	0	0	0	0	0	0	0	0	0	0	0	0	0	0	0	0	0	0	0	0	0	0	0	0	0	0	0	0	0	0	0	0	0	0	0	0	0	0	0	0	0	0	0	0	0	0	0	0	0	0	0	0	0	0	0	0	0	0	0	0	0	0	0	0	0	0	0	0	0	0	0	0	0	0	0	0	0	0	0	0	0	0	0	0	0	0	0	0	0	0	0	0	0	0	0	0	0	0	0	0	0	0	0	0
GGB4571_SGB6317	0	0	0	0	0	0	0	0	0	0	0	0	0	0	0	0	0	0	0	0	0	0	0	0	0	0	0	0	0	0	0	0	0	0	0	0	0	0	0	0	0	0	0	0	0	0	0	0	0	0	0	0	0	0	0	0	0	0	0	0	0	0	0	0	0	0	0	0	0	0	0	0	0	0	0	0	0	0	0	0	0	0	0	0	0	0	0.00115	0	0	0	0	0	0	0	0	0	0	0	0	0	0	0	0	0	0	0	0	0	0	0	0	0	0	0	0	0	0	0	0	0	0	0	0	0	0	0	0	0	0	0	0	0	0	0	0	0	0	0	0	0	0	0	0	0	0	0	0	0	0	0	0	0	0	0	0	0	0	0	0	0	0	0	0	0	0	0	0	0	0
Granulicatella_SGB64171	0	0	0	0	0	0	0	0	0	0	0	0	0	0	0	0	0	0	0	0	0	0	0	0	0	0	0	0	0	0	0	0	0	0	0	0	0	0	0	0	0	0	0	0	0.00113	0	0	0	0	0	0	0	0	0	0	0	0	0	0	0	0	0	0	0	0	0	0	0	0	0	0	0	0	0	0	0	0	0	0	0	0	0	0	0	0	0	0	0	0	0	0	0	0	0	0	0	0	0	0	0	0	0	0	0	0	0	0	0	0	0	0	0	0	0	0	0	0	0	0	0	0	0	0	0	0	0	0	0	0	0	0	0	0	0	0	0	0	0	0	0	0	0	0	0	0	0	0	0	0	0	0	0	0	0	0	0	0	0	0	0	0	0	0	0	0	0	0	0	0
GGB1627_SGB2227	0	0	0	0	0	0	0	0	0	0	0	0	0	0	0	0	0	0	0.00108	0	0	0	0	0	0	0	0	0	0	0	0	0	0	0	0	0	0	0	0	0	0	0	0	0	0	0	0	0	0	0	0	0	0	0	0	0	0	0	0	0	0	0	0	0	0	0	0	0	0	0	0	0	0	0	0	0	0	0	0	0	0	0	0	0	0	0	0	0	0	0	0	0	0	0	0	0	0	0	0	0	0	0	0	0	0	0	0	0	0	0	0	0	0	0	0	0	0	0	0	0	0	0	0	0	0	0	0	0	0	0	0	0	0	0	0	0	0	0	0	0	0	0	0	0	0	0	0	0	0	0	0	0	0	0	0	0	0	0	0	0	0	0	0	0	0	0	0	0	0
GGB45640_SGB72681	0	0	0	0	0	0	0	0	0	0	0	0	0	0	0	0	0	0	0	0	0	0	0	0	0	0	0	0	0	0	0	0	0	0	0	0	0	0	0	0	0	0	0	0	0	0	0	0	0	0	0	0	0	0	0	0	0	0	0	0	0	0	0	0	0	0	0	0	0	0	0	0	0	0	0	0	0	0	0	0	0	0	0	0	0	0	0	0	0	0	0	0	0	0	0	0	0	0	0	0	0	0	0	0	0	0	0	0	0	0	0	0	0.00103	0	0	0	0	0	0	0	0	0	0	0	0	0	0	0	0	0	0	0	0	0	0	0	0	0	0	0	0	0	0	0	0	0	0	0	0	0	0	0	0	0	0	0	0	0	0	0	0	0	0	0	0	0	0	0	0
Microbacterium_lacticum	0	0	0	0	0	0	0	0	0	0	0	0	0	0	0	0	0	0	0	0	0	0	0	0	0	0	0	0	0	0	0	0	0	0	0	0	0	0	0	0	0	0	0	0	0	0	0	0	0	0.00099	0	0	0	0	0	0	0	0	0	0	0	0	0	0	0	0	0	0	0	0	0	0	0	0	0	0	0	0	0	0	0	0	0	0	0	0	0	0	0	0	0	0	0	0	0	0	0	0	0	0	0	0	0	0	0	0	0	0	0	0	0	0	0	0	0	0	0	0	0	0	0	0	0	0	0	0	0	0	0	0	0	0	0	0	0	0	0	0	0	0	0	0	0	0	0	0	0	0	0	0	0	0	0	0	0	0	0	0	0	0	0	0	0	0	0	0	0	0	0
Dysosmobacter_SGB15077	0	0	0	0	0	0	0	0	0	0	0	0	0	0	0	0	0	0	0	0	0	0	0	0	0	0	0	0	0	0	0	0	0	0	0	0	0	0	0	0	0	0	0	0	0	0	0	0	0	0	0	0	0	0	0	0	0	0	0	0	0	0	0	0	0	0	0	0	0	0	0	0	0	0	0	0	0	0	0	0	0	0	0	0	0	0	0	0	0	0	0	0	0	0	0	0	0	0	0	0	0	0	0.00095	0	0	0	0	0	0	0	0	0	0	0	0	0	0	0	0	0	0	0	0	0	0	0	0	0	0	0	0	0	0	0	0	0	0	0	0	0	0	0	0	0	0	0	0	0	0	0	0	0	0	0	0	0	0	0	0	0	0	0	0	0	0	0	0	0	0
GGB6566_SGB9275	0	0	0	0	0	0	0	0	0	0	0	0	0	0	0	0	0	0	0	0	0	0	0	0	0	0	0	0	0	0	0	0	0	0	0	0	0	0	0	0	0	0	0	0	0	0	0	0	0	0	0	0	0	0	0	0	0	0	0	0	0	0	0	0	0	0	0	0	0	0	0	0	0	0	0	0	0	0	0	0	0	0	0	0	0	0	0	0	0	0	0	0	0	0	0	0	0	0	0	0	0	0	0	0	0	0	0	0	0	0	0	0	0	0	0	0	0	0	0	0	0	0	0	0	0	0	0	0	0	0	0	0	0	0	0	0	0	0	0	0	0	0	0.00093	0	0	0	0	0	0	0	0	0	0	0	0	0	0	0	0	0	0	0	0	0	0	0	0	0	0
Vibrio_diabolicus	0	0	0	0	0	0	0	0	0	0	0	0	0	0	0	0	0	0	0	0	0	0	0	0	0	0	0	0	0	0	0	0	0	0	0	0	0	0	0.00084	0	0	0	0	0	0	0	0	0	0	0	0	0	0	0	0	0	0	0	0	0	0	0	0	0	0	0	0	0	0	0	0	0	0	0	0	0	0	0	0	0	0	0	0	0	0	0	0	0	0	0	0	0	0	0	0	0	0	0	0	0	0	0	0	0	0	0	0	0	0	0	0	0	0	0	0	0	0	0	0	0	0	0	0	0	0	0	0	0	0	0	0	0	0	0	0	0	0	0	0	0	0	0	0	0	0	0	0	0	0	0	0	0	0	0	0	0	0	0	0	0	0	0	0	0	0	0	0	0	0
GGB9109_SGB14042	0	0	0	0	0	0	0	0	0	0	0	0	0	0	0	0	0	0	0	0	0	0	0.00083	0	0	0	0	0	0	0	0	0	0	0	0	0	0	0	0	0	0	0	0	0	0	0	0	0	0	0	0	0	0	0	0	0	0	0	0	0	0	0	0	0	0	0	0	0	0	0	0	0	0	0	0	0	0	0	0	0	0	0	0	0	0	0	0	0	0	0	0	0	0	0	0	0	0	0	0	0	0	0	0	0	0	0	0	0	0	0	0	0	0	0	0	0	0	0	0	0	0	0	0	0	0	0	0	0	0	0	0	0	0	0	0	0	0	0	0	0	0	0	0	0	0	0	0	0	0	0	0	0	0	0	0	0	0	0	0	0	0	0	0	0	0	0	0	0	0
GGB9199_SGB14138	0	0	0	0	0	0	0	0	0	0	0	0	0	0	0	0	0	0	0	0	0	0	0	0	0	0	0	0	0	0	0	0	0	0	0	0	0	0	0	0	0	0	0	0	0	0	0	0	0	0	0	0	0	0	0	0	0	0	0	0	0	0	0	0	0	0	0	0	0	0	0	0	0	0	0	0	0	0	0	0	0	0	0	0	0	0	0	0	0	0	0	0	0	0	0	0	0	0	0	0	0	0	0	0	0	0	0	0	0	0	0	0	0	0	0	0	0	0	0	0	0	0	0	0	0	0	0	0.00082	0	0	0	0	0	0	0	0	0	0	0	0	0	0	0	0	0	0	0	0	0	0	0	0	0	0	0	0	0	0	0	0	0	0	0	0	0	0	0	0	0
Gemella_SGB7284	0	0	0	0	0	0	0	0	0	0	0	0	0	0	0	0	0	0	0	0	0	0	0	0	0	0	0	0	0	0	0	0	0	0	0	0	0	0	0	0	0	0	0	0	0	0	0	0	0	0	0	0	0	0	0	0	0	0	0	0	0	0	0	0	0	0	0	0	0	0	0	0	0	0	0	0	0	0	0	0	0	0	0	0	0	0	0.0008	0	0	0	0	0	0	0	0	0	0	0	0	0	0	0	0	0	0	0	0	0	0	0	0	0	0	0	0	0	0	0	0	0	0	0	0	0	0	0	0	0	0	0	0	0	0	0	0	0	0	0	0	0	0	0	0	0	0	0	0	0	0	0	0	0	0	0	0	0	0	0	0	0	0	0	0	0	0	0	0	0	0
GGB4687_SGB6484	0	0	0	0	0	0	0	0	0	0	0	0	0	0	0	0	0	0	0	0	0	0	0	0	0	0	0	0	0	0	0	0	0	0	0	0	0	0	0	0	0	0	0	0	0	0	0	0	0	0	0	0	0	0	0	0	0	0	0	0	0	0	0	0	0	0	0	0	0	0	0	0	0	0	0	0	0	0	0	0	0	0	0	0	0	0	0	0	0	0	0	0	0	0	0	0	0	0	0	0	0	0	0	0.00078	0	0	0	0	0	0	0	0	0	0	0	0	0	0	0	0	0	0	0	0	0	0	0	0	0	0	0	0	0	0	0	0	0	0	0	0	0	0	0	0	0	0	0	0	0	0	0	0	0	0	0	0	0	0	0	0	0	0	0	0	0	0	0	0	0
Citrobacter_amalonaticus	0	0	0	0	0	0	0	0	0	0	0	0	0	0	0	0	0	0	0	0	0	0	0	0	0	0	0	0	0	0	0	0	0	0	0	0	0	0	0	0	0	0	0	0	0	0	0.00077	0	0	0	0	0	0	0	0	0	0	0	0	0	0	0	0	0	0	0	0	0	0	0	0	0	0	0	0	0	0	0	0	0	0	0	0	0	0	0	0	0	0	0	0	0	0	0	0	0	0	0	0	0	0	0	0	0	0	0	0	0	0	0	0	0	0	0	0	0	0	0	0	0	0	0	0	0	0	0	0	0	0	0	0	0	0	0	0	0	0	0	0	0	0	0	0	0	0	0	0	0	0	0	0	0	0	0	0	0	0	0	0	0	0	0	0	0	0	0	0	0	0
Rothia_koreensis	0	0	0	0	0	0	0	0	0	0	0	0	0.00077	0	0	0	0	0	0	0	0	0	0	0	0	0	0	0	0	0	0	0	0	0	0	0	0	0	0	0	0	0	0	0	0	0	0	0	0	0	0	0	0	0	0	0	0	0	0	0	0	0	0	0	0	0	0	0	0	0	0	0	0	0	0	0	0	0	0	0	0	0	0	0	0	0	0	0	0	0	0	0	0	0	0	0	0	0	0	0	0	0	0	0	0	0	0	0	0	0	0	0	0	0	0	0	0	0	0	0	0	0	0	0	0	0	0	0	0	0	0	0	0	0	0	0	0	0	0	0	0	0	0	0	0	0	0	0	0	0	0	0	0	0	0	0	0	0	0	0	0	0	0	0	0	0	0	0	0
Jiella_pacifica	0	0	0	0	0	0	0	0	0	0	0	0	0	0	0	0	0	0	0	0	0	0	0.00073	0	0	0	0	0	0	0	0	0	0	0	0	0	0	0	0	0	0	0	0	0	0	0	0	0	0	0	0	0	0	0	0	0	0	0	0	0	0	0	0	0	0	0	0	0	0	0	0	0	0	0	0	0	0	0	0	0	0	0	0	0	0	0	0	0	0	0	0	0	0	0	0	0	0	0	0	0	0	0	0	0	0	0	0	0	0	0	0	0	0	0	0	0	0	0	0	0	0	0	0	0	0	0	0	0	0	0	0	0	0	0	0	0	0	0	0	0	0	0	0	0	0	0	0	0	0	0	0	0	0	0	0	0	0	0	0	0	0	0	0	0	0	0	0	0	0
Mogibacterium_SGB3923	0	0	0	0	0	0	0	0	0	0	0	0	0	0	0	0	0	0	0	0	0	0	0	0	0	0	0.00073	0	0	0	0	0	0	0	0	0	0	0	0	0	0	0	0	0	0	0	0	0	0	0	0	0	0	0	0	0	0	0	0	0	0	0	0	0	0	0	0	0	0	0	0	0	0	0	0	0	0	0	0	0	0	0	0	0	0	0	0	0	0	0	0	0	0	0	0	0	0	0	0	0	0	0	0	0	0	0	0	0	0	0	0	0	0	0	0	0	0	0	0	0	0	0	0	0	0	0	0	0	0	0	0	0	0	0	0	0	0	0	0	0	0	0	0	0	0	0	0	0	0	0	0	0	0	0	0	0	0	0	0	0	0	0	0	0	0	0	0	0	0
Actinomyces_timonensis	0	0	0	0	0	0	0	0	0	0	0	0	0	0	0	0	0	0	0	0	0	0	0	0	0	0	0	0	0.0002	0	0	0	0	0	0	0	0	0	0	0	0	0	0	0	0	0	0	0	0	0	0	0	0	0	0	0	0	0	0	0	0	0	0	0	0	0	0	0	0	0	0	0	0	0	0	0	0	0	0	0	0	0	0	0	0	0	0	0	0	0	0	0	0	0	0	0	0	0.00073	0	0	0	0	0	0	0	0	0	0	0	0	0	0	0	0	0	0	0	0	0	0	0	0	0	0	0	0	0	0	0	0	0	0	0	0	0	0	0	0	0	0	0	0	0	0	0	0	0	0	0	0	0	0	0	0	0	0	0	0	0	0	0	0	0	0	0	0	0	0	0
Pantoea_stewartii	0	0	0	0	0	0	0	0	0	0	0	0	0	0	0	0	0	0	0	0	0	0	0	0	0	0	0	0	0	0	0	0	0	0	0	0	0	0	0	0	0	0	0	0	0	0	0	0	0	0	0	0	0	0	0	0	0	0	0	0	0	0	0	0	0	0	0	0	0	0	0	0	0	0	0	0	0	0	0.00073	0	0	0	0	0	0	0	0	0	0	0	0	0	0	0	0	0	0	0	0	0	0	0	0	0	0	0	0	0	0	0	0	0	0	0	0	0	0	0	0	0	0	0	0	0	0	0	0	0	0	0	0	0	0	0	0	0	0	0	0	0	0	0	0	0	0	0	0	0	0	0	0	0	0	0	0	0	0	0	0	0	0	0	0	0	0	0	0	0	0
Alterileibacterium_massiliense	0	0	0	0	0	0	0	0	0	0	0	0	0	0	0	0	0	0	0	0	0	0	0	0	0	0	0	0	0.00072	0	0	0	0	0	0	0	0	0	0	0	0	0	0	0	0	0	0	0	0	0	0	0	0	0	0	0	0	0	0	0	0	0	0	0	0	0	0	0	0	0	0	0	0	0	0	0	0	0	0	0	0	0	0	0	0	0	0	0	0	0	0	0	0	0	0	0	0	0	0	0	0	0	0	0	0	0	0	0	0	0	0	0	0	0	0	0	0	0	0	0	0	0	0	0	0	0	0	0	0	0	0	0	0	0	0	0	0	0	0	0	0	0	0	0	0	0	0	0	0	0	0	0	0	0	0	0	0	0	0	0	0	0	0	0	0	0	0	0	0
Methanomassiliicoccaceae_archaeon_DOK	0	0	0	0	0	0	0	0	0	0	0	0	0	0	0	0	0	0	0	0	0	0	0.0007	0	0	0	0	0	0	0	0	0	0	0	0	0	0	0	0	0	0	0	0	0	0	0	0	0	0	0	0	0	0	0	0	0	0	0	0	0	0	0	0	0	0	0	0	0	0	0	0	0	0	0	0	0	0	0	0	0	0	0	0	0	0	0	0	0	0	0	0	0	0	0	0	0	0	0	0	0	0	0	0	0	0	0	0	0	0	0	0	0	0	0	0	0	0	0	0	0	0	0	0	0	0	0	0	0	0	0	0	0	0	0	0	0	0	0	0	0	0	0	0	0	0	0	0	0	0	0	0	0	0	0	0	0	0	0	0	0	0	0	0	0	0	0	0	0	0
Anaerococcus_tetradius	0	0	0	0	0	0	0	0	0	0	0	0	0	0	0	0	0	0	0	0	0	0	0	0	0	0	0	0	0	0	0	0	0	0	0	0	0	0	0	0	0	0	0	0	0	0	0	0	0	0	0	0	0	0	0	0	0	0	0	0	0	0	0	0	0	0	0	0	0	0	0	0	0	0	0	0	0	0.00067	0	0	0	0	0	0	0	0	0	0	0	0	0	0	0	0	0	0	0	0	0	0	0	0	0	0	0	0	0	0	0	0	0	0	0	0	0	0	0	0	0	0	0	0	0	0	0	0	0	0	0	0	0	0	0	0	0	0	0	0	0	0	0	0	0	0	0	0	0	0	0	0	0	0	0	0	0	0	0	0	0	0	0	0	0	0	0	0	0	0	0
Peptoniphilus_harei	0	0	0	0	0	0	0	0	0	0	0	0	0	0	0	0	0	0	0	0	0	0	0	0	0	0	0	0	0	0	0	0	0	0	0	0	0	0	0	0	0	0	0	0	0	0	0.00065	0	0	0	0	0	0	0	0	0	0	0	0	0	0	0	0	0	0	0	0	0	0	0	0	0	0	0	0	0	0	0	0	0	0	0	0	0	0	0	0	0	0	0	0	0	0	0	0	0	0	0	0	0	0	0	0	0	0	0	0	0	0	0	0	0	0	0	0	0	0	0	0	0	0	0	0	0	0	0	0	0	0	0	0	0	0	0	0	0	0	0	0	0	0	0	0	0	0	0	0	0	0	0	0	0	0	0	0	0	0	0	0	0	0	0	0	0	0	0	0	0	0
Mobiluncus_SGB15488	0	0	0	0	0	0	0	0	0	0	0	0	0	0	0	0	0	0	0	0	0	0	0	0	0	0	0	0	0.00064	0	0	0	0	0	0	0	0	0	0	0	0	0	0	0	0	0	0	0	0	0	0	0	0	0	0	0	0	0	0	0	0	0	0	0	0	0	0	0	0	0	0	0	0	0	0	0	0	0	0	0	0	0	0	0	0	0	0	0	0	0	0	0	0	0	0	0	0	0	0	0	0	0	0	0	0	0	0	0	0	0	0	0	0	0	0	0	0	0	0	0	0	0	0	0	0	0	0	0	0	0	0	0	0	0	0	0	0	0	0	0	0	0	0	0	0	0	0	0	0	0	0	0	0	0	0	0	0	0	0	0	0	0	0	0	0	0	0	0	0
GGB9616_SGB15062	0	0	0	0	0	0	0	0	0	0	0	0	0	0	0	0	0	0	0	0	0	0	0	0	0	0	0	0	0	0	0	0	0	0	0	0	0	0	0	0	0	0	0	0	0	0	0	0	0	0	0	0	0	0	0	0	0	0	0	0	0	0	0	0	0	0	0	0	0	0	0	0	0	0	0	0	0	0	0	0	0	0	0	0	0	0	0	0	0	0	0	0	0	0	0	0	0	0	0	0	0	0	0	0.00064	0	0	0	0	0	0	0	0	0	0	0	0	0	0	0	0	0	0	0	0	0	0	0	0	0	0	0	0	0	0	0	0	0	0	0	0	0	0	0	0	0	0	0	0	0	0	0	0	0	0	0	0	0	0	0	0	0	0	0	0	0	0	0	0	0
GGB9608_SGB15043	0	0	0	0	0	0	0	0	0	0	0	0	0	0	0	0	0	0	0	0	0	0	0.00064	0	0	0	0	0	0	0	0	0	0	0	0	0	0	0	0	0	0	0	0	0	0	0	0	0	0	0	0	0	0	0	0	0	0	0	0	0	0	0	0	0	0	0	0	0	0	0	0	0	0	0	0	0	0	0	0	0	0	0	0	0	0	0	0	0	0	0	0	0	0	0	0	0	0	0	0	0	0	0	0	0	0	0	0	0	0	0	0	0	0	0	0	0	0	0	0	0	0	0	0	0	0	0	0	0	0	0	0	0	0	0	0	0	0	0	0	0	0	0	0	0	0	0	0	0	0	0	0	0	0	0	0	0	0	0	0	0	0	0	0	0	0	0	0	0	0
Peptostreptococcus_sp_MV1	0	0	0	0.00061	0	0	0	0	0	0	0	0	0	0	0	0	0	0	0	0	0	0	0	0	0	0	0	0	0	0	0	0	0	0	0	0	0	0	0	0	0	0	0	0	0	0	0	0	0	0	0	0	0	0	0	0	0	0	0	0	0	0	0	0	0	0	0	0	0	0	0	0	0	0	0	0	0	0	0	0	0	0	0	0	0	0	0	0	0	0	0	0	0	0	0	0	0	0	9e-05	0	0	0	0	0	0	0	0	0	0	0	0	0	0	0	0	0	0	0	0	0	0	0	0	0	0	0	0	0	0	0	0	0	0	0	0	0	0	0	0	0	0	0	0	0	0	0	0	0	0	0	0	0	0	0	0	0	0	0	0	0	0	0	0	0	0	0	0	0	0
Cutibacterium_acnes	0	0	0	0	0	0	0	0	0	0	0	0	0	0	0	0	0	0	0	0	0	0	0	0	0	0	0	0	0	0	0	0	0	0	0	0	0	0	0	0	0	0	0	0	0	0	0	0	0	0	0	0	0	0	0	0	0	0	0	0	0	0	0	0	0	0	0	0	0	0	0	0	0	0	0	0	0	0	0	0	0	0	0	0	0	0	0	0	0	0	0	0	0	0	0	0	0	0	0	0	0	0	0	0	0	0	0	0	0	0.0006	0	0	0	0	0	0	0	0	0	0	0	0	0	0	0	0	0	0	0	0	0	0	0	0	0	0	0	0	0	0	0	0	0	0	0	0	0	0	0	0	0	0	0	0	0	0	0	0	0	0	0	0	0	0	0	0	0	0	0
Enorma_phocaeensis	0	0	0	0	0	0	0	0	0	0	0	0	0	0	0	0	0	0	0	0	0	0	0.00056	0	0	0	0	0	0	0	0	0	0	0	0	0	0	0	0	0	0	0	0	0	0	0	0	0	0	0	0	0	0	0	0	0	0	0	0	0	0	0	0	0	0	0	0	0	0	0	0	0	0	0	0	0	0	0	0	0	0	0	0	0	0	0	0	0	0	0	0	0	0	0	0	0	0	0	0	0	0	0	0	0	0	0	0	0	0	0	0	0	0	0	0	0	0	0	0	0	0	0	0	0	0	0	0	0	0	0	0	0	0	0	0	0	0	0	0	0	0	0	0	0	0	0	0	0	0	0	0	0	0	0	0	0	0	0	0	0	0	0	0	0	0	0	0	0	0
Prevotella_buccalis	0	0	0	0	0	0	0	0	0	0	0	0	0	0	0	0	0	0	0	0	0	0	0	0	0	0	0	0	0	0	0	0	0	0	0	0	0	0	0	0	0	0	0	0	0	0	0	0	0	0	0	0	0	0	0	0	0	0	0	0	0	0	0	0	0	0	0	0	0	0	0	0	0	0	0	0	0	0	0	0	0	0	0	0	0	0	0	0	0	0	0	0	0	0	0	0	0	0	0	0	0	0	0	0	0	0	0	0	0	0.00051	0	0	0	0	0	0	0	0	0	0	0	0	0	0	0	0	0	0	0	0	0	0	0	0	0	0	0	0	0	0	0	0	0	0	0	0	0	0	0	0	0	0	0	0	0	0	0	0	0	0	0	0	0	0	0	0	0	0	0
GGB40344_SGB47664	0	0	0	0	0	0	0	0	0	0	0	0	0	0	0	0	0	0.00049	0	0	0	0	0	0	0	0	0	0	0	0	0	0	0	0	0	0	0	0	0	0	0	0	0	0	0	0	0	0	0	0	0	0	0	0	0	0	0	0	0	0	0	0	0	0	0	0	0	0	0	0	0	0	0	0	0	0	0	0	0	0	0	0	0	0	0	0	0	0	0	0	0	0	0	0	0	0	0	0	0	0	0	0	0	0	0	0	0	0	0	0	0	0	0	0	0	0	0	0	0	0	0	0	0	0	0	0	0	0	0	0	0	0	0	0	0	0	0	0	0	0	0	0	0	0	0	0	0	0	0	0	0	0	0	0	0	0	0	0	0	0	0	0	0	0	0	0	0	0	0
GGB9355_SGB14328	0	0	0	0	0	0	0	0	0	0	0	0	0	0	0	0	0	0	0	0	0	0	0	0	0	0	0	0	0	0	0	0	0	0	0	0	0	0	0	0	0	0	0	0	0	0	0	0	0	0	0	0	0	0	0	0	0	0	0	0	0	0	0	0	0	0	0	0	0	0	0	0	0	0	0	0	0	0	0	0	0	0	0	0	0	0	0	0	0	0	0	0	0	0	0	0	0	0	0	0	0	0	0	0	0	0	0	0	0	0	0	0	0	0	0	0	0	0	0	0	0.00045	0	0	0	0	0	0	0	0	0	0	0	0	0	0	0	0	0	0	0	0	0	0	0	0	0	0	0	0	0	0	0	0	0	0	0	0	0	0	0	0	0	0	0	0	0	0	0	0
Enterococcus_durans	0	0.00045	0	0	0	0	0	0	0	0	0	0	0	0	0	0	0	0	0	0	0	0	0	0	0	0	0	0	0	0	0	0	0	0	0	0	0	0	0	0	0	0	0	0	0	0	0	0	0	0	0	0	0	0	0	0	0	0	0	0	0	0	0	0	0	0	0	0	0	0	0	0	0	0	0	0	0	0	0	0	0	0	0	0	0	0	0	0	0	0	0	0	0	0	0	0	0	0	0	0	0	0	0	0	0	0	0	0	0	0	0	0	0	0	0	0	0	0	0	0	0	0	0	0	0	0	0	0	0	0	0	0	0	0	0	0	0	0	0	0	0	0	0	0	0	0	0	0	0	0	0	0	0	0	0	0	0	0	0	0	0	0	0	0	0	0	0	0	0
Megasphaera_hutchinsoni	0	0	0	0	0	0	0	0	0	0	0	0	0	0	0	0	0	0	0	0	0	0	0	0	0	0	0	0	0	0	0	0	0	0	0	0	0	0	0	0	0	0	0	0	0	0	0	0	0	0	0	0	0	0	0	0	0	0	0	0	0	0	0	0	0	0	0	0	0	0	0	0	0	0	0	0	0	0	0	0	0	0	0	0	0	0	0	0	0	0	0	0	0	0	0	0	0	0	0.00041	0	0	0	0	0	0	0	0	0	0	0	0	0	0	0	0	0	0	0	0	0	0	0	0	0	0	0	0	0	0	0	0	0	0	0	0	0	0	0	0	0	0	0	0	0	0	0	0	0	0	0	0	0	0	0	0	0	0	0	0	0	0	0	0	0	0	0	0	0	0
GGB754_SGB990	0	0	0	0	0	0	0	0	0	0	0	0	0	0	0	0	0	0	0	0	0	0	0	0	0	0	0	0	0	0	0	0	0	0	0	0	0	0	0	0	0	0	0	0	0	0	0	0	0	0	0	0	0	0	0	0	0	0	0	0	0	0	0	0	0	0	0	0	0	0	0	0	0	0	0	0	0	0	0	0	0	0	0	0	0	0	0	0	0	0	0	0	0	0	0	0	0	0	0.00041	0	0	0	0	0	0	0	0	0	0	0	0	0	0	0	0	0	0	0	0	0	0	0	0	0	0	0	0	0	0	0	0	0	0	0	0	0	0	0	0	0	0	0	0	0	0	0	0	0	0	0	0	0	0	0	0	0	0	0	0	0	0	0	0	0	0	0	0	0	0
GGB18703_SGB19792	0	0	0	0	0	0	0	0	0	0	0	0	0	0	0	0	0	0	0	0	0.00041	0	0	0	0	0	0	0	0	0	0	0	0	0	0	0	0	0	0	0	0	0	0	0	0	0	0	0	0	0	0	0	0	0	0	0	0	0	0	0	0	0	0	0	0	0	0	0	0	0	0	0	0	0	0	0	0	0	0	0	0	0	0	0	0	0	0	0	0	0	0	0	0	0	0	0	0	0	0	0	0	0	0	0	0	0	0	0	0	0	0	0	0	0	0	0	0	0	0	0	0	0	0	0	0	0	0	0	0	0	0	0	0	0	0	0	0	0	0	0	0	0	0	0	0	0	0	0	0	0	0	0	0	0	0	0	0	0	0	0	0	0	0	0	0	0	0	0	0
Corynebacterium_variabile	0	0	0	0	0	0	0	0	0	0	0	0	0	0	0	0	0	0	0	0	0	0	0	0	0	0	0	0	0	0	0	0	0	0	0	0	0	0	0	0	0	0	0	0	0	0.0004	0	0	0	0	0	0	0	0	0	0	0	0	0	0	0	0	0	0	0	0	0	0	0	0	0	0	0	0	0	0	0	0	0	0	0	0	0	0	0	0	0	0	0	0	0	0	0	0	0	0	0	0	0	0	0	0	0	0	0	0	0	0	0	0	0	0	0	0	0	0	0	0	0	0	0	0	0	0	0	0	0	0	0	0	0	0	0	0	0	0	0	0	0	0	0	0	0	0	0	0	0	0	0	0	0	0	0	0	0	0	0	0	0	0	0	0	0	0	0	0	0	0	0
Saezia_sanguinis	0	0	0	0	0	0	0	0	0	0	0	0	0	0	0	0	0	0	0	0	0	0	0	0	0	0	0	0	0	0	0	0	0	0	0	0	0	0	0	0	0	0	0	0	0	0	0	0	0	0	0	0	0	0	0	0	0	0	0	0	0	0	0	0	0	0	0	0	0	0	0	0	0	0	0	0	0	0	0	0	0	0	0	0	0	0	0	0	0	0	0	0	0	0	0	0	0	0	0	0	0	0	0	0	0	0	0	0	0	0	0	0	0	0.00034	0	0	0	0	0	0	0	0	0	0	0	0	0	0	0	0	0	0	0	0	0	0	0	0	0	0	0	0	0	0	0	0	0	0	0	0	0	0	0	0	0	0	0	0	0	0	0	0	0	0	0	0	0	0	0
Pseudoramibacter_alactolyticus	0	0	0	0	0	0	0	0	0	0	0	0	0	0	0	0	0	0	0	0	0	0	0	0	0	0	0	0	0.00032	0	0	0	0	0	0	0	0	0	0	0	0	0	0	0	0	0	0	0	0	0	0	0	0	0	0	0	0	0	0	0	0	0	0	0	0	0	0	0	0	0	0	0	0	0	0	0	0	0	0	0	0	0	0	0	0	0	0	0	0	0	0	0	0	0	0	0	0	0	0	0	0	0	0	0	0	0	0	0	0	0	0	0	0	0	0	0	0	0	0	0	0	0	0	0	0	0	0	0	0	0	0	0	0	0	0	0	0	0	0	0	0	0	0	0	0	0	0	0	0	0	0	0	0	0	0	0	0	0	0	0	0	0	0	0	0	0	0	0	0
Clostridiales_bacterium_KA00274	0	0	0	0	0	0	0	0	0	0	0	0	0	0	0	0	0	0	0	0	0	0	0	0	0	0	0	0	0	0	0	0	0	0	0	0	0	0	0	0	0	0	0	0	0	0	0	0	0	0	0	0	0	0	0	0	0	0	0	0	0	0	0	0	0	0	0	0	0	0	0	0	0	0	0	0	0	0	0	0	0	0	0	0	0	0	0	0	0	0	0	0	0	0	0	0	0	0	0	0	0	0	0	0	0	0	0	0	0	0	0	0	0	0	0	0	0	0	0	0	0	0.00032	0	0	0	0	0	0	0	0	0	0	0	0	0	0	0	0	0	0	0	0	0	0	0	0	0	0	0	0	0	0	0	0	0	0	0	0	0	0	0	0	0	0	0	0	0	0	0
Peptoniphilus_sp_BV3C26	0	0	0	0	0	0	0	0	0	0	0	0	0	0	0	0	0	0	0	0	0	0	0	0	0	0	0	0	0	0	0	0	0	0	0	0	0	0	0	0	0	0	0	0	0	0	0	0	0	0	0	0	0	0	0	0	0	0	0	0	0	0	0	0	0	0	0	0	0	0	0	0	0	0	0	0	0	0	0	0	0	0	0	0	0	0	0	0	0	0	0	0	0	0	0	0	0	0	0	0	0	0	0	0	0	0	0	0	0	0	0.00027	0	0	0	0	0	0	0	0	0	0	0	0	0	0	0	0	0	0	0	0	0	0	0	0	0	0	0	0	0	0	0	0	0	0	0	0	0	0	0	0	0	0	0	0	0	0	0	0	0	0	0	0	0	0	0	0	0	0
GGB9263_SGB14211	0	0	0	0	0	0	0	0	0	0	0	0	0	0	0	0	0	0	0	0	0	0	0	0	0	0	0	0	0	0	0	0	0	0	0	0	0	0	0	0	0	0	0	0	0	0	0	0	0	0.00026	0	0	0	0	0	0	0	0	0	0	0	0	0	0	0	0	0	0	0	0	0	0	0	0	0	0	0	0	0	0	0	0	0	0	0	0	0	0	0	0	0	0	0	0	0	0	0	0	0	0	0	0	0	0	0	0	0	0	0	0	0	0	0	0	0	0	0	0	0	0	0	0	0	0	0	0	0	0	0	0	0	0	0	0	0	0	0	0	0	0	0	0	0	0	0	0	0	0	0	0	0	0	0	0	0	0	0	0	0	0	0	0	0	0	0	0	0	0	0
Lachnospiraceae_bacterium_oral_taxon_096	0	0	0	0	0	0	0	0	0	0	0	0	0	0	0	0	0	0	0	0	0	0	0	0	0	0	0	0	0	0	0	0	0	0	0.00025	0	0	0	0	0	0	0	0	0	0	0	0	0	0	0	0	0	0	0	0	0	0	0	0	0	0	0	0	0	0	0	0	0	0	0	0	0	0	0	0	0	0	0	0	0	0	0	0	0	0	0	0	0	0	0	0	0	0	0	0	0	0	0	0	0	0	0	0	0	0	0	0	0	0	0	0	0	0	0	0	0	0	0	0	0	0	0	0	0	0	0	0	0	0	0	0	0	0	0	0	0	0	0	0	0	0	0	0	0	0	0	0	0	0	0	0	0	0	0	0	0	0	0	0	0	0	0	0	0	0	0	0	0	0
GGB6648_SGB9389	0	0	0	0	0	0	0	0	0	0	0	0	0	0	0	0	0	0	0	0	0	0	0.00025	0	0	0	0	0	0	0	0	0	0	0	0	0	0	0	0	0	0	0	0	0	0	0	0	0	0	0	0	0	0	0	0	0	0	0	0	0	0	0	0	0	0	0	0	0	0	0	0	0	0	0	0	0	0	0	0	0	0	0	0	0	0	0	0	0	0	0	0	0	0	0	0	0	0	0	0	0	0	0	0	0	0	0	0	0	0	0	0	0	0	0	0	0	0	0	0	0	0	0	0	0	0	0	0	0	0	0	0	0	0	0	0	0	0	0	0	0	0	0	0	0	0	0	0	0	0	0	0	0	0	0	0	0	0	0	0	0	0	0	0	0	0	0	0	0	0
Aeromonas_veronii	0	0	0	0	0	0	0	0	0	0	0	0	0	0	0	0	0	0	0	0	0	0	0	0	0	0	0	0	0	0	0	0	0	0	0	0	0	0	0	0	0	0	0	0	0	0	0	0	0	0	0	0	0	0	0	0	0	0	0	0	0	0	0	0	0	0	0	0	0	0	0	0	0	0	0	0	0	0	0	0	0	0	0	0	0	0	0	0	0	0	0	0	0	0	0	0	0	0	0	0	0	0	0	0	0	0	0	0	0	0	0	0	0	0	0.00024	0	0	0	0	0	0	0	0	0	0	0	0	0	0	0	0	0	0	0	0	0	0	0	0	0	0	0	0	0	0	0	0	0	0	0	0	0	0	0	0	0	0	0	0	0	0	0	0	0	0	0	0	0	0
Limosilactobacillus_ingluviei	0	0	0	0	0	0	0	0	0	0	0	0	0	0	0	0	0	0	0	0	0	0	0	0	0	0.00023	0	0	0	0	0	0	0	0	0	0	0	0	0	0	0	0	0	0	0	0	0	0	0	0	0	0	0	0	0	0	0	0	0	0	0	0	0	0	0	0	0	0	0	0	0	0	0	0	0	0	0	0	0	0	0	0	0	0	0	0	0	0	0	0	0	0	0	0	0	0	0	0	0	0	0	0	0	0	0	0	0	0	0	0	0	0	0	0	0	0	0	0	0	0	0	0	0	0	0	0	0	0	0	0	0	0	0	0	0	0	0	0	0	0	0	0	0	0	0	0	0	0	0	0	0	0	0	0	0	0	0	0	0	0	0	0	0	0	0	0	0	0	0
GGB45599_SGB63311	0	0	0	0	0	0	0	0	0	0	0	0	0	0	0	0	0	0	0	0	0	0	0	0	0	0	0	0	0	0	0	0	0	0	0	0	0	0	0	0	0	0	0	0	0	0	0	0	0	0	0	0	0	0	0	0	0	0	0	0	0	0	0	0	0	0	0	0	0	0	0	0	0	0	0	0	0	0	0	0	0	0	0	0	0	0	0	0	0	0	0	0	0	0	0	0	0	0	0	0	0	0	0	0	0	0	0	0	0	0	0	0	0	0	0	0	0	0.00022	0	0	0	0	0	0	0	0	0	0	0	0	0	0	0	0	0	0	0	0	0	0	0	0	0	0	0	0	0	0	0	0	0	0	0	0	0	0	0	0	0	0	0	0	0	0	0	0	0	0	0
GGB4773_SGB6607	0	0	0	0	0	0	0	0	0	0	0	0	0	0	0	0	0	0	0	0	0	0	0	0	0	0	0	0	0	0	0	0	0	0	0	0	0	0	0	0	0	0	0	0	0	0	0	0	0	0	0	0	0	0	0	0	0	0	0	0	0	0	0	0	0	0	0	0	0	0	0	0	0	0	0	0	0	0	0	0	0	0	0	0	0	0	0	0	0	0	0	0	0	0	0	0	0	0	0.00018	0	0	0	0	0	0	0	0	0	0	0	0	0	0	0	0	0	0	0	0	0	0	0	0	0	0	0	0	0	0	0	0	0	0	0	0	0	0	0	0	0	0	0	0	0	0	0	0	0	0	0	0	0	0	0	0	0	0	0	0	0	0	0	0	0	0	0	0	0	0
GGB9094_SGB14025	0	0	0	0	0	0	0	0	0	0	0	0	0	0	0	0	0	0	0	0	0	0	0	0	0	0	0	0	0	0	0	0	0	0	0	0	0	0	0	0	0	0	0	0	0	0	0	0	0	0	0	0	0	0	0	0	0	0	0	0	0	0	0	0	0	0	0	0	0	0	0.00015	0	0	0	0	0	0	0	0	0	0	0	0	0	0	0	0	0	0	0	0	0	0	0	0	0	0	0	0	0	0	0	0	0.00012	0	0	0	0	0	0	0	0	0	0	0	0	0	0	0	0	0	0	0	0	0	0	0	0	0	0	0	0	0	0	0	0	0	0	0	0	0	0	0	0	0	0	0	0	0	0	0	0	0	0	0	0	0	0	0	0	0	0	0	0	0	0	0	0	0
Flavonifractor_sp_An135	0	0	0	0	0	0	0	0	0	0	0	0	0	0	0	0	0	0	0	0	0	0	0	0	0	0	0	0	0	0	0	0	0	0	0	0	0	0	0	0	0	0.0001	0	0	0	0	0	0	0	0	0	0	0	0	0	0	0	0	0	0	0	0	0	0	0	0	0	0	0	0	0	0	0	0	0	0	0	0	0	0	0	0	0	0	0	0	0	0	0	0	0	0	0	0	0	0	0	0	0	0	0	0	0	0	0	0	0	0	0	0	0	0	0	0	0	0	0	0	0	0	0	0	0	0	0	0	0	0	0	0	0	0	0	0	0	0	0	0	0	0	0	0	0	0	0	0	0	0	0	0	0	0	0	0	0	0	0	0	0	0	0	0	0	0	0	0	0	0	0
Klebsiella_sp_WP3_S18_ESBL_05	0	0	0	0	0	0	0	0	0	0	0	0	0	0	0	0	0	0	0	0	0	0	0	0	0	0	0	0	0	0	0	0	0	0	0	0	0	0	0	0	0	0	0	0	0	0	0	0	0	0	0	0	0	0	0	0	0	0	0	0	0	0	0	0	0	0	0	0	0	0	0	0	0	0	0	0	0	0	0	0	0	0	0	0	0	0	0	0	0	0	0	0	0	0	0	0	0	0	0	0	0	0	7e-05	0	0	0	0	0	0	0	0	0	0	0	0	0	0	0	0	0	0	0	0	0	0	0	0	0	0	0	0	0	0	0	0	0	0	0	0	0	0	0	0	0	0	0	0	0	0	0	0	0	0	0	0	0	0	0	0	0	0	0	0	0	0	0	0	0	0
GGB9243_SGB14185	0	0	0	0	0	0	0	0	0	0	0	0	0	0	0	0	0	0	0	0	0	0	0	0	0	0	0	0	0	0	0	0	0	0	0	0	0	0	0	0	0	0	0	0	0	0	0	0	0	0	0	0	0	0	0	0	0	0	0	0	0	0	0	0	0	0	0	0	0	0	0	0	0	0	0	0	0	0	0	0	0	0	0	0	0	0	0	0	0	0	0	0	0	0	0	0	0	0	0	0	0	0	0	6e-05	0	0	0	0	0	0	0	0	0	0	0	0	0	0	0	0	0	0	0	0	0	0	0	0	0	0	0	0	0	0	0	0	0	0	0	0	0	0	0	0	0	0	0	0	0	0	0	0	0	0	0	0	0	0	0	0	0	0	0	0	0	0	0	0	0
Peptoniphilus_duerdenii	0	0	0	0	0	0	0	0	0	0	0	0	0	0	0	0	0	0	0	0	0	0	0	0	0	0	0	0	0	0	0	0	0	0	0	0	0	0	0	0	0	0	0	0	0	0	0	0	0	0	0	0	0	0	0	0	0	0	0	0	6e-05	0	0	0	0	0	0	0	0	0	0	0	0	0	0	0	0	0	0	0	0	0	0	0	0	0	0	0	0	0	0	0	0	0	0	0	0	0	0	0	0	0	0	0	0	0	0	0	0	0	0	0	0	0	0	0	0	0	0	0	0	0	0	0	0	0	0	0	0	0	0	0	0	0	0	0	0	0	0	0	0	0	0	0	0	0	0	0	0	0	0	0	0	0	0	0	0	0	0	0	0	0	0	0	0	0	0	0	0
Unclassfied	-9.99999996054157e-06	-6.99999999937972e-05	-1.99999999779266e-05	-2.9999999952679e-05	1.99999999921374e-05	1.00000000600176e-05	-1.0000000017385e-05	-9.99999997475243e-06	9.00000000285672e-05	-9.99999998896328e-06	1.00000000315958e-05	-8.99999999717238e-05	4.2632564145606e-14	-2.00000000631917e-05	-1.00000000458067e-05	1.00000000458067e-05	3.99999999558531e-05	-9.99999997475243e-06	-3.00000000095224e-05	1.99999999637157e-05	-2.00000000774025e-05	1.99999999779266e-05	-9.99999990369815e-06	2.8421709430404e-14	-1.00000000315958e-05	-2.99999999811007e-05	5.99999999479905e-05	3.00000000379441e-05	-4.2632564145606e-14	-1.00000000031741e-05	2.99999999668898e-05	3.99999999984857e-05	3.0000000052155e-05	3.99999999984857e-05	-5.00000000158707e-05	3.00000000947875e-05	-1.99999999921374e-05	1.0000000017385e-05	-2.00000000063483e-05	-3.9999999970064e-05	-3.00000000095224e-05	0	5.00000000442924e-05	7.105427357601e-14	0	-0.000100000000031741	3.99999999984857e-05	7.00000000648515e-05	-2.8421709430404e-14	9.00000000285672e-05	-5.00000000158707e-05	3.00000000095224e-05	-9.99999998896328e-06	-9.99999999464762e-05	-2.000000003477e-05	1.99999999779266e-05	2.00000000063483e-05	-7.99999999969714e-05	1.00000000315958e-05	1.0000000017385e-05	-1.00000000031741e-05	-5.99999999906231e-05	-2.00000000205591e-05	-2.00000000205591e-05	3.99999999558531e-05	-2.99999999811007e-05	0.000120000000009668	3.9999999970064e-05	-1.99999999779266e-05	4.2632564145606e-14	6.00000000474665e-05	-2.8421709430404e-14	7.99999999827605e-05	4.2632564145606e-14	5.00000000016598e-05	2.99999999811007e-05	-1.00000000315958e-05	9.99999998896328e-06	-5.00000000442924e-05	9.00000000285672e-05	-1.99999999637157e-05	2.00000000063483e-05	-2.99999999953116e-05	-2.00000000916134e-05	1.99999999779266e-05	-1.00000000031741e-05	-2.000000003477e-05	-4.00000000126965e-05	1.00000000315958e-05	5.99999999764123e-05	5.99999999906231e-05	4.99999999732381e-05	-3.00000000237333e-05	-3.9999999970064e-05	5.99999999337797e-05	-6.00000000900991e-05	-2.99999999953116e-05	8.00000000253931e-05	3.99999999842748e-05	-9.99999994633072e-06	3.0000000052155e-05	2.8421709430404e-14	5.99999999764123e-05	-8.00000000396039e-05	-5.00000000585032e-05	9.00000000143564e-05	2.99999999242573e-05	-2.00000000489808e-05	4.99999999732381e-05	-4.00000000269074e-05	-5.99999999479905e-05	4.00000000126965e-05	-5.99999999479905e-05	0	-1.0000000017385e-05	1.00000000031741e-05	-5.00000000158707e-05	5.00000001153467e-05	4.00000000553291e-05	6.99999999511647e-05	5.99999999906231e-05	8.5265128291212e-14	-5.00000000585032e-05	1.9999999935294e-05	-5.00000000158707e-05	1.00000000458067e-05	2.00000000063483e-05	-7.99999999827605e-05	-7.105427357601e-14	-2.00000000489808e-05	-6.99999999937972e-05	-9.99999994633072e-06	1.0000000017385e-05	-2.99999999668898e-05	1.27897692436818e-13	1.99999999921374e-05	4.99999999732381e-05	2.00000000631917e-05	-5.99999999906231e-05	-8.99999999859347e-05	6.00000000332557e-05	9.99999998896328e-06	1.00000000315958e-05	-7.00000000790624e-05	4.9999999987449e-05	4.9999999987449e-05	9.99999996054157e-06	6.00000000332557e-05	4.2632564145606e-14	2.000000003477e-05	5.99999999906231e-05	2.00000000489808e-05	6.99999999937972e-05	1.00000000031741e-05	5.00000000158707e-05	1.0000000017385e-05	-4.00000000269074e-05	3.00000000663658e-05	6.99999999653755e-05	9.99999997475243e-06	-9.99999998896328e-06	3.99999999558531e-05	-5.99999999337797e-05	-5.00000000300815e-05	2.99999999811007e-05	-5.00000000016598e-05	2.00000000205591e-05	1.0000000017385e-05	1.99999999921374e-05
