ID	K	P	C	O	F	G	S	BIOPROJECT	Group	completeness	contamination	strain_heterogeneity	length	N50	centrality
SRR8849261_bin.6	d__Archaea	p__Methanobacteriota	c__Methanobacteria	o__Methanobacteriales	f__Methanobacteriaceae	g__Methanobrevibacter_A	s__Methanobrevibacter_A smithii	PRJNA530971	Healthy	100.0	0.0	0.0	1757377	56679	0.0
SRR17301512_bin.22	d__Bacteria	p__Bacillota_A	c__Clostridia	o__Oscillospirales	f__Ruminococcaceae	g__Porcipelethomonas	s__Porcipelethomonas sp900538575	PRJNA791492	PCOS	80.64	1.59	80.0	1978862	4651	0.0
SRR17301512_bin.5	d__Bacteria	p__Actinomycetota	c__Coriobacteriia	o__Coriobacteriales	f__Coriobacteriaceae	g__Collinsella	s__	PRJNA791492	PCOS	90.07	3.61	50.0	1895020	12611	0.0
SRR17301513_bin.13	d__Bacteria	p__Bacillota	c__Bacilli	o__Lactobacillales	f__Lactobacillaceae	g__Ligilactobacillus	s__Ligilactobacillus salivarius	PRJNA791492	PCOS	95.03	2.75	100.0	1786246	9782	0.0
SRR17301514_bin.10	d__Bacteria	p__Bacillota_A	c__Clostridia	o__Peptostreptococcales	f__Anaerovoracaceae	g__Lentihominibacter	s__Lentihominibacter hominis	PRJNA791492	PCOS	90.74	1.77	25.0	1898989	8066	0.0
SRR17301514_bin.11	d__Bacteria	p__Bacillota_A	c__Clostridia	o__Oscillospirales	f__Oscillospiraceae	g__Lawsonibacter	s__Lawsonibacter sp900766145	PRJNA791492	PCOS	86.94	0.56	100.0	2227485	6110	0.0
SRR17301514_bin.15	d__Bacteria	p__Bacillota_I	c__Bacilli_A	o__Erysipelotrichales	f__Erysipelotrichaceae	g__Holdemania	s__Holdemania filiformis	PRJNA791492	PCOS	94.39	0.65	66.67	3297674	11329	0.9708289999999999
SRR17301514_bin.4	d__Bacteria	p__Bacillota_A	c__Clostridia	o__Lachnospirales	f__Lachnospiraceae	g__Egerieimonas_A	s__Egerieimonas_A faecigallinarum	PRJNA791492	PCOS	90.2	2.64	66.67	2755672	8754	0.0
SRR17301514_bin.9	d__Bacteria	p__Bacillota_A	c__Clostridia	o__Lachnospirales	f__Lachnospiraceae	g__Lachnoclostridium_B	s__Lachnoclostridium_B monacensis	PRJNA791492	PCOS	91.72	3.02	37.5	2497684	13426	0.0
SRR17301515_bin.12	d__Bacteria	p__Bacillota	c__Bacilli	o__Lactobacillales	f__Streptococcaceae	g__Streptococcus	s__Streptococcus parasanguinis_M	PRJNA791492	PCOS	85.45	1.85	69.23	1680988	7279	0.0
SRR17301515_bin.15	d__Bacteria	p__Bacillota_A	c__Clostridia	o__Oscillospirales	f__Ruminococcaceae	g__Faecalibacterium	s__Faecalibacterium sp900540455	PRJNA791492	PCOS	93.98	0.7	100.0	2061990	7517	0.0
SRR17301515_bin.3	d__Bacteria	p__Bacillota_A	c__Clostridia	o__Lachnospirales	f__Lachnospiraceae	g__Merdimonas	s__Merdimonas faecis	PRJNA791492	PCOS	88.05	2.63	33.33	2506748	12292	0.0
SRR17301515_bin.6	d__Bacteria	p__Bacillota_A	c__Clostridia	o__Oscillospirales	f__Oscillospiraceae	g__Dysosmobacter	s__	PRJNA791492	PCOS	89.81	1.75	12.5	1969848	8787	0.0
SRR17301516_bin.10	d__Bacteria	p__Bacillota	c__Bacilli	o__Lactobacillales	f__Enterococcaceae	g__Enterococcus	s__Enterococcus faecalis	PRJNA791492	PCOS	80.43	1.37	50.0	2187612	4985	0.0
SRR17301516_bin.20	d__Bacteria	p__Patescibacteria	c__Saccharimonadia	o__Saccharimonadales	f__Nanosynbacteraceae	g__Nanosynbacter	s__Nanosynbacter sp021222645	PRJNA791492	PCOS	84.17	5.64	6.25	877431	4725	0.0
SRR17301516_bin.4	d__Bacteria	p__Bacillota_I	c__Bacilli_A	o__Erysipelotrichales	f__Erysipelotrichaceae	g__Longicatena	s__Longicatena caecimuris	PRJNA791492	PCOS	91.75	3.54	66.67	2615172	6337	0.0
SRR17301516_bin.9	d__Bacteria	p__Bacillota_A	c__Clostridia	o__Lachnospirales	f__Lachnospiraceae	g__Enterocloster	s__Enterocloster asparagiformis	PRJNA791492	PCOS	81.05	1.9	0.0	4982858	8070	0.0
SRR17301517_bin.25	d__Bacteria	p__Actinomycetota	c__Coriobacteriia	o__Coriobacteriales	f__Coriobacteriaceae	g__Collinsella	s__Collinsella sp902405995	PRJNA791492	Healthy	93.43	1.21	50.0	2047911	10131	0.0
SRR17301517_bin.4	d__Bacteria	p__Bacillota	c__Bacilli	o__Lactobacillales	f__Lactobacillaceae	g__Weissella	s__Weissella confusa	PRJNA791492	Healthy	99.26	1.31	75.0	2027002	14736	0.0
SRR17301517_bin.8	d__Bacteria	p__Bacillota_A	c__Clostridia	o__Lachnospirales	f__Lachnospiraceae	g__Blautia_A	s__Blautia_A faecis	PRJNA791492	Healthy	81.17	2.85	12.5	2379705	11004	0.97258
SRR17301518_bin.1	d__Bacteria	p__Bacillota_A	c__Clostridia	o__Lachnospirales	f__Lachnospiraceae	g__Blautia	s__Blautia coccoides	PRJNA791492	Healthy	82.32	1.17	33.33	3632942	3987	0.971004
SRR17301518_bin.6	d__Bacteria	p__Actinomycetota	c__Actinomycetes	o__Actinomycetales	f__Bifidobacteriaceae	g__Bifidobacterium	s__Bifidobacterium dentium	PRJNA791492	Healthy	88.05	1.48	71.43	2213912	5796	0.9820655
SRR17301519_bin.19	d__Bacteria	p__Bacillota_A	c__Clostridia	o__Monoglobales	f__Monoglobaceae	g__Monoglobus	s__Monoglobus pectinilyticus	PRJNA791492	Healthy	95.43	0.0	0.0	2469437	22964	0.0
SRR17301519_bin.20	d__Bacteria	p__Bacillota_A	c__Clostridia	o__Lachnospirales	f__Lachnospiraceae	g__Muricomes	s__Muricomes sp000509105	PRJNA791492	Healthy	82.07	1.21	14.29	4131260	11592	0.0
SRR17301519_bin.26	d__Bacteria	p__Bacillota_A	c__Clostridia	o__Lachnospirales	f__Lachnospiraceae	g__Frisingicoccus	s__Frisingicoccus caecimuris	PRJNA791492	Healthy	99.18	0.67	100.0	2306729	24117	0.0
SRR17301519_bin.27	d__Bacteria	p__Bacillota_A	c__Clostridia	o__Lachnospirales	f__Lachnospiraceae	g__Mediterraneibacter	s__Mediterraneibacter sp900541505	PRJNA791492	Healthy	94.12	0.73	40.0	3030674	9498	0.0
SRR17301519_bin.38	d__Bacteria	p__Bacillota_A	c__Clostridia	o__Lachnospirales	f__Lachnospiraceae	g__Alitiscatomonas	s__Alitiscatomonas sp900541255	PRJNA791492	Healthy	97.94	0.0	0.0	3176023	29003	0.0
SRR17301519_bin.42	d__Bacteria	p__Bacillota_A	c__Clostridia	o__Oscillospirales	f__Ruminococcaceae	g__Faecalibacterium	s__Faecalibacterium prausnitzii_D	PRJNA791492	Healthy	95.69	0.17	100.0	2149019	18151	0.9816444285714285
SRR17301519_bin.6	d__Bacteria	p__Bacillota_A	c__Clostridia	o__Eubacteriales	f__Eubacteriaceae	g__Eubacterium	s__Eubacterium limosum	PRJNA791492	Healthy	95.77	0.0	0.0	3887267	23636	0.981193
SRR17301520_bin.15	d__Bacteria	p__Bacillota_A	c__Clostridia	o__Oscillospirales	f__Ruminococcaceae	g__Faecalibacterium	s__Faecalibacterium prausnitzii_J	PRJNA791492	Healthy	89.07	1.47	100.0	1891521	8115	0.0
SRR17301520_bin.2	d__Bacteria	p__Verrucomicrobiota	c__Verrucomicrobiae	o__Verrucomicrobiales	f__Akkermansiaceae	g__Akkermansia	s__Akkermansia massiliensis	PRJNA791492	Healthy	82.77	0.0	0.0	2272560	4427	0.9747675
SRR17301521_bin.9	d__Bacteria	p__Bacillota_A	c__Clostridia	o__Oscillospirales	f__Oscillospiraceae	g__Evtepia	s__Evtepia gabavorous	PRJNA791492	Healthy	96.08	0.0	0.0	2104989	8123	0.9856100000000001
SRR17301522_bin.1	d__Bacteria	p__Bacillota_A	c__Clostridia	o__Lachnospirales	f__Lachnospiraceae	g__Blautia_A	s__Blautia_A obeum	PRJNA791492	Healthy	88.67	0.06	0.0	2514225	20969	0.0
SRR17301522_bin.11	d__Bacteria	p__Bacillota_A	c__Clostridia	o__Lachnospirales	f__Lachnospiraceae	g__Dorea_A	s__Dorea_A longicatena	PRJNA791492	Healthy	94.29	2.92	8.33	2190085	16737	0.983363
SRR17301522_bin.27	d__Bacteria	p__Bacillota_A	c__Clostridia	o__Lachnospirales	f__Anaerotignaceae	g__Metalachnospira	s__Metalachnospira sp900546215	PRJNA791492	Healthy	87.27	1.96	0.0	2020928	4143	0.0
SRR17301522_bin.5	d__Bacteria	p__Bacillota_I	c__Bacilli_A	o__Erysipelotrichales	f__Erysipelotrichaceae	g__Holdemania	s__Holdemania massiliensis	PRJNA791492	Healthy	87.89	3.17	0.0	2762896	4655	0.0
SRR17301524_bin.13	d__Bacteria	p__Actinomycetota	c__Coriobacteriia	o__Coriobacteriales	f__Coriobacteriaceae	g__Collinsella	s__	PRJNA791492	Healthy	83.54	1.16	33.33	1850474	6949	0.0
SRR17301525_bin.13	d__Bacteria	p__Actinomycetota	c__Coriobacteriia	o__Coriobacteriales	f__Coriobacteriaceae	g__Collinsella	s__Collinsella sp003464565	PRJNA791492	Healthy	92.29	2.13	40.0	1973573	10407	0.0
SRR17301525_bin.38	d__Bacteria	p__Bacillota_A	c__Clostridia	o__Peptostreptococcales	f__Anaerovoracaceae	g__Alangreenwoodia	s__Alangreenwoodia sp905206455	PRJNA791492	Healthy	85.66	1.54	25.0	1914398	5068	0.0
SRR17301525_bin.46	d__Bacteria	p__Bacillota_A	c__Clostridia	o__Oscillospirales	f__Acutalibacteraceae	g__Acutalibacter	s__Acutalibacter stercoravium	PRJNA791492	Healthy	97.65	0.34	100.0	2330143	15846	0.9768185
SRR17301525_bin.9	d__Bacteria	p__Bacteroidota	c__Bacteroidia	o__Bacteroidales	f__Bacteroidaceae	g__Prevotella	s__Prevotella sp003447235	PRJNA791492	Healthy	94.84	0.63	80.0	2400854	9026	0.0
SRR17301526_bin.12	d__Bacteria	p__Bacillota_A	c__Clostridia	o__Lachnospirales	f__Lachnospiraceae	g__UBA3402	s__UBA3402 sp003478355	PRJNA791492	Healthy	94.78	0.63	0.0	2796017	16048	0.9796403333333333
SRR17301526_bin.37	d__Bacteria	p__Bacteroidota	c__Bacteroidia	o__Bacteroidales	f__Bacteroidaceae	g__Phocaeicola_A	s__Phocaeicola_A sp900291465	PRJNA791492	Healthy	89.74	0.45	100.0	3268287	26546	0.0
SRR17301526_bin.39	d__Bacteria	p__Bacillota_A	c__Clostridia	o__Oscillospirales	f__Oscillospiraceae	g__CAG-170	s__CAG-170 sp937967235	PRJNA791492	Healthy	92.77	0.0	0.0	1881346	33540	0.965694
SRR17301526_bin.4	d__Bacteria	p__Bacillota_A	c__Clostridia	o__Christensenellales	f__Aristaeellaceae	g__Limiplasma	s__Limiplasma sp004556545	PRJNA791492	Healthy	94.53	2.98	50.0	2829589	14063	0.0
SRR17301526_bin.46	d__Bacteria	p__Bacillota_A	c__Clostridia	o__Oscillospirales	f__Acutalibacteraceae	g__CAG-488	s__CAG-488 sp000434055	PRJNA791492	Healthy	94.83	0.0	0.0	2066088	25343	0.973641
SRR17301528_bin.5	d__Bacteria	p__Bacteroidota	c__Bacteroidia	o__Bacteroidales	f__Tannerellaceae	g__Parabacteroides	s__Parabacteroides massiliensis	PRJNA791492	Healthy	87.02	4.42	77.78	3461534	13344	0.0
SRR17301528_bin.8	d__Bacteria	p__Actinomycetota	c__Coriobacteriia	o__Coriobacteriales	f__Coriobacteriaceae	g__Collinsella	s__Collinsella sp905202925	PRJNA791492	Healthy	91.41	0.0	0.0	2034114	13432	0.0
SRR17301529_bin.26	d__Bacteria	p__Bacillota_A	c__Clostridia	o__Lachnospirales	f__Lachnospiraceae	g__Eisenbergiella	s__Eisenbergiella porci	PRJNA791492	Healthy	96.26	1.81	33.33	6268974	24459	0.982397
SRR17301529_bin.28	d__Bacteria	p__Bacillota_A	c__Clostridia	o__Lachnospirales	f__Lachnospiraceae	g__Hungatella	s__Hungatella effluvii	PRJNA791492	Healthy	94.8	1.9	60.0	6178785	18066	0.0
SRR17301529_bin.32	d__Bacteria	p__Bacillota_A	c__Clostridia	o__Lachnospirales	f__Lachnospiraceae	g__Blautia	s__Blautia sp000432195	PRJNA791492	Healthy	96.03	1.49	66.67	2882576	13038	0.0
SRR17301529_bin.34	d__Bacteria	p__Bacillota_A	c__Clostridia	o__Oscillospirales	f__Oscillospiraceae	g__Intestinimonas	s__Intestinimonas massiliensis	PRJNA791492	Healthy	84.19	0.0	0.0	2431542	25299	0.0
SRR17301530_bin.14	d__Bacteria	p__Bacillota_A	c__Clostridia	o__Lachnospirales	f__Lachnospiraceae	g__Coprococcus_A	s__Coprococcus_A catus_A	PRJNA791492	Healthy	96.31	0.13	100.0	2583264	34195	0.9820318333333334
SRR17301530_bin.2	d__Bacteria	p__Bacillota_A	c__Clostridia	o__Oscillospirales	f__Oscillospiraceae	g__HGM13006	s__HGM13006 sp900756575	PRJNA791492	Healthy	98.66	0.67	0.0	2852159	31253	0.0
SRR17301530_bin.5	d__Bacteria	p__Bacillota_I	c__Bacilli_A	o__RF39	f__UBA660	g__CAJOJO01	s__CAJOJO01 sp900546745	PRJNA791492	Healthy	88.76	0.0	0.0	1205806	5663	0.0
SRR17301531_bin.1	d__Bacteria	p__Bacillota_A	c__Clostridia	o__Oscillospirales	f__Oscillospiraceae	g__Hominicoprocola	s__Hominicoprocola fusiformis	PRJNA791492	Healthy	98.66	0.0	0.0	2081164	25303	0.9783692500000003
SRR17301531_bin.16	d__Bacteria	p__Bacillota_A	c__Clostridia	o__Lachnospirales	f__Lachnospiraceae	g__Anaerobutyricum	s__Anaerobutyricum hallii	PRJNA791492	Healthy	92.62	1.17	33.33	2698235	16458	0.9810842857142857
SRR17301531_bin.2	d__Bacteria	p__Bacillota_A	c__Clostridia	o__Lachnospirales	f__Lachnospiraceae	g__Blautia_A	s__Blautia_A fusiformis	PRJNA791492	Healthy	87.73	0.95	50.0	2493311	35728	0.9754359999999999
SRR17301531_bin.32	d__Bacteria	p__Bacteroidota	c__Bacteroidia	o__Bacteroidales	f__Bacteroidaceae	g__Bacteroides	s__Bacteroides cellulosilyticus	PRJNA791492	Healthy	93.73	0.56	0.0	6007105	38194	0.9797724999999999
SRR17301532_bin.10	d__Bacteria	p__Actinomycetota	c__Coriobacteriia	o__Coriobacteriales	f__Coriobacteriaceae	g__Enorma	s__Enorma massiliensis	PRJNA791492	Healthy	96.24	2.42	33.33	2115872	12514	0.0
SRR17301532_bin.15	d__Bacteria	p__Bacillota_A	c__Clostridia	o__Lachnospirales	f__Lachnospiraceae	g__Blautia_A	s__Blautia_A sp000436615	PRJNA791492	Healthy	93.04	1.74	40.0	2703249	15421	0.987559
SRR17301532_bin.19	d__Bacteria	p__Bacillota_I	c__Bacilli_A	o__Erysipelotrichales	f__Coprobacillaceae	g__Faecalibacillus	s__Faecalibacillus faecis	PRJNA791492	Healthy	86.03	1.42	50.0	2198590	4896	0.975382
SRR17301533_bin.30	d__Bacteria	p__Bacillota_A	c__Clostridia	o__Lachnospirales	f__Lachnospiraceae	g__Eubacterium_G	s__Eubacterium_G segne	PRJNA791492	Healthy	93.06	0.24	50.0	2223794	17586	0.0
SRR17301534_bin.21	d__Bacteria	p__Bacillota_A	c__Clostridia	o__Lachnospirales	f__Lachnospiraceae	g__Fusicatenibacter	s__Fusicatenibacter saccharivorans	PRJNA791492	Healthy	98.91	0.79	50.0	2914033	36865	0.978982880952381
SRR17301534_bin.24	d__Bacteria	p__Bacteroidota	c__Bacteroidia	o__Bacteroidales	f__Rikenellaceae	g__Alistipes_A	s__Alistipes_A merdigallinarum	PRJNA791492	Healthy	96.31	0.48	0.0	2443369	43929	0.0
SRR17301534_bin.3	d__Bacteria	p__Bacillota_A	c__Clostridia	o__Lachnospirales	f__Lachnospiraceae	g__Hungatella_A	s__Hungatella_A hathewayi_A	PRJNA791492	Healthy	89.66	1.58	0.0	4987615	11487	0.0
SRR17301534_bin.39	d__Bacteria	p__Bacillota_I	c__Bacilli_A	o__Erysipelotrichales	f__Erysipelotrichaceae	g__Faecalitalea	s__Faecalitalea cylindroides	PRJNA791492	Healthy	95.42	2.2	0.0	1740260	15578	0.0
SRR17301534_bin.4	d__Bacteria	p__Actinomycetota	c__Coriobacteriia	o__Coriobacteriales	f__Eggerthellaceae	g__Anaerotardibacter	s__Anaerotardibacter sp000435475	PRJNA791492	Healthy	98.79	1.67	80.0	1886649	18769	0.978135
SRR17301534_bin.44	d__Bacteria	p__Bacillota_A	c__Clostridia	o__Oscillospirales	f__Ruminococcaceae	g__HGM13222	s__HGM13222 sp900757485	PRJNA791492	Healthy	91.44	0.06	100.0	2753277	19761	0.0
SRR17301534_bin.45	d__Bacteria	p__Bacillota_A	c__Clostridia	o__Oscillospirales	f__Oscillospiraceae	g__HGM12998	s__HGM12998 sp900756495	PRJNA791492	Healthy	99.1	3.13	100.0	3232488	37239	0.0
SRR17301534_bin.56	d__Bacteria	p__Actinomycetota	c__Coriobacteriia	o__Coriobacteriales	f__Coriobacteriaceae	g__Collinsella	s__	PRJNA791492	Healthy	95.16	0.81	0.0	2315241	33824	0.948481
SRR17301534_bin.6	d__Bacteria	p__Bacillota_A	c__Clostridia	o__Peptostreptococcales	f__Anaerovoracaceae	g__UMGS973	s__UMGS973 sp900547295	PRJNA791492	Healthy	85.73	0.89	50.0	2113642	7313	0.0
SRR17301534_bin.60	d__Bacteria	p__Bacillota_A	c__Clostridia	o__Oscillospirales	f__Oscillospiraceae	g__CAG-103	s__CAG-103 sp900543625	PRJNA791492	Healthy	92.98	1.01	50.0	1955307	23684	0.9662461250000001
SRR17301534_bin.65	d__Bacteria	p__Bacillota_A	c__Clostridia	o__Oscillospirales	f__Oscillospiraceae	g__Onthomonas	s__	PRJNA791492	Healthy	92.39	0.0	0.0	1806270	15217	0.0
SRR17301534_bin.7	d__Bacteria	p__Desulfobacterota	c__Desulfovibrionia	o__Desulfovibrionales	f__Desulfovibrionaceae	g__Desulfovibrio	s__Desulfovibrio sp900556755	PRJNA791492	Healthy	98.16	0.66	0.0	2681585	13847	0.9841747999999999
SRR17301534_bin.9	d__Bacteria	p__Bacteroidota	c__Bacteroidia	o__Bacteroidales	f__Bacteroidaceae	g__Bacteroides	s__Bacteroides caccae	PRJNA791492	Healthy	97.21	1.09	33.33	4613890	24136	0.0
SRR17301535_bin.1	d__Bacteria	p__Actinomycetota	c__Coriobacteriia	o__Coriobacteriales	f__Eggerthellaceae	g__CABRXV01	s__CABRXV01 sp900754955	PRJNA791492	Healthy	96.77	0.0	0.0	2070944	39505	0.0
SRR17301535_bin.11	d__Bacteria	p__Bacillota_A	c__Clostridia	o__Oscillospirales	f__Butyricicoccaceae	g__Butyricicoccus	s__Butyricicoccus sp900604335	PRJNA791492	Healthy	81.88	1.68	0.0	1876671	6538	0.0
SRR17301535_bin.12	d__Bacteria	p__Bacillota_A	c__Clostridia	o__Oscillospirales	f__Butyricicoccaceae	g__Agathobaculum	s__Agathobaculum ammoniilyticum	PRJNA791492	Healthy	88.58	1.34	0.0	1965550	6621	0.0
SRR17301535_bin.16	d__Bacteria	p__Bacillota_A	c__Clostridia	o__Lachnospirales	f__Lachnospiraceae	g__Blautia	s__Blautia hominis	PRJNA791492	Healthy	93.65	0.32	0.0	5284509	29258	0.0
SRR17301535_bin.17	d__Bacteria	p__Bacillota_A	c__Clostridia	o__Lachnospirales	f__Lachnospiraceae	g__Anaerobutyricum	s__Anaerobutyricum soehngenii	PRJNA791492	Healthy	95.84	2.01	0.0	3643432	13321	0.9780005
SRR17301535_bin.20	d__Bacteria	p__Bacillota_A	c__Clostridia	o__Lachnospirales	f__Lachnospiraceae	g__Blautia_A	s__Blautia_A caecimuris	PRJNA791492	Healthy	95.02	0.97	0.0	2728571	18515	0.0
SRR17301535_bin.22	d__Bacteria	p__Bacillota_A	c__Clostridia	o__Lachnospirales	f__Lachnospiraceae	g__Sellimonas	s__Sellimonas catena	PRJNA791492	Healthy	97.08	1.58	0.0	2877104	26150	0.0
SRR17301535_bin.6	d__Bacteria	p__Bacillota_A	c__Clostridia	o__Oscillospirales	f__Acutalibacteraceae	g__UMGS1071	s__UMGS1071 sp900542375	PRJNA791492	Healthy	96.62	1.01	0.0	1881983	12831	0.9845262
SRR17301535_bin.7	d__Bacteria	p__Bacillota_A	c__Clostridia	o__Lachnospirales	f__Lachnospiraceae	g__Blautia_A	s__Blautia_A acetigignens	PRJNA791492	Healthy	92.11	2.22	83.33	3089673	17330	0.0
SRR17301536_bin.13	d__Bacteria	p__Bacillota	c__Bacilli	o__Lactobacillales	f__Streptococcaceae	g__Lactococcus	s__Lactococcus cremoris	PRJNA791492	PCOS	88.49	1.01	50.0	1868768	6495	0.0
SRR17301537_bin.16	d__Bacteria	p__Actinomycetota	c__Coriobacteriia	o__Coriobacteriales	f__Eggerthellaceae	g__Senegalimassilia	s__Senegalimassilia anaerobia	PRJNA791492	PCOS	97.06	0.81	100.0	1987624	25736	0.97437
SRR17301537_bin.8	d__Bacteria	p__Actinomycetota	c__Coriobacteriia	o__Coriobacteriales	f__Eggerthellaceae	g__Anaerotardibacter	s__Anaerotardibacter sp000435675	PRJNA791492	PCOS	92.7	0.89	100.0	1486723	8387	0.0
SRR17301538_bin.11	d__Bacteria	p__Bacillota	c__Bacilli	o__MOL361	f__Turicibacteraceae	g__Turicibacter	s__Turicibacter sanguinis	PRJNA791492	PCOS	83.13	2.16	57.14	2499880	11388	0.0
SRR17301539_bin.3	d__Bacteria	p__Bacteroidota	c__Bacteroidia	o__Bacteroidales	f__Bacteroidaceae	g__Bacteroides	s__Bacteroides fragilis	PRJNA791492	PCOS	94.58	1.44	71.43	4173732	16389	0.98643375
SRR17301539_bin.4	d__Bacteria	p__Bacillota	c__Bacilli	o__Lactobacillales	f__Lactobacillaceae	g__Limosilactobacillus	s__Limosilactobacillus mucosae	PRJNA791492	PCOS	85.15	0.9	66.67	1555634	3951	0.0
SRR17301539_bin.8	d__Bacteria	p__Actinomycetota	c__Coriobacteriia	o__Coriobacteriales	f__Eggerthellaceae	g__Eggerthella	s__Eggerthella lenta	PRJNA791492	PCOS	93.55	0.0	0.0	2876434	11569	0.9759553333333333
SRR17301540_bin.10	d__Bacteria	p__Bacillota	c__Bacilli	o__Lactobacillales	f__Lactobacillaceae	g__Lacticaseibacillus	s__Lacticaseibacillus paracasei	PRJNA791492	PCOS	95.33	2.45	72.73	2792173	7328	0.978197
SRR17301540_bin.18	d__Bacteria	p__Bacillota_A	c__Clostridia	o__Eubacteriales	f__Eubacteriaceae	g__Eubacterium	s__Eubacterium callanderi	PRJNA791492	PCOS	95.77	2.11	50.0	3827539	10558	0.0
SRR17301540_bin.22	d__Bacteria	p__Bacillota_A	c__Clostridia	o__Lachnospirales	f__Lachnospiraceae	g__Sellimonas	s__Sellimonas intestinalis	PRJNA791492	PCOS	94.78	1.8	66.67	2573564	13594	0.988168
SRR17301540_bin.34	d__Bacteria	p__Bacillota_A	c__Clostridia	o__Peptostreptococcales	f__Anaerovoracaceae	g__Lentihominibacter	s__Lentihominibacter butyrica	PRJNA791492	PCOS	94.33	0.78	0.0	2052778	9801	0.985483
SRR17301540_bin.4	d__Bacteria	p__Actinomycetota	c__Coriobacteriia	o__Coriobacteriales	f__Eggerthellaceae	g__Gordonibacter	s__Gordonibacter urolithinfaciens	PRJNA791492	PCOS	81.08	5.65	75.0	2875643	5304	0.0
SRR17301540_bin.8	d__Bacteria	p__Actinomycetota	c__Coriobacteriia	o__Coriobacteriales	f__Atopobiaceae	g__Granulimonas	s__	PRJNA791492	PCOS	98.52	0.16	100.0	2161528	14604	0.0
SRR17301540_bin.9	d__Bacteria	p__Bacillota_A	c__Clostridia	o__Peptostreptococcales	f__Anaerovoracaceae	g__Lentihominibacter	s__Lentihominibacter faecis	PRJNA791492	PCOS	86.25	0.0	0.0	1662507	9995	0.0
SRR17301541_bin.19	d__Bacteria	p__Actinomycetota	c__Coriobacteriia	o__Coriobacteriales	f__Coriobacteriaceae	g__Collinsella	s__	PRJNA791492	PCOS	100.0	1.61	50.0	2184065	25289	0.0
SRR17301541_bin.38	d__Bacteria	p__Bacillota_A	c__Clostridia	o__TANB77	f__CAG-508	g__CAG-245	s__CAG-245 sp000435175	PRJNA791492	PCOS	94.74	5.74	0.0	1436649	15310	0.0
SRR17301541_bin.7	d__Bacteria	p__Bacillota_A	c__Clostridia	o__Oscillospirales	f__Oscillospiraceae	g__Evtepia	s__Evtepia excrementipullorum	PRJNA791492	PCOS	93.74	2.95	16.67	2117569	7106	0.0
SRR17301542_bin.2	d__Bacteria	p__Actinomycetota	c__Coriobacteriia	o__Coriobacteriales	f__Coriobacteriaceae	g__Collinsella	s__Collinsella sp902364775	PRJNA791492	PCOS	92.47	1.28	66.67	1558360	13192	0.0
SRR17301543_bin.10	d__Bacteria	p__Bacillota_A	c__Clostridia	o__Lachnospirales	f__Lachnospiraceae	g__Blautia	s__Blautia stercoris	PRJNA791492	PCOS	87.92	0.21	100.0	2574631	12998	0.979489
SRR17301543_bin.5	d__Bacteria	p__Actinomycetota	c__Coriobacteriia	o__Coriobacteriales	f__Eggerthellaceae	g__Raoultibacter	s__Raoultibacter timonensis	PRJNA791492	PCOS	98.84	1.21	50.0	3829559	38304	0.0
SRR17301544_bin.15	d__Bacteria	p__Actinomycetota	c__Coriobacteriia	o__Coriobacteriales	f__Eggerthellaceae	g__CALADF01	s__	PRJNA791492	PCOS	87.76	3.83	71.43	1731283	6075	0.0
SRR17301544_bin.27	d__Bacteria	p__Actinomycetota	c__Coriobacteriia	o__Coriobacteriales	f__Atopobiaceae	g__Paratractidigestivibacter	s__Paratractidigestivibacter faecalis	PRJNA791492	PCOS	94.18	2.11	100.0	1922382	6817	0.0
SRR17301545_bin.16	d__Bacteria	p__Bacillota_A	c__Clostridia	o__Lachnospirales	f__Lachnospiraceae	g__Blautia	s__Blautia celeris	PRJNA791492	PCOS	92.09	2.44	60.0	5415950	15389	0.0
SRR17301545_bin.17	d__Bacteria	p__Actinomycetota	c__Coriobacteriia	o__Coriobacteriales	f__Coriobacteriaceae	g__Collinsella	s__Collinsella stercoripullorum	PRJNA791492	PCOS	99.03	1.21	100.0	2364109	20944	0.974668
SRR17301545_bin.19	d__Bacteria	p__Bacillota	c__Bacilli	o__Lactobacillales	f__Streptococcaceae	g__Streptococcus	s__Streptococcus pasteurianus	PRJNA791492	PCOS	98.6	0.37	100.0	1909680	22780	0.982436
SRR17301545_bin.2	d__Bacteria	p__Bacillota_I	c__Bacilli_A	o__Erysipelotrichales	f__Coprobacillaceae	g__Thomasclavelia	s__Thomasclavelia spiroformis	PRJNA791492	PCOS	89.92	1.18	50.0	2690875	5183	0.0
SRR17301545_bin.7	d__Bacteria	p__Bacillota_I	c__Bacilli_A	o__Erysipelotrichales	f__Erysipelotrichaceae	g__Clostridium_AQ	s__Clostridium_AQ innocuum	PRJNA791492	PCOS	96.7	0.0	0.0	3860192	10924	0.9857298
SRR17301546_bin.14	d__Bacteria	p__Bacillota_A	c__Clostridia	o__Lachnospirales	f__Lachnospiraceae	g__Faecalimonas	s__Faecalimonas umbilicata	PRJNA791492	PCOS	93.77	0.74	50.0	2067696	9164	0.982967
SRR17301546_bin.15	d__Bacteria	p__Bacillota	c__Bacilli	o__Lactobacillales	f__Streptococcaceae	g__Streptococcus	s__Streptococcus macedonicus	PRJNA791492	PCOS	94.73	0.5	100.0	1660050	16384	0.0
SRR17301547_bin.30	d__Bacteria	p__Bacillota_A	c__Clostridia	o__Oscillospirales	f__Oscillospiraceae	g__Vescimonas	s__Vescimonas sp900545585	PRJNA791492	PCOS	91.28	0.67	0.0	1958112	30291	0.98253125
SRR17301547_bin.42	d__Bacteria	p__Bacillota_I	c__Bacilli_A	o__Erysipelotrichales	f__Erysipelotrichaceae	g__Holdemanella	s__Holdemanella sp900556915	PRJNA791492	PCOS	95.28	0.8	25.0	2039536	14534	0.9646805
SRR17301548_bin.12	d__Bacteria	p__Bacillota_A	c__Clostridia	o__Oscillospirales	f__Ruminococcaceae	g__Avimicrobium	s__Avimicrobium caecorum	PRJNA791492	PCOS	82.33	1.51	66.67	1844811	6853	0.961386
SRR17301548_bin.23	d__Bacteria	p__Bacillota_A	c__Clostridia	o__Oscillospirales	f__Ruminococcaceae	g__Gemmiger	s__Gemmiger qucibialis	PRJNA791492	PCOS	95.46	0.0	0.0	2262465	8233	0.9798890816326532
SRR17301548_bin.26	d__Bacteria	p__Bacillota_A	c__Clostridia	o__Oscillospirales	f__Acutalibacteraceae	g__Scatavimonas	s__Scatavimonas sp900540275	PRJNA791492	PCOS	90.14	1.34	100.0	2343847	6651	0.0
SRR17301548_bin.36	d__Bacteria	p__Bacillota_A	c__Clostridia	o__Oscillospirales	f__Acutalibacteraceae	g__UMGS1484	s__UMGS1484 sp900552285	PRJNA791492	PCOS	93.2	0.0	0.0	1745128	24745	0.0
SRR17301548_bin.42	d__Bacteria	p__Bacillota_A	c__Clostridia	o__Lachnospirales	f__Lachnospiraceae	g__UMGS1370	s__UMGS1370 sp900542035	PRJNA791492	PCOS	96.62	0.0	0.0	2596242	17645	0.0
SRR17301548_bin.46	d__Bacteria	p__Bacteroidota	c__Bacteroidia	o__Bacteroidales	f__Muribaculaceae	g__UBA7173	s__UBA7173 sp900540205	PRJNA791492	PCOS	94.01	0.75	50.0	2553393	13519	0.0
SRR17301549_bin.22	d__Bacteria	p__Actinomycetota	c__Coriobacteriia	o__Coriobacteriales	f__Coriobacteriaceae	g__Collinsella	s__Collinsella stercoris	PRJNA791492	PCOS	94.73	2.87	57.14	1946113	8934	0.0
SRR17301550_bin.1	d__Bacteria	p__Bacillota_A	c__Clostridia	o__Lachnospirales	f__Lachnospiraceae	g__Blautia_A	s__Blautia_A sp003471165	PRJNA791492	PCOS	85.3	0.53	100.0	2944930	8945	0.0
SRR17301550_bin.21	d__Bacteria	p__Bacillota_C	c__Negativicutes	o__Veillonellales	f__Veillonellaceae	g__Veillonella_A	s__Veillonella_A magna	PRJNA791492	PCOS	92.69	2.51	66.67	1923796	5256	0.0
SRR17301550_bin.4	d__Bacteria	p__Fusobacteriota	c__Fusobacteriia	o__Fusobacteriales	f__Fusobacteriaceae	g__Fusobacterium_A	s__Fusobacterium_A hominis	PRJNA791492	PCOS	93.96	0.0	0.0	1638846	6996	0.983923
SRR17301550_bin.6	d__Bacteria	p__Bacillota_A	c__Clostridia	o__Oscillospirales	f__Butyricicoccaceae	g__Agathobaculum	s__	PRJNA791492	PCOS	98.99	2.01	50.0	3553375	11431	0.0
SRR17301550_bin.8	d__Bacteria	p__Verrucomicrobiota	c__Verrucomicrobiae	o__Verrucomicrobiales	f__Akkermansiaceae	g__Akkermansia	s__Akkermansia muciniphila_E	PRJNA791492	PCOS	96.56	1.36	100.0	3071336	15702	0.0
SRR17301551_bin.20	d__Bacteria	p__Bacillota_A	c__Clostridia	o__Lachnospirales	f__Lachnospiraceae	g__Oliverpabstia	s__Oliverpabstia intestinalis	PRJNA791492	PCOS	85.15	0.97	0.0	2379389	9260	0.98067
SRR17301551_bin.21	d__Bacteria	p__Bacillota_A	c__Clostridia	o__Oscillospirales	f__Oscillospiraceae	g__Evtepia	s__Evtepia sp004556345	PRJNA791492	PCOS	97.13	3.15	83.33	2268864	11698	0.9686595
SRR17301552_bin.9	d__Bacteria	p__Bacillota_A	c__Clostridia	o__Christensenellales	f__Aristaeellaceae	g__Egerieenecus	s__Egerieenecus sp900553315	PRJNA791492	PCOS	92.74	2.15	40.0	2649047	6311	0.0
SRR17301553_bin.14	d__Bacteria	p__Bacillota_A	c__Clostridia	o__Oscillospirales	f__Acutalibacteraceae	g__Caccousia	s__Caccousia sp900752115	PRJNA791492	PCOS	85.55	3.92	100.0	2683401	4955	0.0
SRR17301553_bin.2	d__Bacteria	p__Bacteroidota	c__Bacteroidia	o__Bacteroidales	f__Bacteroidaceae	g__Phocaeicola	s__Phocaeicola faecicola	PRJNA791492	PCOS	89.68	1.8	85.71	2897221	9282	0.0
SRR17301553_bin.24	d__Bacteria	p__Bacillota_A	c__Clostridia	o__Lachnospirales	f__Lachnospiraceae	g__CAG-510	s__CAG-510 sp000434615	PRJNA791492	PCOS	82.11	1.78	55.56	2113490	3792	0.0
SRR17301553_bin.28	d__Bacteria	p__Bacillota_A	c__Clostridia	o__Oscillospirales	f__Oscillospiraceae	g__Vescimonas	s__Vescimonas sp900552475	PRJNA791492	PCOS	89.94	2.07	25.0	1841408	9988	0.976517
SRR17301554_bin.11	d__Bacteria	p__Bacillota_A	c__Clostridia	o__Peptostreptococcales	f__Peptostreptococcaceae	g__Intestinibacter	s__Intestinibacter bartlettii	PRJNA791492	PCOS	86.39	2.46	66.67	2675645	4407	0.0
SRR17301554_bin.14	d__Bacteria	p__Bacillota	c__Bacilli	o__Lactobacillales	f__Streptococcaceae	g__Streptococcus	s__Streptococcus salivarius	PRJNA791492	PCOS	81.59	1.43	57.14	1688268	3861	0.956316
SRR17301555_bin.1	d__Bacteria	p__Bacillota_A	c__Clostridia	o__Lachnospirales	f__Lachnospiraceae	g__Anaerostipes	s__Anaerostipes caccae	PRJNA791492	PCOS	92.72	4.16	53.85	3017053	9041	0.0
SRR17301555_bin.11	d__Bacteria	p__Bacillota_A	c__Clostridia	o__Lachnospirales	f__Lachnospiraceae	g__Brotaphodocola	s__Brotaphodocola sp900538475	PRJNA791492	PCOS	83.31	1.27	75.0	2189438	6071	0.0
SRR17301555_bin.15	d__Bacteria	p__Bacillota_A	c__Clostridia	o__Oscillospirales	f__Ruminococcaceae	g__Gemmiger	s__Gemmiger sp944388165	PRJNA791492	PCOS	87.76	0.54	33.33	2306593	5989	0.0
SRR17301556_bin.2	d__Bacteria	p__Pseudomonadota	c__Gammaproteobacteria	o__Burkholderiales	f__Burkholderiaceae	g__Sutterella	s__Sutterella sp900757865	PRJNA791492	PCOS	91.28	1.38	25.0	2001657	6764	0.0
SRR17301556_bin.5	d__Bacteria	p__Bacillota_A	c__Clostridia	o__TANB77	f__CAG-508	g__CAG-269	s__CAG-269 sp001916005	PRJNA791492	PCOS	85.26	4.31	11.76	1139626	3168	0.0
SRR17301557_bin.3	d__Bacteria	p__Actinomycetota	c__Coriobacteriia	o__Coriobacteriales	f__Coriobacteriaceae	g__Collinsella	s__	PRJNA791492	PCOS	86.69	4.17	60.0	1709967	4424	0.0
SRR17301558_bin.2	d__Bacteria	p__Bacillota_A	c__Clostridia	o__Oscillospirales	f__Butyricicoccaceae	g__Butyricicoccus	s__Butyricicoccus pullicaecorum	PRJNA791492	PCOS	89.54	1.79	40.0	2503076	8052	0.0
SRR17301559_bin.24	d__Bacteria	p__Actinomycetota	c__Coriobacteriia	o__Coriobacteriales	f__Coriobacteriaceae	g__Collinsella	s__Collinsella sp900554155	PRJNA791492	PCOS	99.19	1.69	66.67	2244470	10761	0.0
SRR17301559_bin.29	d__Bacteria	p__Bacillota_I	c__Bacilli_A	o__Erysipelotrichales	f__Erysipelotrichaceae	g__Eubacterium_P	s__Eubacterium_P hominis	PRJNA791492	PCOS	85.0	0.27	50.0	2784879	4813	0.98495
SRR17301561_bin.12	d__Bacteria	p__Bacillota_A	c__Clostridia	o__Oscillospirales	f__Acutalibacteraceae	g__Eubacterium_R	s__Eubacterium_R sp900540235	PRJNA791492	PCOS	88.27	1.45	100.0	1731472	4407	0.0
SRR17301561_bin.24	d__Bacteria	p__Actinomycetota	c__Coriobacteriia	o__Coriobacteriales	f__QAMH01	g__CASDTD01	s__	PRJNA791492	PCOS	92.91	2.82	100.0	1886588	8264	0.0
SRR17301561_bin.31	d__Bacteria	p__Bacteroidota	c__Bacteroidia	o__Bacteroidales	f__Bacteroidaceae	g__Alloprevotella	s__Alloprevotella sp900540885	PRJNA791492	PCOS	86.11	2.24	87.5	2208315	5221	0.0
SRR8849199_bin.13	d__Bacteria	p__Bacillota_A	c__Clostridia	o__Lachnospirales	f__Lachnospiraceae	g__COE1	s__COE1 sp001916965	PRJNA530971	PCOS	91.79	1.39	0.0	2853162	20502	0.9800453333333333
SRR8849199_bin.6	d__Bacteria	p__Bacillota_A	c__Clostridia	o__Lachnospirales	f__Anaerotignaceae	g__Anaerotignum	s__Anaerotignum faecicola	PRJNA530971	PCOS	98.66	0.0	0.0	1992418	27214	0.9754975
SRR8849200_bin.25	d__Bacteria	p__Bacillota_A	c__Clostridia	o__Oscillospirales	f__Ruminococcaceae	g__Faecalibacterium	s__Faecalibacterium prausnitzii	PRJNA530971	PCOS	83.8	1.16	33.33	1950500	5312	0.968446
SRR8849201_bin.19	d__Bacteria	p__Pseudomonadota	c__Gammaproteobacteria	o__Burkholderiales	f__Burkholderiaceae	g__Parasutterella	s__Parasutterella sp900552195	PRJNA530971	PCOS	97.47	0.63	0.0	2784401	20456	0.0
SRR8849203_bin.1	d__Bacteria	p__Actinomycetota	c__Coriobacteriia	o__Coriobacteriales	f__Coriobacteriaceae	g__Collinsella	s__Collinsella aerofaciens_O	PRJNA530971	PCOS	93.55	0.96	0.0	1973372	10140	0.0
SRR8849203_bin.2	d__Bacteria	p__Bacillota_A	c__Clostridia	o__Lachnospirales	f__Lachnospiraceae	g__Eubacterium_F	s__Eubacterium_F sp000433735	PRJNA530971	PCOS	91.74	1.34	66.67	1998686	6346	0.0
SRR8849204_bin.1	d__Bacteria	p__Bacillota_C	c__Negativicutes	o__Veillonellales	f__Dialisteraceae	g__Dialister	s__Dialister sp002320515	PRJNA530971	PCOS	96.94	1.03	50.0	2341023	6689	0.0
SRR8849204_bin.2	d__Bacteria	p__Bacillota_A	c__Clostridia	o__Lachnospirales	f__Lachnospiraceae	g__Enterocloster	s__Enterocloster aldenensis	PRJNA530971	PCOS	93.6	0.63	0.0	5227421	19197	0.0
SRR8849207_bin.1	d__Bacteria	p__Actinomycetota	c__Coriobacteriia	o__Coriobacteriales	f__Coriobacteriaceae	g__Collinsella	s__	PRJNA530971	PCOS	99.72	2.0	0.0	2194539	16841	0.0
SRR8849207_bin.19	d__Bacteria	p__Bacillota_A	c__Clostridia	o__Lachnospirales	f__Lachnospiraceae	g__Enterocloster	s__Enterocloster sp900543885	PRJNA530971	PCOS	91.09	1.37	66.67	3209432	12766	0.0
SRR8849208_bin.22	d__Bacteria	p__Bacillota_A	c__Clostridia	o__Christensenellales	f__Aristaeellaceae	g__UBA11524	s__UBA11524 sp000437595	PRJNA530971	PCOS	98.95	0.47	0.0	3098343	22781	0.9760380000000002
SRR8849208_bin.29	d__Bacteria	p__Bacillota_A	c__Clostridia	o__Oscillospirales	f__Oscillospiraceae	g__Dysosmobacter	s__Dysosmobacter welbionis	PRJNA530971	PCOS	92.1	0.67	100.0	2202364	7283	0.9853462222222222
SRR8849208_bin.31	d__Bacteria	p__Bacillota	c__Bacilli	o__Lactobacillales	f__Streptococcaceae	g__Lactococcus	s__Lactococcus petauri	PRJNA530971	PCOS	81.93	1.41	16.67	1483441	4805	0.0
SRR8849208_bin.35	d__Bacteria	p__Bacteroidota	c__Bacteroidia	o__Bacteroidales	f__Bacteroidaceae	g__Bacteroides	s__Bacteroides eggerthii	PRJNA530971	PCOS	90.98	0.74	100.0	3073278	29810	0.9883040000000001
SRR8849208_bin.39	d__Bacteria	p__Bacteroidota	c__Bacteroidia	o__Bacteroidales	f__Marinifilaceae	g__Butyricimonas	s__Butyricimonas paravirosa	PRJNA530971	PCOS	82.35	2.29	71.43	4558477	4787	0.0
SRR8849209_bin.10	d__Bacteria	p__Bacillota_A	c__Clostridia	o__Oscillospirales	f__Ruminococcaceae	g__Faecalibacterium	s__Faecalibacterium prausnitzii_E	PRJNA530971	PCOS	90.16	0.91	50.0	2019697	7018	0.9824625
SRR8849209_bin.13	d__Bacteria	p__Actinomycetota	c__Coriobacteriia	o__Coriobacteriales	f__Coriobacteriaceae	g__Collinsella	s__	PRJNA530971	PCOS	99.19	0.81	0.0	2226612	74827	0.0
SRR8849209_bin.14	d__Bacteria	p__Bacillota_A	c__Clostridia	o__Oscillospirales	f__Acutalibacteraceae	g__Fimenecus	s__Fimenecus sp000432435	PRJNA530971	PCOS	97.99	0.34	0.0	1961085	102587	0.9800916923076923
SRR8849209_bin.15	d__Bacteria	p__Bacillota_A	c__Clostridia	o__Lachnospirales	f__Lachnospiraceae	g__Mediterraneibacter	s__Mediterraneibacter torques	PRJNA530971	PCOS	99.42	0.0	0.0	2561055	59485	0.9897123333333333
SRR8849210_bin.1	d__Bacteria	p__Bacillota_A	c__Clostridia	o__Clostridiales	f__Clostridiaceae	g__Clostridium	s__Clostridium sp000435835	PRJNA530971	PCOS	95.8	0.4	100.0	3010185	26569	0.0
SRR8849210_bin.13	d__Bacteria	p__Actinomycetota	c__Coriobacteriia	o__Coriobacteriales	f__Coriobacteriaceae	g__Collinsella	s__Collinsella sp003439125	PRJNA530971	PCOS	100.0	0.81	0.0	2195710	59568	0.962056
SRR8849210_bin.2	d__Bacteria	p__Bacillota_A	c__Clostridia	o__Peptostreptococcales	f__Peptostreptococcaceae	g__Paraclostridium	s__Paraclostridium hominis	PRJNA530971	PCOS	84.48	3.45	50.0	2517403	7890	0.0
SRR8849210_bin.24	d__Bacteria	p__Bacillota_A	c__Clostridia	o__Oscillospirales	f__Ruminococcaceae	g__Gemmiger	s__Gemmiger formicilis	PRJNA530971	PCOS	94.63	0.0	0.0	2695653	21342	0.9782294074074073
SRR8849211_bin.11	d__Bacteria	p__Bacillota_A	c__Clostridia	o__Lachnospirales	f__Lachnospiraceae	g__Lachnospira	s__Lachnospira sp003537285	PRJNA530971	PCOS	90.22	0.17	100.0	2488835	11265	0.0
SRR8849211_bin.13	d__Bacteria	p__Actinomycetota	c__Coriobacteriia	o__Coriobacteriales	f__Atopobiaceae	g__Tractidigestivibacter	s__Tractidigestivibacter sp000752675	PRJNA530971	PCOS	91.94	0.0	0.0	2280968	22090	0.980863
SRR8849211_bin.15	d__Bacteria	p__Bacillota_C	c__Negativicutes	o__Veillonellales	f__Megasphaeraceae	g__Megasphaera	s__Megasphaera sp000417505	PRJNA530971	PCOS	100.0	0.0	0.0	2290960	36381	0.9793004
SRR8849211_bin.21	d__Bacteria	p__Bacillota_A	c__Clostridia	o__Oscillospirales	f__Ruminococcaceae	g__Ruminococcus_C	s__Ruminococcus_C sp000433635	PRJNA530971	PCOS	97.99	0.0	0.0	2356797	42194	0.9741406666666667
SRR8849211_bin.30	d__Bacteria	p__Bacillota_A	c__Clostridia	o__Lachnospirales	f__Lachnospiraceae	g__Roseburia	s__Roseburia rectibacter	PRJNA530971	PCOS	96.03	0.12	0.0	3254662	46389	0.984069
SRR8849211_bin.42	d__Bacteria	p__Bacillota_A	c__Clostridia	o__Oscillospirales	f__Acutalibacteraceae	g__Eubacterium_R	s__Eubacterium_R sp000434995	PRJNA530971	PCOS	98.66	0.0	0.0	1834547	123808	0.9835705454545455
SRR8849211_bin.43	d__Bacteria	p__Bacillota_C	c__Negativicutes	o__Veillonellales	f__Dialisteraceae	g__Dialister	s__Dialister hominis	PRJNA530971	PCOS	98.73	0.02	0.0	1966203	30986	0.9864449000000001
SRR8849211_bin.47	d__Bacteria	p__Bacillota_A	c__Clostridia	o__Lachnospirales	f__Lachnospiraceae	g__Coprococcus	s__Coprococcus sp000433075	PRJNA530971	PCOS	94.97	0.67	100.0	2272440	12541	0.978397
SRR8849211_bin.5	d__Bacteria	p__Bacillota_C	c__Negativicutes	o__Selenomonadales	f__Selenomonadaceae	g__Megamonas	s__Megamonas funiformis	PRJNA530971	PCOS	100.0	0.63	0.0	2419245	49344	0.9785513333333333
SRR8849212_bin.4	d__Bacteria	p__Bacillota_A	c__Clostridia	o__Lachnospirales	f__Lachnospiraceae	g__Brotaphodocola	s__Brotaphodocola sp003480315	PRJNA530971	PCOS	91.89	0.95	66.67	2722441	11858	0.0
SRR8849213_bin.20	d__Bacteria	p__Bacillota_A	c__Clostridia	o__Lachnospirales	f__Lachnospiraceae	g__Butyribacter	s__Butyribacter sp003529475	PRJNA530971	PCOS	98.66	0.0	0.0	2616591	49989	0.983588
SRR8849213_bin.30	d__Bacteria	p__Bacillota_A	c__Clostridia	o__Lachnospirales	f__Lachnospiraceae	g__Alitiscatomonas	s__Alitiscatomonas sp900066785	PRJNA530971	PCOS	96.84	0.0	0.0	2726682	41082	0.980345
SRR8849213_bin.33	d__Bacteria	p__Bacillota_A	c__Clostridia	o__Lachnospirales	f__Lachnospiraceae	g__Otoolea	s__Otoolea fessa	PRJNA530971	PCOS	98.73	0.0	0.0	2576858	28306	0.9811332500000001
SRR8849213_bin.36	d__Bacteria	p__Bacteroidota	c__Bacteroidia	o__Bacteroidales	f__Bacteroidaceae	g__Bacteroides	s__Bacteroides ovatus	PRJNA530971	PCOS	82.93	1.84	64.71	5395437	12058	0.0
SRR8849213_bin.37	d__Bacteria	p__Bacillota_A	c__Clostridia	o__Oscillospirales	f__Ruminococcaceae	g__Ruthenibacterium	s__Ruthenibacterium lactatiformans	PRJNA530971	PCOS	96.83	0.34	100.0	3042332	28723	0.9868389375
SRR8849213_bin.38	d__Bacteria	p__Bacteroidota	c__Bacteroidia	o__Bacteroidales	f__Tannerellaceae	g__Parabacteroides	s__Parabacteroides distasonis	PRJNA530971	PCOS	99.42	0.0	0.0	4483238	90015	0.97672090625
SRR8849213_bin.39	d__Bacteria	p__Bacillota_A	c__Clostridia	o__Lachnospirales	f__Anaerotignaceae	g__Anaerotignum	s__Anaerotignum lactatifermentans	PRJNA530971	PCOS	97.32	0.0	0.0	2695362	67223	0.0
SRR8849213_bin.4	d__Bacteria	p__Bacillota_A	c__Clostridia	o__Oscillospirales	f__Oscillospiraceae	g__Flavonifractor	s__Flavonifractor plautii	PRJNA530971	PCOS	95.97	0.0	0.0	2835374	14981	0.9802654375000001
SRR8849213_bin.44	d__Bacteria	p__Bacillota_A	c__Clostridia	o__Lachnospirales	f__Lachnospiraceae	g__Roseburia	s__Roseburia hominis	PRJNA530971	PCOS	99.28	0.4	50.0	2966285	35000	0.9807451304347825
SRR8849214_bin.11	d__Bacteria	p__Bacillota_A	c__Clostridia	o__Lachnospirales	f__Lachnospiraceae	g__Mediterraneibacter	s__Mediterraneibacter faecis	PRJNA530971	PCOS	96.88	0.97	0.0	2718847	32355	0.9804930000000001
SRR8849214_bin.22	d__Bacteria	p__Bacillota_A	c__Clostridia	o__Lachnospirales	f__Lachnospiraceae	g__Dorea	s__Dorea formicigenerans	PRJNA530971	PCOS	93.55	0.68	33.33	2319602	16639	0.9795946666666667
SRR8849214_bin.30	d__Bacteria	p__Bacillota_A	c__Clostridia	o__Lachnospirales	f__Lachnospiraceae	g__Eubacterium_G	s__Eubacterium_G sp000435815	PRJNA530971	PCOS	100.0	0.22	0.0	2541527	47182	0.9830114999999999
SRR8849215_bin.26	d__Bacteria	p__Desulfobacterota	c__Desulfovibrionia	o__Desulfovibrionales	f__Desulfovibrionaceae	g__Desulfovibrio	s__Desulfovibrio sp900319575	PRJNA530971	PCOS	96.33	1.38	0.0	2579721	90526	0.9847955
SRR8849215_bin.34	d__Bacteria	p__Bacillota_A	c__Clostridia	o__Oscillospirales	f__Oscillospiraceae	g__Faecousia	s__Faecousia sp003525905	PRJNA530971	PCOS	93.06	0.0	0.0	2174875	22047	0.9802404285714286
SRR8849215_bin.39	d__Bacteria	p__Bacillota_A	c__Clostridia	o__Lachnospirales	f__Lachnospiraceae	g__UBA11774	s__UBA11774 sp003507655	PRJNA530971	PCOS	96.79	1.03	0.0	2181583	80519	0.980263
SRR8849215_bin.9	d__Bacteria	p__Actinomycetota	c__Coriobacteriia	o__Coriobacteriales	f__Coriobacteriaceae	g__Collinsella	s__Collinsella sp900542275	PRJNA530971	PCOS	100.0	0.81	0.0	2277014	49775	0.0
SRR8849216_bin.12	d__Bacteria	p__Pseudomonadota	c__Gammaproteobacteria	o__Burkholderiales	f__Burkholderiaceae	g__Parasutterella	s__Parasutterella gallistercoris	PRJNA530971	PCOS	99.37	0.0	0.0	2232935	41483	0.985873
SRR8849216_bin.20	d__Bacteria	p__Bacillota_A	c__Clostridia	o__Lachnospirales	f__Lachnospiraceae	g__Brotaphodocola	s__Brotaphodocola catenula	PRJNA530971	PCOS	93.93	0.9	0.0	2611569	30310	0.0
SRR8849217_bin.7	d__Bacteria	p__Bacillota_A	c__Clostridia	o__Oscillospirales	f__Acutalibacteraceae	g__Eubacterium_R	s__Eubacterium_R sp000436835	PRJNA530971	PCOS	98.66	0.0	0.0	1919951	69802	0.97716775
SRR8849218_bin.28	d__Bacteria	p__Bacillota_I	c__Bacilli_A	o__RFN20	f__CAG-288	g__CAG-568	s__CAG-568 sp000434395	PRJNA530971	PCOS	95.51	1.24	33.33	1425625	10522	0.0
SRR8849221_bin.22	d__Bacteria	p__Actinomycetota	c__Coriobacteriia	o__Coriobacteriales	f__Coriobacteriaceae	g__Collinsella	s__	PRJNA530971	PCOS	90.69	1.15	33.33	1936008	6015	0.0
SRR8849221_bin.26	d__Bacteria	p__Bacillota_C	c__Negativicutes	o__Veillonellales	f__Megasphaeraceae	g__Caecibacter	s__Caecibacter sp003467125	PRJNA530971	PCOS	96.78	0.8	50.0	2383626	11349	0.0
SRR8849222_bin.16	d__Bacteria	p__Bacillota_I	c__Bacilli_A	o__Erysipelotrichales	f__Coprobacillaceae	g__Thomasclavelia	s__Thomasclavelia spiroformis_A	PRJNA530971	PCOS	100.0	0.0	0.0	2369221	22018	0.0
SRR8849222_bin.17	d__Bacteria	p__Bacillota_A	c__Clostridia	o__Oscillospirales	f__Ruminococcaceae	g__Gemmiger	s__Gemmiger sp900540595	PRJNA530971	PCOS	96.6	0.68	100.0	2184923	41932	0.9609095000000001
SRR8849222_bin.32	d__Bacteria	p__Bacillota_A	c__Clostridia	o__Oscillospirales	f__Oscillospiraceae	g__Lawsonibacter	s__Lawsonibacter sp900066825	PRJNA530971	PCOS	97.02	0.67	0.0	2247592	18528	0.98276
SRR8849222_bin.9	d__Bacteria	p__Pseudomonadota	c__Gammaproteobacteria	o__Enterobacterales	f__Pasteurellaceae	g__Haemophilus_D	s__Haemophilus_D sp001815355	PRJNA530971	PCOS	88.49	3.36	72.73	1615124	4392	0.0
SRR8849223_bin.35	d__Bacteria	p__Bacillota_A	c__Clostridia	o__Oscillospirales	f__Oscillospiraceae	g__CAG-103	s__CAG-103 sp000432375	PRJNA530971	PCOS	93.29	0.0	0.0	1954330	84331	0.9788423333333333
SRR8849223_bin.37	d__Bacteria	p__Bacillota_A	c__Clostridia	o__Oscillospirales	f__Oscillospiraceae	g__Vescimonas	s__Vescimonas coprocola	PRJNA530971	PCOS	93.29	0.67	0.0	1928548	57036	0.9781885882352941
SRR8849223_bin.38	d__Bacteria	p__Bacillota_A	c__Clostridia	o__Lachnospirales	f__Lachnospiraceae	g__Pararoseburia	s__Pararoseburia lenta	PRJNA530971	PCOS	97.79	0.24	0.0	2306790	87707	0.9871706666666666
SRR8849223_bin.44	d__Bacteria	p__Bacteroidota	c__Bacteroidia	o__Bacteroidales	f__Tannerellaceae	g__Parabacteroides	s__Parabacteroides merdae	PRJNA530971	PCOS	97.26	0.0	0.0	3766611	38604	0.9865054615384616
SRR8849223_bin.6	d__Bacteria	p__Actinomycetota	c__Coriobacteriia	o__Coriobacteriales	f__Coriobacteriaceae	g__Collinsella	s__	PRJNA530971	PCOS	95.89	1.81	0.0	2150223	10993	0.0
SRR8849224_bin.10	d__Bacteria	p__Pseudomonadota	c__Gammaproteobacteria	o__Burkholderiales	f__Burkholderiaceae	g__Sutterella	s__Sutterella parvirubra	PRJNA530971	PCOS	98.14	1.55	0.0	2387518	32700	0.0
SRR8849225_bin.15	d__Bacteria	p__Bacillota_A	c__Clostridia	o__Oscillospirales	f__Ruminococcaceae	g__Faecalibacterium	s__Faecalibacterium longum	PRJNA530971	PCOS	100.0	0.0	0.0	2400494	40699	0.9744184615384615
SRR8849225_bin.5	d__Bacteria	p__Actinomycetota	c__Coriobacteriia	o__Coriobacteriales	f__Coriobacteriaceae	g__Collinsella	s__	PRJNA530971	PCOS	84.16	0.12	100.0	1986039	6156	0.0
SRR8849226_bin.12	d__Bacteria	p__Bacillota_A	c__Clostridia	o__Lachnospirales	f__Lachnospiraceae	g__Hungatella	s__Hungatella hathewayi	PRJNA530971	PCOS	98.73	0.95	66.67	6349405	113969	0.0
SRR8849226_bin.37	d__Bacteria	p__Bacillota_A	c__Clostridia	o__Oscillospirales	f__Ruminococcaceae	g__Ruminococcus_C	s__Ruminococcus_C sp000980705	PRJNA530971	PCOS	97.32	0.0	0.0	2441699	83626	0.9880406666666666
SRR8849226_bin.43	d__Bacteria	p__Actinomycetota	c__Coriobacteriia	o__Coriobacteriales	f__Coriobacteriaceae	g__Collinsella	s__	PRJNA530971	PCOS	100.0	1.61	50.0	2159760	56142	0.0
SRR8849226_bin.9	d__Bacteria	p__Bacillota_A	c__Clostridia	o__Lachnospirales	f__Lachnospiraceae	g__Agathobacter	s__Agathobacter rectalis	PRJNA530971	PCOS	99.36	0.0	0.0	2578184	51796	0.970345524590164
SRR8849227_bin.18	d__Bacteria	p__Bacillota_A	c__Clostridia	o__Lachnospirales	f__Lachnospiraceae	g__Dorea_A	s__Dorea_A amylophila	PRJNA530971	PCOS	95.36	0.49	0.0	2498093	31034	0.9744545
SRR8849227_bin.2	d__Bacteria	p__Bacillota_A	c__Clostridia	o__Lachnospirales	f__Lachnospiraceae	g__Anaerostipes	s__Anaerostipes hadrus	PRJNA530971	PCOS	99.31	1.34	0.0	2378283	21888	0.9788541612903227
SRR8849227_bin.23	d__Bacteria	p__Pseudomonadota	c__Gammaproteobacteria	o__Enterobacterales	f__Pasteurellaceae	g__Haemophilus_D	s__Haemophilus_D sp905205995	PRJNA530971	PCOS	98.95	1.66	91.67	2013050	29462	0.953238
SRR8849228_bin.25	d__Bacteria	p__Bacteroidota	c__Bacteroidia	o__Bacteroidales	f__Barnesiellaceae	g__Barnesiella	s__Barnesiella intestinihominis	PRJNA530971	PCOS	99.25	0.0	0.0	3079375	149652	0.9823124285714284
SRR8849228_bin.26	d__Bacteria	p__Bacillota_A	c__Clostridia	o__Oscillospirales	f__Ruminococcaceae	g__Hominimerdicola	s__Hominimerdicola aceti	PRJNA530971	PCOS	99.32	0.0	0.0	2711347	85924	0.9725360967741934
SRR8849228_bin.32	d__Bacteria	p__Actinomycetota	c__Coriobacteriia	o__Coriobacteriales	f__Coriobacteriaceae	g__Collinsella	s__	PRJNA530971	PCOS	81.49	2.49	50.0	1695018	4304	0.0
SRR8849228_bin.39	d__Bacteria	p__Bacillota_A	c__Clostridia	o__Oscillospirales	f__Oscillospiraceae	g__Lawsonibacter	s__Lawsonibacter sp000177015	PRJNA530971	PCOS	97.55	1.01	100.0	2440427	69689	0.962345
SRR8849228_bin.51	d__Bacteria	p__Bacillota_A	c__Clostridia	o__Oscillospirales	f__Oscillospiraceae	g__Dysosmobacter	s__Dysosmobacter segnis	PRJNA530971	PCOS	98.18	0.67	100.0	2252559	39318	0.9710433333333334
SRR8849228_bin.9	d__Bacteria	p__Bacillota_I	c__Bacilli_A	o__Erysipelotrichales	f__Coprobacillaceae	g__Faecalibacillus	s__Faecalibacillus intestinalis	PRJNA530971	PCOS	99.06	0.0	0.0	2567410	47752	0.9778684523809525
SRR8849229_bin.14	d__Bacteria	p__Bacteroidota	c__Bacteroidia	o__Bacteroidales	f__Bacteroidaceae	g__Prevotella	s__Prevotella sp000434975	PRJNA530971	PCOS	98.02	0.2	0.0	2915364	23855	0.9679575
SRR8849229_bin.20	d__Bacteria	p__Bacillota_A	c__Clostridia	o__Lachnospirales	f__CAG-274	g__CAG-274	s__CAG-274 sp000432155	PRJNA530971	PCOS	99.33	0.67	0.0	2137720	75878	0.9888472500000001
SRR8849230_bin.10	d__Bacteria	p__Bacillota_A	c__Clostridia	o__Lachnospirales	f__Lachnospiraceae	g__Eubacterium_G	s__Eubacterium_G ventriosum	PRJNA530971	PCOS	99.33	0.0	0.0	2385839	47578	0.9857601764705883
SRR8849230_bin.22	d__Bacteria	p__Actinomycetota	c__Actinomycetes	o__Actinomycetales	f__Bifidobacteriaceae	g__Bifidobacterium	s__Bifidobacterium pseudocatenulatum	PRJNA530971	PCOS	99.9	0.23	0.0	2072180	122471	0.9842028478260871
SRR8849230_bin.23	d__Bacteria	p__Bacillota_A	c__Clostridia	o__Lachnospirales	f__Lachnospiraceae	g__Lachnospira	s__Lachnospira eligens_A	PRJNA530971	PCOS	98.58	0.02	100.0	2676856	39861	0.9814019729729729
SRR8849231_bin.10	d__Bacteria	p__Bacteroidota	c__Bacteroidia	o__Bacteroidales	f__Rikenellaceae	g__Alistipes	s__Alistipes onderdonkii	PRJNA530971	PCOS	99.28	0.48	0.0	2933007	100859	0.980098
SRR8849231_bin.15	d__Bacteria	p__Bacillota_A	c__Clostridia	o__Oscillospirales	f__Acutalibacteraceae	g__Eubacterium_R	s__Eubacterium_R faecale	PRJNA530971	PCOS	97.32	0.06	100.0	2203282	88091	0.985792
SRR8849232_bin.2	d__Bacteria	p__Bacteroidota	c__Bacteroidia	o__Bacteroidales	f__Rikenellaceae	g__Alistipes	s__Alistipes merdipullorum	PRJNA530971	PCOS	98.8	0.96	0.0	2494513	145043	0.0
SRR8849232_bin.23	d__Bacteria	p__Bacillota_A	c__Clostridia	o__Lachnospirales	f__Lachnospiraceae	g__Jutongia	s__Jutongia sp003524945	PRJNA530971	PCOS	96.64	0.0	0.0	2824387	63524	0.986383
SRR8849232_bin.25	d__Bacteria	p__Bacillota_A	c__Clostridia	o__Oscillospirales	f__Butyricicoccaceae	g__Agathobaculum	s__Agathobaculum butyriciproducens	PRJNA530971	PCOS	97.99	0.0	0.0	2308058	29496	0.9654333333333334
SRR8849232_bin.29	d__Bacteria	p__Bacillota_A	c__Clostridia	o__Oscillospirales	f__Oscillospiraceae	g__CAG-170	s__CAG-170 sp900545925	PRJNA530971	PCOS	94.63	1.68	0.0	3067753	63669	0.0
SRR8849233_bin.15	d__Bacteria	p__Bacillota_I	c__Bacilli_A	o__RF39	f__UBA660	g__Onthousia	s__Onthousia sp934130405	PRJNA530971	PCOS	89.89	1.69	0.0	1415701	24504	0.0
SRR8849233_bin.16	d__Bacteria	p__Bacillota_A	c__Clostridia	o__Oscillospirales	f__Ruminococcaceae	g__Ruminiclostridium_E	s__Ruminiclostridium_E siraeum	PRJNA530971	PCOS	98.99	0.0	0.0	2498500	42357	0.9709181818181819
SRR8849233_bin.18	d__Bacteria	p__Bacillota_A	c__Clostridia	o__Lachnospirales	f__Lachnospiraceae	g__Butyribacter	s__Butyribacter sp000436755	PRJNA530971	PCOS	93.29	0.69	33.33	3040834	36133	0.986151
SRR8849233_bin.20	d__Bacteria	p__Bacillota_I	c__Bacilli_A	o__RF39	f__UBA660	g__CAG-417	s__CAG-417 sp000432835	PRJNA530971	PCOS	93.26	1.28	0.0	1302857	224945	0.985325625
SRR8849233_bin.22	d__Bacteria	p__Bacillota_A	c__Clostridia	o__Lachnospirales	f__Lachnospiraceae	g__Laedolimicola	s__Laedolimicola sp900553635	PRJNA530971	PCOS	91.16	0.0	0.0	2443707	8638	0.0
SRR8849233_bin.33	d__Bacteria	p__Bacillota_A	c__Clostridia	o__Oscillospirales	f__Ruminococcaceae	g__Ruminococcus_C	s__Ruminococcus_C sp000437255	PRJNA530971	PCOS	97.99	0.0	0.0	2120325	123014	0.0
SRR8849233_bin.44	d__Bacteria	p__Bacillota_A	c__Clostridia	o__Oscillospirales	f__Ruminococcaceae	g__CAG-115	s__CAG-115 sp003531585	PRJNA530971	PCOS	97.99	0.0	0.0	3185798	32036	0.9820808333333333
SRR8849233_bin.6	d__Bacteria	p__Bacillota_A	c__Clostridia	o__Lachnospirales	f__Lachnospiraceae	g__Roseburia_C	s__Roseburia_C amylophila	PRJNA530971	PCOS	99.52	0.74	0.0	2543778	72779	0.9825558333333332
SRR8849235_bin.25	d__Bacteria	p__Bacillota_A	c__Clostridia	o__Lachnospirales	f__Lachnospiraceae	g__Blautia	s__Blautia hansenii	PRJNA530971	PCOS	98.07	0.0	0.0	2271466	29570	0.9737713333333332
SRR8849235_bin.27	d__Bacteria	p__Bacillota_A	c__Clostridia	o__Lachnospirales	f__Lachnospiraceae	g__Lachnospira	s__Lachnospira sp900551945	PRJNA530971	PCOS	96.42	0.02	100.0	2699857	28532	0.0
SRR8849235_bin.34	d__Bacteria	p__Bacillota_I	c__Bacilli_A	o__Erysipelotrichales	f__Erysipelotrichaceae	g__Amedibacillus	s__Amedibacillus dolichus	PRJNA530971	PCOS	87.88	1.04	0.0	1809038	7293	0.983422
SRR8849235_bin.35	d__Bacteria	p__Bacillota_A	c__Clostridia	o__Lachnospirales	f__Lachnospiraceae	g__Alitiscatomonas	s__	PRJNA530971	PCOS	93.0	1.01	0.0	2473365	15725	0.0
SRR8849236_bin.12	d__Bacteria	p__Bacillota_A	c__Clostridia	o__Oscillospirales	f__Ruminococcaceae	g__Gemmiger	s__Gemmiger sp900539695	PRJNA530971	PCOS	93.72	0.0	0.0	2391126	30398	0.9821548571428572
SRR8849236_bin.3	d__Bacteria	p__Bacteroidota	c__Bacteroidia	o__Bacteroidales	f__Bacteroidaceae	g__Bacteroides	s__Bacteroides hominis	PRJNA530971	PCOS	96.58	0.19	100.0	4626648	70153	0.9842873333333332
SRR8849236_bin.8	d__Bacteria	p__Pseudomonadota	c__Gammaproteobacteria	o__Enterobacterales	f__Enterobacteriaceae	g__Citrobacter	s__Citrobacter portucalensis	PRJNA530971	PCOS	99.55	0.38	75.0	4800446	103211	0.0
SRR8849237_bin.1	d__Bacteria	p__Actinomycetota	c__Coriobacteriia	o__Coriobacteriales	f__Coriobacteriaceae	g__Collinsella	s__Collinsella sp002232035	PRJNA530971	PCOS	100.0	0.81	0.0	2205456	64033	0.9513739999999999
SRR8849237_bin.16	d__Bacteria	p__Bacillota_A	c__Clostridia	o__Lachnospirales	f__Lachnospiraceae	g__Alitiscatomonas	s__Alitiscatomonas sp900066535	PRJNA530971	PCOS	99.79	0.0	0.0	2786613	28758	0.9767803749999999
SRR8849237_bin.19	d__Bacteria	p__Bacillota_A	c__Clostridia	o__Lachnospirales	f__Lachnospiraceae	g__Eubacterium_I	s__Eubacterium_I ramulus	PRJNA530971	PCOS	95.3	0.72	0.0	2477087	39140	0.9870165
SRR8849237_bin.2	d__Bacteria	p__Bacillota_A	c__Clostridia	o__Lachnospirales	f__Lachnospiraceae	g__Lachnospira	s__Lachnospira sp000436475	PRJNA530971	PCOS	97.9	0.67	0.0	2704356	27095	0.9817876666666666
SRR8849237_bin.23	d__Bacteria	p__Bacillota_A	c__Clostridia	o__Oscillospirales	f__Ruminococcaceae	g__Faecalibacterium	s__Faecalibacterium sp900539945	PRJNA530971	PCOS	90.78	0.85	100.0	2095587	17277	0.9741326666666666
SRR8849237_bin.7	d__Bacteria	p__Bacteroidota	c__Bacteroidia	o__Bacteroidales	f__Bacteroidaceae	g__Bacteroides	s__Bacteroides uniformis	PRJNA530971	PCOS	96.91	0.19	100.0	4102570	68371	0.977935380952381
SRR8849238_bin.15	d__Bacteria	p__Bacillota_A	c__Clostridia	o__Oscillospirales	f__Oscillospiraceae	g__Faecousia	s__	PRJNA530971	PCOS	97.43	1.45	33.33	2152158	23650	0.0
SRR8849238_bin.31	d__Bacteria	p__Bacteroidota	c__Bacteroidia	o__Bacteroidales	f__Muribaculaceae	g__UBA7173	s__UBA7173 sp900548705	PRJNA530971	PCOS	98.05	0.19	0.0	2883067	41578	0.0
SRR8849240_bin.29	d__Bacteria	p__Bacillota_A	c__Clostridia	o__Lachnospirales	f__Lachnospiraceae	g__Brotaphodocola	s__Brotaphodocola sp900540335	PRJNA530971	PCOS	97.24	0.0	0.0	2867535	24139	0.0
SRR8849241_bin.10	d__Bacteria	p__Bacteroidota	c__Bacteroidia	o__Bacteroidales	f__Bacteroidaceae	g__Alloprevotella	s__Alloprevotella timonensis	PRJNA530971	Healthy	96.55	2.19	28.57	2564137	13674	0.9652433333333333
SRR8849241_bin.12	d__Bacteria	p__Bacillota_C	c__Negativicutes	o__Veillonellales	f__Megasphaeraceae	g__Megasphaera	s__Megasphaera elsdenii	PRJNA530971	Healthy	100.0	0.0	0.0	2256706	40440	0.981103
SRR8849241_bin.21	d__Bacteria	p__Bacillota_I	c__Bacilli_A	o__Erysipelotrichales	f__Coprobacillaceae	g__Catenibacterium	s__Catenibacterium faecis	PRJNA530971	Healthy	100.0	0.0	0.0	2109480	22155	0.9775
SRR8849241_bin.3	d__Bacteria	p__Bacillota_A	c__Clostridia	o__Lachnospirales	f__Lachnospiraceae	g__Wujia	s__Wujia chipingensis	PRJNA530971	Healthy	98.66	0.0	0.0	3081401	133098	0.98270528
SRR8849242_bin.12	d__Bacteria	p__Bacillota_A	c__Clostridia	o__Lachnospirales	f__Lachnospiraceae	g__Faecalimonas	s__Faecalimonas sp000209385	PRJNA530971	Healthy	96.74	0.0	0.0	2157494	36028	0.0
SRR8849243_bin.10	d__Bacteria	p__Bacillota_A	c__Clostridia	o__Christensenellales	f__CAG-138	g__PeH17	s__PeH17 sp000435055	PRJNA530971	Healthy	93.77	1.34	0.0	1955888	75097	0.9802275
SRR8849243_bin.11	d__Bacteria	p__Bacillota_I	c__Bacilli_A	o__RF39	f__UBA660	g__UBA6448	s__UBA6448 sp000437315	PRJNA530971	Healthy	92.0	0.0	0.0	1215686	42223	0.9798095
SRR8849243_bin.17	d__Bacteria	p__Bacillota_A	c__Clostridia	o__Oscillospirales	f__Oscillospiraceae	g__Vescimonas	s__Vescimonas sp900548615	PRJNA530971	Healthy	84.39	1.34	50.0	1959561	20263	0.0
SRR8849243_bin.20	d__Bacteria	p__Bacteroidota	c__Bacteroidia	o__Bacteroidales	f__Bacteroidaceae	g__Phocaeicola	s__Phocaeicola coprophilus	PRJNA530971	Healthy	93.09	0.0	0.0	2850507	40417	0.0
SRR8849243_bin.21	d__Bacteria	p__Bacillota_A	c__Clostridia	o__Monoglobales	f__Monoglobaceae	g__UMGS1820	s__UMGS1820 sp905201285	PRJNA530971	Healthy	93.06	0.0	0.0	2113740	45650	0.0
SRR8849243_bin.22	d__Bacteria	p__Bacillota_I	c__Bacilli_A	o__RF39	f__UBA660	g__Onthocola_B	s__Onthocola_B sp900544625	PRJNA530971	Healthy	90.45	3.53	0.0	1247699	60543	0.982988
SRR8849243_bin.41	d__Bacteria	p__Bacillota_C	c__Negativicutes	o__Acidaminococcales	f__Acidaminococcaceae	g__Phascolarctobacterium_A	s__Phascolarctobacterium_A sp905200645	PRJNA530971	Healthy	99.38	0.3	0.0	1997431	46827	0.0
SRR8849243_bin.42	d__Bacteria	p__Bacillota_A	c__Clostridia	o__Lachnospirales	f__Lachnospiraceae	g__Lachnospira	s__Lachnospira sp900545725	PRJNA530971	Healthy	98.32	5.37	6.67	2865759	36964	0.0
SRR8849243_bin.43	d__Bacteria	p__Bacillota_I	c__Bacilli_A	o__RF39	f__UBA660	g__CAG-628	s__CAG-628 sp000438415	PRJNA530971	Healthy	91.57	5.62	16.67	1304038	35352	0.0
SRR8849243_bin.53	d__Bacteria	p__Bacillota_C	c__Negativicutes	o__Selenomonadales	f__Selenomonadaceae	g__Mitsuokella	s__Mitsuokella multacida	PRJNA530971	Healthy	99.77	0.08	0.0	2345329	48805	0.9633985
SRR8849243_bin.54	d__Bacteria	p__Bacillota_A	c__Clostridia	o__Oscillospirales	f__Acutalibacteraceae	g__CAG-177	s__CAG-177 sp000431775	PRJNA530971	Healthy	96.38	0.67	0.0	2193583	141513	0.0
SRR8849244_bin.14	d__Bacteria	p__Bacteroidota	c__Bacteroidia	o__Bacteroidales	f__Bacteroidaceae	g__Prevotella	s__Prevotella sp900313215	PRJNA530971	Healthy	91.57	4.37	53.85	2753536	19364	0.0
SRR8849244_bin.2	d__Bacteria	p__Bacillota_A	c__Clostridia	o__Oscillospirales	f__Acutalibacteraceae	g__CAG-177	s__CAG-177 sp003514385	PRJNA530971	Healthy	97.27	0.0	0.0	2143655	90916	0.9717449
SRR8849244_bin.29	d__Bacteria	p__Bacteroidota	c__Bacteroidia	o__Bacteroidales	f__Bacteroidaceae	g__Alloprevotella	s__Alloprevotella sp900539625	PRJNA530971	Healthy	96.28	0.19	0.0	2487478	20820	0.972802
SRR8849244_bin.40	d__Bacteria	p__Bacillota_A	c__Clostridia	o__Lachnospirales	f__Lachnospiraceae	g__Lachnospira	s__Lachnospira eligens	PRJNA530971	Healthy	96.13	0.02	100.0	2521919	96300	0.0
SRR8849244_bin.9	d__Bacteria	p__Bacteroidota	c__Bacteroidia	o__Bacteroidales	f__Muribaculaceae	g__Limisoma	s__Limisoma sp000437795	PRJNA530971	Healthy	97.8	0.0	0.0	2500317	53586	0.9814257142857142
SRR8849245_bin.13	d__Bacteria	p__Bacillota_A	c__Clostridia	o__Lachnospirales	f__Lachnospiraceae	g__Clostridium_AP	s__Clostridium_AP sp000509125	PRJNA530971	Healthy	98.25	0.03	100.0	3636397	51842	0.9878199999999999
SRR8849245_bin.14	d__Bacteria	p__Bacillota_A	c__Clostridia	o__Lachnospirales	f__Anaerotignaceae	g__Metalachnospira	s__Metalachnospira sp900548595	PRJNA530971	Healthy	97.32	0.0	0.0	1977230	39992	0.0
SRR8849245_bin.22	d__Bacteria	p__Actinomycetota	c__Coriobacteriia	o__Coriobacteriales	f__Coriobacteriaceae	g__Collinsella	s__	PRJNA530971	Healthy	91.8	2.58	0.0	2055923	8295	0.0
SRR8849245_bin.27	d__Bacteria	p__Bacteroidota	c__Bacteroidia	o__Bacteroidales	f__Bacteroidaceae	g__Bacteroides	s__Bacteroides intestinalis	PRJNA530971	Healthy	85.53	1.55	57.14	5343416	11709	0.985782
SRR8849245_bin.28	d__Bacteria	p__Bacillota_A	c__Clostridia	o__Lachnospirales	f__Lachnospiraceae	g__Enterocloster	s__Enterocloster sp900541315	PRJNA530971	Healthy	95.63	0.0	0.0	2884296	19769	0.9818804999999999
SRR8849245_bin.30	d__Bacteria	p__Bacillota_A	c__Clostridia	o__Lachnospirales	f__Lachnospiraceae	g__Blautia	s__Blautia sp900541955	PRJNA530971	Healthy	97.43	0.32	0.0	2804937	66466	0.985525
SRR8849245_bin.36	d__Bacteria	p__Bacillota_A	c__Clostridia	o__Lachnospirales	f__Lachnospiraceae	g__Otoolea	s__Otoolea sp000435655	PRJNA530971	Healthy	98.73	0.0	0.0	2690973	46941	0.9671203333333334
SRR8849245_bin.4	d__Bacteria	p__Bacillota_A	c__Clostridia	o__Lachnospirales	f__Lachnospiraceae	g__Coprococcus	s__Coprococcus ammoniilyticus	PRJNA530971	Healthy	99.33	0.0	0.0	2558886	79108	0.9836730909090909
SRR8849245_bin.7	d__Bacteria	p__Bacillota_A	c__Clostridia	o__Lachnospirales	f__Lachnospiraceae	g__Gallintestinimicrobium	s__Gallintestinimicrobium sp900550285	PRJNA530971	Healthy	96.38	0.26	33.33	2793825	25036	0.0
SRR8849246_bin.10	d__Bacteria	p__Actinomycetota	c__Coriobacteriia	o__Coriobacteriales	f__Eggerthellaceae	g__Adlercreutzia	s__Adlercreutzia equolifaciens	PRJNA530971	Healthy	90.36	0.0	0.0	2370755	17419	0.9737386000000001
SRR8849246_bin.13	d__Bacteria	p__Cyanobacteriota	c__Vampirovibrionia	o__Gastranaerophilales	f__Gastranaerophilaceae	g__CAG-196	s__CAG-196 sp002102975	PRJNA530971	Healthy	88.03	0.28	0.0	2130177	66776	0.975227
SRR8849246_bin.14	d__Bacteria	p__Bacillota_A	c__Clostridia	o__Christensenellales	f__Christensenellaceae	g__Christensenella	s__Christensenella intestinihominis	PRJNA530971	Healthy	98.39	0.81	0.0	2909088	76171	0.0
SRR8849246_bin.22	d__Bacteria	p__Actinomycetota	c__Coriobacteriia	o__Coriobacteriales	f__Coriobacteriaceae	g__Collinsella	s__	PRJNA530971	Healthy	93.41	0.81	0.0	1996093	7216	0.0
SRR8849246_bin.35	d__Bacteria	p__Bacillota_A	c__Clostridia	o__Christensenellales	f__QAND01	g__UMGS1975	s__UMGS1975 sp959600905	PRJNA530971	Healthy	80.28	1.28	33.33	1424689	3447	0.0
SRR8849246_bin.39	d__Bacteria	p__Bacillota_A	c__Clostridia	o__Oscillospirales	f__Butyricicoccaceae	g__Pseudobutyricicoccus	s__Pseudobutyricicoccus sp003477405	PRJNA530971	Healthy	95.75	0.67	0.0	2721008	24290	0.0
SRR8849246_bin.40	d__Bacteria	p__Bacillota_A	c__Clostridia	o__Christensenellales	f__Christensenellaceae	g__Guopingia	s__Guopingia tenuis	PRJNA530971	Healthy	96.13	1.65	25.0	2156955	17327	0.0
SRR8849247_bin.10	d__Bacteria	p__Bacillota_A	c__Clostridia	o__Oscillospirales	f__Oscillospiraceae	g__UBA738	s__UBA738 sp003522945	PRJNA530971	Healthy	87.25	0.0	0.0	2071731	13567	0.9810843333333333
SRR8849247_bin.16	d__Bacteria	p__Bacillota_A	c__Clostridia	o__TANB77	f__CAG-508	g__CAG-273	s__CAG-273 sp003534295	PRJNA530971	Healthy	80.16	0.35	0.0	1297485	89471	0.0
SRR8849247_bin.17	d__Bacteria	p__Bacillota_A	c__Clostridia	o__Oscillospirales	f__Ruminococcaceae	g__Angelakisella	s__Angelakisella sp900547385	PRJNA530971	Healthy	87.7	0.0	0.0	1891225	28780	0.9768728333333332
SRR8849247_bin.19	d__Bacteria	p__Bacillota_A	c__Clostridia	o__Christensenellales	f__CAG-138	g__Phil1	s__Phil1 sp001940855	PRJNA530971	Healthy	98.39	0.0	0.0	2346105	39870	0.97477575
SRR8849247_bin.22	d__Bacteria	p__Bacillota_C	c__Negativicutes	o__Acidaminococcales	f__Acidaminococcaceae	g__Phascolarctobacterium_A	s__Phascolarctobacterium_A succinatutens	PRJNA530971	Healthy	100.0	0.9	0.0	2027887	47833	0.9511833333333333
SRR8849247_bin.24	d__Bacteria	p__Bacillota_A	c__Clostridia	o__Oscillospirales	f__Oscillospiraceae	g__Vescimonas	s__Vescimonas sp003539495	PRJNA530971	Healthy	88.57	0.81	50.0	1711042	38990	0.978266
SRR8849247_bin.31	d__Bacteria	p__Bacillota_A	c__Clostridia	o__Oscillospirales	f__Oscillospiraceae	g__Faecousia	s__Faecousia sp000435995	PRJNA530971	Healthy	97.09	1.34	0.0	2651569	57867	0.983555
SRR8849247_bin.37	d__Bacteria	p__Bacillota_A	c__Clostridia	o__Lachnospirales	f__Lachnospiraceae	g__Butyrivibrio_A	s__Butyrivibrio_A sp000431815	PRJNA530971	Healthy	99.33	0.0	0.0	2176116	124918	0.0
SRR8849247_bin.46	d__Bacteria	p__Bacillota_A	c__Clostridia	o__Oscillospirales	f__Ruminococcaceae	g__Negativibacillus	s__Negativibacillus sp000435195	PRJNA530971	Healthy	98.66	0.84	50.0	2114261	106843	0.9705330000000001
SRR8849247_bin.5	d__Bacteria	p__Bacillota_A	c__Clostridia	o__Lachnospirales	f__Lachnospiraceae	g__Faecalimonas	s__Faecalimonas sp029983955	PRJNA530971	Healthy	96.52	0.53	0.0	2790671	25365	0.95402
SRR8849247_bin.57	d__Bacteria	p__Desulfobacterota	c__Desulfovibrionia	o__Desulfovibrionales	f__Desulfovibrionaceae	g__Desulfovibrio	s__Desulfovibrio porci	PRJNA530971	Healthy	99.41	0.3	100.0	3461430	65132	0.0
SRR8849248_bin.23	d__Bacteria	p__Bacteroidota	c__Bacteroidia	o__Bacteroidales	f__Rikenellaceae	g__Alistipes	s__Alistipes communis	PRJNA530971	Healthy	98.64	0.48	0.0	2691723	65901	0.9891196666666667
SRR8849248_bin.30	d__Bacteria	p__Bacillota_A	c__Clostridia	o__Oscillospirales	f__Oscillospiraceae	g__Faecousia	s__Faecousia sp900549705	PRJNA530971	Healthy	98.43	0.0	0.0	2569362	14797	0.9716287499999999
SRR8849249_bin.15	d__Bacteria	p__Bacillota_A	c__Clostridia	o__Oscillospirales	f__Oscillospiraceae	g__Faecousia	s__Faecousia sp900546075	PRJNA530971	Healthy	90.32	1.34	50.0	1990619	7909	0.962812
SRR8849249_bin.3	d__Bacteria	p__Bacillota_I	c__Bacilli_A	o__RF39	f__UBA660	g__CAG-605	s__CAG-605 sp000433255	PRJNA530971	Healthy	92.13	0.0	0.0	1216310	46750	0.0
SRR8849249_bin.35	d__Bacteria	p__Bacillota_A	c__Clostridia	o__Oscillospirales	f__Acutalibacteraceae	g__Ruminococcus_E	s__Ruminococcus_E sp934476515	PRJNA530971	Healthy	97.99	0.0	0.0	2141976	36048	0.985198
SRR8849249_bin.42	d__Bacteria	p__Bacillota_I	c__Bacilli_A	o__RF39	f__UBA660	g__Scybalousia	s__Scybalousia sp900542735	PRJNA530971	Healthy	93.82	0.0	0.0	1266861	34258	0.976818
SRR8849249_bin.45	d__Bacteria	p__Bacillota	c__Bacilli	o__Lactobacillales	f__Streptococcaceae	g__Streptococcus	s__Streptococcus salivarius_D	PRJNA530971	Healthy	81.55	3.08	38.89	1615270	3438	0.0
SRR8849249_bin.7	d__Bacteria	p__Bacillota_I	c__Bacilli_A	o__RF39	f__UBA660	g__Ventrenecus	s__Ventrenecus sp905205665	PRJNA530971	Healthy	91.57	1.69	0.0	1089701	33734	0.0
SRR8849250_bin.12	d__Bacteria	p__Bacteroidota	c__Bacteroidia	o__Bacteroidales	f__Tannerellaceae	g__Parabacteroides	s__Parabacteroides faecalis	PRJNA530971	Healthy	98.26	0.51	0.0	3630989	39073	0.0
SRR8849250_bin.29	d__Bacteria	p__Bacillota_A	c__Clostridia	o__Lachnospirales	f__Lachnospiraceae	g__Eubacterium_F	s__Eubacterium_F sp003491505	PRJNA530971	Healthy	97.99	0.0	0.0	2636323	63477	0.9830588181818182
SRR8849250_bin.31	d__Bacteria	p__Bacillota_A	c__Clostridia	o__Lachnospirales	f__Lachnospiraceae	g__CAG-882	s__CAG-882 sp003486385	PRJNA530971	Healthy	99.11	0.67	0.0	2971017	30614	0.9783276666666666
SRR8849250_bin.35	d__Bacteria	p__Bacillota_A	c__Clostridia	o__Lachnospirales	f__Lachnospiraceae	g__Lachnospira	s__Lachnospira hominis	PRJNA530971	Healthy	99.16	0.0	0.0	2469544	61937	0.9875835000000001
SRR8849250_bin.9	d__Bacteria	p__Bacillota_A	c__Clostridia	o__Lachnospirales	f__Lachnospiraceae	g__Agathobacter	s__Agathobacter sp905209075	PRJNA530971	Healthy	91.26	0.72	0.0	2463384	14790	0.0
SRR8849251_bin.1	d__Bacteria	p__Bacillota_A	c__Clostridia	o__Christensenellales	f__CAG-138	g__SFEL01	s__SFEL01 sp004557245	PRJNA530971	Healthy	98.39	1.54	33.33	1673427	20361	0.9740285
SRR8849251_bin.15	d__Bacteria	p__Bacillota_I	c__Bacilli_A	o__RF39	f__UBA660	g__CAG-302	s__CAG-302 sp900543825	PRJNA530971	Healthy	91.29	1.12	0.0	1059071	41250	0.984312
SRR8849251_bin.2	d__Bacteria	p__Bacillota_A	c__Clostridia	o__Oscillospirales	f__Acutalibacteraceae	g__Ruminococcus_E	s__Ruminococcus_E sp905215855	PRJNA530971	Healthy	99.33	0.34	0.0	2047284	67455	0.0
SRR8849251_bin.31	d__Bacteria	p__Bacillota_A	c__Clostridia	o__Lachnospirales	f__Lachnospiraceae	g__Lachnospira	s__Lachnospira sp003451515	PRJNA530971	Healthy	94.92	0.17	100.0	2386799	40243	0.9730366666666667
SRR8849251_bin.33	d__Bacteria	p__Bacillota_A	c__Clostridia	o__Oscillospirales	f__Oscillospiraceae	g__F23-B02	s__F23-B02 sp001916715	PRJNA530971	Healthy	86.24	1.68	0.0	1850336	9211	0.0
SRR8849251_bin.37	d__Bacteria	p__Bacillota_A	c__Clostridia	o__Oscillospirales	f__Ruminococcaceae	g__YE71	s__YE71 sp000434695	PRJNA530971	Healthy	97.32	0.0	0.0	2255742	90855	0.982812
SRR8849251_bin.38	d__Bacteria	p__Bacillota_A	c__Clostridia	o__Lachnospirales	f__Lachnospiraceae	g__Butyribacter	s__Butyribacter hominis	PRJNA530971	Healthy	97.32	0.0	0.0	2652495	52084	0.0
SRR8849251_bin.5	d__Bacteria	p__Bacillota_A	c__Clostridia	o__Oscillospirales	f__Acutalibacteraceae	g__Pseudoruminococcus	s__Pseudoruminococcus massiliensis	PRJNA530971	Healthy	85.81	1.14	0.0	1737251	4763	0.0
SRR8849251_bin.52	d__Bacteria	p__Bacteroidota	c__Bacteroidia	o__Bacteroidales	f__Muribaculaceae	g__Lepagella	s__Lepagella sp900541835	PRJNA530971	Healthy	97.99	0.0	0.0	2500456	91407	0.0
SRR8849251_bin.58	d__Bacteria	p__Actinomycetota	c__Coriobacteriia	o__Coriobacteriales	f__Coriobacteriaceae	g__Collinsella	s__	PRJNA530971	Healthy	97.82	0.92	50.0	2027770	17501	0.0
SRR8849251_bin.59	d__Bacteria	p__Bacillota_A	c__Clostridia	o__Oscillospirales	f__Oscillospiraceae	g__Limivicinus	s__Limivicinus sp003150355	PRJNA530971	Healthy	83.32	1.16	44.44	1949727	8560	0.0
SRR8849251_bin.8	d__Bacteria	p__Bacillota_A	c__Clostridia	o__Oscillospirales	f__Acutalibacteraceae	g__Eubacterium_R	s__Eubacterium_R sp003526845	PRJNA530971	Healthy	95.97	0.0	0.0	1819442	106803	0.0
SRR8849252_bin.14	d__Bacteria	p__Bacillota_A	c__Clostridia	o__Lachnospirales	f__Lachnospiraceae	g__Anthropogastromicrobium	s__Anthropogastromicrobium aceti	PRJNA530971	Healthy	95.57	0.95	0.0	4869336	10946	0.973097857142857
SRR8849252_bin.2	d__Bacteria	p__Bacillota_A	c__Clostridia	o__TANB77	f__CAG-508	g__CAG-492	s__CAG-492 sp000434015	PRJNA530971	Healthy	80.23	3.4	11.11	1418315	40222	0.0
SRR8849252_bin.21	d__Bacteria	p__Bacillota_A	c__Clostridia	o__Oscillospirales	f__Acutalibacteraceae	g__UBA737	s__UBA737 sp900549055	PRJNA530971	Healthy	92.62	1.34	0.0	2188662	12645	0.0
SRR8849252_bin.26	d__Bacteria	p__Bacillota_A	c__Clostridia	o__Lachnospirales	f__Lachnospiraceae	g__Suilimivivens	s__Suilimivivens sp000438155	PRJNA530971	Healthy	96.18	1.06	0.0	2873433	30839	0.9824775
SRR8849252_bin.29	d__Bacteria	p__Bacillota_A	c__Clostridia	o__Lachnospirales	f__Lachnospiraceae	g__Suilimivivens	s__Suilimivivens aceti	PRJNA530971	Healthy	98.87	2.27	0.0	2851406	57983	0.986621
SRR8849252_bin.3	d__Bacteria	p__Bacillota_A	c__Clostridia	o__Oscillospirales	f__Acutalibacteraceae	g__Eubacterium_R	s__Eubacterium_R sp000433975	PRJNA530971	Healthy	97.32	0.0	0.0	1841038	56609	0.0
SRR8849252_bin.40	d__Bacteria	p__Bacillota_A	c__Clostridia	o__Oscillospirales	f__Oscillospiraceae	g__Faecousia	s__Faecousia sp900540635	PRJNA530971	Healthy	97.18	0.34	0.0	2302293	26349	0.9771523333333333
SRR8849252_bin.6	d__Bacteria	p__Bacillota_A	c__Clostridia	o__Lachnospirales	f__Lachnospiraceae	g__Hominisplanchenecus	s__Hominisplanchenecus faecis	PRJNA530971	Healthy	100.0	0.0	0.0	3039572	27013	0.9826714545454546
SRR8849253_bin.3	d__Bacteria	p__Bacillota_A	c__Clostridia	o__Oscillospirales	f__Oscillospiraceae	g__CAG-170	s__CAG-170 sp900553545	PRJNA530971	Healthy	82.46	1.64	33.33	1569255	9105	0.977808
SRR8849253_bin.44	d__Bacteria	p__Bacillota_I	c__Bacilli_A	o__RF39	f__UBA660	g__CAG-302	s__CAG-302 sp000431795	PRJNA530971	Healthy	89.04	0.05	100.0	1135507	25501	0.9867463333333334
SRR8849253_bin.47	d__Bacteria	p__Bacteroidota	c__Bacteroidia	o__Bacteroidales	f__UBA932	g__Cryptobacteroides	s__Cryptobacteroides sp000435075	PRJNA530971	Healthy	95.95	0.74	0.0	2660452	37160	0.0
SRR8849253_bin.49	d__Bacteria	p__Bacillota_I	c__Bacilli_A	o__RF39	f__UBA660	g__CAG-302	s__CAG-302 sp934162325	PRJNA530971	Healthy	87.64	1.22	33.33	1100634	14842	0.9770985
SRR8849255_bin.5	d__Bacteria	p__Bacillota_A	c__Clostridia	o__Oscillospirales	f__Acutalibacteraceae	g__Eubacterium_R	s__Eubacterium_R sp900539775	PRJNA530971	Healthy	93.22	0.45	0.0	1664022	17623	0.0
SRR8849256_bin.21	d__Bacteria	p__Bacillota_I	c__Bacilli_A	o__Erysipelotrichales	f__Erysipelotrichaceae	g__Holdemania	s__Holdemania sp900120005	PRJNA530971	Healthy	99.05	2.4	16.67	3123416	8675	0.0
SRR8849256_bin.30	d__Bacteria	p__Bacillota_A	c__Clostridia	o__Oscillospirales	f__Acutalibacteraceae	g__Avimonas_A	s__Avimonas_A narfia	PRJNA530971	Healthy	90.49	3.02	40.0	2311810	9348	0.0
SRR8849257_bin.30	d__Bacteria	p__Bacteroidota	c__Bacteroidia	o__Bacteroidales	f__Bacteroidaceae	g__Prevotella	s__Prevotella rara	PRJNA530971	Healthy	98.89	0.23	0.0	3332007	54232	0.9764772500000001
SRR8849257_bin.31	d__Bacteria	p__Bacillota_A	c__Clostridia	o__Christensenellales	f__Aristaeellaceae	g__Ventricola	s__Ventricola sp900542395	PRJNA530971	Healthy	97.19	0.81	100.0	2507349	15113	0.9703223333333334
SRR8849257_bin.35	d__Bacteria	p__Bacillota_A	c__Clostridia	o__Lachnospirales	f__Lachnospiraceae	g__Lachnospira	s__Lachnospira pectinoschiza_A	PRJNA530971	Healthy	99.33	0.02	100.0	2600062	74803	0.9862701428571429
SRR8849257_bin.41	d__Bacteria	p__Bacillota_C	c__Negativicutes	o__Acidaminococcales	f__Acidaminococcaceae	g__CAG-266	s__CAG-266 sp019117495	PRJNA530971	Healthy	96.95	0.62	0.0	1801934	13667	0.965396
SRR8849258_bin.10	d__Bacteria	p__Bacillota_A	c__Clostridia	o__Clostridiales	f__Clostridiaceae	g__Clostridium	s__Clostridium sp900540255	PRJNA530971	Healthy	94.59	0.97	0.0	2732541	19322	0.0
SRR8849258_bin.21	d__Bacteria	p__Bacillota_A	c__Clostridia	o__Lachnospirales	f__Lachnospiraceae	g__Lachnospira	s__Lachnospira sp000436535	PRJNA530971	Healthy	96.75	0.0	0.0	2893410	40836	0.9891595
SRR8849258_bin.30	d__Bacteria	p__Bacillota_C	c__Negativicutes	o__Veillonellales	f__Dialisteraceae	g__Dialister	s__Dialister succinatiphilus	PRJNA530971	Healthy	99.91	0.63	100.0	2306862	14410	0.9617823999999999
SRR8849258_bin.7	d__Bacteria	p__Actinomycetota	c__Coriobacteriia	o__Coriobacteriales	f__Coriobacteriaceae	g__Collinsella	s__	PRJNA530971	Healthy	98.28	2.9	40.0	2325331	12451	0.966622
SRR8849258_bin.8	d__Bacteria	p__Actinomycetota	c__Actinomycetes	o__Actinomycetales	f__Bifidobacteriaceae	g__Bifidobacterium	s__Bifidobacterium bifidum	PRJNA530971	Healthy	94.87	0.27	50.0	2120908	37544	0.9887226
SRR8849259_bin.19	d__Bacteria	p__Bacillota_A	c__Clostridia	o__Christensenellales	f__Aristaeellaceae	g__Ventricola	s__Ventricola sp900548125	PRJNA530971	Healthy	88.52	3.03	50.0	2563877	6386	0.0
SRR8849260_bin.13	d__Bacteria	p__Bacillota_A	c__Clostridia	o__Christensenellales	f__Aristaeellaceae	g__Ventricola	s__Ventricola sp900542445	PRJNA530971	Healthy	93.2	0.58	0.0	2652101	9790	0.9773912000000001
SRR8849260_bin.21	d__Bacteria	p__Actinomycetota	c__Coriobacteriia	o__Coriobacteriales	f__Coriobacteriaceae	g__Collinsella	s__Collinsella intestinalis	PRJNA530971	Healthy	100.0	0.0	0.0	1825942	51685	0.964946
SRR8849260_bin.30	d__Bacteria	p__Bacteroidota	c__Bacteroidia	o__Bacteroidales	f__Tannerellaceae	g__Parabacteroides	s__Parabacteroides acidifaciens	PRJNA530971	Healthy	91.39	0.58	0.0	4817681	27372	0.0
SRR8849260_bin.34	d__Bacteria	p__Bacillota_A	c__Clostridia	o__Oscillospirales	f__CAG-382	g__UMGS882	s__UMGS882 sp900757905	PRJNA530971	Healthy	81.52	0.08	50.0	2050495	3982	0.0
SRR8849260_bin.38	d__Bacteria	p__Bacillota_A	c__Clostridia	o__Lachnospirales	f__Lachnospiraceae	g__Blautia_A	s__Blautia_A wexlerae	PRJNA530971	Healthy	95.19	0.0	0.0	3001052	24858	0.9720483333333334
SRR8849261_bin.24	d__Bacteria	p__Pseudomonadota	c__Gammaproteobacteria	o__Enterobacterales	f__Enterobacteriaceae	g__Klebsiella	s__Klebsiella pneumoniae	PRJNA530971	Healthy	99.27	0.05	0.0	5247711	129465	0.984501
SRR8849261_bin.36	d__Bacteria	p__Bacillota	c__Bacilli	o__Lactobacillales	f__Lactobacillaceae	g__Ligilactobacillus	s__Ligilactobacillus ruminis	PRJNA530971	Healthy	98.95	0.0	0.0	1991178	32951	0.0
SRR8849261_bin.5	d__Bacteria	p__Actinomycetota	c__Coriobacteriia	o__Coriobacteriales	f__Coriobacteriaceae	g__Collinsella	s__Collinsella sp003458415	PRJNA530971	Healthy	99.93	0.81	0.0	2328536	25004	0.964762
SRR8849262_bin.34	d__Bacteria	p__Actinomycetota	c__Coriobacteriia	o__Coriobacteriales	f__Coriobacteriaceae	g__Collinsella	s__	PRJNA530971	Healthy	95.97	0.81	0.0	2118035	54791	0.0
SRR8849263_bin.2	d__Bacteria	p__Bacillota_A	c__Clostridia	o__Oscillospirales	f__Butyricicoccaceae	g__Agathobaculum	s__Agathobaculum sp900544475	PRJNA530971	Healthy	86.03	0.06	100.0	1730631	6916	0.976282
SRR8849263_bin.4	d__Bacteria	p__Actinomycetota	c__Coriobacteriia	o__Coriobacteriales	f__Coriobacteriaceae	g__Collinsella	s__Collinsella sp003469205	PRJNA530971	Healthy	95.74	0.81	0.0	2119342	12761	0.0
SRR8849263_bin.5	d__Bacteria	p__Pseudomonadota	c__Gammaproteobacteria	o__Enterobacterales	f__Enterobacteriaceae	g__Morganella	s__Morganella morganii	PRJNA530971	Healthy	98.91	0.54	100.0	3766588	94256	0.0
SRR8849264_bin.1	d__Bacteria	p__Bacteroidota	c__Bacteroidia	o__Bacteroidales	f__Bacteroidaceae	g__Phocaeicola	s__Phocaeicola vulgatus	PRJNA530971	Healthy	97.98	0.08	0.0	4537319	94778	0.9849862352941178
SRR8849264_bin.5	d__Bacteria	p__Bacillota_A	c__Clostridia	o__Lachnospirales	f__CAG-274	g__CAG-274	s__CAG-274 sp900545305	PRJNA530971	Healthy	98.99	1.34	0.0	2403012	76988	0.98816
SRR8849265_bin.18	d__Bacteria	p__Actinomycetota	c__Actinomycetes	o__Actinomycetales	f__Micrococcaceae	g__Rothia	s__Rothia sp001808955	PRJNA530971	Healthy	88.78	1.86	0.0	2108334	10469	0.0
SRR8849265_bin.4	d__Bacteria	p__Actinomycetota	c__Coriobacteriia	o__Coriobacteriales	f__Coriobacteriaceae	g__Collinsella	s__	PRJNA530971	Healthy	97.58	0.81	0.0	2164003	28077	0.0
SRR8849266_bin.10	d__Bacteria	p__Bacillota_A	c__Clostridia	o__Lachnospirales	f__Lachnospiraceae	g__CAG-194	s__CAG-194 sp000432915	PRJNA530971	Healthy	97.71	1.45	0.0	2586880	28950	0.0
SRR8849266_bin.19	d__Bacteria	p__Verrucomicrobiota	c__Verrucomicrobiae	o__Verrucomicrobiales	f__Akkermansiaceae	g__Akkermansia	s__Akkermansia muciniphila	PRJNA530971	Healthy	97.96	0.0	0.0	2735338	109684	0.9777523333333333
SRR8849266_bin.23	d__Bacteria	p__Bacteroidota	c__Bacteroidia	o__Bacteroidales	f__Rikenellaceae	g__Alistipes	s__Alistipes putredinis	PRJNA530971	Healthy	99.28	0.48	0.0	2066938	34975	0.982065
SRR8849266_bin.24	d__Bacteria	p__Bacteroidota	c__Bacteroidia	o__Bacteroidales	f__Bacteroidaceae	g__Alloprevotella	s__Alloprevotella sp000437675	PRJNA530971	Healthy	82.02	1.21	0.0	2171640	5665	0.0
SRR8849266_bin.26	d__Bacteria	p__Bacteroidota	c__Bacteroidia	o__Bacteroidales	f__Muribaculaceae	g__CAG-1031	s__CAG-1031 sp000431215	PRJNA530971	Healthy	97.74	0.38	50.0	2315763	33834	0.97136
SRR8849266_bin.33	d__Bacteria	p__Actinomycetota	c__Coriobacteriia	o__Coriobacteriales	f__Coriobacteriaceae	g__Collinsella	s__Collinsella sp003466125	PRJNA530971	Healthy	100.0	1.61	0.0	2121792	49498	0.9716186666666666
SRR8849266_bin.39	d__Bacteria	p__Bacillota_A	c__Clostridia	o__Oscillospirales	f__Acutalibacteraceae	g__UBA737	s__UBA737 sp900549755	PRJNA530971	Healthy	95.24	1.68	25.0	2257446	41400	0.0
SRR8849267_bin.13	d__Bacteria	p__Bacillota_A	c__Clostridia	o__UBA1381	f__UBA1381	g__Hominilimicola	s__Hominilimicola fabiformis	PRJNA530971	Healthy	97.32	0.67	0.0	2760497	57291	0.9768066744186045
SRR8849267_bin.15	d__Bacteria	p__Bacillota_A	c__Clostridia	o__Oscillospirales	f__Oscillospiraceae	g__Hominicoprocola	s__Hominicoprocola sp900317525	PRJNA530971	Healthy	95.17	0.0	0.0	1891250	39002	0.975579
SRR8849267_bin.17	d__Bacteria	p__Bacillota_A	c__Clostridia	o__Lachnospirales	f__Lachnospiraceae	g__Gallintestinimicrobium	s__Gallintestinimicrobium propionicum	PRJNA530971	Healthy	97.92	0.19	0.0	2985593	54710	0.9809683124999999
SRR8849267_bin.31	d__Bacteria	p__Bacillota_A	c__Clostridia	o__Oscillospirales	f__Acutalibacteraceae	g__Fimivicinus	s__Fimivicinus sp900544375	PRJNA530971	Healthy	97.99	1.34	0.0	2873831	33459	0.0
SRR8849268_bin.24	d__Bacteria	p__Bacillota_I	c__Bacilli_A	o__RF39	f__UBA660	g__Onthocola_B	s__Onthocola_B sp000437355	PRJNA530971	Healthy	89.33	2.25	0.0	1077399	65620	0.0
SRR8849268_bin.26	d__Bacteria	p__Bacillota_I	c__Bacilli_A	o__RF39	f__UBA660	g__Aphodocola	s__Aphodocola sp000434835	PRJNA530971	Healthy	92.42	1.12	0.0	1071943	85939	0.0
SRR8849268_bin.33	d__Bacteria	p__Bacillota_I	c__Bacilli_A	o__RF39	f__UBA660	g__CAG-433	s__CAG-433 sp900546245	PRJNA530971	Healthy	88.92	1.69	0.0	1264941	57128	0.0
SRR8849268_bin.35	d__Bacteria	p__Bacillota_A	c__Clostridia	o__Oscillospirales	f__Acutalibacteraceae	g__Acutalibacter	s__Acutalibacter timonensis	PRJNA530971	Healthy	97.29	0.34	0.0	3740772	101076	0.0
SRR8849268_bin.38	d__Bacteria	p__Bacillota_I	c__Bacilli_A	o__RF39	f__UBA660	g__HGM10766	s__HGM10766 sp900757295	PRJNA530971	Healthy	86.47	0.0	0.0	1069765	92097	0.0
SRR8849268_bin.4	d__Bacteria	p__Bacillota_I	c__Bacilli_A	o__Erysipelotrichales	f__Erysipelotrichaceae	g__Holdemanella	s__Holdemanella biformis	PRJNA530971	Healthy	96.7	0.0	0.0	2222256	23206	0.9680549999999999
SRR8849268_bin.42	d__Bacteria	p__Bacillota_I	c__Bacilli_A	o__RF39	f__UBA660	g__UBA6414	s__UBA6414 sp934130545	PRJNA530971	Healthy	92.7	0.0	0.0	1179904	90353	0.0
SRR8849268_bin.45	d__Bacteria	p__Actinomycetota	c__Coriobacteriia	o__Coriobacteriales	f__Coriobacteriaceae	g__Collinsella	s__	PRJNA530971	Healthy	100.0	0.81	0.0	2082923	43277	0.0
SRR8849268_bin.6	d__Bacteria	p__Actinomycetota	c__Coriobacteriia	o__Coriobacteriales	f__QAMH01	g__QAMH01	s__QAMH01 sp900544245	PRJNA530971	Healthy	98.39	0.81	0.0	1849261	26995	0.0
SRR8849269_bin.14	d__Bacteria	p__Actinomycetota	c__Coriobacteriia	o__Coriobacteriales	f__Coriobacteriaceae	g__Collinsella	s__	PRJNA530971	Healthy	91.68	2.58	0.0	1999278	6033	0.0
SRR8849269_bin.30	d__Bacteria	p__Bacillota_A	c__Clostridia	o__Oscillospirales	f__Ruminococcaceae	g__Anaerotruncus	s__Anaerotruncus massiliensis	PRJNA530971	Healthy	95.3	1.01	33.33	2676607	6719	0.0
SRR8849269_bin.39	d__Bacteria	p__Bacillota_A	c__Clostridia	o__Oscillospirales	f__Oscillospiraceae	g__Faecousia	s__Faecousia sp000434635	PRJNA530971	Healthy	96.25	0.0	0.0	2336404	26310	0.9707066666666666
SRR8849269_bin.40	d__Bacteria	p__Bacillota_A	c__Clostridia	o__Oscillospirales	f__Acutalibacteraceae	g__UMGS1474	s__UMGS1474 sp900547105	PRJNA530971	Healthy	96.64	2.41	80.0	2141061	25312	0.9819370000000001
SRR8849269_bin.6	d__Bacteria	p__Bacillota_A	c__Clostridia	o__Oscillospirales	f__Oscillospiraceae	g__CAG-170	s__CAG-170 sp003516765	PRJNA530971	Healthy	91.28	0.92	33.33	1953020	22382	0.97461
SRR8849270_bin.12	d__Bacteria	p__Bacillota_A	c__Clostridia	o__Lachnospirales	f__Lachnospiraceae	g__Otoolea	s__Otoolea symbiosa	PRJNA530971	Healthy	98.84	0.0	0.0	4728858	21960	0.0
SRR8849270_bin.14	d__Bacteria	p__Bacteroidota	c__Bacteroidia	o__Bacteroidales	f__Bacteroidaceae	g__Phocaeicola	s__Phocaeicola massiliensis	PRJNA530971	Healthy	94.43	0.74	0.0	3373430	26523	0.988445
SRR8849270_bin.15	d__Bacteria	p__Bacillota_A	c__Clostridia	o__Lachnospirales	f__Lachnospiraceae	g__Schaedlerella	s__Schaedlerella glycyrrhizinilytica_A	PRJNA530971	Healthy	95.81	0.0	0.0	2946960	19802	0.979195
SRR8849270_bin.9	d__Bacteria	p__Bacillota_C	c__Negativicutes	o__Veillonellales	f__Dialisteraceae	g__Allisonella	s__Allisonella histaminiformans	PRJNA530971	Healthy	98.1	0.0	0.0	1721335	56797	0.0
SRR8849271_bin.18	d__Bacteria	p__Bacteroidota	c__Bacteroidia	o__Bacteroidales	f__Rikenellaceae	g__Alistipes_A	s__Alistipes_A sp900539755	PRJNA530971	Healthy	98.94	0.48	0.0	2391206	36844	0.9796233333333334
SRR8849271_bin.26	d__Bacteria	p__Bacteroidota	c__Bacteroidia	o__Bacteroidales	f__Muribaculaceae	g__CAG-873	s__CAG-873 sp001701165	PRJNA530971	Healthy	96.02	0.89	25.0	2404003	19123	0.0
SRR8849271_bin.38	d__Bacteria	p__Bacteroidota	c__Bacteroidia	o__Bacteroidales	f__Bacteroidaceae	g__Prevotella	s__Prevotella merdae	PRJNA530971	Healthy	91.43	0.05	0.0	2570029	13505	0.0
SRR8849271_bin.6	d__Bacteria	p__Verrucomicrobiota	c__Lentisphaeria	o__Victivallales	f__Victivallaceae	g__Victivallis	s__Victivallis sp900551245	PRJNA530971	Healthy	85.78	3.51	0.0	3752787	10095	0.0
SRR8849272_bin.13	d__Bacteria	p__Bacillota_A	c__Clostridia	o__Oscillospirales	f__Oscillospiraceae	g__Limivicinus	s__Limivicinus sp900547315	PRJNA530971	Healthy	86.96	0.13	100.0	1870142	12525	0.984855
SRR8849273_bin.12	d__Bacteria	p__Pseudomonadota	c__Gammaproteobacteria	o__Enterobacterales	f__Enterobacteriaceae	g__Escherichia	s__Escherichia coli	PRJNA530971	Healthy	99.46	0.25	0.0	4732746	69407	0.9687802727272729
SRR8849273_bin.14	d__Bacteria	p__Bacteroidota	c__Bacteroidia	o__Bacteroidales	f__Bacteroidaceae	g__Prevotella	s__Prevotella copri_B	PRJNA530971	Healthy	98.65	1.08	0.0	3302268	48343	0.9670874999999998
SRR8849273_bin.19	d__Bacteria	p__Bacillota_A	c__Clostridia	o__Oscillospirales	f__Oscillospiraceae	g__Scatomorpha	s__Scatomorpha sp900546485	PRJNA530971	Healthy	94.3	0.34	100.0	2510406	65866	0.0
SRR8849273_bin.24	d__Bacteria	p__Bacillota_A	c__Clostridia	o__Oscillospirales	f__Ruminococcaceae	g__Negativibacillus	s__Negativibacillus faecipullorum	PRJNA530971	Healthy	91.44	2.01	0.0	2242867	10866	0.0
SRR8849273_bin.31	d__Bacteria	p__Bacillota_A	c__Clostridia	o__Tissierellales	f__Peptoniphilaceae	g__Parvimonas	s__Parvimonas micra	PRJNA530971	Healthy	88.32	1.83	0.0	1345521	11554	0.0
SRR8849273_bin.35	d__Bacteria	p__Bacillota_A	c__Clostridia	o__Oscillospirales	f__Ruminococcaceae	g__Ruthenibacterium	s__	PRJNA530971	Healthy	97.62	1.36	0.0	4362730	35084	0.0
SRR8849273_bin.42	d__Bacteria	p__Bacillota_A	c__Clostridia	o__Lachnospirales	f__Lachnospiraceae	g__Enterocloster	s__Enterocloster bolteae	PRJNA530971	Healthy	92.66	1.32	50.0	5197910	12663	0.9725435
SRR8849273_bin.5	d__Bacteria	p__Bacillota_A	c__Clostridia	o__Oscillospirales	f__Ruminococcaceae	g__Ruthenibacterium	s__Ruthenibacterium merdipullorum	PRJNA530971	Healthy	97.28	0.68	0.0	2351832	61179	0.986743
SRR8849275_bin.13	d__Bacteria	p__Bacillota_A	c__Clostridia	o__Oscillospirales	f__Acutalibacteraceae	g__Ruminococcus_E	s__Ruminococcus_E bromii_B	PRJNA530971	Healthy	99.33	0.67	0.0	2030003	117595	0.9758141509433961
SRR8849275_bin.15	d__Bacteria	p__Actinomycetota	c__Coriobacteriia	o__Coriobacteriales	f__Coriobacteriaceae	g__Collinsella	s__	PRJNA530971	Healthy	100.0	0.81	0.0	2143394	67642	0.953849
SRR8849275_bin.16	d__Bacteria	p__Bacillota_A	c__Clostridia	o__Oscillospirales	f__Ruminococcaceae	g__Ruminococcus_C	s__Ruminococcus_C callidus	PRJNA530971	Healthy	96.98	0.0	0.0	2729781	16598	0.9738254285714285
SRR8849275_bin.31	d__Bacteria	p__Bacillota_A	c__Clostridia	o__Oscillospirales	f__Oscillospiraceae	g__Vescimonas	s__Vescimonas sp000435975	PRJNA530971	Healthy	85.01	1.09	50.0	1669836	12387	0.9756944999999999
SRR8849275_bin.35	d__Bacteria	p__Bacillota_A	c__Clostridia	o__Oscillospirales	f__Butyricicoccaceae	g__Agathobaculum	s__Agathobaculum hominis	PRJNA530971	Healthy	96.19	0.34	100.0	2022378	25205	0.9759421111111111
SRR8849275_bin.45	d__Bacteria	p__Bacillota_A	c__Clostridia	o__Lachnospirales	f__Lachnospiraceae	g__Butyribacter	s__Butyribacter intestini	PRJNA530971	Healthy	97.32	0.0	0.0	3203701	28745	0.9834579999999999
SRR8849276_bin.11	d__Bacteria	p__Bacteroidota	c__Bacteroidia	o__Bacteroidales	f__Bacteroidaceae	g__Prevotella	s__Prevotella copri_A	PRJNA530971	Healthy	95.81	0.8	33.33	3050250	20548	0.0
SRR8849276_bin.17	d__Bacteria	p__Bacteroidota	c__Bacteroidia	o__Bacteroidales	f__Bacteroidaceae	g__Phocaeicola	s__Phocaeicola coprocola	PRJNA530971	Healthy	96.02	0.25	0.0	3145480	38723	0.98697775
SRR8849276_bin.23	d__Bacteria	p__Bacillota_A	c__Clostridia	o__Oscillospirales	f__Oscillospiraceae	g__Vescimonas	s__Vescimonas cirricatena	PRJNA530971	Healthy	91.0	0.0	0.0	1822076	37130	0.9764372727272725
SRR8849276_bin.28	d__Bacteria	p__Bacillota_A	c__Clostridia	o__Christensenellales	f__Aristaeellaceae	g__Firm-10	s__Firm-10 sp004552515	PRJNA530971	Healthy	82.29	2.28	0.0	2632120	5448	0.0
SRR8849276_bin.38	d__Bacteria	p__Bacillota_A	c__Clostridia	o__Monoglobales	f__Monoglobaceae	g__UMGS1820	s__UMGS1820 sp900545865	PRJNA530971	Healthy	96.09	0.89	50.0	2787360	23407	0.0
SRR8849276_bin.7	d__Bacteria	p__Bacillota_A	c__Clostridia	o__Oscillospirales	f__Ruminococcaceae	g__Negativibacillus	s__Negativibacillus sp019423685	PRJNA530971	Healthy	96.98	1.34	0.0	2049813	19827	0.0
SRR8849276_bin.8	d__Bacteria	p__Bacillota_A	c__Clostridia	o__Oscillospirales	f__CAG-382	g__UMGS1387	s__UMGS1387 sp900551295	PRJNA530971	Healthy	92.27	1.34	0.0	2260481	11688	0.0
SRR8849277_bin.29	d__Bacteria	p__Bacteroidota	c__Bacteroidia	o__Bacteroidales	f__Bacteroidaceae	g__Prevotella	s__Prevotella sp900540375	PRJNA530971	Healthy	95.09	0.59	33.33	3368587	50986	0.0
SRR8849277_bin.33	d__Bacteria	p__Pseudomonadota	c__Gammaproteobacteria	o__Enterobacterales	f__Enterobacteriaceae	g__Klebsiella	s__Klebsiella ornithinolytica	PRJNA530971	Healthy	99.16	1.66	5.56	5496244	101663	0.0
SRR8849278_bin.1	d__Bacteria	p__Bacillota_A	c__Clostridia	o__Oscillospirales	f__Acutalibacteraceae	g__Hominenteromicrobium	s__Hominenteromicrobium mulieris	PRJNA530971	Healthy	97.99	0.0	0.0	2348008	139824	0.9758035454545454
SRR8849278_bin.12	d__Bacteria	p__Actinomycetota	c__Actinomycetes	o__Actinomycetales	f__Bifidobacteriaceae	g__Bifidobacterium	s__Bifidobacterium adolescentis	PRJNA530971	Healthy	99.43	0.09	0.0	2083830	101206	0.9814149090909091
SRR8849278_bin.3	d__Bacteria	p__Actinomycetota	c__Coriobacteriia	o__Coriobacteriales	f__Coriobacteriaceae	g__Collinsella	s__	PRJNA530971	Healthy	98.39	1.88	0.0	2213253	24266	0.0
SRR8849279_bin.3	d__Bacteria	p__Bacteroidota	c__Bacteroidia	o__Bacteroidales	f__Rikenellaceae	g__Alistipes	s__Alistipes shahii	PRJNA530971	Healthy	98.17	0.58	50.0	2833933	41489	0.9856443125000001
SRR8849279_bin.45	d__Bacteria	p__Bacillota_A	c__Clostridia	o__Oscillospirales	f__Oscillospiraceae	g__Vescimonas	s__Vescimonas sp000435555	PRJNA530971	Healthy	83.83	0.17	100.0	1734764	13711	0.9718873333333332
SRR8849280_bin.10	d__Bacteria	p__Actinomycetota	c__Coriobacteriia	o__Coriobacteriales	f__Coriobacteriaceae	g__Collinsella	s__	PRJNA530971	Healthy	99.19	0.81	0.0	2324999	50886	0.0
SRR8849280_bin.13	d__Bacteria	p__Bacillota_A	c__Clostridia	o__Lachnospirales	f__Lachnospiraceae	g__Oliverpabstia	s__Oliverpabstia faecicola	PRJNA530971	Healthy	95.89	0.95	50.0	2686952	36613	0.9779815000000001
SRR8849280_bin.2	d__Bacteria	p__Bacillota_A	c__Clostridia	o__Peptostreptococcales	f__Peptostreptococcaceae	g__Romboutsia	s__Romboutsia timonensis	PRJNA530971	Healthy	95.77	1.06	50.0	2893639	11176	0.9804510000000001
SRR8849280_bin.20	d__Bacteria	p__Bacteroidota	c__Bacteroidia	o__Bacteroidales	f__Bacteroidaceae	g__Phocaeicola	s__Phocaeicola plebeius	PRJNA530971	Healthy	99.09	0.56	100.0	3528391	45501	0.0
SRR8849280_bin.21	d__Bacteria	p__Bacillota_A	c__Clostridia	o__Clostridiales	f__Clostridiaceae	g__Clostridium	s__Clostridium lentum	PRJNA530971	Healthy	99.17	1.1	25.0	2549843	57519	0.98169
SRR8849280_bin.35	d__Bacteria	p__Bacillota_A	c__Clostridia	o__Oscillospirales	f__Acutalibacteraceae	g__Ruminococcus_E	s__Ruminococcus_E sp003438075	PRJNA530971	Healthy	97.65	1.68	33.33	2285861	35894	0.969174
SRR8849280_bin.7	d__Bacteria	p__Bacillota_A	c__Clostridia	o__Lachnospirales	f__Lachnospiraceae	g__Limivivens	s__Limivivens faecihominis	PRJNA530971	Healthy	95.09	0.63	0.0	3131122	36171	0.9860485000000001
SRR8849281_bin.15	d__Bacteria	p__Bacillota_A	c__Clostridia	o__Lachnospirales	f__Lachnospiraceae	g__Roseburia	s__Roseburia inulinivorans	PRJNA530971	PCOS	98.63	0.24	0.0	3524968	38125	0.9742539583333333
SRR8849281_bin.19	d__Bacteria	p__Bacillota_A	c__Clostridia	o__Lachnospirales	f__Lachnospiraceae	g__Bariatricus	s__Bariatricus comes	PRJNA530971	PCOS	97.37	0.1	0.0	2768883	36117	0.9790797272727274
SRR8849281_bin.28	d__Bacteria	p__Bacteroidota	c__Bacteroidia	o__Bacteroidales	f__Bacteroidaceae	g__Phocaeicola	s__Phocaeicola dorei	PRJNA530971	PCOS	95.8	1.01	20.0	5455158	15520	0.9849306666666667
SRR8849282_bin.11	d__Bacteria	p__Bacillota_C	c__Negativicutes	o__Acidaminococcales	f__Acidaminococcaceae	g__Phascolarctobacterium	s__Phascolarctobacterium sp900545535	PRJNA530971	PCOS	95.79	1.75	0.0	2389590	46666	0.965994
SRR8849282_bin.14	d__Bacteria	p__Bacillota_A	c__Clostridia	o__Lachnospirales	f__Lachnospiraceae	g__Enterocloster	s__Enterocloster sp001517625	PRJNA530971	PCOS	96.74	0.0	0.0	2964496	43600	0.990319
SRR8849282_bin.17	d__Bacteria	p__Actinomycetota	c__Coriobacteriia	o__Coriobacteriales	f__Coriobacteriaceae	g__Collinsella	s__Collinsella sp900543945	PRJNA530971	PCOS	100.0	1.61	50.0	2165182	84947	0.951443
SRR8849282_bin.24	d__Bacteria	p__Bacillota_I	c__Bacilli_A	o__Erysipelotrichales	f__Coprobacillaceae	g__Thomasclavelia	s__Thomasclavelia ramosa	PRJNA530971	PCOS	99.06	0.0	0.0	3679340	71618	0.9877622500000001
SRR8849282_bin.27	d__Bacteria	p__Bacillota	c__Bacilli	o__Lactobacillales	f__Lactobacillaceae	g__Lactobacillus	s__Lactobacillus kefiranofaciens	PRJNA530971	PCOS	80.56	1.46	0.0	1682607	4987	0.0
SRR8849282_bin.3	d__Bacteria	p__Actinomycetota	c__Actinomycetes	o__Actinomycetales	f__Bifidobacteriaceae	g__Bifidobacterium	s__Bifidobacterium longum	PRJNA530971	PCOS	99.62	0.12	100.0	2190505	32135	0.9834594871794872
SRR8849283_bin.16	d__Bacteria	p__Bacillota_A	c__Clostridia	o__Oscillospirales	f__Ruminococcaceae	g__Ruminococcus_C	s__Ruminococcus_C sp900545285	PRJNA530971	PCOS	83.1	1.14	0.0	1914729	6706	0.0
SRR8849283_bin.24	d__Bacteria	p__Actinomycetota	c__Coriobacteriia	o__Coriobacteriales	f__Coriobacteriaceae	g__Collinsella	s__Collinsella tanakaei	PRJNA530971	PCOS	99.49	0.81	100.0	2373496	113763	0.98836
SRR8849283_bin.43	d__Bacteria	p__Bacteroidota	c__Bacteroidia	o__Bacteroidales	f__Muribaculaceae	g__Muribaculum	s__Muribaculum sp003150235	PRJNA530971	PCOS	97.99	1.82	16.67	3543471	20722	0.0
SRR8849284_bin.3	d__Bacteria	p__Bacillota_C	c__Negativicutes	o__Veillonellales	f__Dialisteraceae	g__Dialister	s__Dialister sp900538805	PRJNA530971	Healthy	87.56	2.11	57.14	1885924	3274	0.0
SRR8849284_bin.5	d__Bacteria	p__Actinomycetota	c__Coriobacteriia	o__Coriobacteriales	f__Coriobacteriaceae	g__Collinsella	s__Collinsella aerofaciens_Q	PRJNA530971	Healthy	93.79	1.61	0.0	1915925	12148	0.0
SRR8849286_bin.10	d__Bacteria	p__Bacillota_A	c__Clostridia	o__Monoglobales	f__Monoglobaceae	g__UMGS1820	s__UMGS1820 sp900555375	PRJNA530971	Healthy	96.76	1.46	50.0	1811178	13026	0.0
SRR8849287_bin.12	d__Bacteria	p__Bacteroidota	c__Bacteroidia	o__Bacteroidales	f__Rikenellaceae	g__Tidjanibacter	s__Tidjanibacter inops	PRJNA530971	PCOS	96.39	0.0	0.0	2093526	81104	0.985792
SRR8849287_bin.34	d__Bacteria	p__Desulfobacterota	c__Desulfovibrionia	o__Desulfovibrionales	f__Desulfovibrionaceae	g__Desulfovibrio	s__Desulfovibrio desulfuricans_E	PRJNA530971	PCOS	92.23	0.33	50.0	2982281	5349	0.0
SRR8849287_bin.9	d__Bacteria	p__Bacillota_A	c__Clostridia	o__Oscillospirales	f__Acutalibacteraceae	g__Eubacterium_R	s__Eubacterium_R sp900539325	PRJNA530971	PCOS	98.66	0.0	0.0	1912712	198876	0.0
SRR8849288_bin.26	d__Bacteria	p__Bacillota_A	c__Clostridia	o__Lachnospirales	f__Lachnospiraceae	g__Eubacterium_G	s__Eubacterium_G sp000434315	PRJNA530971	PCOS	100.0	0.17	0.0	2957285	47395	0.9859055
SRR8849288_bin.9	d__Bacteria	p__Cyanobacteriota	c__Vampirovibrionia	o__Gastranaerophilales	f__Gastranaerophilaceae	g__Stercorousia	s__Stercorousia sp001765415	PRJNA530971	PCOS	88.89	0.95	0.0	1920057	84358	0.986053
SRR8849289_bin.13	d__Bacteria	p__Bacillota_A	c__Clostridia	o__Lachnospirales	f__Lachnospiraceae	g__Brotaphodocola	s__Brotaphodocola sp900770535	PRJNA530971	PCOS	96.2	0.63	0.0	3010256	54554	0.0
SRR8849289_bin.2	d__Bacteria	p__Bacillota_A	c__Clostridia	o__Lachnospirales	f__Lachnospiraceae	g__Coprococcus	s__Coprococcus aceti	PRJNA530971	PCOS	99.33	0.0	0.0	2683319	84884	0.9830250625
SRR8849289_bin.5	d__Bacteria	p__Bacillota_A	c__Clostridia	o__Lachnospirales	f__Lachnospiraceae	g__Lachnospira	s__Lachnospira sp000437735	PRJNA530971	PCOS	99.31	0.0	0.0	2799095	67479	0.9841336428571429
SRR8849290_bin.1	d__Bacteria	p__Bacteroidota	c__Bacteroidia	o__Bacteroidales	f__Marinifilaceae	g__Butyricimonas	s__Butyricimonas virosa	PRJNA530971	PCOS	98.91	0.0	0.0	4298410	76501	0.9814723333333334
SRR8849290_bin.10	d__Bacteria	p__Bacillota_I	c__Bacilli_A	o__Erysipelotrichales	f__Coprobacillaceae	g__Coprobacillus	s__Coprobacillus cateniformis	PRJNA530971	PCOS	100.0	2.83	0.0	3644930	66183	0.0
SRR8849290_bin.19	d__Bacteria	p__Bacillota_C	c__Negativicutes	o__Veillonellales	f__Megasphaeraceae	g__Caecibacter	s__Caecibacter hominis	PRJNA530971	PCOS	99.4	1.8	66.67	2364026	27129	0.0
SRR8849290_bin.23	d__Bacteria	p__Bacillota_A	c__Clostridia	o__Lachnospirales	f__Lachnospiraceae	g__Eisenbergiella	s__Eisenbergiella tayi	PRJNA530971	PCOS	97.97	4.31	0.0	7010764	67224	0.9833
SRR8849290_bin.28	d__Bacteria	p__Bacillota_A	c__Clostridia	o__Lachnospirales	f__Lachnospiraceae	g__Otoolea	s__Otoolea saccharolyticum_A	PRJNA530971	PCOS	88.45	0.84	0.0	2478509	7904	0.0
SRR8849290_bin.29	d__Bacteria	p__Bacillota_A	c__Clostridia	o__Lachnospirales	f__Lachnospiraceae	g__Alitiscatomonas	s__Alitiscatomonas aceti	PRJNA530971	PCOS	95.57	0.0	0.0	2641177	20115	0.9831253333333333
SRR9330774_bin.11	d__Bacteria	p__Bacillota_A	c__Clostridia	o__Lachnospirales	f__Lachnospiraceae	g__Ruminococcus_B	s__Ruminococcus_B gnavus	PRJNA549764	PCOS	97.53	0.83	50.0	2446246	17571	0.9770960000000001
SRR9330774_bin.13	d__Bacteria	p__Pseudomonadota	c__Gammaproteobacteria	o__Burkholderiales	f__Burkholderiaceae	g__Sutterella	s__Sutterella merdavium	PRJNA549764	PCOS	97.38	1.28	33.33	2389158	57539	0.0
SRR9330774_bin.2	d__Bacteria	p__Bacillota_A	c__Clostridia	o__Oscillospirales	f__Oscillospiraceae	g__Lawsonibacter	s__Lawsonibacter asaccharolyticus	PRJNA549764	PCOS	95.97	0.36	50.0	2408101	20976	0.987374
SRR9330774_bin.4	d__Bacteria	p__Bacteroidota	c__Bacteroidia	o__Bacteroidales	f__Bacteroidaceae	g__Phocaeicola	s__Phocaeicola faecigallinarum	PRJNA549764	PCOS	95.64	0.5	0.0	3255955	46803	0.0
SRR9330774_bin.7	d__Bacteria	p__Bacillota_C	c__Negativicutes	o__Veillonellales	f__Veillonellaceae	g__Veillonella	s__Veillonella atypica	PRJNA549764	PCOS	94.95	1.1	50.0	1709772	15604	0.0
SRR9330775_bin.15	d__Bacteria	p__Pseudomonadota	c__Gammaproteobacteria	o__Burkholderiales	f__Burkholderiaceae	g__Duodenibacillus	s__Duodenibacillus intestinavium	PRJNA549764	PCOS	98.75	0.62	0.0	2203240	59194	0.979198
SRR9330775_bin.16	d__Bacteria	p__Bacteroidota	c__Bacteroidia	o__Bacteroidales	f__Marinifilaceae	g__Odoribacter	s__Odoribacter splanchnicus	PRJNA549764	PCOS	98.92	0.0	0.0	3851988	35734	0.9837296666666667
SRR9330775_bin.23	d__Bacteria	p__Bacillota_A	c__Clostridia	o__Oscillospirales	f__Acutalibacteraceae	g__CAG-177	s__CAG-177 sp003538135	PRJNA549764	PCOS	97.05	0.0	0.0	2229312	68726	0.0
SRR9330775_bin.4	d__Bacteria	p__Desulfobacterota	c__Desulfovibrionia	o__Desulfovibrionales	f__Desulfovibrionaceae	g__Bilophila	s__Bilophila wadsworthia	PRJNA549764	PCOS	100.0	0.0	0.0	4316992	54905	0.9842031052631577
SRR9330776_bin.17	d__Bacteria	p__Bacteroidota	c__Bacteroidia	o__Bacteroidales	f__Marinifilaceae	g__Butyricimonas	s__Butyricimonas hominis	PRJNA549764	Healthy	80.25	3.32	36.36	3906159	5183	0.0
SRR9330776_bin.9	d__Bacteria	p__Bacteroidota	c__Bacteroidia	o__Bacteroidales	f__Bacteroidaceae	g__Bacteroides	s__Bacteroides stercoris	PRJNA549764	Healthy	94.9	1.18	50.0	3639588	23980	0.9864660000000001
SRR9330777_bin.13	d__Bacteria	p__Pseudomonadota	c__Gammaproteobacteria	o__Burkholderiales	f__Burkholderiaceae	g__Sutterella	s__Sutterella wadsworthensis	PRJNA549764	Healthy	100.0	0.0	0.0	2788226	66527	0.97845
SRR9330777_bin.17	d__Bacteria	p__Bacillota_A	c__Clostridia	o__Oscillospirales	f__Oscillospiraceae	g__Hominicoprocola	s__Hominicoprocola sp003522105	PRJNA549764	Healthy	84.94	0.89	0.0	1452723	8596	0.0
SRR9330777_bin.20	d__Bacteria	p__Bacteroidota	c__Bacteroidia	o__Bacteroidales	f__Bacteroidaceae	g__Paraprevotella	s__Paraprevotella clara	PRJNA549764	Healthy	99.26	0.0	0.0	3618811	67686	0.9756437
SRR9330777_bin.23	d__Bacteria	p__Bacillota_A	c__Clostridia	o__Lachnospirales	f__Lachnospiraceae	g__Roseburia	s__Roseburia intestinalis	PRJNA549764	Healthy	96.78	0.36	0.0	3157632	44858	0.9861213999999999
SRR9330778_bin.16	d__Bacteria	p__Pseudomonadota	c__Gammaproteobacteria	o__Burkholderiales	f__Burkholderiaceae	g__Parasutterella	s__Parasutterella excrementihominis	PRJNA549764	Healthy	100.0	0.0	0.0	2470047	66018	0.9781375
SRR9330778_bin.17	d__Bacteria	p__Bacillota_A	c__Clostridia	o__Oscillospirales	f__Acutalibacteraceae	g__CAG-217	s__CAG-217 sp000436335	PRJNA549764	Healthy	97.32	0.0	0.0	1870142	170283	0.9720818750000001
SRR9330778_bin.2	d__Bacteria	p__Bacillota_A	c__Clostridia	o__Lachnospirales	f__Lachnospiraceae	g__Agathobacter	s__Agathobacter faecis	PRJNA549764	Healthy	97.75	0.97	0.0	2776894	68634	0.9823012857142857
SRR9330778_bin.4	d__Bacteria	p__Bacillota_C	c__Negativicutes	o__Veillonellales	f__Dialisteraceae	g__Dialister	s__Dialister invisus	PRJNA549764	Healthy	94.62	1.98	75.0	1632220	17070	0.9703627499999999
SRR9330778_bin.6	d__Bacteria	p__Bacteroidota	c__Bacteroidia	o__Bacteroidales	f__Rikenellaceae	g__Alistipes	s__Alistipes sp900541585	PRJNA549764	Healthy	98.03	0.48	100.0	3104874	106872	0.984811
SRR9330779_bin.12	d__Bacteria	p__Pseudomonadota	c__Gammaproteobacteria	o__Burkholderiales	f__Burkholderiaceae	g__Mesosutterella	s__Mesosutterella multiformis	PRJNA549764	Healthy	98.12	0.0	0.0	2334449	47681	0.9851302857142857
SRR9330779_bin.26	d__Bacteria	p__Bacillota_A	c__Clostridia	o__Oscillospirales	f__Ruminococcaceae	g__Negativibacillus	s__Negativibacillus massiliensis	PRJNA549764	Healthy	98.21	1.34	0.0	2377813	32831	0.9722963333333334
SRR9330779_bin.28	d__Bacteria	p__Cyanobacteriota	c__Vampirovibrionia	o__Gastranaerophilales	f__Gastranaerophilaceae	g__Zag111	s__Zag111 sp905215335	PRJNA549764	Healthy	87.18	1.14	0.0	2140180	76873	0.0
SRR9330779_bin.29	d__Bacteria	p__Bacillota_A	c__Clostridia	o__Oscillospirales	f__Acutalibacteraceae	g__Ruminococcus_E	s__Ruminococcus_E intestinalis	PRJNA549764	Healthy	98.66	0.34	0.0	2156055	32716	0.9788275999999998
SRR9330779_bin.3	d__Bacteria	p__Bacteroidota	c__Bacteroidia	o__Bacteroidales	f__Rikenellaceae	g__Alistipes_A	s__Alistipes_A hominis	PRJNA549764	Healthy	97.6	0.12	0.0	2595467	18087	0.9856795999999999
SRR9330779_bin.31	d__Bacteria	p__Bacteroidota	c__Bacteroidia	o__Bacteroidales	f__Rikenellaceae	g__Alistipes	s__Alistipes montrealensis	PRJNA549764	Healthy	100.0	0.48	0.0	3655520	145773	0.979956
SRR9330779_bin.5	d__Bacteria	p__Bacillota_A	c__Clostridia	o__Lachnospirales	f__Lachnospiraceae	g__Enterocloster	s__Enterocloster sp000431375	PRJNA549764	Healthy	99.37	0.63	0.0	3130583	54286	0.9891202857142858
SRR9330780_bin.18	d__Bacteria	p__Bacillota_C	c__Negativicutes	o__Acidaminococcales	f__Acidaminococcaceae	g__Phascolarctobacterium	s__Phascolarctobacterium faecium	PRJNA549764	PCOS	99.38	0.95	0.0	2151292	30134	0.9852947857142856
SRR9330780_bin.23	d__Bacteria	p__Bacteroidota	c__Bacteroidia	o__Bacteroidales	f__Bacteroidaceae	g__Bacteroides	s__Bacteroides clarus	PRJNA549764	PCOS	95.9	0.0	0.0	3697340	57759	0.9870663333333334
SRR9330782_bin.11	d__Bacteria	p__Bacillota_A	c__Clostridia	o__Lachnospirales	f__Lachnospiraceae	g__Coprococcus	s__Coprococcus eutactus	PRJNA549764	PCOS	97.32	0.0	0.0	2784832	37456	0.985569
SRR9330782_bin.14	d__Bacteria	p__Bacillota_A	c__Clostridia	o__Christensenellales	f__Borkfalkiaceae	g__Borkfalkia	s__Borkfalkia sp944359365	PRJNA549764	PCOS	95.56	0.05	0.0	2214458	29262	0.0
SRR9330782_bin.15	d__Bacteria	p__Bacillota_A	c__Clostridia	o__Oscillospirales	f__Ruminococcaceae	g__Huintestinicola	s__Huintestinicola butyrica	PRJNA549764	PCOS	96.64	0.0	0.0	2687643	19055	0.0
SRR9330783_bin.14	d__Bacteria	p__Bacteroidota	c__Bacteroidia	o__Bacteroidales	f__Bacteroidaceae	g__Paraprevotella	s__Paraprevotella xylaniphila	PRJNA549764	PCOS	98.92	0.0	0.0	3474227	65137	0.9859285
SRR9330783_bin.2	d__Bacteria	p__Bacteroidota	c__Bacteroidia	o__Bacteroidales	f__Marinifilaceae	g__Butyricimonas	s__Butyricimonas sp019423345	PRJNA549764	PCOS	80.46	1.08	0.0	2912743	5193	0.0
SRR9330783_bin.3	d__Bacteria	p__Fusobacteriota	c__Fusobacteriia	o__Fusobacteriales	f__Fusobacteriaceae	g__Fusobacterium_A	s__Fusobacterium_A mortiferum	PRJNA549764	PCOS	98.88	1.24	50.0	2517909	32128	0.9842044999999999
SRR9330784_bin.19	d__Bacteria	p__Bacteroidota	c__Bacteroidia	o__Bacteroidales	f__Coprobacteraceae	g__Coprobacter	s__Coprobacter fastidiosus	PRJNA549764	Healthy	94.15	0.19	0.0	3097644	21454	0.97522
SRR9330784_bin.3	d__Bacteria	p__Bacteroidota	c__Bacteroidia	o__Bacteroidales	f__Rikenellaceae	g__Alistipes	s__Alistipes finegoldii	PRJNA549764	Healthy	99.35	0.0	0.0	3125812	117200	0.9812582857142856
SRR9330786_bin.2	d__Bacteria	p__Pseudomonadota	c__Gammaproteobacteria	o__Burkholderiales	f__Burkholderiaceae	g__Sutterella	s__Sutterella sp900762445	PRJNA549764	Healthy	89.75	1.28	0.0	1815578	5310	0.0
SRR9330786_bin.8	d__Bacteria	p__Bacteroidota	c__Bacteroidia	o__Bacteroidales	f__Bacteroidaceae	g__Bacteroides	s__Bacteroides thetaiotaomicron	PRJNA549764	Healthy	90.38	0.49	100.0	5242664	86658	0.979981
SRR9330787_bin.4	d__Bacteria	p__Pseudomonadota	c__Gammaproteobacteria	o__Burkholderiales	f__Burkholderiaceae	g__Sutterella	s__Sutterella sp905206365	PRJNA549764	Healthy	95.45	1.24	0.0	2133232	6969	0.0
SRR9330788_bin.15	d__Bacteria	p__Bacteroidota	c__Bacteroidia	o__Bacteroidales	f__Bacteroidaceae	g__Bacteroides	s__Bacteroides salyersiae	PRJNA549764	Healthy	96.42	0.74	50.0	4846275	44538	0.0
SRR9330788_bin.24	d__Bacteria	p__Bacillota_A	c__Clostridia	o__Oscillospirales	f__Ruminococcaceae	g__Faecalibacterium	s__Faecalibacterium duncaniae	PRJNA549764	Healthy	93.82	1.4	100.0	2177637	19529	0.9738103333333333
SRR9330788_bin.5	d__Bacteria	p__Bacillota_A	c__Clostridia	o__Lachnospirales	f__Lachnospiraceae	g__Agathobacter	s__Agathobacter sp900543445	PRJNA549764	Healthy	93.37	0.63	33.33	2280094	22635	0.9791226
SRR9330790_bin.11	d__Bacteria	p__Bacillota_C	c__Negativicutes	o__Acidaminococcales	f__Acidaminococcaceae	g__Acidaminococcus	s__Acidaminococcus intestini	PRJNA549764	Healthy	99.4	0.0	0.0	2061576	47735	0.0
SRR9330790_bin.31	d__Bacteria	p__Bacillota_A	c__Clostridia	o__Oscillospirales	f__CAG-272	g__UMGS911	s__UMGS911 sp900545935	PRJNA549764	Healthy	87.75	1.34	50.0	2073367	10658	0.0
SRR9330790_bin.5	d__Bacteria	p__Bacillota_A	c__Clostridia	o__Lachnospirales	f__Lachnospiraceae	g__Acetatifactor	s__Acetatifactor intestinalis	PRJNA549764	Healthy	93.64	1.21	0.0	2589811	15173	0.9776367142857143
SRR9330790_bin.8	d__Bacteria	p__Bacteroidota	c__Bacteroidia	o__Bacteroidales	f__Rikenellaceae	g__Alistipes_A	s__Alistipes_A indistinctus	PRJNA549764	Healthy	99.52	0.0	0.0	2638962	63217	0.9849220000000001
SRR9330791_bin.14	d__Bacteria	p__Bacillota_A	c__Clostridia	o__Lachnospirales	f__Lachnospiraceae	g__Acetatifactor	s__Acetatifactor acetigignens	PRJNA549764	Healthy	97.27	1.06	33.33	3141104	18726	0.9809424615384614
SRR9330791_bin.26	d__Bacteria	p__Bacillota_A	c__Clostridia	o__Lachnospirales	f__Lachnospiraceae	g__Mediterraneibacter	s__Mediterraneibacter lactaris	PRJNA549764	Healthy	98.25	0.0	0.0	2211949	26749	0.98817275
SRR9330791_bin.35	d__Bacteria	p__Bacteroidota	c__Bacteroidia	o__Bacteroidales	f__Rikenellaceae	g__Alistipes_A	s__Alistipes_A ihumii	PRJNA549764	Healthy	99.52	0.0	0.0	2536356	44764	0.9832335
SRR9330791_bin.4	d__Bacteria	p__Bacillota_A	c__Clostridia	o__Oscillospirales	f__Oscillospiraceae	g__CAG-170	s__CAG-170 sp000432135	PRJNA549764	Healthy	93.29	0.67	0.0	2566502	25378	0.9767277999999999
SRR9330791_bin.7	d__Bacteria	p__Bacillota_A	c__Clostridia	o__Oscillospirales	f__Oscillospiraceae	g__CAG-103	s__CAG-103 sp900757655	PRJNA549764	Healthy	92.71	0.0	0.0	1886542	50681	0.98052775
SRR9330792_bin.12	d__Bacteria	p__Bacillota_C	c__Negativicutes	o__Veillonellales	f__Veillonellaceae	g__Veillonella	s__Veillonella sp900757715	PRJNA549764	Healthy	100.0	0.0	0.0	2063312	140861	0.0
SRR9330792_bin.7	d__Bacteria	p__Bacteroidota	c__Bacteroidia	o__Bacteroidales	f__Tannerellaceae	g__Parabacteroides	s__Parabacteroides goldsteinii	PRJNA549764	Healthy	98.15	0.19	100.0	6173531	82734	0.959546
SRR9330793_bin.2	d__Bacteria	p__Bacillota_C	c__Negativicutes	o__Acidaminococcales	f__Acidaminococcaceae	g__URXU01	s__URXU01 sp900541915	PRJNA549764	Healthy	100.0	1.2	0.0	1991053	84504	0.0
SRR9330794_bin.15	d__Bacteria	p__Pseudomonadota	c__Gammaproteobacteria	o__Burkholderiales	f__Burkholderiaceae	g__Comamonas	s__Comamonas kerstersii	PRJNA549764	PCOS	82.34	2.06	8.33	2972215	4901	0.0
SRR9330795_bin.8	d__Bacteria	p__Bacillota	c__Bacilli	o__Lactobacillales	f__Streptococcaceae	g__Streptococcus	s__Streptococcus thermophilus	PRJNA549764	PCOS	98.22	0.58	50.0	1605176	15369	0.983863
SRR9330795_bin.9	d__Bacteria	p__Bacillota_A	c__Clostridia	o__Oscillospirales	f__Acutalibacteraceae	g__Clostridium_A	s__Clostridium_A leptum	PRJNA549764	PCOS	99.33	0.0	0.0	2790675	111490	0.9828215
SRR9330798_bin.3	d__Bacteria	p__Pseudomonadota	c__Gammaproteobacteria	o__Burkholderiales	f__Burkholderiaceae	g__Duodenibacillus	s__Duodenibacillus intestinigallinarum	PRJNA549764	PCOS	96.88	0.62	0.0	2076235	43546	0.9818216666666667
SRR9330799_bin.4	d__Bacteria	p__Bacillota_A	c__Clostridia	o__Lachnospirales	f__Anaerotignaceae	g__Anaerotignum	s__Anaerotignum sp001304995	PRJNA549764	PCOS	97.32	0.0	0.0	2635975	66191	0.0
SRR9330800_bin.15	d__Bacteria	p__Pseudomonadota	c__Gammaproteobacteria	o__Burkholderiales	f__Burkholderiaceae	g__Sutterella	s__Sutterella wadsworthensis_A	PRJNA549764	PCOS	100.0	0.62	0.0	2447046	36950	0.98571825
SRR9330800_bin.19	d__Bacteria	p__Bacillota_C	c__Negativicutes	o__Acidaminococcales	f__Acidaminococcaceae	g__Phascolarctobacterium	s__Phascolarctobacterium sp900544795	PRJNA549764	PCOS	85.72	2.18	15.38	1690201	3875	0.0
SRR9330801_bin.12	d__Bacteria	p__Bacteroidota	c__Bacteroidia	o__Bacteroidales	f__Bacteroidaceae	g__Prevotella	s__Prevotella stercorea	PRJNA549764	PCOS	98.33	0.0	0.0	2774711	22499	0.9693440000000001
SRR9330801_bin.2	d__Bacteria	p__Bacteroidota	c__Bacteroidia	o__Bacteroidales	f__Bacteroidaceae	g__Phocaeicola	s__Phocaeicola plebeius_A	PRJNA549764	PCOS	98.51	0.0	0.0	4110867	45495	0.9776545
