Genomic bins	SRR9330785	SRR9330784	SRR8849279	SRR8849278	SRR8849277	SRR8849276	SRR8849275	SRR8849274	SRR8849273	SRR8849272	SRR8849271	SRR8849270	SRR9330790	SRR9330791	SRR17301512	SRR17301513	SRR17301514	SRR17301515	SRR17301516	SRR17301517	SRR17301518	SRR17301519	SRR9330783	SRR9330778	SRR9330779	SRR9330776	SRR9330777	SRR9330774	SRR9330775	SRR8849282	SRR8849283	SRR8849280	SRR8849281	SRR8849286	SRR8849287	SRR8849284	SRR8849285	SRR8849288	SRR8849289	SRR9330782	SRR17301525	SRR17301524	SRR8849208	SRR8849209	SRR17301521	SRR17301520	SRR17301523	SRR17301522	SRR8849202	SRR8849203	SRR8849200	SRR8849201	SRR8849206	SRR8849207	SRR8849204	SRR8849205	SRR17301529	SRR9330792	SRR9330793	SRR8849245	SRR17301528	SRR8849290	SRR17301538	SRR17301539	SRR9330786	SRR17301532	SRR17301533	SRR17301530	SRR17301531	SRR17301536	SRR17301537	SRR17301534	SRR17301535	SRR8849218	SRR8849198	SRR8849199	SRR8849211	SRR8849210	SRR8849213	SRR8849212	SRR8849215	SRR8849214	SRR8849217	SRR8849216	SRR9330780	SRR17301549	SRR17301548	SRR17301547	SRR17301546	SRR17301545	SRR17301544	SRR17301543	SRR17301542	SRR17301541	SRR17301540	SRR8849228	SRR8849229	SRR8849224	SRR8849225	SRR8849226	SRR8849227	SRR8849220	SRR8849221	SRR8849222	SRR8849223	SRR17301558	SRR17301559	SRR17301554	SRR17301555	SRR17301556	SRR17301557	SRR17301550	SRR17301551	SRR17301552	SRR17301553	SRR8849233	SRR8849232	SRR8849231	SRR8849230	SRR8849237	SRR8849236	SRR8849235	SRR8849234	SRR9330794	SRR8849239	SRR8849238	SRR9330795	SRR9330796	SRR9330797	SRR9330798	SRR17301527	SRR9330799	SRR17301561	SRR17301560	SRR8849246	SRR8849247	SRR8849244	SRR17301526	SRR8849242	SRR8849243	SRR8849240	SRR8849241	SRR9330789	SRR8849248	SRR8849249	SRR9330788	SRR8849255	SRR8849254	SRR8849257	SRR8849256	SRR8849251	SRR8849250	SRR8849253	SRR8849252	SRR8849259	SRR8849258	SRR9330787	SRR8849268	SRR8849269	SRR8849260	SRR8849261	SRR8849262	SRR8849263	SRR8849264	SRR8849265	SRR8849266	SRR8849267	SRR9330800	SRR9330801
SRR8849273_bin.31	0.0	0.0	0.0	0.0	0.0	0.0	0.0	0.129644	13.417513	0.0	0.0	0.0	0.0	0.0	0.0	0.259519	0.168894	0.077539	0.050498	0.106676	0.148686	0.0	0.0	0.0	0.0	0.0	0.0	0.0	0.0	0.0	0.174548	0.596285	0.0	0.0	0.0	0.0	0.0	0.0	0.0	0.0	0.0	0.0	0.0	0.0	0.046274	0.0	6.517596	0.399428	0.0	0.0	0.0	0.0	0.0	0.0	0.0	0.0	0.0	0.0	0.0	0.223713	0.0	0.0	1.654083	0.123186	0.0	0.228426	0.0	0.0	0.045567	0.0	0.155718	0.059638	0.0	0.0	0.0	0.0	0.0	0.031614	0.0	0.058724	0.869537	0.0	0.212032	0.0	0.0	0.890046	0.0	0.0	0.0	0.0	0.714713	0.039599	0.082008	0.0	1.683194	0.0	0.0	0.0	0.0	0.0	0.082232	0.0	0.0	0.06968	0.274687	0.0	0.048617	0.070144	0.0	1.321117	0.145894	0.102513	0.0	0.0	0.0	0.0	0.0	0.0	0.0	0.0	0.0	0.229539	0.0	0.0	0.0	0.190389	0.0	0.0	0.0	0.0	0.0	0.0	0.0	0.040548	0.045007	0.194387	0.257156	0.0	0.049078	0.0	0.0	0.0	0.0	0.0	0.04615	0.0	0.561621	0.0	0.67651	0.848617	0.0	2.295713	0.0	0.0	0.307409	0.0	0.0	0.0	0.101984	0.0	0.0	0.0	0.186895	0.0	0.0	0.0	0.0	0.0	0.0
SRR9330783_bin.14	0.030207	0.056713	0.00764	0.0	0.125456	0.773153	0.0	2.233075	0.0	10.533628	0.084591	0.0	38.822176	66.082229	0.013373	0.0	0.0	0.0	0.0	0.0	0.0	0.0	59.264253	0.030008	6.810642	0.9958	0.075127	0.014548	1.507536	0.127229	0.003948	0.60702	0.0	0.02104	0.0	0.787089	0.837896	0.008285	0.0	1.224192	0.014156	0.165085	0.017284	9.160552	0.066422	0.255239	0.0	0.452571	7.271978	0.010669	0.201908	0.0	0.0	0.0	0.0	0.0	0.012327	0.024808	0.063008	0.01857	0.663554	0.008347	0.0	0.0	0.022229	0.0	0.075975	0.0	0.0	0.0	0.0	0.004326	0.0	2.112349	0.0	0.0	0.0	0.078487	100.868477	0.027548	0.0	0.0	0.155655	0.023582	0.021537	0.0	0.147893	4.002081	0.0	0.0	0.00492	0.0	0.0	0.00584	0.0	0.750186	0.829683	0.0	0.004394	1.890471	0.010479	1.818587	0.0	0.185936	0.012301	0.0	0.0	0.0	0.0	0.0	0.0	0.0	0.0	0.0	0.017853	0.845905	0.0	0.0	0.024225	0.0	0.589386	0.031754	0.0	0.046469	0.398149	2.1337	0.041468	0.024445	18.751137	0.068054	0.0	0.055175	0.205762	0.0	0.019654	1.051926	0.004203	0.020031	0.449404	6.749107	0.06445	0.125217	0.028306	0.109598	4.344421	0.235166	0.203667	0.0	4.178728	0.012194	0.007991	2.443682	0.596613	1.22959	0.869913	0.027987	4.935556	0.081884	0.301539	0.0	0.560906	0.903441	0.021305	0.009246	0.0	0.0	2.904782	0.032574	0.82026
SRR8849233_bin.20	0.0	0.0	90.986557	0.059839	5.850565	0.014883	128.667608	0.0	0.006596	0.79622	0.769682	0.022893	0.0	0.004356	0.287809	0.0	0.00609	0.008588	0.00362	0.0	0.0	0.0	0.0	0.0	0.004441	0.0	0.0	0.0	0.0	0.663055	0.00597	0.179712	0.00567	0.72152	0.124428	0.025279	0.509686	0.106412	0.085319	0.013103	9.544401	0.0	17.617732	0.049075	0.052111	0.002081	0.003511	0.0	0.00809	0.112564	237.787455	0.041311	0.023372	0.037373	0.003774	0.017648	0.0	0.0	0.0	0.102178	0.624812	1.560038	0.012182	0.002299	0.0	0.002625	0.019266	0.014901	0.019512	0.011007	0.003574	0.831041	0.00902	1.347954	0.0	0.0	100.76632	0.078098	0.0	0.025187	946.43707	0.003252	683.800516	0.054835	0.0	0.007623	0.006389	0.467475	0.0	0.008195	0.002206	0.0	0.0	0.051662	0.008025	0.303237	0.177349	0.033268	0.026445	0.309847	0.253744	0.951702	0.295105	0.087636	0.003123	0.0	0.006063	0.004568	0.0	0.013391	5.146995	0.009893	0.0	42.91767	0.07167	121.557271	0.015517	0.025829	0.0	0.028331	0.192288	0.84979	0.025959	0.008705	0.038167	1.394807	0.003233	0.0	0.0	0.003129	0.0	0.0	0.194542	0.0	0.00543	0.152786	62.792063	5.068188	0.131738	0.939606	0.435599	0.534073	0.0	226.011604	0.67779	0.0	0.06625	0.003419	0.175211	0.208039	0.473425	0.369149	0.350554	2.003331	32.416637	0.26414	0.0	43.508674	1.936544	2.52156	0.533284	0.12921	0.19457	0.038634	0.467792	1.897423	0.159983	0.0	0.0
SRR8849269_bin.40	0.0	0.0	0.460488	0.013681	0.018398	0.216251	0.027118	0.0	0.031605	7.184725	0.129173	0.0	0.0	0.059439	211.113334	0.0	0.053396	0.0	0.0	0.0	0.0	0.057152	0.0	0.0	4.922398	0.0	0.0	0.0	0.718422	0.76832	8.07956	0.022923	0.0	0.046082	0.439415	0.0	6.023426	0.0	0.0	0.029103	0.081781	0.0	0.051675	0.0	0.019334	0.02847	0.0	0.0	0.0	1.517791	0.0	0.0	0.0	0.0	0.0	0.0	0.0	0.0	0.0	0.011321	0.0	0.113647	0.0	0.0	0.0	0.0	0.0	0.0	0.0	0.0	0.0	0.072996	0.0	0.0466	0.0	0.0	0.022778	0.06208	0.093929	0.022288	0.032439	0.0	2.19847	0.0	0.0	0.069945	0.03667	0.140121	0.0	0.0	0.071258	0.0	0.0	0.024982	0.0	6.276696	0.0	0.0	0.016038	0.158155	0.151496	0.262121	0.0	0.03744	0.0	0.0	0.010214	0.030411	0.0	0.05751	0.108576	0.0	0.0	5.243166	0.184451	0.039617	0.049572	0.015603	0.0	0.04252	0.025239	0.847428	0.023743	0.0	0.0	14.92106	0.0	0.0	0.0	0.0	0.0	0.0	41.210065	0.078617	0.046935	17.62664	1.439621	0.073564	0.043682	1.231721	0.113112	0.0	0.0	0.0	0.04946	0.0	0.029328	0.0	0.0	0.061974	0.091159	0.0	4.664622	0.043072	14.309282	0.118976	0.0	15.548281	84.097191	0.06221	0.063637	0.0	0.093004	0.0	0.0	0.06386	0.039047	0.0	0.0
SRR8849245_bin.14	0.032999	0.0	0.073773	0.011705	0.021002	0.082714	0.028324	0.109169	0.045825	0.065871	0.092079	0.0	0.0146	0.015327	0.0	0.0	0.014606	0.0	0.0	0.0	0.0	0.019667	0.392877	0.063793	0.037599	0.0	0.029423	0.0	0.058995	0.64483	0.021838	0.069719	0.011967	0.054131	0.165239	0.091377	0.058381	0.050498	0.026608	0.0	0.057713	0.018409	0.066515	0.02778	0.061761	0.110822	0.0	0.086597	0.0	0.036986	0.057213	0.0	0.0	0.041512	0.0	0.057568	0.0	0.0	0.0	30.615355	0.126577	0.056417	8.141243	0.0	0.077329	0.0	0.0	0.046802	0.0	0.0	0.015305	0.028794	0.025238	0.170229	0.076757	0.075056	0.028094	0.059755	0.0	0.0	0.0	0.139917	0.078219	0.021419	0.038659	0.0	0.0	0.032202	0.0	0.0	0.019829	0.075267	0.0	0.036453	0.0	0.03331	0.021773	0.0	0.0	4.30078	0.043576	0.165605	0.02194	0.009335	0.008176	0.0	0.47747	0.0	0.140488	0.0	0.030623	0.0	0.060941	0.010849	0.038632	0.020683	0.009334	18.737119	0.045278	0.014788	0.0	4.361403	0.0	0.02453	0.026855	1.689982	0.114289	0.0	0.0	0.0	0.057579	0.0	0.019618	2.396341	0.037154	0.030053	0.074633	0.084702	0.109734	0.046658	0.184416	0.0	0.221842	0.053834	0.046489	0.0	0.016147	0.011831	0.209358	0.105804	0.102003	0.0	0.068026	0.091315	0.016476	0.0	0.0	0.026164	0.047204	0.09932	2.233088	0.0	0.011101	0.083251	0.0	0.010966	0.136555	0.026721	0.0
SRR9330779_bin.28	0.0	0.016781	0.0	0.0	0.0	0.0	0.0	0.0	0.0	0.0	0.0	0.0	0.009708	0.012977	0.006562	0.0	0.002653	0.0	0.0	0.0	0.0	0.0	0.0	0.078081	134.17718	2.31198	0.024258	0.016741	0.023225	0.0	0.0	0.0	0.0	0.0	0.0	0.0	0.0	0.0	0.0	0.0	0.0	0.0	0.0	0.0	0.0	0.0	0.0	0.0	0.0	0.0	0.0	0.0	0.0	0.0	0.0	0.0	0.0	0.0	0.0	0.005757	0.0	0.0	0.0	0.0	0.009645	0.0	0.0	0.0	0.0	0.0	0.0	0.023086	0.0	0.026878	0.0	0.0	0.0	0.0	0.0	0.003837	0.0	0.0	0.0	0.0	0.008496	0.0	0.0	0.0	0.0	0.005308	0.0	0.0	0.0	0.0	0.0	0.0	0.0	0.0	0.0	0.0	0.0	0.0	0.012396	0.0	0.0	0.0	0.0	0.0	0.0	0.0	0.0	0.006413	0.0	0.0	0.0	0.0	0.0	0.0	0.0	0.0	0.0	0.15707	0.0	0.016139	0.0	0.0	0.020702	0.024597	0.010137	0.0	0.0	0.01946	0.526662	0.0	0.0	0.0	0.0	0.0	0.008732	0.003924	0.0	0.0	0.0	0.0	0.162864	0.0	0.008668	0.0	0.020222	0.0	0.0	0.007416	0.0	0.00868	0.0	0.0	0.0	0.012463	0.013613	0.0	0.0	0.0	0.0	0.0	0.0	0.0	0.0	0.016503	0.0
SRR9330790_bin.5	12.507306	5.431761	0.792282	0.13672	1.545274	10.637623	10.780963	3.101911	2.611493	6.922949	78.061493	0.027494	79.272578	4.998816	16.796345	0.025578	0.061896	0.0	0.0	0.0	0.0	32.97378	0.064753	0.179144	3.50558	116.405966	3.44023	0.0	28.208609	0.133262	36.171722	0.346745	0.125845	17.286832	9.701034	6.424307	50.6842	178.878287	0.953897	27.912872	13.708399	0.65455	4.844476	5.26705	0.779836	0.0	0.032362	1.34557	7.38177	7.905609	1.9831	48.567423	1.212409	0.287961	0.0	1.755516	3.865296	0.0	0.197244	15.550797	8.278684	0.293363	0.0	0.0	0.0	0.0	1.888041	0.817329	3.234595	0.068337	0.289335	3.329343	0.0	106.80207	18.047616	15.051833	2.33183	0.321997	1.334913	2.934496	0.692247	76.089695	12.678058	13.617998	4.751396	0.033852	0.381165	42.403662	0.0	0.0	14.08341	53.105559	0.0	11.844977	8.956366	1.208966	18.868975	4.379182	0.057968	27.113921	12.658927	8.762449	47.502832	4.13983	2.215571	0.0	0.547318	0.142142	0.0	2.323043	4.110978	0.0	1.412313	15.624813	28.215325	107.31713	1.694829	1.517321	129.08139	0.040736	22.622231	1.276863	0.03694	133.949826	0.908247	65.061158	11.084902	0.109657	0.043098	0.0	0.134754	0.057602	27.345986	12.849047	0.884426	3.249208	47.010074	15.782066	0.314557	10.229093	4.39745	53.091586	0.0	1.008421	6.843387	8.459366	0.69909	71.673008	2.209952	2.617305	2.566997	2.697029	33.119838	73.114757	7.894236	0.672833	44.734853	1.263508	72.516437	4.976277	0.746949	3.60453	0.310365	0.068376	0.070795	26.954589	0.0	0.107406	3.918419
SRR8849276_bin.23	0.437076	0.078937	37.015952	0.2473	1.46987	56.385162	0.547816	27.072878	1.196687	14.133872	1.323771	0.0	42.621387	11.153583	0.401175	0.134985	0.171971	0.006771	0.039831	0.024369	0.0	0.046706	0.02715	0.104641	0.12744	0.663209	4.279267	0.0	0.157014	0.090643	0.098603	0.080409	0.016958	12.545318	2.839442	0.02118	6.441781	2.878676	0.038819	0.154974	0.310253	1.400741	0.310911	8.823305	37.720068	0.147274	0.944421	5.745037	0.051735	0.055757	0.078514	0.036059	0.057133	0.073463	0.0	0.659309	0.017451	0.0	0.019217	0.173505	26.763078	0.196704	0.018458	0.0	0.0	0.0	0.142521	0.133513	0.05599	0.0	0.017044	109.242955	0.040755	1.631728	0.0	0.173085	0.618311	0.093967	0.15239	1.067996	130.59740799999997	35.462158	4.800077	0.042718	0.089019	59.200744	0.494038	2.471875	0.0	0.0	0.780872	0.027857	0.0	12.584604	0.055853	0.13814	0.039401	0.063799	0.049895	5.174972	0.218558	3.602338	0.879395	0.03617	0.053017	0.0	45.4223565	0.09857	0.017279	0.0	6.346198	0.0	10.021446	0.215552	0.875047	9.650574	21.058913	0.056518	0.146415	0.067493	0.089264	30.296556	0.063809	0.086086	0.0	0.423521	2.40041	0.061792	0.0	0.0	0.191532	0.062291	27.418789	0.190578	24.068492	8.213639	0.488387	0.256315	0.045446	0.803986	0.662447	3.297856	0.0	0.091412	7.149424	0.036706	2.238587	0.04161	9.198309	0.258434	5.799182	4.393391	12.770844	1.604862	0.111855	2.914696	0.081676	1.184812	74.230953	0.07033	8.133207	0.066695	0.231697	0.030456499999999997	0.164882	1.714136	0.200004	0.084492	1.315614
SRR9330775_bin.16	25.347494	17.543257	4.337834	0.044398	0.589708	8.931918	1.711242	14.159255	1.230668	8.817998	7.578212	0.095794	29.767793	19.643132	4.428431	0.0	1.920957	0.0	0.0	0.0	0.0	14.106438	21.425278	41.885362	28.157364	12.423329	24.868702	0.131991	188.142131	0.025874	0.470659	0.266602	1.861577	0.445897	5.726896	12.386061	4.185218	0.0	3.011803	48.735088	1.759021	2.112972	0.02151	4.356601	6.425883	2.552005	0.0	1.626111	0.020876	6.364007	3.323259	0.0	5.721268	31.360264	7.320939	0.798228	5.779161	0.081177	8.52707	0.131336	14.188134	17.355241	0.0	0.0	0.059095	0.0	25.889931	0.005651	17.009241	0.0	0.421977	22.142687	3.182901	4.501136	5.268601	42.021982	2.854975	0.048596	0.0	0.135572	3.027081	6.215104	5.456909	0.013209	0.073042	2.448827	1.260798	0.0	0.599147	0.0	0.529633	0.99067	0.0	0.0	0.666937	7.821709	0.0	0.010051	0.04314	3.518507	0.032025	11.122765	2.477023	0.249157	16.563335	0.0	0.0	0.0	0.0	0.011123	5.673145	0.0	0.879066	1.391602	0.259331	17.546947	0.867287	0.0	6.29747	0.0	0.0119	0.048699	9.170151	15.910916	1.871983	11.551597	30.187005	0.125679	0.06554	0.1367	8.239416	81.31947	2.201812	2.319875	6.244278	31.654624	9.805596	3.521671	0.079326	4.060991	6.638144	3.284166	0.108707	0.92144	0.698692	28.50634	0.282554	0.0	14.837946	16.798721	2.31745	7.242603	8.732417	1.019465	0.150209	0.049029	10.283703	0.349274	4.439484500000001	4.175896	1.092962	2.2775245	0.018693	0.019858	0.009712	4.861728	8.073683	40.168412	19.280454
SRR8849288_bin.26	1.200791	1.018315	15.848569	0.084671	3.852642	2.340692	0.214291	0.0	15.128403	0.165511	0.087281	0.010774	0.019643	0.018111	0.114595	0.007465	0.011985	0.010869	0.0	0.018213	0.0	21.420311	0.095541	0.015529	0.861843	0.041443	2.522026	0.0	5.922831	0.412473	18.548625	0.045332	0.009972	0.071832	0.373729	0.027617	2.055805	43.633791	0.008381	0.038251	0.046251	0.678645	1.141074	0.016572	0.746916	10.182788	0.126626	0.014822	0.053676	25.073029	0.041276	0.152035	0.207524	0.0	0.0	0.08732	0.041017	0.0	0.0	0.081494	2.693724	0.032798	0.007825	0.0	0.0	0.01844	0.199807	0.067811	0.028416	0.020873	0.113796	1.912104	0.020243	0.133864	0.0	5.9843	1.354894	0.180341	60.77319	0.083863	14.795058	0.102292	0.042035	0.049302	0.116636	0.562658	0.128372	0.180877	0.0	0.0	0.233137	0.063489	0.0	0.831353	0.021711	11.701931	0.607329	0.083472	0.018721	0.059631	19.162261	0.241875	1.847647	2.989343	50.338666	0.0	0.035179	0.025832	0.0	6.043838	0.076115	0.032614	0.0	0.053614	5.334683	2.496679	78.23474	1.699333	0.054645	0.020382	0.047963	0.786646	0.02098	0.008167	0.058203	25.127351	0.670847	0.008618	0.0	0.0	0.121494	3.558299	0.155449	0.656191	0.050503	1.408119	15.448998	0.027517	0.403009	1.848271	0.158883	0.47494	1.045898	0.020329	16.591301	1.655006	0.599504	0.036153	7.092213	161.748986	23.850621	5.12945	3.143401	0.170828	6.76586	1.172464	1.80749	3.840931	0.155066	22.704774	3.61978	1.918368	0.775249	0.017707	0.027317	7.305	0.015009	0.0	0.0
SRR8849273_bin.24	0.0	0.0	0.084491	0.0	0.0	0.082404	0.048655	0.0	14.117986	0.168994	0.201343	0.0	0.0	0.0	0.095531	0.0	0.427328	0.0	0.0	0.0	0.0	0.0	0.0	0.0	0.0	0.0	0.759336	0.0	0.0	0.0	0.673524	0.0	0.0	0.0	0.037531	0.0	0.0	0.0	0.0	0.070972	0.067757	0.0	0.0	0.0	0.0	0.018362	0.0	0.0	0.0	0.0	0.0	0.0	0.0	0.0	0.0	0.0	0.0	0.0	0.0	0.0	0.0	0.081761	0.0	0.0	0.0	0.893233	0.0	0.0	0.0	0.0	0.0	0.043649	0.0	0.0	0.0	0.0	0.0	0.0	0.0	0.0	0.0	0.0	0.0	0.0	0.0	0.0	0.18035	0.069274	0.0	0.0	0.0	0.0	0.0	0.923176	0.0	0.0	0.0	0.0	0.0	0.0	0.062818	0.0	0.0	0.0	0.0	0.0	0.0	0.0	0.0	0.0	0.0	0.0	0.0	0.05113	0.171108	0.0	0.041306	0.0	0.0	0.0	0.0	0.0	0.0	0.0	0.0	0.058877	0.0	0.0	0.0	0.0	0.0	0.0	0.041299	0.0	0.0	0.076287	0.027875	0.061671	0.0	0.044892	0.0	1.025515	0.0	0.0	0.0	0.0	0.0	0.0	0.0	0.055982	0.0	1.209436	0.03454	0.0	0.0	0.0	0.0	0.0	0.0	0.0	6.597087	0.0	0.0	0.0	0.0	0.0	0.0	0.0	0.0
SRR9330794_bin.15	0.0	0.0	0.0	0.0	0.0	0.0	0.0	0.0	0.0	0.0	0.0	0.0	0.0	0.0	0.0	0.0	0.099927	0.0	0.0	0.0	0.0	0.0	0.0	0.0	0.0	0.0	0.0	0.0	0.0	0.0	0.0	0.0	0.0	0.0	0.0	0.0	0.0	0.0	0.0	0.0	0.0	0.0	0.0	0.0	0.0	0.0	0.0	0.0	0.0	0.0	0.0	0.0	0.0	0.0	0.0	0.0	0.0	0.0	0.0	0.0	0.0	0.0	0.0	0.0	0.0	0.0	0.0	0.0	0.0	0.0	0.0	0.245308	0.0	0.0	0.0	0.0	0.0	0.0	0.0	0.0	0.0	0.0	0.0	0.0	0.0	0.0	0.0	0.0	0.0	0.0	0.0	0.0	0.0	0.0	0.0	0.0	0.0	0.0	0.0	0.0	0.0	0.0	0.0	0.0	0.0	0.0	0.0	0.0	0.0	0.0	0.0	0.0	0.0	0.0	0.0	0.353549	0.0	0.0	0.0	0.0	0.0	0.0	0.0	25.694463	0.0	0.0	0.685554	0.0	0.0	0.0	0.0	0.0	0.0	0.0	0.0	0.0	0.0	0.0	0.0	0.0	0.0	0.070694	0.0	0.0	0.0	0.0	0.0	0.0	0.0	0.0	0.0906185	0.0	0.0	0.0	0.0	0.0	0.0	0.0	0.0	0.0	0.0	0.0	0.0	0.0	0.0	0.0	0.0	0.0	0.470808
SRR9330788_bin.24	6.923093	0.049271	199.606281	470.383866	305.785919	53.694949	167.229352	30.927951	11.699752	19.752975	18.189128	0.128354	7.746679	10.899639	1.930915	0.074839	0.06745	0.198999	42.998263	26.851059	0.092525	0.044415	1.274782	46.087535	8.564175500000001	1.750984	1.746326	0.0	3.587054	2.2111815000000004	729.907223	414.905991	0.055153	59.899334	75.255155	69.84711	14.910159	57.49938	113.60992	15.873808	21.379189	92.044908	53.767165	7.931445	625.561285	543.0916035	5.47289	0.103885	52.38506	40.357668	51.72628	49.98194049999999	0.132106	0.433453	0.075802	102.424803	0.052758	0.0	1.286645	2.010361	39.809239	50.871786	0.085324	0.04315	0.0	0.0672035	25.567501	139.811882	0.06313	0.145093	0.136939	179.416599	0.247571	77.757814	21.45963	63.797053	131.419554	328.39396	12.95515	206.23242649999997	22.075264	1.761339	192.644979	136.1326895	0.028703	0.145017	47.052019	3.427663	0.026219	0.0	34.306607	0.153503	0.0	3.094989	52.526786	0.972589	176.02022	0.226593	0.147349	24.29105	163.444475	74.544251	170.704746	0.629534	53.583704	0.086035	0.061379	218.761839	0.083749	0.229442	24.29409	0.474927	0.280015	80.5997	21.243289	306.857615	274.948565	207.619283	107.046532	0.622593	153.912371	71.519517	0.401855	0.6506855	38.969188	116.485351	1.120368	6.672686	0.0	0.02924	0.264961	3.97594	26.733051	67.86088050000001	32.151794	54.911047	136.024756	14.004943	166.690646	23.055473	195.573979	13.228245	0.0	106.452844	336.938379	70.535194	34.492816	72.109656	86.940825	158.669163	7.055843	11.886271	19.2058	154.204905	13.672645	126.041709	6.282878	31.7922875	86.672074	52.717925	355.932387	0.61016	200.900849	20.683858	0.5434410000000001	28.081922	0.191726	6.753724	0.041895
SRR8849210_bin.1	0.0	0.0	0.242032	0.0	0.046813	0.039619	2.652955	0.0	0.060242	0.0	0.0	0.0	0.0	0.0	0.0	0.112318	0.027981	0.0	0.0	0.155538	0.0	0.0	0.0	0.091368	0.0	0.0	0.057286	0.078189	0.0	0.017169	0.026149	0.057624	0.0	0.0	0.04168	0.0	0.0	0.521869	0.0	0.0	0.03934	0.0	0.140063	0.0	0.559648	0.0	0.0	0.0	0.0	0.0	0.090971	0.635051	0.0	0.028376	0.045624	0.0	0.0	0.0	0.0	0.126976	0.0	0.018427	0.045834	0.0	0.0	0.247813	0.099572	0.0	0.0	0.0	0.037436	0.215566	0.415242	0.108443	2.165035	0.0	0.057807	95.389589	0.0	0.058968	0.152349	0.0	0.064037	0.008229	0.0	0.020487	0.0	0.903188	0.0	0.026792	0.0349	0.0	0.189291	0.147025	0.026665	0.0	0.0	7.415835	0.0	0.0	0.045383	0.12212	0.069745	0.081746	0.015551	0.0	0.22443	0.060648	0.315873	5.460798	0.0	2.518158	0.470744	2.526162	0.0	0.680906	0.0	0.0	0.0	0.135524	0.623438	0.751334	0.0	0.0	0.0	0.0	0.0	0.036556	0.0	0.0	0.0	0.0	0.142618	0.0	0.0	0.192184	0.028377	0.022144	0.518367	0.0	0.262078	0.0	0.0	0.071856	2.893697	0.0	0.117768	0.0	0.07363	0.0	0.110842	0.0	0.0	0.220655	0.0	0.254788	0.0	0.035081	0.0	0.121486	0.201114	0.0	0.0	0.191279	7.23212	0.0	0.0	0.0	0.0
SRR17301549_bin.22	0.0	0.0	0.0	0.0	0.0	0.0	0.0	0.0	0.0	0.0	0.0	0.0	0.0	0.0	0.0	0.0	0.0	0.0	0.0	0.0	0.0	0.0	0.0	0.0	0.0	0.0	0.0	0.0	0.0	0.0	0.0	0.0	0.0	0.0	0.0	0.0	0.0	0.0	0.0	0.0	0.0	0.0	0.0	0.0	0.0	0.0	0.0	0.0	0.0	0.0	0.0	0.13223	0.0	0.0	0.0	0.0	0.0	0.0	0.0	0.0	0.0	0.0	0.0	0.0	0.0	0.0	0.0	0.0	0.0	0.0	0.0	0.0	0.0	0.0	0.0	0.0	0.0	0.0	0.0	0.0	0.0	0.0	0.0	0.0	0.0	48.069858	0.0	0.0	0.0	0.0	0.372394	0.0	0.0	0.0	0.0	0.0	0.0	0.0	0.0	0.0	0.0	0.0	0.0	0.0	0.0	0.0	0.0	0.0	0.0	0.0	0.0	0.0	0.0	0.0	0.0	0.0	0.0	0.0	0.0	0.0	0.0	0.0	0.0	0.0	0.0	0.0	0.0	0.0	0.0	0.0	0.0	0.0	0.0	0.0	0.0	0.0	0.0	0.0	0.0	0.0	0.0	0.0	0.0	0.0	0.0	0.0	0.0	0.0	0.0	0.0	0.0	0.0	0.0	0.0	0.0	0.0	0.0	0.0	0.0	0.0	0.0	0.0	0.0	0.0	0.0	0.0	0.0	0.0	0.0
SRR8849252_bin.14	1.865702	0.120057	39.027851	0.6195	7.050359	8.197876	80.188141	5.350247	9.075229	19.3853645	3.764178	0.0	0.324646	0.365578	0.027389	0.1068925	0.0	0.83248	0.0	3.933566	0.0	0.192733	1.200105	0.403275	0.312072	0.0	0.777685	0.0	0.197072	13.236493	23.455572	70.754089	0.0	10.639433	7.056183	15.466342	13.347412	16.01116	13.866919	16.548375	0.297191	0.362849	5.079492	5.478998	5.030486	0.826779	0.60126	0.0	0.0	3.723542	6.842033	7.555792	0.077039	7.785013	0.0	7.880977	0.0	0.0	0.066942	37.735626	5.23337	0.554073	0.0	0.0	0.0	1.276585	1.766203	0.634539	2.445866	0.0	0.267889	0.878831	0.0	45.553042	1.884537	7.622273	2.1377015000000004	39.982989	18.065105	24.406237	49.525617	26.979547	9.677091	36.643326	1.240802	4.093333	4.657339	0.608255	0.0	0.0	1.754223	0.1299615	0.0	1.933588	0.397168	1.983369	9.529038	5.140772	1.955058	3.454094	23.552359	5.049614	6.043241999999999	2.397514	39.216056	0.0	0.139792	3.156364	0.0	35.345952	4.021451	0.0	13.785093	1.369155	0.200987	18.682639	77.602104	0.276847	24.912564	8.144128	0.073456	54.481666	4.159635	0.095622	8.355624	23.391072	0.0	0.193101	1.146607	0.0	1.771512	0.355447	2.07313	1.500904	0.131248	2.318491	4.128705	0.221257	41.197326	11.503837	13.287865	6.861456499999999	2.924755	18.614559	14.30649	6.138705	4.799522	7.262575	26.612466	31.5761745	30.030001	11.55849	21.978369	45.761283	6.616637	24.511903	3.962148	23.93346	34.329561999999996	30.224292	6.877602	4.479993	0.367225	0.097476	0.178113	2.867844	0.0	0.845309	4.073079
SRR8849289_bin.13	1.118022	0.122097	0.992281	0.402941	0.568485	0.574716	2.995186	0.995832	1.153284	5.573214	2.503017	0.025716	0.585902	0.774385	0.491622	0.037065	0.149654	0.022832	0.108541	0.058716	0.0	0.343042	0.17403	0.08527	0.410396	0.686085	0.535469	0.0	0.115024	0.142972	3.037244	0.767632	0.517812	1.475484	0.596252	0.725279	3.287096	2.46532	53.467001	0.963155	0.540723	0.55805	1.534341	10.819806	0.424216	0.150845	0.075291	0.012544	0.931326	1.090044	3.139445	0.044035	1.528094	0.028023	0.0	5.80759	0.012004	0.010538	2.768994	22.678285	1.403295	0.11076	0.008146	0.0	0.033944	0.055875	1.624021	0.798788	0.518757	0.016352	2.48054	0.293202	0.038814	4.970865	1.622123	5.173595	0.478032	39.2595325	1.852698	1.2632	2.428359	1.160499	0.980588	0.822937	6.613705	0.226404	0.079741	0.15166	0.0	0.0	0.16211	0.039696	0.024818	0.158646	0.068963	0.225421	3.913558	1.846645	0.054308	1.068816	1.058043	1.176155	6.04215	0.697983	0.80578	0.0	0.062618	2.062883	0.011309	6.048194	0.190786	0.04929	0.102204	0.079466	0.061438	1.36111	0.425923	0.188306	1.860349	0.738299	9.516081	0.431402	0.149954	1.895515	6.343665	1.555404	0.20361	0.393788	0.0	0.165511	0.364101	0.185721	0.447817	0.207887	0.284282	0.17259	0.687947	0.912331	1.040889	3.899031	1.742054	0.985458	0.0	2.656163	1.525622	0.942122	1.525014	2.237185	0.847112	0.634151	3.870959	2.138298	1.269353	4.409152	1.332093	2.50264	0.82644	0.57671	0.196314	0.13273	0.645536	2.075133	1.565681	1.482965	0.029034	0.28748	1.030693	0.146664	0.082252
SRR8849249_bin.42	0.0	0.0	0.0	0.0	0.0	0.0	0.0	0.0	0.0	0.032789	0.325899	0.0	0.0	0.0	0.033441	0.0	0.0	0.0	0.0	0.0	0.0	0.0	0.0	0.0	0.0	0.0	0.0	0.0	0.0	0.0	0.0	0.008073	0.0	0.032092	0.0	0.0	0.0	0.0	0.0	0.0	0.0	0.0	0.050115	0.0	0.0	0.0	0.0	0.0	0.033379	0.0	0.0	0.0	0.132824	0.0	0.0	0.0	0.0	0.0	0.0	0.0	0.0	0.0	0.0	0.0	0.0	0.0	0.0	0.0	15.833505	0.0	0.0	100.013701	0.0	304.34607	0.0	0.0	0.219087	0.022474	0.0	0.020484	0.069272	0.0	31.612886	0.0349	0.0	0.0	0.601581	0.043012	0.0	0.0	0.0	0.0	0.0	0.0	0.0	0.0	0.022102	0.0	0.0	0.0	0.0	0.0	0.050949	0.018782	0.0	0.0	0.0	0.0	0.0	0.0	0.0	0.0	0.0	0.0	0.461731	0.012357	0.0	0.0	0.0	0.0	0.0	0.037771	0.0	0.0	0.0	0.955867	0.0	0.0	0.0	0.0	0.0	0.0	1.783819	0.0	0.0	0.0	0.0	0.0	0.015751	0.226535	0.0	0.0	0.0	0.0	95.311003	0.0	0.240979	0.0	0.0	0.0	18.511571	0.06419	0.006508	284.521585	0.0	0.0	0.0	0.016482	0.013965	0.483526	0.0	0.0	0.049552	0.0	0.0	0.07793	0.0	0.0	0.0
SRR8849258_bin.10	0.043137	0.0	0.017423	0.0	0.117203	0.033678	0.774882	0.0	0.041731	0.364079	1.906228	0.0	0.0	0.118995	0.027302	1.441984	12.480082	0.0	0.0	0.449823	0.0	0.0	0.0	0.209278	0.0	0.0	1.215866	0.0	0.0	0.0	0.0	0.502667	0.196119	0.224613	0.093511	0.0	0.684972	0.030523	0.0	0.0	0.01877	0.0	0.0	0.0	0.293581	0.0	0.097019	0.0	0.0	0.562456	0.199301	1.445738	0.0	0.313669	6.962761	0.43205	0.21968	0.0	0.425472	0.984184	0.0	0.079009	0.115303	0.0	0.0	3.220045	0.030964	0.022986	0.0	0.0	0.225745	0.389579	7.887248	1.553662	0.0	0.0	0.167046	0.4344205	0.0	0.076324	0.022886	0.049985	0.190234	0.062658	0.0	4.623391	0.196464	0.35418	0.317749	0.054108	0.0	0.0	0.25596	0.098059	0.203422	0.042938	0.0	1.931052	0.105699	0.185855	0.0	0.233699	0.131969	0.0137	0.248862	0.076959	2.99667	0.204202	0.083408	1.19836	2.0991185000000003	5.175699	6.908856	0.947952	0.0	0.264118	0.0	0.0	0.0	0.047643	1.555996	5.381738	0.0	0.25145	0.0	0.0	0.175289	0.063633	0.0	0.0	0.0	0.0	0.290939	0.0	0.0	0.187641	0.049187	0.024395	1.305545	0.247746	0.897315	0.0	0.0	0.14215	0.049295	0.0	1.379401	3.203687	1.485354	0.0	0.505857	1.858267	0.311606	0.96039	0.0	23.517807	0.0	0.0	0.0	0.671395	0.7931725000000001	0.0	1.862832	0.0	4.832856	0.0	0.0	0.023329	0.0
SRR8849213_bin.20	2.411787	0.0	18.078892	0.298774	1.360699	3.007539	3.381429	0.0	0.019729	0.0	0.08559	0.021282	0.0	1.265909	0.065521	0.038784	0.027779	0.01598	0.0	0.0	0.0	5.453536	0.065963	0.049768	15.420387	0.472071	3.080805	0.0	0.033519	0.202654	0.023502	0.06186	0.0	0.07606	0.356238	0.029539	10.742649	0.246328	0.009933	0.087821	6.194088	0.018784	4.074719	0.0	0.021612	0.011485	5.801916	0.0	0.0	0.047917	0.0	0.037513	0.0	0.0	0.0	0.0	0.0	0.0	0.0	6.660569	18.687654	0.009839	0.0	0.0	0.0	0.0	2.746065	0.028222	2.524064	0.0	8.981557	36.848353	0.0	2.919644	0.530195	0.016369	0.03401	0.286429	53.795835	0.355795	31.409669	8.921442	10.347732	2.808057	0.012785	0.023687	0.022957	3.30699	0.010465	0.0	0.067884	0.019583	0.0	6.2737	1.472848	0.031389	8.521559	0.089121	0.117149	0.018472	0.063001	0.520045	0.019977	50.372878	5.738383	0.0	0.029099	0.010527	0.0	2.7222	0.0453635	0.008427	9.25177	0.014384	2.910459	0.074148	0.035849	5.937852	9.248892	0.005256	0.103871	0.271828	0.008106	1.228259	0.26577	0.099132	0.49214	0.0	0.0	0.0	0.028703	0.0	0.122334	0.114835	0.074553	0.008991	1.334352	8.168332	0.597217	1.51762	0.214895	0.042519	0.0	0.015178	0.380425	2.127978	0.139164	0.015705	5.475178	9.364732	4.618874	6.072932	5.206902	4.07533	0.009636	1.991438	0.105918	0.49037	1.995985	0.039319	0.048431	0.025721	0.111041	0.015241	0.073322	37.953591	0.0	1.368727	0.817352
SRR8849201_bin.19	8.418169	8.81157	1.498235	1.233318	3.234148	0.215334	0.0	0.504062	0.02039	0.0	0.0	0.33153	0.052648	0.0	0.303916	0.0	0.0	0.0	0.0	0.0	0.0	0.0	0.474783	0.0	1.754462	0.0	0.575145	0.0	0.498155	1.515666	0.0	0.0	0.0	2.650225	2.021082	0.326451	0.13236	0.0	0.174958	0.0	0.0	0.334644	0.0	0.164077	0.200646	0.0	0.147486	0.0	12.884704	4.161291	4.470791	60.007741	0.0	0.038674	0.0	0.0	0.0	0.0	2.498557	0.543993	0.825138	0.069772	0.0	0.0	0.0	0.0	0.636844	0.0	0.19186	0.198203	0.0	0.0	0.0	0.11933	0.0	0.0	0.228006	0.291514	0.955623	1.465154	0.025541	0.849328	0.0	0.0	2.73138	0.0	0.0	0.234304	0.060314	0.0	0.0	0.0	0.078896	0.0	0.0	1.390719	3.665816	0.0	3.545358	0.034402	0.0	0.285927	0.675648	0.0	0.0	0.171293	0.0	0.0	0.0	0.0	0.0	0.0	0.040259	0.0	0.0	0.188796	0.132306	0.173691	0.109588	0.169378	5.228241	0.0	0.203719	0.738893	0.083821	3.786735	0.0	1.451405	0.0	0.0	0.69575	0.0	0.0	0.0	0.031313	0.0	0.215629	0.0	0.041076	0.132859	0.160688	0.000354	0.0	2.27281	0.0	0.0	0.019333	0.049435	0.068786	0.182677	0.0	0.979972	0.081021	0.030526	0.0	0.268038	0.178186	0.0	0.130831	0.266471	0.059496	0.0	0.0	4.348656	0.0	0.382544	2.112611	1.36129	3.476045
SRR8849246_bin.40	0.0	0.0	0.988969	0.0	0.020729	0.715645	0.411445	0.65696	0.289179	0.963822	0.146194	0.0	0.035121	0.283558	0.628191	0.0	0.0	0.0	0.0	0.0	0.0	0.064135	0.0	0.0	0.067796	0.0	0.0	0.0	0.08181	0.0	0.576339	0.055305	0.0	0.2859275	0.901365	0.0	0.195663	0.059486	0.0	0.085328	2.896538	0.023887	1.104978	0.0	0.633669	0.0	0.0	0.0	0.0	0.0	0.0889	0.0	0.0	0.0	0.0	0.0	0.0	0.0	0.0	0.023156	0.129038	0.878779	0.0	0.0	0.0	0.0	0.0	0.0	0.0	0.0	0.0	1.084847	0.0	0.100833	0.0	0.0	0.189823	0.0	0.286475	0.0	4.363667	0.0	0.538469	0.0	0.0	0.0	0.320946	1.986216	0.0	0.0	0.203222	0.0	0.0	0.844329	0.0	1.43526	0.0	0.0	0.0	0.364606	0.049744	0.0	0.0	0.0	0.316893	0.0	0.110014	0.0	0.0	0.0	0.515144	0.0	0.7756780000000001	0.960389	0.716931	0.096039	0.809335	0.349461	0.0	0.0	0.0	0.332941	0.437821	0.0	0.0	0.443783	0.0	0.0	0.0	0.0	0.06172	0.0	0.38424	1.430297	19.233974	1.2800535	0.984329	3.179238	0.0	0.318403	0.0	0.043933	0.0	0.26402400000000004	0.094198	0.0	0.173902	0.0	0.224762	3.432628	0.389716	0.317211	0.586842	0.057877	0.198218	0.011835	0.0	0.369073	0.664104	0.312128	0.503834	0.384103	0.0	0.0	0.0	0.245652	0.0	0.0	0.0
SRR8849270_bin.14	209.218643	0.289778	0.04001	0.056171	0.014372	16.382792	0.059038	24.498939	0.020136	0.047795	0.25984	27.335566	65.557977	0.197326	0.095346	1.119716	0.025368	0.01783	0.0	0.0	0.0	16.793249	703.555383	157.181561	149.596966	0.130269	0.239366	0.123494	0.341041	0.311012	0.041417	0.019432	0.046428	0.062929	64.694739	44.633206	11.438259	0.107333	0.0	3.530112	14.621259	11.508925	0.133136	50.748309	27.848324	29.524361	0.018112	0.033457	29.986787	7.32685	0.267686	515.927032	0.234574	172.627878	0.139748	0.239981	0.105456	343.115134	1.015053	2.52772	13.534471	0.034941	0.0	0.0	0.143719	54.011958	89.554256	0.0	0.042236	0.092493	0.010917	16.168417	0.032037	24.711902	0.079121	0.164997	0.034215	2.86981	4.90298	259.095224	17.175249	0.116029	0.725144	510.474356	0.370054	0.0	28.864781	6.677776	0.031079	78.744924	0.023519	13.582742	0.0	0.015783	0.167909	0.037595	0.061197	46.025104	0.035862	0.121232	0.248764	40.225092	13.596033	0.431051	0.104264	0.0	0.0	61.024296	0.0	0.050238	1.708105	1.090438	10.071427	1.31815	27.820043	233.201213	27.610465	0.025893	0.078889	0.051889	0.204507	0.364068	0.043949	0.156675	155.90225	0.208665	0.318413	0.264579	0.193973	1.082097	0.069226	0.393331	0.0	0.0	11.941831	20.55264	0.067759	32.171148	0.714495	0.024382	1.027075	0.0	1.580786	0.074844	1.820209	733.668333	7.269985	0.041753	21.560951	0.088575	4.652488	0.064862	9.181827	5.747294	1.095837	0.104477	200.374695	1.053925	0.549436	0.038417	0.018932	0.103147	2.724031	0.044106	0.129772	0.146019	0.091298	0.128568	17.821006
SRR8849209_bin.15	0.145765	4.9588	19.164953500000003	0.393102	11.286255	13.391673	4.602209	11.831773	34.50536	4.243418	0.261066	4.58045	12.077924	7.85164	0.216409	0.516417	0.853623	0.314803	63.496262	224.803419	0.109691	40.357746	0.330948	4.482499	27.745799	0.0268415	3.854906	0.061642	17.892924	17.876096	37.004395	45.488731	10.123506	0.88242	25.173782	12.41851	6.036504	1.643142	4.156881	3.490191	23.571468	20.638591	24.17609	51.4610565	0.240027	0.237953	93.073203	454.878456	94.953363	2.419482	4.357403	29.829592	0.102106	42.348667	0.226482	29.87552	31.863614	8.1339	0.150498	1.798433	0.280375	145.974592	30.373685	0.123405	0.012471	80.744472	5.612832	0.160383	0.121904	0.245273	1.856334	116.951039	20.310814	19.736192	48.512683	0.147721	14.854503	3.317786	8.928096	86.387626	0.18126	3.613575	60.121686	7.790779	0.626639	50.95892	39.958361	25.477696	0.517244	0.092406	26.232477	94.825715	64.245252	11.710896	16.882994	14.361657	12.181675	0.285088	20.278627	95.278998	8.983124	12.754977	0.496935	45.583206	21.238453	0.584691	32.556292	0.939973	16.671627	0.344127	13.135207	1.086499	34.193086	132.639953	119.406787	0.442321	10.145637	0.027093	16.332354	0.408409	0.056687	4.47481	19.9444	4.582207	1.2385365	41.877003	0.300513	6.957535	0.137	0.284276	5.319207	4.953504	0.191027	10.858431	8.008759	22.66829	1.504757	22.42697	58.948546	9.9877365	180.001494	0.832761	0.052186	13.072481	15.847243	0.409151	1.013393	1.194733	1.054179	78.048798	4.406277	1.325838	11.412207	17.529278	2.759259	0.720519	0.573682	13.236167	52.8631135	86.1830015	15.922286	19.088936	1.643315	1.019396	7.974171	36.415486	45.445584	57.10498	1.355654
SRR8849261_bin.24	0.01029	1.848121	0.008779	6.536549	0.027523	0.049318	0.004622	0.016328	0.005351	1.995682	0.088117	1.033653	0.04779	0.00757	25.312296	4.574884	8.982131	0.691394	0.189437	3.707141	0.859034	0.021892	0.195143	0.015969	0.013033	0.125368	46.900071	1.397046	0.566688	0.372867	0.511929	0.021734	3.415398	0.0	0.022593	0.0	0.0	1.168267	0.013595	10.881744	28.29075	0.115647	9.769511	0.364588	1.794793	0.047577	13.007055	6.944337	0.096784	0.583649	0.36804	54.039496	0.280316	68.7336225	5.653857	4.294569	4.652282	0.046237	0.051288	1.600475	17.177814	0.033431	3.58572	2.10708	0.0	103.403325	20.649954	10.107621	9.237759	51.544065	0.023551	0.100413	12.474869	0.008546	0.536236	0.120145	4.846272	25.374312	0.134693	2.043648	0.274627	0.012313	1.267323	0.066805	0.044297	3.870727	0.009017	0.020122	0.026923	3.298689	2.116355	0.0	0.279617	0.021263	0.282419	17.797487	0.03196	8.270939	1.000089	0.213199	39.921264	0.551357	0.013592	2.453104	2.363445	823.388422	0.023306	22.175374	1.549732	0.236939	0.712347	28.380823	0.063871	237.006651	0.038853	1.686875	0.0058	0.795753	0.121299	38.624667	0.142689	1.046398	16.711378	0.296592	22.217722	0.072577	0.09269	0.05797	3.001801	2.713646	0.0	9.795278	42.683135	0.136826	0.064	0.301711	2.387303	30.217175	26.268709	0.062668	2.417003	14.868061	0.08993	0.386669	88.913888	0.065968	144.066338	0.045055	0.311686	0.089376	3.832998	42.102683	0.009392	0.014721	0.111223	15.659637	0.087506	6.450866	1.204581	0.011704	60.887084	0.208992	1.120297	0.217951	0.046949	0.014734	7.351821	0.17918	0.089804
SRR17301554_bin.11	0.0	0.0	1.137191	0.0	1.323468	0.813119	0.445574	0.0	0.777317	0.0	0.0	0.0	0.0	0.0	2.619808	0.0	6.635123	0.0	3.734197	2.782986	0.0	1.267998	0.0	0.0	0.0	0.0	0.176237	0.0	0.0	0.0	0.0	0.0	0.0	0.0	0.196889	0.0	0.0	0.453881	0.0	0.0	0.301439	0.0	0.69929	0.0	1.467467	0.286785	0.422693	8.752767	0.0	0.0	0.0	0.94891	0.0	4.246401	0.200608	0.0	11.073309	0.0	1.109737	2.80881	0.0	0.0	17.536668	0.0	0.0	1.006407	0.0	0.0	0.0	3.265225	0.267449	6.731292	9.296154	0.236524	0.0	0.0	0.0	0.11599	0.0	4.033177	0.742214	0.068082	0.0	0.0	0.283629	0.406604	0.0	0.647266	3.123817	4.652639	0.0	0.0	0.0	0.172985	0.597242	0.0	0.0	0.57557	0.0	0.0	0.280378	0.335469	2.104674	2.945048	0.715662	2.232866	11.48045	81.838614	28.376927	4.238175	0.0	0.0	2.752689	5.05204	0.0	0.0	0.079537	0.830817	0.0	2.439328	0.175936	0.500978	0.07466	0.0	2.24869	0.0	0.0	0.0	0.0	0.0	0.38554	0.0	0.0	0.0	0.0	0.502619	0.0	0.251899	4.284998	0.0	0.87872	0.0	0.0	0.077036	0.261251	0.0	3.106942	0.0	0.673939	0.720939	0.471768	0.0	0.0	0.158941	0.0	0.0	0.0	0.0	0.0	0.413286	0.518336	0.0	0.0	0.0	0.0	0.235793	0.0	0.163097	0.0
SRR8849247_bin.57	0.0	0.0	0.018484	0.0	0.0	0.024343	0.0	0.053646	0.0	0.009809	0.038272	0.0	0.121915	0.0	0.0	0.0	0.006618	0.0	0.02622	0.0	0.0	0.0	0.020218	0.0	0.016019	0.0	0.0	0.0	0.030992	0.00932	0.0	0.0	0.007398	0.014925	0.065629	0.0	0.0	0.0	0.0	0.0	0.026724	0.083795	0.0	0.0	0.0	0.006913	0.0	0.0	0.0	0.0	0.0	0.061512	0.0	0.0	0.160956	0.0	0.285333	0.0	0.0	0.033196	0.008883	0.024954	0.0	0.0	0.0	0.00884	0.0	0.0	0.0	0.0	0.0	0.016697	0.0	0.081809	0.0	0.0	0.002652	0.0	0.0	0.0	0.0	0.235774	0.008313	0.0	0.0	0.013085	0.015227	0.0	0.0	0.015356	0.017225	0.165126	0.0	1.306816	0.005159	0.0	0.013094	0.0	0.0	0.00579	0.0	0.062396	0.0	0.0	0.0	0.0	0.0	0.0	0.0	0.0	0.944215	0.0	0.0	0.008791	0.025131	0.342963	0.019168	0.0	0.0	0.0	0.0	0.019713	0.0	0.061303	0.0	0.409625	0.0	0.015559	0.0	0.0	0.0	0.0	0.018176	0.0	0.0	47.218375	0.006488	0.0785	0.0	0.0	0.0	0.009581	0.0	0.0	0.139885	0.066471	0.0	0.224367	3.873708	0.010814	0.00917	0.0	0.014143	0.147408	0.0	0.066053	0.0	0.637074	1.070307	0.008725	1.572448	0.0	0.0	0.0	0.0	0.0	0.070958	0.0	0.342787
SRR17301531_bin.1	12.396956	0.1571865	78.507111	4.000009	3.740263	122.187919	41.021766	74.102499	25.982	90.998697	35.997883	0.064607	68.015549	85.388981	20.772146	0.136749	0.232809	0.053431	0.042115	0.057948	0.054686	32.523174	1.071136	0.154602	86.167101	5.595259	0.813758	0.020309	6.127075	1.22944	19.136241	32.848241	0.018413	39.732059	11.641047	35.315334	113.730391	19.670469	5.841855	19.057166	320.226074	91.611754	73.059052	17.018989	123.755516	0.1802465	0.0	0.069852	0.357609	6.127232	0.105448	0.0	0.139973	0.094516	0.0	6.403907	0.105574	0.029308	0.030245	0.453405	0.261305	0.097064	0.047071	0.041475	0.011966	0.0	44.42649	6.410522	86.30413	0.126568	4.284277	34.248324	0.140033	16.573231	13.615791	70.485952	30.978226	0.597236	0.092342	0.310168	6.837191	9.615926	39.659586	0.080675	0.066779	0.178333	379.687027	38.907775	0.024233	0.0	133.879136	98.180921	0.045353	53.365629	0.16984	0.081121	0.058518	0.199343	0.144541	31.330925	26.181864	31.595986	23.946489	0.096783	0.140443	0.0	0.07413	1.9084	0.081006	0.46889400000000003	118.982487	1.9646035	1.756659	3.198867	315.767964	25.051071	39.836647	0.028751	76.688171	0.054623	0.118956	1.956281	62.272912	13.367429	3.614248	28.0619285	26.417765	0.088648	0.036509	0.037663	0.125106	0.07088	81.911382	414.519592	6.461469	49.341418	122.549284	263.525451	0.330809	7.255672	29.175474	51.001006	0.048477	0.067826	13.406721	0.075176	4.264891	0.096646	58.914883	73.561906	24.019921	7.848988	144.553527	20.827843	22.473296	7.224601	4.024952	27.349246	84.439595	20.671058	22.180733	16.547826	0.376041	0.145715	0.058678	19.611623	0.18648	9.517458	2.150138
SRR17301548_bin.23	4.569234	0.0	33.75727	215.367314	559.816582	103.351357	101.768415	25.296542	839.440334	83.200913	20.767496	0.136017	0.0	12.195319	57.641332	0.288557	0.248028	0.165005	0.04735	61.282714	0.0	334.808106	0.0	70.433745	13.87729	0.235637	47.953908	0.0	5.088656	3.758632	95.142266	278.500805	406.626442	116.372614	56.819748	4.386664	43.678512	29.744824	134.170811	13.050643	211.097009	184.713785	137.776978	2.689972	193.035278	244.625142	33.456646	0.0	143.975194	150.373791	57.712639	233.930483	0.312418	170.530385	0.0	105.258631	0.072597	0.0	0.0	75.350683	91.791661	1.155098	0.089654	0.207546	0.490645	0.0	31.257393	15.727361	208.222008	0.128145	350.340612	56.764856	0.139605	43.203867	0.0	8.879447	246.536618	22.648624	0.457193	36.540997	99.94544	11.828803	144.976107	41.327108	0.0	0.230228	69.32149	38.735219	0.169935	0.0	102.611401	0.0	0.0	211.980497	244.339641	722.677066	39.672438	0.546912	3.316219	180.220227	36.371864	9.051494	177.795217	0.560751	39.601639	0.074875	173.430839	24.743742	0.157723	0.158469	50.498005	0.371096	128.831589	34.765573	60.856726	23.518333	98.783626	32.338596	17.87451	0.108721	87.899434	41.718926	0.255915	4.512946	3.03489	3.962165	1.96657	15.24634	0.0	0.0	0.035021	1.904389	60.72286	191.766119	26.895829	166.926086	47.115194	124.537336	38.051476	58.491784	14.390816	40.751628	0.0	170.852035	84.157897	9.580937	113.129612	0.117475	124.299786	68.302442	176.55021	73.042685	71.626789	67.366188	332.287431	495.837368	0.349047	321.825589	47.290407	120.637586	381.464256	303.418995	63.39097	0.56944	0.350703	45.119802	0.097015	0.943998	0.814362
SRR8849233_bin.16	0.0	0.0	15.117609	0.017693	0.0	0.066681	78.682913	0.0	34.031545	0.620687	0.433163	0.0	0.0	15.896303	651.174724	0.04766	0.009579	0.031842	0.0	0.0	0.050789	0.0	0.0	0.0	0.0	0.205158	0.03322	0.0	0.0	0.228023	0.043794	0.029299	0.0	0.070272	0.016157	0.0	0.816989	1.48646	0.014681	0.0	0.177206	0.0	2.504061	0.0	0.014114	0.0	0.0	0.0	0.0	0.0	0.0	0.047604	0.0	0.0	0.0	0.284298	0.0	0.0	0.335955	11.849953	0.0	0.016853	0.05918	0.015604	0.0	0.0	0.0	0.008695	0.0	0.0	0.012756	40.685597	0.0	330.287413	0.0	0.0	15.747686	0.027901	0.0	0.033948	0.595305	0.085351	30.8857675	0.04644	0.0	0.081317	41.653686	35.006864	0.044168	0.0	0.188396	0.0	0.012807	0.009801	0.025663	0.008351	0.011103	0.04299	0.0	0.046971	0.125284	1.070467	0.0	0.020091	0.0	0.0	0.0	0.0	0.0	0.272574	0.255985	0.161936	34.622942	0.0	0.0	82.904825	0.0	0.0	0.0	0.0	4.477383	0.54578	0.0	0.0	0.0	8.286125	0.0	0.109466	0.0	0.0	0.0	0.0	1.33568	0.0	0.01817	0.0	4.18956	0.19501	0.07032	0.044306	0.506517	0.180992	0.0	0.0	43.715806	0.0	0.276057	17.2223	19.835676	0.0	3.728656	8.670666	1.746591	269.68123	0.006115	0.045784	0.0	6.37362	0.0	67.687366	0.041741	0.137725	0.010457	0.0	0.012559	0.025652	4.354109	0.0	0.0
SRR8849280_bin.20	71.014738	0.328303	0.056231	0.570926	11.062067	8.745601	0.013426	14.459936	1.680759	0.05116	0.4564955	0.02125	20.679291	0.121226	0.023568	0.324369	0.0	0.0	0.0	6.206698	0.020682	3.685429	0.9398875	0.133037	0.212303	0.099427	0.138249	40.156707	29.481195	2.332839	0.0	95.621682	0.012785	0.086716	0.022535	0.0	9.983281	0.04537	0.0	62.515075	2.448095	6.567126	0.067147	0.0	0.714688	0.759201	0.007895	0.037037	0.158332	0.150145	0.03623	0.079748	0.0	0.014473	0.034569	0.044931	0.035185	0.074453	0.11339	0.067085	12.837151	0.019261	0.021566	1.374752	106.814513	0.0	99.012028	0.155991	0.0	0.0	0.0	1.597969	0.0	22.578477	0.014904	7.54729	6.890079	0.076723	0.017467	0.068368	0.045481	0.033699	6.87776	0.062195	0.298761	0.0	0.080736	2.363131	0.0	0.0	0.202549	0.0	0.0	41.210495	0.0	0.010527	21.998842	0.041939	26.450281	8.2379905	0.032885	495.103925	2.711357	0.01804	24.52235	0.0	0.0	12.572272	0.0	0.032938	0.013962	0.0613	0.0	0.0106	7.56759	0.014141	0.020881	0.0	67.866588	0.020287	0.018313	0.188853	27.715415	0.161159	105.477727	0.116659	1061.062943	0.276455	0.152231	0.224085	0.040524	0.196674	0.0	0.0	0.085017	1.450477	2.419301	4.804671	0.035385	9.831841	0.884165	0.512791	236.918667	0.021319	0.793461	0.153126	3.976507	2.242297	30.482981	18.518459	0.064112	0.01673	5.643746	2.627437	0.141135	0.178815	21.44861	0.621999	1.01607	0.018877	0.094593	87.009583	4.178352	20.945246	0.161011	36.271073	0.02807	2.998332	1.283285
SRR17301512_bin.22	0.0	0.0	0.0	0.0	0.0	0.0	0.0	0.0	0.0	0.0	0.0	0.0	0.0	0.0	25.805848	0.0	0.0	0.0	0.0	0.0	0.0	0.0	0.0	0.0	0.0	0.0	0.0	0.0	0.0	0.0	0.0	0.0	0.0	0.0	0.0	0.0	0.0	0.0	0.0	0.0	2.181006	0.0	0.0	0.0	0.0	0.0	0.0	0.0	0.0	0.0	0.0	0.0	0.0	0.0	0.0	0.0	2.605182	0.0	0.0	0.0	0.0	0.0	0.0	0.0	0.0	0.0	0.0	0.0	0.0	0.0	0.0	0.0	0.0	0.0	0.0	0.0	0.0	0.0	0.0	0.0	0.0	0.0	0.0	0.0	0.0	0.0	0.0	0.0	0.0	0.0	0.0	0.0	0.0	0.0	0.0	0.0	0.0	0.0	0.0	0.0	0.0	0.0	0.0	0.0	0.0	0.0	0.0	0.0	0.0	0.0	0.0	0.0	0.0	0.0	0.0	0.0	0.0	0.0	0.0	0.0	0.0	0.0	0.0	0.0	0.0	0.0	0.0	0.0	0.0	0.0	0.0	0.0	0.0	0.0	0.0	0.0	0.0	5.4244005	0.0	0.0	0.0	0.0	0.0	0.0	0.0	0.0	0.0	0.0	0.0	0.0	0.0	0.0	0.0	0.0	0.0	0.0	8.555668	0.0	0.0	0.0	0.0	0.0	0.0	0.0	0.0	0.0	0.0	0.0	0.0
SRR8849251_bin.37	5.235763	0.157458	0.09193	0.0	0.004385	0.04019	0.020595	0.0	0.022309	0.015968	0.078811	0.008249	0.0	0.051828	0.0	0.0	0.048602	0.013205	0.0	0.0	0.0	0.029698	0.0	0.037414	0.629841	0.033573	0.061069	0.004641	0.0	0.007252	0.009985	0.013942	0.0	0.016851	155.608943	0.023847	0.026768	0.024112	0.0	0.014345	0.033276	0.0	0.016507	0.0	0.025494	0.0	0.0	0.0	0.0	0.019728	0.069406	0.216642	0.846416	1.063092	0.0	0.0	0.0	0.0	0.0	3.266495	0.0	0.088293	0.0	0.0	0.0	0.0	0.0	0.0	0.0	0.0	0.00544	0.016564	0.0	0.054156	0.020292	0.015756	0.0198	0.010941	0.026554	0.035818	0.019739	0.040924	0.025776	0.035193	0.0	0.0	0.059772	0.047705	0.0	0.0	0.0	0.0	0.0	0.032572	0.009689	0.029774	0.022147	0.0	0.0	0.028384	0.0	0.04159	0.054901	0.00687	0.025549	0.0	0.006709	0.014199	0.0	0.0	0.01504	0.0	0.0	0.055253	0.026451	0.010163	0.22117	0.020552	0.005523	0.0	0.0	0.091079	0.014386	0.0	0.0	0.090823	0.0	0.0	0.0	0.0	0.0	0.005174	9.014613	0.068076	0.04053	2.432005	0.034748	0.049781	0.013187	0.096771	0.021622	0.013075	0.0	0.18821	4.230838	0.0	0.082672	0.004869	0.042243	0.011729	54.278734	0.099637	0.012765	0.042228	0.005155	0.016557	0.0	0.043865	0.089316	0.016275	0.036179	0.004682	0.008604	0.0	0.0	0.03082	0.012892	0.0	0.0
SRR17301551_bin.21	0.0	0.0	0.087728	0.0	0.0	0.077044	0.019434	0.0	0.033791	4.402751	0.0	0.0	0.0	0.0	0.017769	0.053049	0.078863	0.0	0.0	0.141139	0.0	0.0	0.0	0.0	0.0	0.0	0.038641	0.0	0.0	0.0	0.042092	0.0	0.0	0.0	5.602005	0.0	0.0	1.350539	0.0	0.0	0.083409	41.707267	0.023033	2.479838	0.053263	0.0	0.0	50.228945	0.069275	0.0	0.0	0.0	0.0	0.0	0.0	0.0	0.0	0.0	0.0	0.0	0.06081	0.0	0.0	0.0	0.0	0.0	0.025454	4.1141	0.0	0.0	0.0	108.236276	0.0	0.0	0.0	0.0	1.499797	0.0	0.019608	0.076441	0.0	2.153936	0.0	0.0	0.0	0.073262	0.123099	22.490046	0.073858	0.0	0.075772	0.0	0.0	0.0	0.152929	0.0	0.0	0.0	0.0	0.0	0.0	0.0	0.0	0.0	0.0	0.0	0.0	0.0	0.0	0.0	0.269276	0.0	88.95203	0.033457	0.293864	2.928567	0.01298	0.0	0.022406	0.0	0.0	11.661355	0.579001	0.090877	0.0	0.0	0.0	0.0	0.0	0.0	0.0	0.0	0.183255	0.049781	0.029436	0.123594	0.06555	0.124217	0.0	4.613334	0.0	0.026247	0.0	0.0	0.029649	0.0	2.908196	0.027569	0.0	0.031151	5.559492	0.0	0.029393	0.038894	4.761304	0.0	0.0	0.050645	0.0	0.0	0.0	0.0	0.0	0.0	0.0	0.082928	0.041371	0.0	0.278112
SRR17301532_bin.15	0.395811	0.0	0.170447	1.696121	0.837136	0.408281	4.298867	0.4644	0.740844	0.9993	0.224779	0.040708	0.537337	5.037216	159.225884	0.156168	0.396379	0.536096	0.0	22.016323	0.0	0.2962	0.0	0.16058	0.0	0.0	0.057566	0.0	0.0	0.272876	0.36775	2.730795	0.038466	0.238377	2.776789	0.324876	0.268184	1.250841	0.182184	1.243235	1.463988	0.873586	2.937395	0.331276	0.785008	1.34179	10.653375	0.556604	1.223438	0.819249	0.464715	2.0409495	0.838635	0.0	0.0	0.974191	0.034998	0.0	0.0	0.410109	2.936812	1.355071	0.098365	0.0	0.0	48.574059	3.919648	6.70212	3.985453	0.0	5.380076	0.39712250000000004	0.0	1.082977	0.648033	0.188193	3.316562	0.568344	0.039228	33.982806	0.31272	1.906282	0.550009	1.21688	0.617441	6.057281	7.291165	8.315592	0.029405	0.0	4.215669	45.095488	0.154676	10.637881	9.300322	0.67003	15.727628	0.060017	0.17908	0.264351	3.987688	0.204973	1.274656	6.865376	0.265424	1.258492	2.692748	2.6927	0.0	49.501703	16.857222	0.117663	5.482828	2.332957	0.497803	2.867397	0.785127	0.31891400000000003	0.463956	0.0	1.402814	15.051556	0.04759	0.044673	0.173331	0.200091	0.363085	0.054449	0.0	0.0	32.562513	0.0	20.611541	25.997814	6.638899	2.445353	0.273456	1.168971	0.6218705	0.490292	0.103392	0.122623	0.0	0.537283	1.102282	1.801635	0.366708	0.215279	0.458428	10.270592	1.228464	1.164201	0.4330795	0.899224	0.1581315	8.600213	11.870508	2.266887	0.391848	0.068395	0.290028	0.084156	0.420299	0.379388	0.384232	0.21994	0.567314	0.306264	1.270677
SRR17301539_bin.3	0.346482	0.45283	0.09512	0.424609	10.0876915	47.087294	0.23372	0.0	23.28953	42.3346	0.377184	15.354241	1.036391	13.129301	0.284987	0.255414	24.072836	19.727533	62.688975	0.830247	0.025187	4.947885	1.7199119999999999	10.874304	0.264244	0.133528	20.35771	1227.893055	0.533759	2.273085	0.076313	0.0	0.062326	0.0	1.868696	0.070119	0.155384	0.032316	0.033151	0.657998	0.2250865	0.0	12.969078	0.06007	0.032104	0.040278	0.0	0.197998	0.34354	0.172319	0.727544	0.0	1.307122	0.521042	0.194807	0.0	20.61125	1.133474	165.020884	95.185547	0.017993	30.826298	6.969615	35.257102	0.293421	0.482878	0.196076	0.039477	5.934415	160.3602705	0.055525	0.025248	0.161988	0.085899	30.687834	0.453754	0.982611	2.462094	0.183719	0.148691	0.019577	0.058785	0.067477	0.179638	201.255255	0.03819	0.184862	0.985819	20.037518	0.043634	0.3329165	3.331089	0.621567	0.077389	0.131858	0.0	25.556171	0.072884	0.056323	107.942556	53.501202	2.760382	0.0	9.273641	23.220746	0.064585	0.665329	0.0	1.877144	0.358117	0.232275	186.669681	0.0	6.517967	126.645196	0.01932	0.062094	46.738538	21.445717000000002	64.297819	0.021835	0.161555	0.037582	154.107506	0.0	33.154715	0.721464	1.298081	0.867302	2.842119	40.970206	0.647129	0.0	0.49621	46.4754	95.054424	0.030103	0.399212	10.118048	0.067136	28.65464	0.0	472.871688	0.518855	0.147281	2.241654	0.327666	2.4960695	0.700362	39.171099	0.565104	15.999929	0.129586	0.03465	1.148316	0.236106	0.884767	0.275289	0.0	0.396933	5.02562	5.385371	0.266868	2.671214	0.516919	24.233212	0.097238	0.300664	0.556446
SRR8849247_bin.17	0.0	0.0	48.133981	0.063397	0.011645	15.928862	0.014214	6.118754	6.016075	67.072435	0.099972	0.013405	0.0	0.043377	0.019	0.00325	0.063681	0.0	0.016193	0.0	0.0	0.031301	0.025227	0.0	0.00649	0.0	1.20164	0.0	0.118152	0.03028	0.918912	0.04311	0.021539	16.572	0.035771	1.18439	0.013204	0.0	0.0	0.049582	164.455531	0.030675	0.092932	0.049076	1.673787	0.050099	0.0	2.188336	0.0	0.0	0.0	0.0	0.119654	0.0	0.0	0.0	0.0	0.010399	0.005716	0.026033	0.027193	6.524024	0.0	0.0	0.0	0.0	0.003354	0.023602	0.0	0.0	0.0	11.751559	0.0	1.652398	0.0	0.0	1.363596	0.033917	0.04352	0.025317	0.029679	0.006435	0.151299	0.01657	0.0	0.0341	22.105296	0.048867	0.0	0.0	1.679855	0.016098	0.005796	0.017994	0.017298	0.022813	0.022835	0.013841	0.0682	0.021561	0.011208	0.741131	0.299153	0.010408	0.0	0.0	0.015269	0.013533	0.0	0.0	0.034161	0.116255	0.0	0.044832	0.055906	1.589077	0.056211	0.010833	0.011014	0.0	0.002768	0.08241	0.013918	0.0	0.0	0.061977	0.0	0.0	0.0	0.024013	0.020402	0.0	12.891047	0.043309	0.046229	96.572841	22.170193	187.878819	0.016151	22.410769	0.26069	1.647483	0.0	0.01725	0.033053	0.03178	0.034425	0.0	0.028116	0.047927	12.895875	1.442539	0.02369	1.073904	3.063332	0.321057	0.037989	0.443587	0.035481	0.037372	0.0282	0.014018	0.031048	0.037794	0.020386	11.365366	0.052497	0.0	0.54187
SRR9330791_bin.4	0.325613	0.063863	21.231044	0.028233	0.580576	3.851418	0.097433	14.007547	5.00129	5.171391	2.50879	0.0	0.226699	164.465234	2.692638	0.01992	0.087381	0.0	0.0	0.0	0.0	0.033237	0.060246	0.018003	0.341193	0.33133	1.90457	0.016433	2.529267	0.052379	0.886287	0.100653	0.0	14.264756	61.448415	0.985167	1.481208	0.497227	0.0	0.154404	52.49701	0.61465	1.596674	0.082502	34.755	0.047003	0.0	0.0	0.0	0.804014	0.0	0.0	0.037351	0.270249	0.0	0.0	0.0	0.019726	0.031341	0.353791	3.110613	0.041764	0.0	0.0	0.0	0.0	0.142584	0.060935	0.0	0.0	0.0	1.148836	0.0	6.3025395	0.0	0.077155	5.324866	0.044265	0.035241	0.0	0.20944	0.010088	7.430911	0.0	0.018608	0.036366	17.875953	5.147116	0.0	0.0	1.899568	0.0	0.0	11.153025	0.024055	0.157077	0.0	0.026409	0.071013	1.149331	0.014066	1.2450225	0.108543	0.0	0.0	0.0	0.019179	0.036615	0.0	0.0	3.680578	0.075183	0.050465	0.063222	9.147256	0.185411	0.106339	0.0	0.0	0.0	0.0	0.097891	0.011739	49.233719	0.0	1.390767	0.061178	0.037802	0.0	0.06364	0.016989	0.020526	18.714637	0.123053	0.089907	65.797622	4.661467	28.054849	0.0	15.18462	0.188178	8.590566	0.035731	0.01871	0.275749	0.061372	0.081896	0.0	0.374134	0.141927	8.504298	0.882226	5.103505	5.447858	3.091856	1.47556	0.108372	1.489327	0.168668	8.967707	11.731596	0.0	0.054823	0.0	0.045735	29.370612	0.160879	0.031911	0.06036
SRR8849223_bin.35	2.87438	12.168228	0.655936	0.106966	0.229176	35.812309	0.423622	2.591847	0.052406	1.49091	4.783217	0.031717	114.209424	0.05466	0.091578	9.50174	0.259287	0.014931	0.005198	11.159002	0.021825	346.951807	0.066373	2.069233	14.667453	1.526291	0.034599	0.007424	0.313554	0.718128	3.489319	0.032477	0.003816	13.19425	33.592695	9.006053	21.962717	10.335391	0.005061	1.210933	80.910177	17.401966	50.423325	10.729676	4.076535	0.056725	0.447144	0.006984	0.012085	5.347443	12.137812	0.119075	0.067768	0.195504	0.0	1.724479	0.029725	0.00555	0.007366	0.034386	15.571903	1.224982	0.025196	0.01619	0.011764	0.0	2.787717	1.124355	0.0	0.036945	26.698927	0.45531	0.051898	0.867112	10.741598	1.256714	8.775896	0.51478	37.100731	0.054716	62.442197	0.020887	0.103662	0.012969	0.243863	1.611089	1.8149	2.562665	0.0	0.0	41.551584	0.022407	0.008012	14.672832	0.025282	0.580433	0.05858	0.012037	0.014693	5.773531	2.018688	5.34802	17.194665	0.146116	46.469564	0.018862	0.018642	0.053887	0.056145	0.057541	0.23564	0.028078	0.551395	4.468012	45.036372	1.479857	3.356486	0.025439	0.017816	0.0	0.016651	0.785241	0.769373	0.120193	11.49273	2.570634	0.378057	0.194107	0.013525	0.011519	0.037528	1.481597	18.65239	46.024714	0.533351	1.698552	11.402592	70.966769	0.325064	1.792949	0.192209	21.401994	0.010102	15.092502	0.655897	4.325276	3.093086	14.217737	5.489007	5.058448	5.568573	0.101546	38.241336	0.301228	3.611217	2.766617	1.075095	10.201317	1.711101	0.900986	0.327735	1.4810695	0.118172	0.041206	0.056468	2.848254	0.041083	0.218478	0.032722
SRR9330775_bin.23	0.028842	0.0	0.451724	0.011598	0.063641	3.599874	0.036116	0.0	0.258794	0.056959	3.148059	0.0	0.023612	0.027987	0.020252	0.023071	0.057098	0.0	0.0	0.0	0.0	0.024615	0.0	0.013463	0.031488	0.158033	0.023897	0.031941	59.739783	0.192532	0.872446	0.006944	0.0	3.038758	0.019543	0.0	0.018359	0.014013	0.0	0.09811	1.411787	0.025985	0.193468	0.028107	0.014478	0.007468	0.0	0.0	0.0	0.0	0.0	0.0	0.0	0.0	0.0	0.0	0.0	0.0	0.0	0.0	0.008107	6.002375	0.0	0.0	0.0	0.0	0.00494	0.0	0.0	0.0	0.0	0.04004	0.0	0.387056	0.038545	0.0	0.04314	0.013094	0.033301	0.010967	2.274477	0.0	0.037807	0.0	0.022461	0.017185	0.032419	0.06686	0.0	0.0	0.021302	0.026126	0.0	0.045384	0.007001	0.011887	0.074138	0.00796	0.0	0.058609	0.015051	0.08632	0.0	0.02163	0.01324	0.0	0.007101	0.0	0.0	0.0	0.772239	0.0	0.0	0.063471	0.053176	0.151829	0.399997	0.0	0.009159	0.005594	0.004912	0.270251	0.0	0.141575	0.0	0.328013	0.011782	0.013524	0.008788	0.0	0.0	0.008824	0.691392	0.022522	0.004747	2.036914	0.032202	1.892676	0.01597	0.096339	0.071704	0.122285	0.0	0.004415	0.027538	0.0	0.016616	0.0	0.018532	0.019812	0.066951	0.102762	0.048464	0.182197	4.785018	0.123572	0.0	4.133552	5.689806	0.013326	0.015876	0.0	0.011971	0.0	0.004415	0.338073	0.015694	0.027383	0.061891
SRR8849223_bin.37	3.643737	15.420079	5.222992	0.809504	0.281013	2.321704	3.459181	9.659165	2.816149	3.438372	2.968755	0.022132	3.776041	60.416925	2.986262	0.630631	0.158108	0.025787	0.03285	0.075385	0.0	0.101526	0.404848	15.472146	39.531686	0.307287	0.973128	0.024616	0.79126	0.082331	5.39414	2.716278	3.550974	19.049211	1.587334	2.371054	0.442316	1.664926	1.84634	10.797902	27.667467	2.325104	24.483135	0.84627	9.770408	0.487152	0.200417	0.163269	0.064176	3.409607	8.05978	0.035536	0.018416	0.040494	0.0	1.685176	0.038128	0.0	0.166685	1.754221	4.402489	45.787752	0.034956	0.0	0.030473	0.005748	18.499116	1.017515	44.433449	0.074276	0.579252	2.257744	0.08615	1.653133	4.642891	19.857735	2.03471	0.738273	17.880737	0.111782	7.72806	0.302326	11.667478	0.547689	1.040283	8.639846	66.677542	0.649068	0.023114	0.0	9.734596	0.083367	0.0	1.94576	126.235765	8.224512	0.337937	0.017872	0.07679	0.879032	8.334982	7.965963	3.365594	11.841271	42.001176	0.0	11.273081	0.157256	0.026122	0.106009	9.59935	0.688259	1.69421	105.457008	46.592262	0.971795	4.025544	9.044542	18.392106	2.857019	0.049177	0.503416	6.486609	3.128513	1.599191	5.664819	1.135732	11.862312	0.05627	0.008792	43.157824	0.074451	2.61002	87.882802	7.87304	4.621335	20.032436	34.414372	0.170723	1.366238	0.771627	4.908911	0.01885	11.020695	0.790224	5.689831	1.246272	4.16836	3.181066	17.800847	0.913088	1.915587	1.056327	1.414337	3.081506	0.643533	2.468184	0.312378	1.521194	1.449309	0.654226	0.532403	0.071328	0.049117	0.615077	1.103918	0.205336	5.795106	0.250666
SRR8849243_bin.11	0.0	0.0	0.018548	0.019112	0.0	36.018608	0.0	0.0	0.0	0.0	0.22501	0.0	0.0	0.0	0.178378	0.0	0.0	0.0	0.0	0.0	0.0	0.0	0.0	0.0	0.0	0.0	0.0	0.0	0.078248	0.0	0.026677	0.0	0.0	0.0	0.0	0.0	0.056392	0.0	0.0	0.0	0.0	0.0	0.0	0.0	0.0	0.0	0.0	0.0	0.0	0.0	0.0	0.0	0.071145	0.0	0.0	0.0	0.0	0.0	0.0	0.0	0.0	0.0	0.0	0.0	0.0	0.0	0.0	0.0	0.0	0.0	0.0	0.226649	0.0	0.291232	0.0	0.0	0.072479	0.047653	0.0	0.013356	0.0	0.0	0.045109	0.0	0.0	0.0	0.0	0.050934	0.0	0.0	0.0	0.0	0.0	0.0	0.0	0.0	0.0	0.012222	0.0	0.0	0.0	0.0	0.01959	0.0	0.0	0.0	0.0	0.0	0.0	0.0	0.0	0.0	0.0	0.0	0.0	0.0	0.0	0.0	0.0	0.0	0.0	0.0	0.0	0.0	0.0	69.404599	0.0	0.0	0.0	0.0	0.0	0.0	0.349208	0.0	0.0	0.008267	0.0	0.0	0.016406	73.402203	0.0	0.011879	0.0	0.0	0.057912	0.0	0.01966	0.0	0.0	0.0	16.998143	0.032096	0.020244	0.283146	0.0	0.012325	0.0	0.353409	0.144057	0.0	0.022337	0.0	0.01033	0.0	0.0	0.187862	0.0	0.0	0.0
SRR8849280_bin.21	0.022677	0.0	0.099146	0.0	0.026394	0.013713	0.156851	0.0	0.014443	0.0	0.019339	0.0	0.0	0.0	0.0	0.169329	0.028169	0.0	0.0	0.020853	0.0	0.0	0.0	0.0	0.0	0.0	0.21211	0.026452	0.0	0.055735	0.0	56.713951	0.0	0.0	0.0561385	0.0	0.0	0.019468	0.0	0.0	0.025595	0.0	0.165874	0.0	0.043469	0.0	0.0	0.0	0.047462	0.0	0.0	1.748623	0.0	0.0	0.07089	0.0	0.013259	0.0	0.0	0.127045	0.044118	0.015578	0.022608	0.0	0.0	0.206624	0.217771	0.0	0.0	0.0	0.013426	0.121153	0.27094	0.074607	0.071358	0.0	0.044765	0.847915	0.0	0.022168	0.032852	0.026376	0.016993	0.0	0.0	0.012242	0.0	0.089166	0.0	0.048891	0.0	0.0	4.351798	0.019546	0.010155	0.015162	0.0	24.152609	0.0	0.0	0.00948	0.0	0.016232	0.145658	0.08517	0.0	2.01305	0.031637	0.05505	0.439858	0.0	0.561805	0.090501	0.148516	0.0	0.088393	0.0	0.0	0.0	0.203125	0.217245	1.473652	0.076747	0.016206	0.108548	0.0	0.0	0.0	0.0	0.0	0.0	0.0	0.037044	0.0	0.0	0.071517	0.0	0.015394	8.697493	0.231366	9.212045	0.0	0.0	0.004124	0.268757	0.0	0.115172	0.059006	0.01761	0.0	0.041427	0.012468	0.026928	0.054413	0.0	2.340964	0.0	0.021025	0.0	1.099425	2.680723	0.0	0.009766	0.0	28.922822	0.03146	0.0	0.0	0.0
SRR17301553_bin.2	0.0	0.0	0.0	0.0	0.0	0.0	0.0	0.0	0.0	0.0	0.0	0.0	0.0	0.0	0.0	0.0	0.0	0.0	0.0	0.0	0.0	0.0	0.0	0.0	0.0	0.0	0.0	0.0	0.0	0.0	0.0	0.0	0.0	0.0	0.0	0.0	0.0	0.0	0.0	0.0	0.0	0.0	0.0	0.0	0.0	0.0	0.0	0.0	0.0	0.0	0.0	0.0	0.0	0.0	0.0	0.0	0.0	0.0	0.0	0.0	0.0	0.0	0.0	0.0	0.0	0.0	0.0	0.0	0.0	0.0	0.0	0.0	0.0	0.055587	0.0	0.0	0.0	0.0	0.0	0.0	0.0	0.0	0.0	0.0	0.0	0.0	12.941514	0.0	0.0	0.0	0.0	0.0	0.0	0.0	0.0	0.0	0.0	0.0	0.0	0.0	0.0	0.0	0.0	0.0	0.0	0.0	0.0	0.0	0.0	0.0	0.0	0.040389	0.0	0.0	51.7147265	0.0	0.0	0.0	0.0	0.0	0.0	0.0	0.0	0.0	0.0	0.0	0.0	0.0	0.0	0.0	0.0	0.0	0.0	0.0	0.0	0.236624	0.0	0.0	0.0	0.0	0.0	0.0	0.0	0.0	0.0	0.0	0.0	0.0	0.0	0.0	0.0	0.0	0.08237	0.0	0.0	0.0	0.0	0.0	0.0	0.0	0.0	0.0	0.0	0.0	0.0	0.0	0.0	0.0	0.0
SRR8849233_bin.22	0.423313	0.0	2.888203	1.234169	0.0	0.692136	7.932388	1.061739	1.158488	4.376587	2.181123	0.0	0.0	4.403695	2.516223	0.0	0.101216	0.0	0.0	0.0	0.0	0.0	0.0	0.0	0.0	0.207989	0.16065	0.0	0.156277	0.08943200000000001	4.548155	9.001539	1.965254	1.985855	11.078401	1.989798	3.3830985	5.8077214999999995	0.0	2.945836	2.095144	0.262945	1.848085	1.947341	0.036532	0.0	0.0	4.265559	0.0	10.249629	3.336389	0.0	0.0	0.0	0.0	0.259376	0.0	0.0	0.0	0.518506	0.0	0.649843	0.0	0.0	0.0	0.0	4.678605	0.406902	0.0	0.0	0.0	3.594185	0.0	19.6915535	3.05537	3.307751	4.319291	0.051355	0.0	13.330244	3.696279	4.851039	6.204288	5.481195	0.0	0.0	0.286859	2.024642	0.0	0.0	1.209628	0.0	0.0	0.513795	0.0	3.404978	4.012341	0.0	0.0	2.021789	0.064434	1.73301	2.65101	0.0	5.842881	0.0	0.0	0.0	0.0	0.0	2.200017	0.0	0.675359	0.060763	0.120248	21.01434	0.057602	4.165295	0.8308275	4.550232	0.0	0.269347	0.030178	0.324497	1.378163	5.526892999999999	0.150346	0.0	0.0	0.0	0.0	0.321511	2.307731	0.740661	0.275475	2.205232	1.485218	2.169488	0.0	5.272774	0.068868	1.978152	0.0	5.214816	12.383297	3.277954	0.940231	0.480737	1.492953	2.117398	8.124209	0.688213	3.495967	15.759297	0.147685	1.444647	2.485792	1.316067	1.587001	0.017252	1.948761	1.230513	0.276152	0.0	0.0	3.30551	0.0	0.0	0.259847
SRR8849247_bin.37	0.005203	0.006976	0.081546	0.090469	0.035625	0.043899	0.042882	0.16515	0.031374	0.395146	0.111817	0.007665	0.0	0.037008	0.150248	0.109977	0.023034	0.045921	0.002053	0.094949	0.002991	0.082039	0.003084	0.007833	0.027629	0.033227	0.018638	0.0	0.025737	0.256583	0.068324	0.098945	0.011382	0.04918	0.061175	0.033632	0.095833	0.064244	0.032953	0.094499	0.07816	0.026196	0.070299	0.0184	0.066415	0.072501	0.03861	0.021956	0.08322	0.053044	0.162708	0.008685	0.01251	0.032325	0.026536	0.063709	0.075293	0.003551	0.013977	0.102858	0.051545	0.045424	0.009379	0.0	0.00324	0.059212	0.0225	0.083287	0.027228	0.003736	0.073067	0.080472	0.011647	0.097149	0.053017	0.076443	5.603456	0.160736	0.126614	0.085686	0.049394	0.085527	0.081388	0.083097	0.039194	0.027345	0.065301	0.089023	0.012674	0.0	0.135788	0.078592	0.014184	0.077577	0.078193	0.1805	0.140896	0.125672	0.177788	0.044815	0.084357	0.628541	0.086484	0.177113	0.03507	0.002755	0.053176	0.07196	0.0	0.088722	0.082311	0.039115	0.166277	0.048445	0.075185	0.080784	0.069267	0.014446	0.070535	0.052094	0.131312	0.189275	0.056785	0.057239	0.04396	0.118156	0.020859	0.011793	0.0	0.009827	0.065126	0.005295	0.094998	0.115637	0.032863	71.60082	0.180032	0.064118	0.175808	0.073163	0.185799	0.050913	0.00621	0.084785	0.17482	0.083817	0.019733	0.070383	0.092881	0.055443	0.17424	0.088281	0.139547	0.055458	0.118659	0.300577	0.021762	0.077281	0.044458	0.054599	0.153261	0.094702	0.005602	0.014291	0.029754	0.087959	0.058637	0.004812	0.0
SRR17301559_bin.29	0.0	0.0	0.2966085	0.0	0.064727	0.0	0.08391	0.0	0.0	0.0	0.0	0.0	0.0	0.076471	0.311162	0.0	0.0	0.0	0.185907	0.428799	0.0	0.0	0.355094	0.0	0.0	0.0	0.125099	0.0	0.0	0.0	0.286601	0.0	0.0	0.0	0.063871	0.0	0.0	0.0	0.0	0.0	0.437905	0.0	0.0	0.0	0.0	0.0	0.0	0.0	1.7109405	0.21458	0.0	0.0	0.0	0.0	0.0	0.572948	0.0	0.0	0.0	0.0	0.0	0.0	0.0	6.482495	0.0	0.0	0.0	0.0	3.467566	0.0	1.9722285	0.0	0.0	0.0	0.0	0.168963	0.0	0.341057	0.0	15.598394	0.0	0.057852	0.0	0.0	0.959228	5.360475	0.065657	0.0	12.28393	0.0	0.0	3.206808	2.133659	0.0	0.0	0.0	0.0	0.0	0.0	0.0	0.304779	0.0	0.0	4.56812	0.0	0.0	18.714038	0.397214	0.0	0.0	0.0	0.0	5.505655	0.195183	0.0	0.143169	0.0	0.0	0.437351	1.265323	0.0	10.049372	0.0	0.180307	0.818833	0.0	0.0	0.0	0.0	0.0	2.569978	0.243791	0.0	8.189242	0.772527	0.361391	0.0	0.488338	21.6478125	0.0	1.5494780000000001	0.0	0.0	0.0	0.099716	0.0	0.0	0.0	0.0	0.0	0.0	0.0	0.0	0.0	0.0	0.0	0.0	0.0	0.0	0.0	1.6617285	0.246009	0.0	0.0	0.53778	0.0	2.525342	0.0	0.0
SRR17301535_bin.7	0.096244	0.160875	12.924346	2.056043	0.665933	3.229033	13.308172	0.399588	0.243746	1.592077	0.656122	0.0	0.233841	0.10472	5.554479	2.468584	0.13310499999999997	5.203434	0.0	1.462563	0.0	2.03278	0.257873	0.370982	0.150029	0.187571	0.105768	0.0	0.154727	1.166563	1.267399	1.146515	0.328376	0.680517	0.185855	3.041789	0.610891	2.556644	3.851016	0.630151	3.3456715	1.541431	8.016554	0.202694	4.705682	9.203963	1.289219	1.500432	0.29423	1.299527	0.699095	0.343902	3.801611	0.18049	0.08777	1.351124	0.276252	0.09650500000000001	0.0	3.456851	1.356593	0.603985	0.1131855	0.0	0.0	4.889057	1.322548	3.176695	8.749996	0.083915	2.066767	4.277836	105.787934	0.388924	0.627275	0.142419	2.597197	0.854239	0.606223	0.389966	1.717447	0.268655	0.693594	1.625279	1.092808	2.422755	6.479167	10.962946	0.0	0.0	11.694745	0.872376	0.188519	4.90828	4.522332	0.7981895	9.530886	1.225736	0.0	0.448185	6.291366	0.620786	1.157515	0.385132	0.593823	104.599361	3.098692	0.711337	0.0	1.847482	24.767317	3.629714	2.281148	22.705486	6.146555	1.685841	0.636199	0.380341	0.146535	1.313532	3.437794	43.20686	0.570557	0.105446	0.207499	0.783343	0.0	0.1584935	0.0	0.0	10.115721	0.0	5.869329	25.088966	0.673492	15.62761	0.894503	2.706417	2.228199	0.636188	0.231207	1.844774	0.0	1.131753	28.803161	0.704907	0.687228	0.380522	0.657836	0.824915	2.899728	0.488639	0.906406	0.512229	0.385133	7.956379	5.974016	2.407253	3.630178	0.657813	0.673317	6.058578499999999	0.859437	0.067108	2.427556	0.506942	2.607664	0.238035	0.084291
SRR8849264_bin.1	342.447784	206.304693	7.139041	0.994403	33.178082	24.325432	41.196363	48.985429	4.269322	16.120374	18.227521	14.295425	73.807047	267.384791	13.504028	2.726063	63.261801	1.804841	7.519951	51.779867	589.243033	0.286013	574.324606	428.130631	193.533368	143.189523	701.774832	1.642126	254.157028	82.215681	193.214036	24.663997	7.476079	11.308691	83.903026	41.959438	52.127217	141.118736	145.796044	67.584432	3.493248	32.543766	288.608559	365.319772	57.034019	6.852825	37.589746	7.052257	340.47342	287.512928	244.263344	589.762878	388.559569	706.596121	836.338258	307.637979	15.18731	414.409592	1292.044892	11.897808	28.557656	31.954099	12.266621	7.07356	1150.628033	96.644861	210.498104	0.623236	4.324556	1177.649613	8.984712	6.423322	15.151703	135.770779	418.716546	375.687648	69.069877	119.211418	443.647963	387.265823	56.741168	151.949903	15.712306	28.036305	731.582175	27.80552	79.610061	12.102691	197.011952	0.270189	50.488018	172.689568	0.521757	57.124177	1.071409	76.589212	309.48245	789.834321	768.179694	178.375258	505.009687	173.395414	86.932782	98.282371	195.481873	5.484997	0.510116	65.40905	47.055632	4.826908	9.303583	145.128955	3.353497	6.784451	47.431598	369.528177	240.292718	836.306565	168.78651	280.974091	269.044044	322.41402	158.272621	544.892757	361.667815	126.20749	291.152949	639.792276	976.480201	3411.808878	371.543158	241.344431	0.157773	20.22209	28.960248	61.636522	11.305036	4.814531	23.808676	64.250616	826.669207	7.296079	610.960128	92.873209	29.956444	507.673745	53.36061	34.843223	52.723181	6.553616	22.901122	5.504886	61.036623	58.484334	1.281629	4.384637	167.677202	1.694585	14.006383	1.885332	16.644412	14.655222	1.653558	52.423929	3.70489	108.734305	32.832499	1950.373681	10.937082
SRR8849245_bin.22	0.0	0.0	0.0	0.0	3.2e-05	0.0	0.0	0.0	0.0	0.0	0.0	0.0	0.0	0.0	0.0	0.0	0.0	0.0	0.0	0.0	0.0	0.0	0.0	0.0	0.0	0.0	0.0	0.0	0.0	0.0	0.0	0.0	0.0	0.0	0.0	0.0	0.0	0.0	0.0	0.0	0.0	0.0	0.0	0.0	0.0	0.477204	0.0	0.0	0.0	0.0	0.0	0.0	0.0	0.0	0.0	0.0	0.0	0.0	0.0	20.268093	0.0	0.0	0.453273	0.0	0.0	0.0	0.0	0.253066	0.0	0.0	0.0	0.0	0.0	0.0	0.0	0.0	0.0	0.0	0.0	0.0	0.0	0.0	0.0	0.0	0.0	0.0	0.0	0.0	0.0	0.0	0.935746	0.0	0.0	0.0	0.0	0.0	0.0	0.0	0.0	0.0	0.0	0.0	0.0	0.0	0.0	0.0	0.0	0.0	0.097673	0.0	0.0	0.0	0.0	1.698277	0.056654	0.0	0.0	0.0	0.0	0.0	0.0	0.0	0.0	0.0	0.0	0.0	0.0	0.0	0.0	0.0	0.0	0.0	1.167802	0.0	0.0	0.0	0.0	0.0	0.0	0.0	0.0	0.0	0.0	0.0	3e-06	0.0	0.0	0.0	0.136111	0.0	0.0	0.0	0.0	0.0	0.313936	0.0	0.0	0.0	0.0	0.0	0.0	0.0	0.0	0.0	0.0	0.0	0.0	0.0	0.0
SRR8849230_bin.23	4.597209	19.17276	1.552093	0.779596	0.981737	19.040203	1.309955	0.074058	19.312514	43.27717	20.137021	0.044235	6.342402	1.379297	41.546509	0.132023	0.0	0.016342	0.0	8.26394	0.014473	0.099949	1.114532	2.66707	2.480927	1.180812	2.897248	8.472218	1.558012	1.470398	52.134755	49.35246	0.011829	4.715742	39.710051	2.11223	8.850709	17.729681	18.238688	10.089538	1.165771	6.311101	7.093866	5.169937	14.17831	0.0	0.205312	74.515241	0.313134	0.132254	0.092237	0.044085	0.057448	0.534678	223.303491	0.021451	3.833076	0.077408	58.109312	3.445115	15.596453	0.019695	0.219747	0.0	0.0	0.0	7.213155	123.015886	0.0	2.44108	1.110133	19.571996	0.0	173.741652	0.0	36.653371	0.852908	244.09536	108.42206	4.636609	35.523685	8.20108	10.249481	0.353226	12.03645	65.20926	3.010799	9.415804	0.0	20.897178	2.109646	0.0	0.0	10.227691	12.507962	22.800901	190.974075	1.596807	0.095675	7.104007	5.886456	14.389631999999999	4.4297	63.347279	46.344038	0.0	0.417526	0.065707	0.0	46.710745	53.651087	0.262087	3.700241	1.749439	0.621594	272.777788	77.629377	0.022785	238.876822	1.734646	0.28388	2.082163	2.444206	1.577663	12.277612	89.927327	3.003329	0.020864	0.017198	0.015159	6.773407	9.150471	12.420989	6.428782	3.0007485000000003	21.790171	0.099393	1.725492	1.064913	194.045727	1.720466	1.71266	0.041003	0.030621	2.185807	0.0	6.753934	2.446048	1.630079	16.71787	1.021081	0.056894	2.300289	86.600685	6.446593	5.337273	31.585514	3.386861	0.016438	0.972516	2.073972	0.049865	0.203008	0.52066	8.88433	26.262723	0.031847	5.370856	10.472936
SRR8849208_bin.29	1.727412	18.812708	20.043745	0.086325	1.110012	7.283429	0.63613	45.224418	16.454556	19.946729	4.844769	0.0	23.129987	25.251823	7.284639	0.0	23.547293500000002	0.042191	128.776623	2.2128240000000003	0.0	28.528717999999998	0.310075	9.423648	14.630192	1.21027	3.710333	0.0	2.216816	0.0	4.227767	0.387421	3.990122	2.2910315	9.4864235	1.325109	4.360536	4.974063	1.064604	2.151871	29.814201	2.871795	31.22303	2.823311	5.92174	0.113339	2.347439	0.0	3.868306	0.520151	8.560164	0.0	6.797123	26.103069	0.0	1.010477	0.0	0.0	3.403716	0.0	14.363466	38.892948	1.979355	0.0	44.332251	0.918295	8.790124	0.046054	0.0	0.0	1.995755	2.679394	15.436049	1.703776	3.654847	4.318844	2.009578	0.251562	17.493575	1.615189	5.8169275	11.439897	5.753295	0.03081	11.281105	60.803943	26.145847	11.88634	0.0	0.0	0.331837	9.517454	0.0	9.653135	3.708359	11.327987	0.484288	1.021628	0.807652	8.906934	1.784093	7.111934	0.472672	9.5532745	2.159829	0.0	0.664056	0.0	0.0	0.0	1.998516	0.1161415	7.578754	27.088682	32.8518	2.051429	12.377657	23.617885	3.142131	2.16662	0.0	0.31414	6.33387	6.019442	0.5366275	7.754352	4.240639	22.488826	0.0	0.0	89.258897	11.9953215	0.805231	26.377095	18.8539085	1.223355	3.063871	27.421717	0.232994	18.468746	20.425881	2.980668	0.0	9.936835	0.250954	3.723201	0.3392575	0.870308	1.741141	80.712389	5.768038	0.9744619999999999	5.730651	0.8556205	0.559925	0.184175	1.67357	0.446473	4.823117	4.930035	2.99684	2.2576555000000003	0.09264	0.0	0.346473	6.283438	18.508006	12.360574	0.0
SRR17301521_bin.9	0.162877	0.604755	5.069572	15.523553	5.008021	8.56132	5.789015	2.471264	0.011881	0.0	2.713556	2.04086	0.248851	0.0	8.567677	1.52408	23.748844	15.85218	0.0	0.142409	0.0	55.827548	0.116564	1.080978	0.0	0.346864	1.095892	0.0	2.189803	0.179861	0.0	0.0	0.917258	2.849775	0.0	5.887094	4.432788	0.0	2.673451	0.858048	0.125757	0.0	1.006562	0.0	25.419808	0.0	0.0	0.0	0.138408	0.0	1.579492	0.0	0.0	0.0	3.993628	2.178634	0.0	0.0	0.0	0.882115	6.192414	9.195412	0.0	0.0	0.0	0.0	6.928749	0.0	0.0	0.0	35.037814	0.0	0.0	1.191436	0.0	2.097437	0.205207	0.176269	8.672329	0.0	0.0	0.110098	8.999193	0.0	0.374575	46.359551	45.203248	0.0	0.0	0.0	38.418874	0.0	0.0	0.0	0.303206	6.108062	0.0	0.0	0.61736	7.648421	0.0	2.062266	0.189561	0.0	4.629904	0.0	39.063385	0.0	0.0	0.0	0.26724	0.190695	0.0	35.895318	33.092497	0.0	13.596912	0.0	1.636302	0.0	0.0	0.167046	0.691406	0.079437	1.099093	2.587802	0.078476	0.382585	0.0	0.0	66.956697	0.485068	13.00469	22.26494	30.704248	9.994248	2.830031	0.078966	44.214625	0.0	8.458133	2.347237	0.0	8.015238	7.250497	0.784924	0.0	0.0	7.757066	6.338636	0.0	1.963696	7.062119	3.057451	0.0	2.491827	0.293478	3.38702	5.088772	2.592638	17.62252	7.553118	0.173399	0.0	0.560749	8.382595	1.819781	0.0	0.0
SRR8849211_bin.42	0.013049	24.92854	0.074994	0.107276	0.006359	0.078438	0.0	0.012877	0.012805	0.013164	0.208872	0.064517	0.00503	0.0	0.429011	0.087742	0.059501	0.00559	0.0	271.228376	0.015388	0.0	0.01199	0.0	0.046543	0.003293	0.023303	0.003799	3.75007	1.292888	35.445578	0.05137	0.043084	3.597398	0.002075	0.024771	1.126549	0.036113	0.208031	0.0	11.322164	0.027202	71.124624	0.005132	0.010041	0.023143	0.107452	0.008585	0.075089	0.005812	0.018174	0.043095	0.0	0.0	0.004763	0.022274	66.712645	0.005682	0.0	0.04534	0.203087	0.007578	0.059995	0.008623	0.0	0.006625	0.003148	0.015742	0.0	0.242196	0.226969	0.910258	0.00934	0.032926	0.00886	13.682488	121.280627	0.656457	0.026922	32.373624	0.016544	0.017226	0.018089	0.003816	3.435728	0.018423	0.00281	347.517428	0.008212	0.002575	0.040604	0.064741	0.0	0.049252	0.835087	0.008625	0.111919	0.033123	0.0	0.195308	0.045814	1.368101	13.478657	0.097085	0.022733	0.007513	127.723771	0.008163	0.011327	0.006562	170.729293	0.015557	0.587617	906.899098	256.072286	0.27737	0.023099	0.001965	0.017812	0.007367	0.0	2.344856	0.029683	0.025638	0.087114	11.18328	0.010757	0.003076	0.057137	0.0	0.007033	0.011234	0.410918	0.015106	0.393511	306.854939	0.08362	14.420948	0.12839	28.697812	0.767903	0.01404	0.007386	0.005589	0.752564	0.008885	0.134072	0.008583	0.075619	0.017981	0.023792	0.029283	1.043682	0.028895	0.029126	47.792182	0.008449	25.406377	0.014937	40.807874	0.169345	21.660309	0.030194	0.022657	0.016189	0.007632	0.006184	0.015988	0.0
SRR8849278_bin.12	1.084094	0.586832	3.757328	122.45938	1.481642	0.168603	1.360275	5.169063	0.064985	23.693396	1.963435	0.53893	0.0	0.0	39.277559	3.937187	0.599704	0.0427	1.769586	147.989017	0.281227	0.175724	0.00591	0.022751	0.65001	0.0	0.009162	0.174378	0.274597	2.130669	62.386394	0.687724	0.687969	101.095631	0.016523	0.115705	5.387899	0.06805	0.156375	16.695972	0.879373	46.668028	0.363985	0.380452	0.170058	0.049095	2.093756	501.6903	155.210468	0.805297	0.144094	0.063926	0.019617	1.428442	0.197053	2.312763	1.130456	0.062213	0.0	1.155369	0.426789	0.455268	1.947606	0.123361	0.0	2.157161	0.15523	0.218874	0.039718	1.277451	1.32016	0.062451	0.251793	3.569858	15.320345	0.421517	66.978204	88.872666	1.456748	5.718292	103.425889	114.162141	1.700713	0.209836	0.0	14.119984	0.06011	5.630182	1185.928372	0.145549	49.64297	0.06412	0.204861	54.432284	1.44488	5.897667	0.423467	1.186661	4.363682	7.161749	0.811826	17.623812	0.45088249999999996	0.463895	1.279271	0.305193	11.440471	1.189326	14.784618	3.338079	12.041313	16.087741	0.073985	1.224047	18.807591	0.08815	2.819655	0.006378	0.108377	0.16238	0.513369	2.780948	219.287186	0.568872	0.420977	0.23499	0.0	0.087163	0.0	3.260264	1.724073	0.008451	205.016079	1.280849	1.441463	0.067137	11.283177	0.633338	10.006827	0.117867	1.018997	11.092847	0.0	0.316064	1.83741	0.0	35.452801	31.76143	24.168681	2.70241	0.377239	2.351283	12.058898	8.526811	1201.06137	201.095739	0.0	78.416858	0.067035	0.644461	243.412498	25.769343	7.413758	0.31867	3.871079	1053.030819	0.040896	0.279813	0.050431
SRR8849249_bin.3	0.0	0.0	0.0	0.0	0.0	0.0	0.0	0.0	0.0	0.0	0.06613	0.0	0.0	0.0	0.065378	0.0	0.0	0.0	0.0	0.0	0.0	0.0	0.0	0.0	0.0	0.0	0.0	0.0	0.0	0.0	0.0	0.0	0.0	0.0	0.0	0.0	0.0	0.0	0.0	0.0	0.0	0.0	0.0	0.0	0.0	0.0	0.0	0.0	0.0	0.0	0.0	0.0	0.0	0.0	0.0	0.0	0.0	0.0	0.0	0.0	0.0	0.0	0.0	0.0	0.0	0.0	0.0	0.0	0.0	0.0	0.0	0.073671	0.0	0.465085	0.0	0.0	0.057223	0.006872	0.0	0.0	0.0	0.0	0.074818	0.0	0.0	0.0	0.0	0.0	0.0	0.0	0.0	0.0	0.0	0.0	0.0	0.0	0.009948	0.0	0.0	0.0	0.0	0.0	0.0	0.0	0.0	0.0	0.0	0.0	0.0	0.0	0.0	0.0	0.0	0.0	0.0	0.0	0.0	0.0	0.0	0.0	0.0	0.0	0.0	0.0	0.0	0.050984	0.0	0.0	0.0	0.0	0.0	0.0	0.0	0.0	0.0	0.0	0.0	0.0	0.011996	0.3065405	0.0	0.0	0.0	0.0	36.143378	0.0	0.080902	0.0	0.0	0.0	0.073386	0.035728	0.0	0.566383	0.0	0.0	0.0	0.086439	0.0	0.0	0.0	0.0	0.016981	0.0	0.0	0.035066	0.0	0.0	0.0
SRR8849266_bin.10	0.076655	0.0	0.066595	0.076073	0.20576	0.578877	0.101277	0.0	0.053979	0.082315	9.336911	0.0	0.0	0.065384	0.135559	0.05671	0.039869	0.0	0.0	0.0737	0.0	0.09173	0.0	0.0	0.055086	4.863531	0.030176	0.0	0.066518	0.028189	0.054982	0.131139	0.017404	0.999443	0.120881	0.0	0.135127	2.802392	0.059561	4.938327	0.055508	0.059379	0.067846	0.033762	0.074543	0.03925	0.035823	0.007946	0.0	0.073929	0.040287	0.0	0.0	0.0	0.0	0.038631	0.018946	0.0	0.0	0.0456	0.055618	0.026432	0.0	0.0	0.0	0.0	0.043716	0.114629	0.04241	0.0	0.031392	0.094806	0.0	0.14892	0.0	0.059886	0.115422	0.069403	0.03448	0.061385	0.058759	0.064817	0.065433	0.05568	0.035042	0.042649	0.072043	0.200864	0.0	0.0	0.139677	0.053044	0.0	0.104691	0.049605	0.068606	0.086547	0.075445	0.09564	0.034542	0.079358	0.075158	0.095282	0.045596	0.044162	0.0	0.040997	0.164171	0.0	0.084695	0.162068	0.014429	0.046329	0.048513	0.064164	0.137501	0.05059	0.004542	0.103846	0.041201	0.022457	0.164405	0.016939	0.347018	0.092423	0.077355	0.009442	0.0	0.0	0.0	0.047838	0.0	50.475518	0.180284	0.05411	0.163234	0.586823	0.070415	0.127672	0.104879	0.089888	0.054145	0.0	0.044636	0.102267	0.017487	0.03751	0.022223	0.095479	0.074224	0.142853	0.039004	0.061671	0.106274	0.033452	0.089066	0.034119	0.055728	0.081666	0.069599	0.033922	0.053836	0.06017	0.0	0.044363	32.175182	0.022764	0.0	0.0
SRR8849241_bin.12	0.0	0.0	0.016713	0.0	0.0	0.0	0.0	0.0	0.0	0.0	0.053552	0.012711	0.01588	0.0	0.0	0.0	0.390116	0.0	0.0	0.040698	0.0	0.0	0.0	0.0	0.0	0.0	0.0	0.0	0.0	0.0	1.277667	0.0	0.0	0.0	0.0	0.0	0.0	0.0	0.0	0.0	0.853117	0.0	0.0	0.0	0.0	0.0	0.0	0.0	0.0	0.0	0.0	0.902613	0.0	0.0	0.0	0.0	0.0	0.0	0.0	0.0	12.80262	0.0	0.0	0.0	0.0	0.092161	0.0	0.0	0.0	0.0	0.0	0.0	0.0	0.0	0.0	0.0	0.070481	0.060002	0.0	0.0	4.04987	0.0	0.0	0.0	0.0	0.0	0.0	0.0	0.0	0.0	0.12978	0.0	0.0	0.0	0.110134	23.696647	0.0	0.0	0.0	0.0	0.0	0.334034	0.0	0.0	0.0	0.0	0.0	0.0	0.0	0.0	0.0	0.0	0.0	0.092031	0.063415	0.0	0.0	0.0	0.0	0.0	0.0	0.003931	0.181976	0.0	0.031136	0.0	0.0	0.0	0.0	0.0	0.204688	0.0	0.0	0.0	7.198639	0.0	0.011785	0.971957	0.0	0.0	0.187257	62.24963	0.0	0.0	0.012807	0.0	0.01389	0.0	0.0	0.0	0.0	0.0	0.0	0.0	0.0	0.018857	0.0	0.0	0.0	0.0	0.0	0.648714	0.0	0.0	0.008832	0.0	0.0	0.0	0.0
SRR9330780_bin.23	1.258162	84.561108	0.960276	0.006848	0.049092	0.826208	0.414341	0.388526	0.175615	0.181726	0.910575	2.689311	1.815482	3.551983	10.283805	0.013716	0.509452	0.388522	0.0	0.087796	0.056787	0.861806	5.199267	6.924144	2.498103	10.787439	1.841247	0.742789	2.187401	0.132605	2.294557	0.183655	11.905757	0.151772	3.851853	3.359594	1.133456	0.540901	0.221664	0.317887	0.353183	0.205431	1.494652	0.593611	0.16124	0.023819	0.088089	0.09719	1.441012	1.717963	2.744069	430.405527	0.867416	8.185202	2.137773	4.484785	1.015935	3.422746	1.364763	0.422865	0.304292	0.246876	0.0	0.04063	0.244455	0.063097	1.16311	0.007464	0.177133	0.720333	0.031689	0.144131	0.238727	3.623392	4.071585	9.693448	0.224688	0.20186	29.016946	0.796662	0.622476	4.714056	0.239144	10.309973	104.666773	0.062674	0.060458	0.755085	0.243549	0.057092	0.077238	0.975219	0.028637	0.178692	0.054229	0.830922	0.155328	0.103053	0.512834	0.785746	0.201388	0.873253	1.210953	0.480777	1.389235	0.0	0.05304	0.0	0.074828	0.258431	0.144838	0.20297	0.180274	0.339896	0.058237	1.358627	16.163784	0.424512	0.240394	0.275295	0.441836	0.135502	0.5365	3.988019	0.483898	6.784957	1.075726	1.89049	4.805827	3.87559	1.239686	172.136677	0.042092	0.148874	0.419212	0.609585	0.143731	0.921902	0.324095	0.319098	2.081632	0.105796	0.345884	1.285709	0.796987	0.479224	0.091431	0.123411	0.668876	0.345306	0.888215	5.893352	1.157474	0.67511	0.040163	0.047652	0.204123	0.116474	0.272188	0.158114	0.135092	3.631442	0.014983	0.008477	0.009514	0.785777	1.406472	0.242812	3.902989
SRR8849251_bin.8	0.004215	0.0	0.036552	0.0	0.0	0.015465	0.013476	0.0	0.006999	0.0	0.038835	0.012857	0.0	0.0	0.010166	0.006969	0.005489	0.0	0.0	0.0	0.004717	0.0	0.0	0.0	0.0	0.008088	0.0	0.0	0.005702	0.007542	0.006792	0.006853	0.0	0.023729	0.014945	31.516006	0.031259	0.005128	0.0	0.0	0.074242	0.003016	0.005449	0.0	0.012388	0.00318	0.0	0.0	0.0	0.0	0.0	0.0	0.114687	0.0	0.0	0.0	0.0	0.0	0.0	0.00728	0.0	0.049081	0.0	0.0	0.0	0.0	0.0	0.0	0.0	0.0	0.0	0.030299	0.0	0.048992	0.0	0.0	0.008735	0.008709	0.0	0.012687	0.012234	0.0	0.012575	0.006027	0.0	0.0	0.007756	0.012808	0.0	0.0	0.0	0.0	0.0	50.360666	1.098034	0.001997	0.012723	0.0	0.0	0.004801	0.0	0.0	0.019458	0.009981	0.0	0.0	0.003172	0.0	0.0	0.0	0.015107	0.0	0.0	0.038145	0.009821	0.074913	0.007844	0.002412	0.003777	0.0	0.0	0.008467	0.007817	0.008995	0.0	0.041419	0.0	0.0	0.0	0.0	0.0	0.0	0.151742	0.004277	0.011471	0.053508	0.01197	0.111817	0.010634	0.022169	0.006896	0.031912	0.0	0.0	0.019368	0.008809	0.015797	0.003513	0.00933	0.008905	79.145039	0.028054	0.019787	0.009936	0.004823	0.008395	0.0	0.062384	0.013692	0.005368	0.010549	0.0	0.0	0.0	0.0	0.003141	0.01181	0.0	0.0
SRR8849288_bin.9	0.0	0.0	0.0	0.0	0.011818	0.0	0.0	0.0	0.0	0.0	106.537257	0.0	0.0	0.0	0.0	0.0	0.0	0.0	0.0	0.0	0.0	0.0	0.0	0.0	0.0	0.636251	0.0	0.0	0.0	0.0	0.0	0.0	0.0	0.0	0.0	0.0	0.0	83.028412	0.0	0.0	0.0	0.0	0.0	0.0	0.0	0.0	0.0	0.0	0.0	0.010911	0.087745	0.0	0.0	0.0	0.0	0.0	0.0	0.0	0.0	0.0	0.0	0.0	0.0	0.0	0.0	0.0	0.0	0.0	0.0	0.0	0.0	0.068433	0.0	0.013862	3.594337	0.0	0.0	0.0	0.0	0.0	0.0	0.0	0.003659	0.0	0.0	0.0	0.0	0.0	0.0	0.0	0.0	0.0	0.0	0.0	0.0	0.0	0.0	0.0	0.0	0.0	0.0	0.110324	0.050192	0.0	0.0	0.0	0.0	0.0	0.0	0.0	0.0	0.0	0.0	0.0	0.0	0.0	0.0	0.0	0.0	0.0	0.0	0.515291	0.0	0.0	0.0	0.019287	0.0	0.0	0.0	0.0	0.0	0.0	0.163718	0.0	0.0	0.0	0.0	0.0	0.0	0.0	0.01748	0.0	0.0	0.0	0.081358	0.0	0.0	0.0	0.0	0.0	0.004708	0.0	0.0	0.0	0.0	0.0	0.0	0.00864	0.0	0.0	0.0	0.0	0.0	0.0	0.0	0.0	0.0	0.0	0.0
SRR17301550_bin.21	0.0	0.0	0.0	0.0	0.0	0.0	0.0	0.0	0.0	0.0	0.0	0.0	0.0	0.0	0.0	0.0	0.0	0.0	0.0	0.0	0.0	0.0	0.0	0.0	0.0	0.0	0.0	0.0	0.0	0.0	0.0	0.0	0.0	0.0	0.0	0.0	0.0	0.0	0.0	0.0	0.0	0.0	0.0	0.0	0.0	0.0	0.0	0.0	0.0	0.0	0.0	0.0	0.0	0.0	0.0	0.0	0.0	0.0	0.0	0.0	0.0	0.0	0.0	0.0	0.0	0.0	0.0	0.0	0.0	0.0	0.0	0.0	0.0	0.0	0.0	0.0	0.0	0.0	0.0	0.0	0.0	0.0	0.0	0.0	0.0	0.0	0.0	0.0	0.0	0.0	0.0	0.0	0.0	0.0	0.0	0.0	0.0	0.0	0.0	0.0	0.0	0.0	0.0	0.0	0.0	0.0	0.0	0.0	0.0	0.0	0.0	206.08242	0.0	0.0	0.0	0.0	0.0	0.0	0.0	0.0	0.0	0.0	0.0	0.0	0.0	0.0	0.0	0.0	0.0	0.0	0.0	0.0	0.0	0.0	0.0	0.0	0.0	0.0	0.0	0.0	0.0	0.0	0.0	0.0	0.0	0.0	0.0	0.0	0.0	0.0	0.0	0.0	0.0	0.0	0.0	0.0	0.0	0.0	0.0	0.0	0.0	0.0	0.0	0.0	0.0	0.0	0.0	0.0	0.0
SRR8849260_bin.38	2.669522	2.708352	10.010008	14.57692	12.132207	6.327529	9.669641	7.346333	1.384299	3.514748	1.845231	14.385814	0.710607	5.467159	69.703832	591.933798	0.360722	26.822792	18.288605	48.647019	155.488346	212.199498	1.910781	0.743047	1.598772	0.117639	1.073148	1.487107	1.433652	248.225991	9.901385	34.062481	3.07425	14.510046	6.993041	7.148231	6.598226	1.815478	4.177327	19.816979	32.570039	14.562779	4.826102	3.039088	14.773861	28.859707	197.792071	202.684594	11.737718	5.080436	1.470272	3.401252	4.98658	6.057215	0.191759	2.692259	0.172947	4.947508	0.21522	169.993099	76.245044	38.620616	22.229935	0.290277	10.676872	166.811259	3.440168	7.985068	640.427536	2.272709	366.439663	62.328312	102.546715	3.068656	3.124089	3.319584	14.601241	27.203423	5.629564	15.138665	3.818964	5.137734	16.533177	6.913288	1.592223	85.455185	34.872389	92.651367	71.905394	0.055924	103.205743	63.507799	244.060577	444.932552	76.160213	7.125455	5.797399	6.984218	15.538734	1.984102	4.21884	2.498789	1.049941	9.935239	3.897352	17.339201	419.667058	24.314276	0.060201	96.770931	124.270393	3.87322	207.827072	63.485053	41.101732	4.384415	35.857623	5.273303	1.510186	18.159206	12.31146	33.59837	8.025784	0.299712	2.329261	10.115934	4.682737	11.480509	2.086481	0.503905	144.502629	1.378463	122.30393	234.517292	64.087357	5.954975	8.897314	28.839148	160.921061	4.463192	14.235026	1.226223	8.736016	3.860988	18.341503	9.915405	2.422816	0.949231	11.300575	8.103562	4.487062	0.491141	11.663115	4.672098	4.516332	11.344	3.267857	2.829899	22.233273	42.55616	8.315121	6.911941	22.252674	2.625289	122.649663	3.228687	0.3862	4.394848	1.225349
SRR8849246_bin.22	0.0	0.0	0.0	0.0	0.0	0.0	0.0	0.0	0.0	0.0	0.0	0.0	0.0	0.0	0.0	0.0	0.0	0.0	0.0	0.0	0.0	0.0	0.0	0.0	0.0	0.0	0.0	0.0	0.0	0.0	0.0	0.0	0.0	0.0	0.0	0.0	0.0	0.0	0.0	0.0	0.0	0.0	0.0	0.0	0.0	0.092764	0.0	0.0	0.0	0.0	0.0	0.0	0.0	0.0	0.0	0.0	0.0	0.0	0.0	0.0	0.0	0.0	0.229103	0.0	0.0	0.0	0.0	0.0	0.0	0.0	0.0	0.0	0.0	0.0	0.0	0.0	0.0	0.0	0.0	0.0	0.0	0.0	0.0	0.0	0.0	0.0	0.0	0.0	0.0	0.0	0.104861	0.0	0.0	0.0	0.0	0.0	0.0	0.0	0.0	0.0	0.0	0.0	0.0	0.0	0.0	0.0	0.0	0.0	0.063316	0.0	0.0	0.0	0.0	0.228678	0.0	0.0	0.0	0.0	0.0	0.0	0.0	0.0	0.0	0.0	0.0	0.0	0.0	0.0	0.0	0.0	0.0	0.0	0.202371	0.0	247.241377	0.0	0.0	0.0	0.0	0.0	0.0	0.0	0.0	0.0	0.0	0.0	0.0	0.0	0.0	0.0	0.0	0.0	0.0	0.0	0.0	0.0	0.0	0.0	0.0	0.0	0.0	0.0	0.0	0.0	0.0	0.0	0.0	0.0	0.0
SRR8849232_bin.2	0.054441	0.008767	0.035434	0.010066	0.0	11.203978	0.012192	0.049285	0.009376	0.0	0.009934	0.002338	0.040406	0.052907	0.07825	0.0	0.015776	0.0	0.0	0.0	0.0	0.013131	0.0	0.033434	0.018278	0.009869	0.020806	0.0	0.176449	0.0	0.014311	0.0	0.0	0.027212	0.007153	0.0	0.0	0.004663	0.0	0.01836	0.036656	1.352047	0.003713	0.010137	0.044617	0.394163	0.0	0.046049	0.0	0.0	0.0	0.025888	0.0	0.0	0.0	0.0	0.009754	0.006003	0.0	0.0	0.03072	0.015104	0.0	0.0	0.0	0.0	0.022949	0.004676	0.0	0.0	0.0	0.760313	0.0	0.018928	0.0	0.0	0.013343	0.0	0.0	0.010222	0.031894	0.009422	0.004118	0.010681	0.0	0.0	0.04206	0.0	0.0	0.0	0.018652	0.019694	0.0	0.009971	0.0	0.007959	0.0	0.010774	0.0	0.0	0.0	0.0	0.0	0.003703	0.0	0.0	0.002871	0.0	0.003187	0.0	0.005834	0.0	0.011263	0.070411	0.0	0.020575	57.067827	0.0	0.0	0.0	0.0	0.006235	0.013429	0.144816	0.0	4.885134	0.018505	0.0	0.0	0.0	0.0	0.020747	2.179111	0.008104	0.007621	0.037705	0.026724	0.033436	0.0	0.0	0.0	0.018798	0.0	0.006047	0.005024	0.0	0.005665	0.0	0.067254	0.025526	0.01522	10.559599	0.00753	0.01214	0.042903	0.028159	0.015228	0.004927	0.019644	0.00218	0.017796	0.021079	0.00398	0.0	0.0	0.047981	0.014383	0.022204	0.009984
SRR8849251_bin.38	0.009643	0.0	2.543385	0.026739	0.005817	0.022825	6.616947	0.0	0.017114	0.209946	0.055242	0.0	0.775684	0.0	0.031862	0.014437	0.006342	0.0	0.0	0.014387	0.0	0.030481	0.0	1.499088	0.028293	0.008187	0.010383	0.0	0.021725	0.538421	0.01672	0.028235999999999997	0.0	0.080596	0.010899	0.0	9.396444	0.017367	0.0	3.743041	0.02442	0.017216	0.507857	0.0	0.028191	0.143806	0.026019	0.0	0.010537	11.135485	11.273811	6.230938	0.02793	0.0	0.0	6.849162	0.006933	0.0	0.0	0.030002	0.308605	0.053921	0.0	0.0	0.022329	0.0	0.832797	0.024216	0.018952	0.0	0.029742	0.242209	0.0	0.03556	0.0	8.967421	0.703545	0.109209	0.009073	0.033386	3.867561	0.011454	0.021614	0.016203	0.112278	0.021504	0.023369	0.724473	0.0	0.0	0.43189	2.758762	0.0	0.067543	0.02135	0.622005	0.022952	16.585465	0.0	0.010148	1.007179	0.12794	0.721849	0.18041	0.004067	0.0	0.313526	0.01982	0.0	0.02021	0.17559	0.0	0.015081	1.328511	0.015127	0.967812	0.023151	0.0	0.017559	0.005691	0.0	0.135741	1.577099	1.468794	0.0	3.423912	0.0	2.041903	0.017772	0.0	7.169514	0.0	0.359333	0.062216	0.022721	0.011702	0.024122	0.016955	0.317869	0.748557	0.094638	0.152411	0.0	5.390835	0.095661	0.073752	0.055601	0.0	2.275098	0.020649	29.844545	2.44714	3.643069	0.04572	0.009288	0.046623	0.0	0.171456	0.022859	0.238006	0.100388	0.01557	0.007266	0.0	0.010465	0.011426	0.0	0.0	0.0
SRR8849258_bin.21	0.0	0.0	35.277259	0.041546	0.021997	0.06017	0.385573	0.0	0.007348	0.400938	0.347976	0.012204	0.0	0.036628	0.011733	0.057579	0.0	0.0	0.0	1.673773	0.0	0.029611	0.0	0.0	0.226424	0.021472	0.288003	0.815229	0.066302	0.041833	0.007801	0.067084	0.0	9.815531	0.03363	0.041398	0.072807	0.014996	0.009577	0.015566	0.025292	0.070857	0.077949	0.0	0.031969	0.0	0.024861	0.0	0.13575	0.0	0.017351	50.259849	0.027901	0.023126	0.0	0.0	0.0	0.0	1.615983	0.00809	6.49119	0.019183	0.0	0.0	0.0	0.0	0.036813	23.757831	0.055793	1.353315	0.0	1.168506	0.0	12.450522	0.0	0.0	0.071932	1.017104	0.0	0.037185	1.213897	0.013295	0.646805	0.0	0.21414	0.008769	0.04368	0.08614	0.0	0.0	0.018391	0.0	0.0	13.295033	0.015551	0.195104	0.104027	0.601195	0.0	0.0	0.115981	0.780643	0.262089	0.066508	0.014922	3.982057	0.092054	4.968503	0.0	0.0	0.039706	0.0	2.571535	0.0	0.018018	31.167486	0.034944	3.00887	0.0	0.007399	0.746775	0.244873	0.0	0.041923	10.904327	0.059866	0.84958	0.0	0.0	0.0	0.0	0.0	1.181711	0.060244	0.015352	1.00505	0.02603	0.017378	0.038805	0.086666	0.535727	6.053157	0.0	0.017854	0.347772	0.067723	0.088466	0.0	0.028098	0.04209	2.37446	0.157296	0.025116	4.202931	0.024607	37.088043	9.856955	0.0	0.015077	0.0	0.025066	0.063866	21.456468	0.0	0.009413	0.15534	0.0	0.0	11.615085
SRR17301539_bin.4	0.0	0.0	0.0	0.0	0.0	0.0	0.0	0.0	0.0	0.0	0.0	0.0	8.306269	0.0	0.0	0.0	1.235655	0.0	0.0	0.0	0.0	0.0	0.0	0.0	0.0	0.0	0.0	0.0	0.0	0.0	0.0	0.0	0.0	0.0	0.0	0.0	0.0	0.0	0.0	0.0	0.0	0.0	0.0	0.0	0.0	0.0	0.0	0.0	0.0	0.0	0.0	0.0	0.0	0.0	0.0	0.0	0.0	0.0	0.0	0.169693	0.0	0.0	0.0	28.831923	0.0	0.0	0.0	0.291051	0.0	0.0	0.0	0.0	0.0	0.0	0.0	0.0	0.0	0.0	0.0	0.0	0.0	0.0	0.0	0.0	0.0	0.0	0.0	0.0	0.0	0.0	2.669295	0.0	0.0	0.0	0.0	0.0	0.0	0.0	0.0	0.0	0.0	0.0	0.0	0.0	0.0	0.0	1.498657	0.0	0.354282	0.0	0.0	0.0	0.0	0.0	0.0	0.0	0.0	0.0	0.0	0.0	0.0	0.0	0.0	0.0	0.0	0.0	0.0	0.0	0.0	0.0	0.0	0.0	0.0	0.0	0.0	0.0	0.0	0.0	0.0	0.0	0.0	0.0	0.0	0.0	0.0	0.0	0.0	0.0	0.0	0.0	0.0	0.0	0.0	0.0	0.0	0.0	0.0	0.0	0.0	0.0	0.0	0.0	0.0	0.0	0.0	0.0	0.0	0.0	0.0
SRR8849247_bin.16	0.011136	0.0	1.817374	0.45713	0.214237	1.434708	1.883188	0.0	1.029925	30.236456	4.322755	0.011275	0.0	0.237832	3.10113	0.020058	0.006551	0.0	0.0	0.0	0.0	0.0	0.019775	0.0	0.18466	0.0	0.0	0.0	0.186091	0.499162	0.169776	0.029759	0.010489	0.415725	0.750674	0.44586	6.862958	0.124842	0.006402	3.171681	30.073401	0.035998	0.207426	0.0	0.421834	0.0	0.0	0.0	0.009647	0.0	0.0	0.0	0.376725	0.0	0.003864	0.16663	0.0	0.0	0.0	2.062552	0.068551	0.0	0.0	0.004706	0.0	0.0	0.652786	0.025169	0.478054	0.0	0.007702	381.310876	0.018366	8.898926	0.0	0.0	1.450573	0.057658	0.006354	0.093622	0.521252	0.0	1.01727	1.262933	0.012517	0.0	0.006945	74.562987	0.0	0.0	0.047706	0.004156	0.0	1.482208	0.004988	5.439503	2.134964	0.020957	0.145831	0.267157	0.216366	0.298252	4.630336	0.041712	0.005674	0.0	0.01646	0.028335	0.0	0.106448	1.201114	0.0	0.0	0.0	0.428996	0.258726	0.021198	0.005225	0.0	0.083991	0.060889	0.69501	0.0	0.149145	0.0	171.258256	0.014031	0.0	0.0	0.032493	0.0	0.0	27.642883	0.010895	0.008254	108.728784	138.076833	22.970752	0.052578	27.752319	0.091127	0.48485	0.008063	0.003843	13.368045	0.077302	0.06422	0.155575	0.057531	0.016602	57.066684	4.113178	3.867869	8.911174	0.170627	1.610133	0.027548	29.86453	526.923609	0.277846	4.388901	2.589191	0.249133	0.037659	0.026049	29.339279	0.011419	0.0	0.005707
SRR8849257_bin.31	0.0	0.0	0.136463	8.542638	0.072193	0.213968	0.043534	0.0	0.114565	0.128393	2.022052	0.0	0.233375	1.354207	1.403966	0.0	0.017638	0.0	0.0	0.0	0.0	0.090306	0.100296	0.0	0.0	0.295736	0.289949	0.0	2.166243	0.307324	4.270886	0.0	0.0	3.661768	0.042054	0.0	0.0	3.927437	0.188195	1.965175	0.216177	8.533939	0.072297	0.0	32.221151	0.0	0.0	0.0	0.0	0.0	0.0	0.0	0.0	0.0	0.0	0.371789	0.0	0.0	0.0	2.534994	0.035901	0.0	0.0	0.0	0.0	0.0	0.026579	0.039209	0.0	0.0	0.073955	0.268883	0.0	9.307845	0.0	1.015671	1.982216	0.019329	0.0	0.0	1.659228	0.0	3.88184	0.014323	0.0	0.0	17.970068	11.615748	0.0	0.0	18.059272	0.0	0.0	0.0	0.075863	0.069889	0.0	0.0	0.0	0.255282	0.0	0.059389	0.424268	0.025662	5.909588	0.0	0.048698	0.030138	0.0	0.0	12.058764	0.07878	0.0	0.173473	0.054278	4.087697	0.073066	0.0	0.0	0.0	0.0	0.214325	0.0	0.533946	0.0	0.060138	0.282397	0.0	0.0	0.0	0.0	0.0	30.17475	0.450478	0.087294	3.181545	1.21522	0.193345	0.043166	5.720321	0.0	1.522233	0.0	0.0	0.097994	0.0	0.0	0.0	33.26052	0.080781	5.573871	0.03114	0.084223	19.575955	24.324097	0.314786	0.0	24.183425	0.079212	0.041843	16.088701	0.017538	0.0	0.0	0.0	0.282885	0.0	0.0	0.511918
SRR17301514_bin.9	0.0	0.0	0.033803	0.0	0.0	0.055743	0.0	0.0	0.085375	0.0	0.0	0.0	0.0	0.0	0.0	0.0	40.42488	0.0	0.0	0.0	0.0	0.755068	0.0	0.0	0.0	0.0	0.0	0.0	0.0	0.0	0.0	0.0	0.0	0.0	0.0	0.0	0.0	0.0	0.0	0.0	0.087688	0.0	0.028995	0.0	0.026391	0.034389	0.0	0.0	0.0	0.0	0.0	0.282412	0.0	0.0	0.0	0.0	0.0	0.0	0.0	0.0	0.0	1.518886	0.0	0.0	0.0	0.0	0.0	0.0	0.0	0.0	0.0	0.047026	10.430212	0.0	0.0	0.0	0.024815	0.0	0.0	0.599123	0.019131	0.0	0.0	0.0	0.0	4.939109	0.032314	0.069243	0.0	0.0	0.066113	0.0	0.0	0.0	0.0	0.178934	0.0	0.0	0.0	0.0	0.039885	0.0	0.0	0.0	0.0	0.0	1.104412	0.0	0.0	0.0	0.044018	0.0	0.518592	0.0	0.070487	0.0	0.0	0.0	0.0	0.0	0.0	0.0	0.039418	0.0	0.0	0.207408	0.0	0.0	0.0	0.0	0.0	0.0	0.080269	0.037411	0.045504	0.0	0.0	0.082114	0.0	0.0	0.0	0.0	0.0	0.011279	0.0	0.0	0.0	0.0	0.0	0.033721	0.047219	0.0	0.019806	0.0	0.0	0.0	0.0	0.0	0.0	0.037056	0.102582	0.0	0.0	0.0	0.0	0.0	0.0	0.0	0.0
SRR9330795_bin.9	0.630411	3026.477421	6.010866	1.54718	1.081418	1.426413	1.199166	1.532097	2.104054	0.883974	1.032897	0.022687	0.329895	13.388189	0.545743	2.838368	3.809802	0.019262	0.105291	21.223276	0.031432	35.988834	0.00597	0.462358	4.718901	0.26071	1.457347	0.307104	3.421562	0.780497	2.266769	0.392749	2.395681	9.359577	2.156965	1.126127	1.685084	0.189038	0.014239	0.663091	13.471761	4.538005	19.451974	0.0770235	7.25782	0.108666	2.545707	50.325679	5.913898	0.972664	0.033615	0.0	0.0	0.191537	0.182759	0.502994	0.513111	0.0	0.0	12.174348	2.287116	9.955958	0.018715	0.012316	0.239838	0.0	0.329356	0.021175	0.016757	0.007233	31.552048	1.126102	103.722117	0.43516	0.271709	1.504358	2.289505	0.191234	6.175076	4.145163	2.2601	7.883308	10.237298	0.014729	0.263538	16.245468	0.965428	2.023553	0.039074	0.005487	2.804035	1.240202	0.011403	1.48036	6.082605	136.302045	0.061931	0.017107	0.179986	3.195518	0.078898	1.014411	0.128733	0.067278	24.334164	0.040483	24.220701	0.069356	0.031965	0.019616	2.652641	0.019734	13.419407	6.689081	40.428535	4.345098	10.592309	2.800685	9.211434	0.024613	0.033656	1.638947	5.920784	0.791315	0.197908	0.727425	59.527743	0.228905	0.243327	0.0	108.322549	29.405144	2.532345	0.840637	719.564409	2.014426	8.943805	11.688614	12.57704	0.892352	9.114121	0.345236	0.105957	0.043254	3.684786	1.02824	0.372802	0.419092	1.669308	2.040059	2.223003	0.211461	4.601451	0.790706	11.83203	0.689589	0.383603	23.812846	4.105603	1.340441	37.510248	3.413628	0.113928	0.005139	1.049746	23.173055	52.243613	2.152246	0.019925
SRR8849215_bin.26	0.0	0.0	0.009951	0.028302	0.0	39.872267	0.0	0.0	0.002569	0.0	0.021529	0.0	0.0	0.0	0.0	0.0	0.0	0.0	0.0	92.265877	0.0	0.0	0.01356	0.0	0.0055	0.0	0.0	0.0	0.896291	0.0	38.543191	0.0	0.0	0.0	0.0	0.0	0.0	0.0	0.0	0.005072	0.00857	0.0	0.0	0.0	0.0	0.0	0.0	0.0	0.0	0.0	0.0	0.0	0.0	0.0	0.0	0.0	0.01895	0.0	0.0	0.163249	0.0	0.005273	0.0	0.0	0.0	0.0	0.0	0.0	0.0	0.0	0.0	0.0	0.0	0.0	0.0	0.0	0.0	0.0	0.0	0.0	53.211358	0.00716	0.0	0.0	0.0	0.0	0.004312	0.0	0.0	0.0	0.0	0.024088	0.0	0.0	0.0	0.0	0.0	0.02299	0.0	0.0	0.005517	0.0	0.0	0.001735	1.666358	0.0	0.0	0.0	0.0	0.0	0.0	0.0	0.0	0.006447	0.0	0.0	0.007254	0.0	0.0	0.0	0.0	0.0	0.0	0.0	0.0	0.013347	0.0	0.0	0.010545	0.0	0.0	0.0	0.006049	0.0	0.0	0.0	0.0	0.0	0.0	0.0	0.0	0.807147	0.044039	0.0	0.004982	0.006639	0.0	0.0	0.011241	0.0	0.005741	0.0	0.0	0.007366	0.0	0.002825	0.0	0.022847	0.034591	0.0	0.007486	0.0	0.010094	0.0	0.031234	0.003925	0.028608	0.0	0.0
SRR9330800_bin.19	0.0	0.0	0.0	0.0	0.0	0.0	0.0	0.0	0.0	0.0	0.0	0.0	0.0	0.0	0.0	0.0	0.0	0.0	0.0	0.0	0.0	0.0	0.0	0.0	0.0	0.0	0.0	0.0	0.0	0.0	0.0	0.0	0.0	0.0	0.0	0.0	0.0	0.0	0.0	0.0	0.0	0.0	0.0	0.0	0.0	0.0	0.0	0.0	0.0	0.0	0.0	0.0	0.0	0.0	0.0	0.0	0.0	0.0	0.0	0.0	0.0	0.0	0.0	0.0	0.0	0.0	0.0	0.0	0.0	0.0	0.0	0.0	0.0	0.0	0.0	0.0	0.0	0.0	0.0	0.0	0.0	0.0	0.0	0.0	0.0	0.0	0.0	0.0	0.0	0.0	0.0	0.0	0.0	0.0	0.0	0.0	0.0	0.0	0.0	0.0	0.0	0.0	0.0	0.0	0.0	0.0	0.0	0.0	0.0	0.0	0.0	0.0	0.0	0.0	0.0	0.0	0.0	0.0	0.0	0.0	0.0	0.0	0.0	0.0	0.0	0.0	0.0	0.0	0.0	0.0	0.0	0.0	0.0	0.0	0.0	0.0	0.0	0.0	0.0	0.0	0.0	0.0	0.0	0.0	0.0	0.0	0.0	0.0	0.0	0.0	0.0	0.0	0.0	0.0	0.0	0.0	0.0	0.0	0.0	0.0	0.0	0.0	0.0	0.0	0.0	0.0	0.0	24.35627	0.0
SRR8849269_bin.6	0.0	0.0	5.079564	0.0	0.04098	0.128752	0.0397275	0.050921	0.029125	0.164274	0.584514	0.0	0.034063	0.080864	0.100698	0.0	0.040047	0.0	0.0	0.0	0.0	0.0	0.0	0.0	0.157208	0.0	0.012999	0.0	0.702824	0.109583	0.029375	0.55733	0.0	0.116315	0.155439	0.0	0.117167	0.021882	0.0	0.0	0.235996	0.020069	0.094698	0.0	0.177889	0.0	0.0	0.0	0.0	0.0	0.0	0.0	0.0	0.0	0.0	0.0	0.0	0.0	0.0	0.0	0.034607	0.0	0.0	0.0	0.0	0.0	0.056415	0.0	0.0	0.0	0.0	0.300483	0.0	1.883714	0.0	0.0	0.094824	0.0	0.0	0.0	0.239457	0.0	0.178288	0.0	0.0	0.0	0.282364	0.515914	0.0	0.0	2.114777	0.0	0.0	0.0	0.0	0.018854	0.0	0.0	0.017291	0.054149	0.07291	0.288671	0.0	0.0	0.0	0.0	0.0	0.0	0.0	0.0	0.105556	0.0	0.0	0.030396	1.021075	0.097731	0.05422	0.0	0.0	0.015854	0.014344	0.151689	0.0	0.0	0.0	0.113486	0.0	0.0	0.0	0.0	0.0	0.0	9.943142	0.077112	0.018429	18.936068	0.521767	0.335889	0.0	3.466598	0.074929	0.18445	0.0	0.0	0.041352	0.0	0.0	0.0	0.0	0.209506	0.450714	0.0	0.287743	1.645375	2.826522	0.021253	0.0	1.538288	39.764044	0.009439	0.034057	0.0	0.078258	0.0	0.0	10.909601	0.061777	0.0	0.0
SRR17301544_bin.27	0.0	0.0	0.0	0.0	0.0	0.0	0.0	0.0	0.0	0.0	0.0	0.0	0.0	0.0	0.0	0.0	0.0	0.0	0.0	0.0	0.0	0.0	0.0	0.0	0.0	0.0	0.0	0.0	0.0	0.0	0.0	0.0	0.0	0.0	0.0	0.0	0.0	0.0	0.0	0.0	0.0	7.570915	0.0	0.0	0.0	0.0	0.0	0.0	0.0	0.0	0.0	0.0	0.0	0.0	0.0	0.0	0.0	0.0	0.0	0.0	0.0	0.0	0.0	0.0	0.0	0.0	0.0	0.0	0.0	0.0	0.0	0.0	0.0	0.0	0.0	0.0	0.0	0.0	0.0	0.0	0.0	0.0	0.0	0.0	0.0	0.198878	0.416149	0.0	0.0	0.0	57.44572	0.0	0.0	0.0	0.0	0.0	0.0	0.0	0.0	0.0	0.0	0.0	0.0	0.0	0.0	0.0	0.0	0.0	0.0	0.0	0.045838	0.0	0.0	0.0	0.0	0.0	0.0	0.0	0.0	0.0	0.0	0.0	0.0	0.0	0.0	0.0	0.0	0.0	0.0	0.0	0.0	0.0	0.0	0.0	0.0	0.0	0.0	0.0	0.0	0.0	0.0	0.0	0.0	0.0	0.0	0.0	0.0	0.0	0.0	0.0	0.0	0.0	0.0	0.0	0.0	0.0	0.0	0.0	0.0	0.0	0.0	0.0	0.0	0.0	0.0	0.0	0.0	0.0	0.0
SRR8849249_bin.35	0.0	0.0	0.008673	0.0	0.0	0.0	0.0	0.0	0.0	0.0	0.0	0.0	0.0	0.0	0.015268	0.0	0.091488	0.010514	0.0	669.202854	0.0	0.0	0.039594	0.0	0.0	0.0	0.0	0.0	0.0	0.006237	0.0	0.0	0.0	0.0	0.0	0.0	0.0	0.0	0.0	0.0	0.0	0.0	0.0	0.0	0.0	0.0	0.0	0.0	0.0	0.0	0.0	0.0	0.0	0.0	0.0	28.198244	0.063488	0.0	0.0	0.0	0.0	0.0	0.023256	0.0	0.0	0.0	0.0	0.051753	94.699828	0.0	298.553118	0.093582	0.0	0.054748	3.658665	0.0	18.346761	0.062142	6.464103	0.033356	0.0	0.0	0.0	0.0	0.030817	0.0	0.0	0.0	0.0	0.0	0.269791	0.0	0.0	0.033996	0.0	0.0	0.02309	0.0	0.0	0.0	0.040792	0.0	0.0	0.019103	0.0	0.0	0.01241	0.097824	0.0	0.019959	0.061311	0.0	0.0	0.0	0.095016	6.068326	0.0	0.0	0.0	0.0	0.00899	0.036022	0.0	0.300415	0.0	0.0	0.0	0.0	0.033209	0.0	0.0	0.0	0.426997	0.0	0.0	0.0	0.0	0.0	0.056328	0.009794	0.014411	0.0	0.0	0.0	50.3872	0.0	0.289494	0.0	0.0	0.0	0.023146	0.0	0.0	0.039703	0.0	0.007562	0.019928	0.023906	0.0	0.0	0.0	0.0	0.0	0.0	0.0	0.0	0.0	0.0	0.033346
SRR8849246_bin.10	0.122514	0.913771	0.887716	0.696862	0.705895	0.221765	0.608556	0.684005	0.095	0.188698	0.0	0.0	0.0	0.359558	2.110425	0.028329	0.043616	0.0	0.026254	100.128556	0.0	3.827386	0.129299	1.62617	1.262719	0.0	0.057216	0.0	0.036299	0.0	0.236567	0.21789	0.655587	0.854788	0.796248	0.215442	0.0	0.0	0.12325	0.481172	7.340844	6.533354	0.730746	0.250006	12.74859	34.071479	0.0	0.0	0.0	0.222351	0.0	0.134581	0.12965	0.0	0.0	0.472171	0.016225	0.0	0.0	1.104087	5.528116	1.28365	0.041694	0.0	0.0	2.28597	0.552446	0.023107	5.018755	0.0	51.758682	52.179373	0.078077	0.0	0.0	2.446675	2.00312	0.031884	0.0	0.088993	0.465529	5.920353	0.413317	0.0	0.0	0.048031	8.722497	12.567959	0.0	0.038922	9.612944	0.0	0.0	0.836854	32.771906	0.84221	0.197911	0.0	0.0	0.484688	0.119906	0.099798	0.36001	0.0	0.632171	0.0	12.852338	0.0	0.078536	0.140519	19.914359	0.071845	2.476255	0.15906	3.481858	0.213132	1.917177	0.0	1.531489	0.0	0.0	0.0	5.244294	0.221381	0.0	0.0	0.0	0.0	0.0	0.0	3.137882	0.0	9.091906	9.337719	19.077049	5.274405	2.234844	4.461345	6.929564	0.169288	0.521405	0.0	0.0	0.161399	0.487769	0.31133	0.23472	0.0	0.338588	2.622604	1.12009	0.178611	0.141567	0.051611	0.057441	1.976144	0.268289	2.573188	2.260161	1.978842	1.267764	0.160306	0.030007	0.0	0.0	0.234309	0.0	0.166758	0.0
SRR8849229_bin.20	1.501122	0.0	25.075353	0.016039	0.0	0.0	27.432855	0.0	0.005036	1.236903	0.012642	0.002275	0.043095	0.0	0.032778	0.061217	0.0	0.0	0.0	0.0	0.012892	0.0	0.0	0.0	0.013527	0.0	0.0	0.0	0.0	0.033489	12.462696	21.066607	0.01153	0.0	0.015182	2.492401	0.0	0.00703	0.021204	0.0	0.071972	0.0	14.428467	0.012242	0.0	0.0	0.0	0.0	0.022456	9.874511	10.419144	0.010266	0.101109	8.730693	0.029113	39.474541	0.0	0.0	0.0	0.008456	0.941702	0.279232	4.096217	0.0	0.0	181.015761	0.0	0.0	0.0	0.394202	0.0	3.107753	0.0	18.805342	11.504122	0.0	4.339437	0.495937	5.216121	0.02589	18.28099	0.003851	1.720552	21.69082	0.780108	0.0	0.01272	0.640382	0.0	0.0	0.0	0.0	0.044349	20.271493	0.009063	0.006389	252.36112	0.0	5.264327	39.679007	0.024495	0.185156	28.97384	0.023781	0.0	0.0	0.042059	0.033436	0.0	14.790585	0.041784	17.421223	0.0	0.005207	0.0	0.061224	0.007638	1.615402	0.0	0.005805	0.0	0.170063	14.601385	0.0	14.652751	0.037094	0.0	0.867053	0.314599	0.586918	3.141078	0.0	0.0	6.71105	5.391478	1.983418	0.009768	0.061852	118.667155	5.259708	71.224929	0.008421	0.0	17.172544	3.198759	0.0	0.951337	0.030237	0.018027	0.017045	6.142939	0.06275	0.016988	16.899385	0.0	6.080056	0.0	0.222684	0.263405	0.003689	7.505202	0.823692	0.20822	0.121593	0.106692	0.15784	0.007836	0.0	1.719748
SRR8849237_bin.7	126.106459	419.918328	320.409321	0.390751	11.888636	7.508738	74.159238	94.847854	18.921551	38.298988	14.658728	186.186632	76.771905	353.74953	134.230693	0.359018	23.146946	0.134638	0.4026	20.278075	0.080849	0.117547	92.666913	165.877693	224.208579	48.059172	39.435505	350.247549	243.410832	5.352682	68.908144	9.039445	197.526981	1.740353	241.641939	16.303174	16.152655	118.399735	13.119398	27.609561	16.223299	19.56509	596.962491	16.694897	39.473855	6.250162	2.562502	144.110375	131.654443	295.612505	249.170747	134.544231	313.247814	162.401406	77.15604	73.209354	226.253672	174.583233	48.039091	49.243422	4.110401	65.468462	0.824315	0.049413	0.761488	4.063163	295.356885	0.882411	57.70856	194.132383	8.904904	37.640818	5.729467	49.501431	261.668573	397.403122	31.092331	5.948464	80.324878	142.461563	11.309188	65.833218	100.013511	89.394734	437.749052	7.645038	19.738426	305.957682	2.95139	17.479476	0.357046	265.290077	0.238018	3.859443	8.183719	50.205601	94.294206	44.219801	5.115574	114.984863	124.169762	75.740105	70.516902	28.176594	275.636272	1.015778	13.460635	0.05163	9.405422	75.535913	23.237234	29.287994	14.957762	28.548326	169.350315	175.214389	127.526943	592.249465	116.416738	182.685415	145.18617	6.63895	93.799389	129.698348	23.378502	176.496528	127.027413	252.413779	357.220656	560.055151	83.418118	473.614189	2.854441	55.402043	52.064215	11.036492	153.489719	25.460676	2.407103	17.09441	250.755225	5.14369	1.570753	221.264306	3.396524	339.44104	3.209787	4.810699	108.785727	76.964022	55.23843	166.469688	22.360802	45.352043	11.94549	5.074534	143.108837	2.163222	4.593517	415.110301	9.255752	116.629727	0.536201	0.437398	0.915323	81.222316	11.908313	739.973617	16.132945
SRR17301534_bin.56	0.0	0.0	0.010034	0.128842	0.34047499999999997	0.019626	0.0	0.0	0.0	0.0	0.0	0.0	0.0	0.0	0.0	0.0	0.0	0.0	0.0	0.0	0.133339	0.0	0.0	0.0	0.0	0.0	0.0	0.0	0.0	0.0	0.238806	0.0	0.0	0.197732	0.0	0.0	0.0	0.036317	0.032143	0.0	0.035596	0.0	0.0	0.0	0.128485	1.748888	0.799793	0.0	0.0	0.0	0.0	0.0	0.0	0.0	0.0	0.0	0.0	0.0	0.0	0.0	0.0	0.0	3.301769	0.0	0.0	0.0	0.043505	0.841722	0.0	0.0	0.0	51.757616	0.0	0.0	0.0	0.0	0.0	0.0	0.0	0.0	0.0	0.0	0.0	0.0	0.0	0.114243	0.084123	0.042557	0.0	0.0	3.259909	0.035913	0.0	0.0	0.0	0.059558	0.0	0.0	0.076823	0.0	0.0	0.0	0.0	0.0	0.0	0.0	0.0	0.246074	3.096734	0.0	0.195274	0.0	0.0	5.520337	0.25081	0.0	0.0	0.0	4e-06	0.0	0.0	0.030447	0.0	0.0	0.0	0.0	0.0	0.0	0.0	0.0	0.0	0.0	4.846272	0.0	0.082515	0.0	0.122554	0.029821	0.0	0.0	0.0	0.027313	0.0	0.0	0.545392	0.0	0.171634	0.0	0.111844	0.0	0.0	0.007275	0.012117	0.092794	0.908151	0.099674	5.6e-05	0.0	0.0	0.0	0.0	0.0	0.050384	0.0	0.0	0.0	0.024178	0.0	0.0
SRR8849245_bin.27	6.339372	43.118375	4.08072	0.0	0.165341	0.491998	0.109159	4.898281	7.110082	10.019885	0.587729	0.515558	177.998425	0.126566	11.231852	0.0	3.035155	0.0	0.0	0.0	0.0	0.300982	4.349445	4.471741	25.726388	2.542018	2.640902	0.394248	57.932698	0.0	0.811747	0.282693	6.476324	0.294745	18.546947	0.217109	2.144523	35.519353	0.093741	2.589425	0.873933	0.0	9.617042	0.135298	12.528535	0.0	0.0	0.0	0.664197	16.690835	0.086033	24.504212	120.336711	0.329212	7.532877	1.467053	253.365187	6.829696	1.3165255	33.8834555	0.326645	0.915864	0.0	0.0	66.901549	0.091778	45.119304	0.0	0.0	0.047765	0.071191	0.022558	0.773982	1.030254	8.205258	0.0827	0.755347	1.55523	0.0	2.115607	21.600732	1.561171	12.138065	0.065125	6.818005	0.079698	6.791242	32.871077	0.0	4.880872	0.108857	2.457736	0.0	0.70919	0.02637	14.322288	6.235715	0.0	0.088987	0.807715	11.724392	1.996768	0.88446	1.152668	0.487917	0.0	3.0176285	0.0	0.316411	14.133821000000001	36.894455	1.015843	2.456506	14.790682	3.295895	9.629038	43.581387	0.299425	23.0242115	1.588489	0.195087	1.5424415	2.404856	0.824329	0.0	55.973635	1.059713	27.33839	1.830636	0.115932	6.443971	0.772834	0.822462	2.493445	5.595371	28.42252	64.718491	1.25481	0.114149	3.659831	6.292859	0.130162	0.597646	0.013976	0.405632	2.952774	0.176092	0.718225	6.645433	1.399052	28.371828	3.325133	3.373329	0.6464	10.517669	0.352781	1.491637	0.331169	0.146724	22.138886	1.97144	1.301914	0.014622	0.0	0.025226	25.476170500000002	3.893262	5.276519	0.3014105
SRR17301555_bin.15	0.0	0.0	0.107524	0.0	0.100862	0.1663975	0.0	0.0	0.026523	0.0	0.0	0.0	0.0	0.0	0.0	0.0	3.5689450000000003	0.0	0.0	0.0	0.0	0.0	0.0	0.0	0.0	0.0	0.0	0.248904	0.0	0.0	0.0	0.0	0.0	0.0	0.0	0.0	0.0	0.0	0.0	0.0	0.0	0.076583	0.0	0.0	0.087658	0.0	0.0	0.0	0.0	0.0	0.0	0.0	0.0	0.0	0.0	0.0	0.0	0.0	0.0	0.0	0.0	0.0	0.0	0.0	0.0	0.0	0.0	0.0	0.0	0.0	0.0	0.0	0.0	0.0	0.0	0.0	0.0	0.0	0.0	0.0	0.0	0.0	0.0	0.0	0.0	0.0	0.079869	0.0	0.0	0.0	0.123331	0.0	0.0	0.0	0.0	0.077833	0.0	0.0	0.0	0.0	0.0	0.0	0.0	0.0	0.0	0.0	0.0	0.0	25.300678	0.0	0.079453	0.0	0.0	0.0	0.147589	0.0	0.0	0.0	0.0	0.0	0.0	0.0	0.0	0.0	0.0	0.0	0.0	0.0	0.0	0.0	0.0	0.0	0.173929	0.0	0.0	0.107249	0.0	0.0	0.0	0.160538	0.0	0.0	0.0	0.0	0.0	0.0	0.0	0.0	0.0	0.0	0.13634	0.0	0.0	0.078939	0.0	0.0	0.0	0.0	0.0	0.177788	0.0	0.19424	0.0	0.0	0.0	0.057760000000000006	0.0	0.0	0.0
SRR8849273_bin.35	0.061045	0.020463	0.55655	0.044191	0.202469	0.751371	0.101269	0.089792	29.298882	0.479264	0.233875	0.0	0.080236	0.235457	0.177443	0.010403	0.16814	0.037931	0.009583	0.037587	0.0	0.200235	0.0	0.029211	0.139916	0.023738	0.093664	0.0	0.071317	0.034381	0.348679	0.108663	0.024497	0.264086	0.29863	0.054516	0.294049	0.089715	0.012362	0.059259	1.368357	0.112251	0.297452	0.025395	0.241826	3.753414	0.018412	0.010527	0.076227	0.077844	0.027148	0.036887	0.008856	0.011265	0.0	0.034736	0.036776	0.0	0.0	0.028705	0.141071	0.583906	0.0	0.0	0.0	0.0	0.065815	0.021307	0.01375	0.0	0.034367	0.197133	0.191039	0.272163	0.019477	0.058305	0.29674	0.023138	0.5654	0.02682	0.545331	0.0835	0.148863	0.011711	0.021608	0.072205	0.973262	0.843141	0.0	0.0	0.433065	0.06921	0.0	0.493571	0.499699	0.417854	0.007953	0.011661	0.0	0.188099	0.106065	0.110877	0.097712	0.018537	0.063672	0.0	0.297682	0.0	0.028214	0.0	0.251069	0.006649	0.225913	0.160373	1.156338	0.179508	0.997059	0.092831	0.053284	0.021279	0.011331	0.117646	0.329734	0.055404	0.0	0.261139	0.040513	0.016629	0.0	0.0	0.04508	0.0	0.340965	0.580938	6.431431	0.631356	0.625088	1.086281	0.027727	0.297041	0.087336	0.261616	0.0	0.060578	0.294347	0.0	0.050618	0.026348	0.367444	2.365876	0.153683	0.220023	0.419138	0.454993	0.23968	0.07455	0.028102	1.193945	0.137817	0.503494	0.43269	0.276197	0.023291	0.0	0.008117	0.358686	0.074244	0.017976	0.0
SRR17301548_bin.42	0.0	0.0	0.0	0.0	0.0	0.023442	0.0	0.0	0.073233	0.0	0.0	0.0	0.0	0.0	0.0	0.0	0.134457	0.0	0.0	0.0	0.0	0.0	0.0	0.0	0.0	0.0	0.0	0.0	0.0	0.0	0.0	0.0	0.0	0.0	2.241817	0.0	0.0	0.0	0.0	0.0	0.045716	0.0	0.0	0.0	0.0	0.0	0.0	0.0	0.0	0.0	0.0	0.0	0.0	0.0	0.0	0.0	0.0	0.0	0.0	0.0	0.0	0.0	0.0	0.0	0.0	0.0	0.0	0.0	0.0	0.0	0.0	0.0	0.0	0.0	0.0	0.0	0.0	0.0	0.0	0.0	0.0	0.0	0.0	0.0	0.0	0.0	30.847756	0.0	0.0	0.0	0.0	0.0	0.0	0.0	0.0	0.0	0.0	0.0	0.0	0.0	0.0	0.0	0.0	0.0	0.0	0.0	0.0	0.0	0.0	0.0	0.0	0.164001	0.0	0.0	0.0	0.0	0.03461	0.0	0.0	0.0	0.0	0.0	0.0	0.0	0.0	1.655906	0.0	0.0	0.0	0.0	0.0	0.0	0.052422	0.432488	6.146392	0.0	0.0	0.029439	0.0	0.0	0.0	0.0	0.0	0.0	0.018194	0.0	0.0	0.0	0.0	0.0	0.013713	0.0	0.0	0.0	0.0	0.0	0.0	0.0	0.0	0.0	0.0	0.0	0.0	0.0	0.0	0.0	0.0	0.0	0.0
SRR8849271_bin.18	0.0	0.0	0.00793	0.0	0.293172	0.0	0.0	0.0	1.611428	0.0	56.130829	0.0	0.0	0.0	0.0	0.0	0.0	0.0	0.0	0.0	0.0	0.0	0.009179	0.0	0.0	0.0	0.0	0.0	0.0	0.046563	0.0	0.0	0.0	0.0	0.0	0.0	8.824545	0.0	0.0	0.0	0.632739	3.5777	0.0	7.950765	0.0	11.639079	0.0	0.0	0.0	0.0	0.0	0.0	0.0	0.0	0.0	0.0	0.0	0.0	0.0	0.0	0.911641	0.0	0.0	0.0	0.0	0.0	0.0	0.0	0.0	0.0	0.0	62.551958	0.0	0.0	0.0	0.0	0.0	0.004111	0.0	0.0	0.0	0.0	0.0	0.0	0.0	0.0	0.339363	0.0	0.0	0.0	0.0	0.0	0.0	0.520816	0.0	0.0	0.0	0.0	0.098415	0.014348	0.027621	0.348053	0.0	0.0	0.0	0.0	0.0	0.0	0.0	0.0	0.753529	0.0	0.0	0.0	0.0	0.0	0.0	0.0	0.0	0.0	0.0	0.08186	0.0	0.0	0.053545	0.0	0.0	0.0	0.0	0.0	0.0	0.0	0.0	0.0	0.0	0.0	0.0	0.962252	0.0	0.0	0.09251	2.197807	0.0	0.0	0.030424	0.0	0.0	0.0	0.0	0.0	0.0	0.827761	16.414602	0.0	2.552137	0.012564	0.024914	2.367593	29.740411	0.0	0.0	0.0	0.022056	0.0	0.0	0.0	22.053935	0.0	10.164896
SRR8849238_bin.15	0.028545	0.0	0.203797	0.0	0.0264	0.05644	0.038226	0.048245	0.052538	0.068159	0.15048	0.0	0.023861	0.068657	0.069584	0.0	0.062146	0.0	0.0	0.0	0.0	0.071427	0.0	0.008613	0.049057	0.018424	0.06599	0.0	0.034613	0.015264	0.014749	0.02118	0.0	0.061564	0.08126	0.0	0.071642	0.024309	0.0	0.094105	0.10908	0.068776	0.050115	0.007137	0.10868	0.052583	0.0	0.0	0.0	0.0	0.0	0.0	0.0	0.0	0.0	0.0	0.015716	0.0	0.0	0.013574	0.077452	0.067023	0.0	0.0	0.0	0.0	0.017088	0.0	0.014589	0.0	0.0	0.161667	0.0	0.197997	0.0	0.049707	0.066479	0.0	0.060742	0.0	0.070638	0.0	0.04336	0.0	0.0	0.051209	0.263033	0.157403	0.0	0.0	0.1100695	0.014896	0.0	0.018076	0.0	0.10102	0.0	0.0	0.0	0.04916	0.005652	0.0	0.0	0.0	0.019504	0.0	0.022198	0.0	0.0	0.0	0.199003	0.0	0.041376	0.053749	0.26003	0.045431	0.049283	0.0	0.024577	0.0	0.0	0.007059	0.0	0.034459	0.0	76.639414	0.019378	0.0	0.0	0.0	0.035537	0.0	0.363457	0.073238	0.037022	1.747298	0.14551750000000002	0.105453	0.0	0.186115	0.0	0.068438	0.0	0.018638	0.226341	0.0	0.013539	0.0	0.014087	0.079646	0.115751	0.005771	0.087857	0.186924	0.19829	0.018711	0.011169	0.328566	0.055216	0.035631	0.030383	0.0	0.0	0.0	0.0	0.13409	0.065937	0.0	0.0
SRR17301534_bin.21	1.123615	1.07328	54.911415	3.610355	53.14691	14.831965	27.953895	0.269279	13.216662	56.151877	7.678235	0.107397	0.421779	4.895089	0.235945	182.791477	0.318444	80.052867	0.035561	45.958499	0.185175	53.232287	7.528355	1.413164	2.179774	0.194118	6.695997	0.0	0.790783	11.958617	21.137847	64.706302	0.043486	5.837016	19.338038	8.946991	3.125234	2.132993	11.474328	11.214253	19.488202	30.806832	38.75525	2.186801	10.995778	0.138026	73.162564	0.093481	12.267782	8.274681	17.07502	21.362198	36.809343	23.910901	7.225336	6.477077	13.746464	0.015512	0.049449	11.801892	59.950708	10.676697	0.510404	0.14469	0.0	71.500943	25.37395	16.49249	61.080881	2.038716	139.554752	52.019499	0.197162	35.525082	5.063687	18.742298	26.37837	142.169797	21.192165	19.877741	19.525667	48.801933	34.729504	41.133352	7.789143	261.05412	5.222903	38.77667	0.232344	0.053327	43.996024	52.332723	0.994727	141.657684	91.731006	17.578121	3.029303	98.625352	2.384708	2.752063	2.732996	22.5884	24.236884	173.893167	19.534189	0.102165	86.713338	115.286683	0.050647	270.213662	55.715028	0.119435	205.096827	74.922573	5.703332	3.887193	71.453133	14.375913	10.266227	82.38729	9.097743	42.336477	32.989647	0.12471	20.237758	19.396691	0.141112	3.569859	4.580089	12.605819	0.074686	1.464684	49.297606	147.143264	26.621128	16.855007	17.656443	20.669133	102.387028	3.386634	8.826282	0.876349	0.016649	24.796255	35.535821	26.600584	24.380893	4.446179	46.495644	21.937177	17.854297	5.036766	12.191359	73.96304	2.377733	26.821622	4.944172	72.209527	15.45229	351.715737	12.652612	10.716348	9.545077	4.729683	33.686446	26.961761	1.531931	5.201042	0.549009
SRR8849221_bin.26	0.0	0.0	0.0	0.0	0.0	0.0	0.0	0.0	0.0	0.0	0.0	0.0	0.0	0.0	0.0	0.0	0.0	0.0	0.0	0.0	0.0	0.0	0.0	0.0	0.0	0.0	0.0	0.0	0.0	0.0	0.0	0.0	0.0	0.0	0.0	0.0	0.0	0.0	0.0	0.0	0.0	0.0	0.0	0.0	0.0	0.0	0.0	0.0	0.0	0.0	0.0	0.0	0.0	0.0	0.0	0.0	0.0	0.0	0.0	0.0	0.0	0.0	0.0	0.0	0.0	0.0	0.0	0.0	0.0	0.0	0.0	0.0	0.183236	0.0	0.0	0.0	0.0	0.0	0.0	0.050726	0.0	3.565642	0.0	0.0	0.183208	0.0	0.0	0.0	0.0	0.0	2.233579	0.0	0.0	0.0	0.0	0.0	0.0	0.0	0.0	0.0	0.0	0.0	27.698521	0.0	0.0	0.0	0.0	0.0	0.0	0.0	0.0	0.0	0.0	0.0	2.282316	0.0	0.0	0.0	0.0	0.0	0.0	0.0	0.0	0.0	0.0	0.0	0.0	0.0	0.0	0.0	0.0	0.0	0.0	0.0	3.144035	0.0	0.0	0.0	0.0	0.0	0.0	0.0	0.0	0.0	0.0	0.0	0.0	0.0	0.0	0.0	0.0	0.0	0.0	0.0	0.0	0.0	0.0	0.0	0.0	0.0	0.0	0.0	0.0	0.0	0.0	0.0	0.0	0.0	0.0
SRR8849287_bin.34	0.0	0.0	1.668048	0.0	0.6242405	0.0	0.0	0.0	0.0	0.0	0.0	0.0	0.0	0.0	0.0	0.0	0.0	0.0	8.89063	0.0	0.600638	0.0	0.0	0.0	2.384431	0.0	0.0	0.0	0.0	0.0	0.0	0.0	0.252687	0.0	17.766335	0.0	0.0	0.0	0.0	0.0	0.0	0.0	0.0	0.0	0.0	0.0	0.0	0.0	0.0	0.0	0.0	0.0	0.0	0.0	0.0	0.0	0.111622	0.0	0.0	0.0	0.0	0.0	0.0	0.0	0.0	0.0	0.097597	0.0	0.0	0.0	0.0	0.0	0.0	0.0	0.0	0.0	0.0	0.0	0.0	0.0	0.0	0.0	0.0	0.0	0.0	0.0	0.0	0.0	0.0	1.067487	0.0	0.0	0.0	0.0	0.0	0.0	0.0	0.0	0.0	0.036822	0.0	0.0	0.0	0.0	0.0	0.0	0.0	0.0	0.0	0.0	0.0	0.0	0.0	0.0	0.0	0.0	0.18585	0.0	0.0	0.0	0.0	0.0	0.203064	0.0	0.0	0.0	0.0	0.0	0.0	0.0	0.0	0.0	0.0	0.0	0.0	0.0	0.615177	0.0	0.0	0.0	0.0	0.0	0.0	0.0	0.0	0.0	0.0	0.0	0.0	0.0	0.0	0.0	0.0	0.0	0.0	0.0	0.0	0.083683	0.247317	1.420739	0.0	0.0	0.0	0.0	0.0	0.0	0.0	0.368478	0.0
SRR8849252_bin.3	0.0	0.0	0.024526	0.0	0.00472	0.021086	0.0	1.774133	0.010861	0.022828	0.0	0.0	0.0	0.0	0.026206	0.0	0.007318	0.0	0.0	0.0	0.0	0.0	0.0	0.0	0.0	0.0	0.0	0.0	0.0	0.0	0.0	0.0	0.0	0.021101	0.013934	0.0	0.0	0.0	0.016207	0.0	0.016622	0.0	0.005833	0.0	0.0	0.0	0.0	0.0	0.0	0.0	0.0	0.0	0.0	0.0	0.0	0.0	0.0	0.0	0.0	0.0	0.0	0.013838	0.0	0.0	0.0	0.0	0.0	0.0	0.0	0.0	0.0	0.026293	0.0	181.102846	0.0	0.0	0.008004	0.0	0.0	0.006167	0.03337	0.0	12.800069	0.009539	0.0	0.0	0.003215	0.019616	0.0	0.0	0.0	0.0	0.0	0.003688	0.994031	0.0	0.0	0.0	0.0	0.0	0.0	0.0	0.0	0.0	0.0	0.0	0.0	0.0	0.0	0.0	0.006919	0.0	0.0	0.021748	0.006132	0.004952	0.00713	0.0	0.0	0.0	0.0	0.0	0.0	0.0	0.0	0.308832	0.0	0.0	0.0	0.0	0.0	0.0	0.051614	0.011406	0.005723	0.012403	0.002447	0.0	0.002529	0.022391	0.0	0.005135	0.0	0.0	0.0	0.0	0.073431	0.0	0.002849	0.0	0.023315	0.0	0.021542	127.169925	0.0	0.001716	0.0	0.047167	0.0	0.0	0.0	0.0	0.001829	0.0	0.0	0.0	0.0	0.0	0.0
SRR9330782_bin.14	0.0	0.0	0.0	0.0	0.0	0.0	0.0	0.0	0.015826	0.0	0.174014	0.0	0.0	0.0	0.0	0.0	0.0	0.0	0.0	0.0	0.0	0.0	0.0	0.0	0.0	0.0	0.0	0.0	0.0	0.0	0.0	0.0	0.0	0.0	0.0	0.0	0.0	0.0	0.0	136.11484	0.0	0.0	0.0	0.0	0.0	0.0	0.0	0.0	0.0	0.0	0.0	0.0	0.0	0.0	0.0	0.0	0.0	0.0	0.0	0.0	0.0	0.0	0.0	0.0	0.0	0.0	0.0	0.0	0.0	0.0	0.0	0.0	0.0	0.0	0.0	0.0	0.0	0.0	0.0	0.0	0.0	0.0	0.0	0.0	0.0	0.0	0.0	0.0	0.0	0.0	0.0	0.0	0.0	0.0	0.0	0.0	0.0	0.0	0.0	0.0	0.0	0.0	0.0	0.0	0.0	0.0	0.0	0.0	0.0	0.0	0.0	0.0	0.0	0.0	0.0	0.0	0.0	0.0	0.0	0.0	0.0	0.0	0.0	0.0	0.0	0.0	0.0	0.0	0.0	0.0	0.0	0.0	0.045453	0.0	0.0	0.0	0.0	0.0	0.0	0.0	0.0	0.0	0.0	0.0	0.0	0.0	0.0	0.0	0.0	0.0	0.0	0.0	0.0	0.0	0.0	0.0	0.0	0.0	0.0	0.0	0.0	0.0	0.0	0.0	0.0	0.009052	0.0	0.0	0.0
SRR8849267_bin.13	1.984499	0.966429	32.510752	19.617558	19.665674	7.159697	95.383503	5.706885	23.046581	2.469798	1.59587	0.023004	12.572883	6.368768	1.7687	11.332598	0.034977	5.27787	0.012718	9.833836	0.018375	12.198386	0.061592	4.111978	3.021077	0.074288	0.543169	6.59916	0.27006	37.427256	32.437226	100.645624	16.738105	2.186924	33.79028	10.478905	19.289168	78.911575	14.106661	1.102799	3.116277	36.950042	7.265113	15.052157	43.976436	0.019585	44.416851	68.568716	32.229274	37.027699	21.004657	36.791201	91.726175	13.807512	0.027529	25.86511	140.05281	0.0	0.018953	46.760598	20.714545	0.612441	0.495828	0.037965	0.274951	24.109828	7.565183	0.102803	5.501535	88.100684	32.229622	15.81639	0.038671	17.105452	16.699754	27.465683	38.87506	3.758903	201.936401	58.668958	43.933745	0.457459	29.663428	11.615308	2.608697	3.967359	16.751565	4.809017	0.031637	0.006775	17.033295	11.045827	0.057263	12.567485	42.305915	2.164412	32.874748	130.079313	6.970937	12.925156	9.046162	5.362731	5.704334	51.842953	11.019317	0.012912	0.059012	0.030428	0.024679	157.402358	59.168863	43.892658	22.29265	19.382754	5.036625	11.417176	62.332526	48.70077	95.292327	40.762784	7.666031	21.613538	43.92983	0.480444	13.000294	28.98794	3.740964	5.621674	0.46908	0.0	164.232937	3.686952	23.260826	34.320511	1.168967	14.980876	2.549323	2.698735	47.441868	1.339836	8.747626	8.090621	0.051023	41.400586	20.808889	0.291716	1.608839	14.414349	37.436193	388.641781	22.845455	4.744133	13.891963	27.223574	43.123715	45.694462	1.035888	58.10803	75.031221	14.301336	25.140417	10.619485	0.302147	0.095731	12.691914	23.13924	65.048872	3.360073	0.265807
SRR17301535_bin.1	0.0	0.0	0.024596	0.0	0.043904	0.959724	0.0	0.0	0.005111	0.023818	0.0	0.0	0.0	0.0	0.128631	0.006787	0.084706	0.023059	0.035046	0.158494	0.013921	0.051478	0.007306	0.0	0.0	0.191034	0.0	0.495477	0.0	0.0	0.010498	0.0	0.0	0.0	0.0	0.0	0.0	0.0	0.0	0.0	0.313229	0.081134	0.0	0.0	0.083002	0.028043	0.01772	0.037798	0.0	0.0	0.0	0.0	0.0	0.0	0.0	0.0	0.029793	0.0	0.0	0.028162	0.024378	0.009429	0.043719	0.0	0.0	0.01738	0.005229	0.0	0.04303	0.062803	0.100923	0.553574	45.854871	0.0	0.0	0.0	0.011721	0.0	0.0	0.0	0.191585	0.0	0.0	0.0	0.0	0.079865	0.154522	0.150605	0.013367	0.08322	0.188085	0.0	0.0	0.023762	0.166785	0.002943	0.0	0.0	0.0	0.0	0.0	0.0	0.0	0.010177	0.0	0.064999	0.220506	0.0	0.138228	0.024032	0.741804	0.054086	0.062125	0.201478	0.346959	0.039922	0.005317	0.0	0.0	0.0	0.0	0.0	0.042299	0.0	0.0	0.0	0.0	0.0	0.0	0.0	0.038237	0.0	1.595337	0.063102	0.085948	0.039903	2.47911	0.156794	0.005279	0.011659	0.0	0.0	0.0	0.0	0.0	0.0	0.031072	0.0	0.0	0.018085	0.098679	0.0	0.019979	0.004033	0.656117	0.0	0.0	0.103138	0.061492	0.004778	0.008821	0.0	0.0	0.0	0.0	0.019944	0.0	0.0	0.0
SRR8849283_bin.43	0.0	0.0	0.0	0.0	0.0	0.0	0.0	0.0	1.109066	0.0	0.0	0.0	0.0	0.0	0.0	0.0	0.0	0.0	0.0	0.0	0.0	0.0	0.0	0.0	4.650668	0.0	0.0	0.0	0.0	0.0	24.219216	0.0	0.0	0.0	0.0	0.0	0.0	0.0	0.0	0.0	0.0	0.0	0.0	0.0	0.0	0.0	0.0	0.0	0.0	0.0	0.0	0.0	0.0	0.0	0.0	0.0	0.0	0.0	0.0	0.0	0.343872	0.0	0.0	0.0	0.0	0.0	0.0	0.0	0.0	0.0	0.0	0.0	0.0	0.0	0.0	0.0	0.0	0.0	0.0	0.0	0.0	0.0	0.0	0.0	0.0	0.0	0.0	0.0	0.0	0.0	0.0	0.0	0.0	0.0	0.0	0.0	0.0	0.0	0.0	0.0	0.0	0.0	0.0	0.0	0.0	0.0	0.0	0.0	0.0	0.0	0.0	0.0	0.0	0.0	0.0	0.0	0.0	0.0	0.0	0.0	0.0	0.0	0.0	0.0	0.0	0.0	0.0	0.0	0.0	0.0	0.0	0.0	0.0	0.0	0.0	0.0	0.0	0.0	0.0	0.0	0.0	0.0	0.0	0.0	0.0	0.0	0.0	0.0	0.0	0.0	0.0	0.0	0.0	0.0	0.0	0.0	0.0	0.0	0.0	0.0	0.0	0.0	0.0	0.0	0.0	0.0	0.0	0.0	0.0
SRR17301515_bin.15	0.063541	0.0	0.316916	0.206005	0.501835	0.206406	0.115659	0.0	0.108446	0.152497	0.0	0.0	0.0	0.167333	0.199226	0.0	0.026751	46.6819925	0.0	0.0	0.0	0.0	0.0	0.0	0.0	0.0	0.0	0.0	0.0	0.0	0.313006	0.7529675	0.0	0.0	0.034375	0.0	0.0	0.074829	0.0	0.0	0.031973	0.458127	0.0	0.184563	0.193528	0.0	0.0	0.0	0.0	0.0	0.125879	0.0	0.0	0.0	0.0	0.0	0.0	0.0	0.0	0.186084	0.247578	0.0	0.0	0.0	0.0	0.0	0.154402	0.045725	0.0	0.0	0.0	0.086002	0.0	0.69328	0.0	0.0	0.204704	0.0	0.02915	0.0	0.0	0.0	0.319368	0.056472	0.0	0.0	0.074798	0.055021	0.0	0.0	0.380762	0.0	0.0	0.0	0.0	0.121995	0.13543	0.0	0.0	0.118673	0.035502	0.0	0.27986	0.0	0.250327	0.0	0.0	0.0	0.0	0.0	0.119251	0.0	0.0	0.471927	0.257585	0.136252	0.420136	0.0	0.301961	0.0	0.0	0.156923	0.0	0.0	0.0	0.0	0.0	0.0	0.0	0.0	0.0	0.0	0.508768	0.0670985	0.0	0.307559	0.214449	0.0	0.0	0.399103	0.0	0.176894	0.0	0.365319	0.30471	0.0	0.022304	0.0	0.278227	0.094626	0.267101	0.182715	0.240368	1.564104	0.096512	0.034653	0.0	0.102058	0.07971	0.869896	0.17970999999999998	0.0	0.0	0.0	0.0	0.330792	0.0	0.0	0.0
SRR8849280_bin.13	0.186985	0.038883	2.143612	13.892917	0.483598	0.456406	0.930714	0.050241	0.414609	0.291682	8.89436	0.0	0.0	0.036501	4.729606	0.128419	0.178637	0.073548	0.0	0.20604	0.0	0.150354	0.752078	0.021373	0.0	0.017874	0.149524	0.0	0.094956	0.121498	0.889289	45.7011	0.532619	7.62344	0.043402	0.9396365	0.262361	1.668208	0.090813	0.97425	0.451597	1.050299	0.217181	1.070504	0.233675	23.493571	0.17838	7.849547	0.305804	2.995915	1.968778	0.039887	0.02718	0.0	0.0	0.060341	0.013837	0.0	0.0	0.304454	0.525649	0.076444	0.022263	0.0	0.0	0.045392	0.313905	0.408775	0.05923	0.0	0.121425	0.227071	0.033895	1.453411	0.0	0.422681	1.042648	0.190219	0.073756	0.559955	0.271098	5.15077	0.341518	1.836559	0.034759	0.077642	0.495899	5.320181	0.019022	0.0	8.452156	0.132643	0.0	2.477392	0.181751	0.250335	0.170882	0.040227	0.011774	0.853038	4.007672	0.269826	2.20629	0.128617	6.363434	0.049723	0.673038	0.928609	0.0	0.114167	0.288482	0.027282	4.321837	0.793723	0.569572	0.159018	0.274253	0.01857	0.305576	7.499089	0.327827	2.937907	0.017286	0.093311	0.83773	0.768615	0.0	0.044292	0.0	0.0	0.078775	0.087007	15.229523	3.345016	8.85396	0.727173	3.177594	0.507886	0.406625	1.9986869999999999	0.093182	1.066841	0.0	3.907864	12.210775	0.035949	4.466717	0.228782	0.405137	0.12521	5.328419	0.123017	0.341342	1.889723	0.044229	1.388056	0.919405	1.82831	0.325271	0.124886	0.45209	0.051923	5.465981	0.025221	0.308277	1.153242	0.269826	0.446401	0.0
SRR9330790_bin.31	0.0	0.0	14.200393	0.0	0.0	0.0	0.163764	0.0	0.0	0.0	0.0	0.0	34.056124	0.0	0.0	0.0	0.0	0.0	0.0	0.0	0.0	0.0	0.0	0.0	0.0	0.0	0.0	0.0	0.0	0.0	0.0	0.0	0.0	0.0	0.0	0.0	5.682282	0.0	0.0	0.0	0.0	0.0	0.0	0.0	1.236154	0.0	0.0	0.0	0.0	0.0	0.0	0.0	0.0	0.0	0.0	0.0	0.0	0.0	0.0	0.0	0.628219	0.0	0.0	0.0	0.0	0.0	0.0	0.0	0.0	0.0	0.0	0.0	0.0	0.0	0.0	0.0	0.0	0.0	0.0	0.0	0.0	0.0	0.0	0.0	0.0	0.0	0.0	3.805966	0.0	0.0	0.0	0.0	0.0	0.0	0.0	0.0	0.0	0.0	0.0	0.0	0.0	0.0	0.0	0.0	0.0	0.0	0.0	0.0	0.0	0.0	0.0	0.0	0.0	0.0	0.0	0.0	0.0	0.0	0.0	0.0	0.0	0.0	0.0	0.82795	0.0	0.0	0.0	0.0	0.0	0.0	0.0	0.0	3.056025	0.0	0.0	3.207937	0.0	0.0	0.0	0.0	0.0	0.0	0.0	0.0	0.0	0.0	0.0	0.0	0.0	0.0	2.1185	0.0	12.478999	0.0	0.0	0.0	0.0	0.0	17.077273	0.0	0.0	0.0	0.0	0.0	0.0	0.495291	0.0	0.0	0.0
SRR8849280_bin.2	0.074518	0.149893	0.295375	0.0	0.60394	0.982181	2.377038	0.0	0.179666	0.555819	0.265517	1.084702	0.229381	0.39542	0.140665	16.815323	1.922586	0.673369	0.0	6.170744	1.417624	0.308254	0.0	0.507268	0.62727	0.179308	0.46178	0.087328	0.0	1.669671	0.46774	35.501673	0.621189	0.311711	0.517218	0.186341	0.357442	0.386256	9.666467	0.134602	0.077567	0.141744	0.784776	0.357043	2.529997	0.0	0.193626	0.0	6.372932	0.666459	2.39475	1.797124	0.159955	0.375895	3.173539	0.083654	2.442451	0.0	5.209938	2.274678	0.0	0.122852	4.828397	0.0	0.0	2.151501	2.756987	15.81518	0.0	3.817335	3.284409	6.26078	1.679737	0.451831	0.355055	0.1739	1.792327	43.607117	1.608006	5.970132	1.978378	0.664561	0.354917	2.37798	10.413867	3.682303	3.129724	6.573945	0.695689	42.686353	0.178349	0.661846	11.653443	2.181812	2.566014	1.155581	1.513359	2.610097	0.0	0.635008	0.105431	0.126804	6.138814	4.670124	0.843168	3.594829	19.044816	0.82896	0.934166	2.156344	0.507998	12.823567	14.977837	11.199052	0.0	0.417474	0.217608	0.655292	1.380046	0.937561	25.525827	7.740333	1.418944	16.658736	1.304948	0.478836	0.444381	0.0	0.0	0.0	1.02123	0.0	6.273839	3.227696	14.043861	1.489234	0.239714	0.042586	11.767392	3.99973	0.873577	1.791334	1.256509	1.172445	12.509133	0.08683	31.087826	0.892184	1.636438	0.189843	2.667697	4.599079	0.382395	0.728212	4.388921	11.748643	2.443684	2.493041	0.150109	1.405877	3.388239	1.812044	0.964192	0.852513	17.420908	1.255578	0.169963	0.0	0.805572
SRR17301548_bin.46	0.0	0.0	0.0	0.0	0.0	0.0	0.0	0.0	0.0	0.0	0.0	0.0	0.0	0.0	0.0	0.0	0.0	0.0	0.0	0.0	0.0	0.0	0.0	0.0	0.0	0.0	0.0	0.0	0.0	0.0	0.0	0.0	0.0	0.0	0.0	0.0	0.0	0.0	0.0	0.573591	0.0	0.0	0.0	0.0	0.0	0.0	0.0	0.0	0.0	0.0	0.0	16.792431	0.0	0.0	0.0	0.0	0.0	0.0	0.0	0.0	0.417869	0.0	0.0	0.0	0.0	0.0	0.0	0.0	0.0	0.0	0.0	0.0	0.0	0.0	0.0	0.0	0.0	0.0	0.0	0.0	0.0	0.0	0.0	0.0	0.0	0.0	135.98624	0.0	0.0	0.0	0.0	0.0	0.0	0.0	0.0	0.0	0.0	0.0	0.0	0.0	0.0	0.0	0.0	0.0	0.0	0.0	0.0	0.0	0.0	0.0	0.0	0.563411	0.0	0.0	0.0	0.0	0.0	0.0	0.0	0.0	0.0	0.0	0.0	0.0	0.0	0.0	0.0	0.0	0.0	0.0	0.0	0.0	0.0	0.0	0.0	0.0	0.0	0.0	0.0	0.0	0.0	0.0	0.0	0.0	0.0	0.0	0.0	0.0	0.0	0.0	0.0	0.0	0.0	0.0	0.0	0.0	0.0	0.0	0.0	0.0	0.0	0.0	0.0	0.0	0.0	0.207575	0.0	0.0	0.0
SRR8849243_bin.21	0.0	0.0	0.046051	0.0	0.0	0.035588	0.0	0.0	0.025806	0.0	0.015098	0.0	0.0	0.0	0.0	0.0	0.0	0.0	0.0	0.0	0.0	0.0	0.0	0.0	0.0	0.0	0.0	0.0	0.0	0.0	0.0	0.0	0.0	0.098883	0.007203	0.0	0.0	0.010218	0.0	0.0	0.0	0.0	0.0	0.0	0.0	0.0	0.0	0.0	0.0	0.0	0.0	0.0	0.0	0.0	0.0	0.0	0.0	0.0	0.0	0.0	0.0	0.0	0.0	0.0	0.0	0.0	0.0	0.0	0.0	0.0	0.0	0.0	0.0	0.039451	0.0	0.0	0.0	0.017453	0.0	0.0	0.0	0.0	0.00346	0.0	0.0	0.0	0.009978	0.0	0.0	0.0	0.0	0.0	0.0	0.0	0.0	0.0	0.0	0.0	0.0	0.0	0.0	0.0	0.0	0.0	0.0	0.0	0.0	0.0	0.0	0.0	0.013457	0.0	0.0	0.0	0.0	0.0	0.0	0.0	0.0	0.0	0.0	0.0	0.0	0.0	0.0	0.022007	0.0	0.0	0.0	0.0	0.0	0.0	0.028454	0.0	0.012044	0.009632	0.0	0.0	0.0	43.693922	0.0	0.0	0.0	0.0	0.004921	0.0	0.014889	0.0	0.017988	0.0	0.02358	0.0	0.01493	0.015232	0.0	0.003338	0.0	0.042069	0.0	0.0	0.0	0.0	0.0	0.0	0.0	0.0	0.0	0.0	0.0
SRR8849251_bin.59	0.0	0.0	1.422924	0.0	0.0	0.0	0.0	0.0	0.0	0.0	0.0	0.0	0.0	0.0	0.0	0.0	0.0	0.0	0.0	0.0	0.0	0.0	0.0	0.0	0.0	0.0	0.0	0.0	0.0	0.258099	0.0	0.0	0.0	0.0	0.0	0.0	0.0	0.0	0.0	0.0	0.0	0.025353	0.0	0.0	5.251095	0.0	0.0	0.0	0.0	0.0	0.0	0.0	0.0	0.0	0.0	0.0	0.0	0.0	0.0	0.0	0.0	0.0	0.0	0.0	0.0	0.0	0.0	0.0	0.0	0.0	0.0	0.0	0.0	2.410479	0.0	0.0	0.396065	0.0	0.0	0.0	0.0	0.0	0.395332	0.0	0.0	0.0	0.0	0.0	0.0	0.0	0.0	0.0	0.0	0.0	0.0	0.0	0.0	0.0	0.0	0.048006	0.0	0.0	0.0	0.0	0.0	0.0	0.0	0.0	0.0	0.0	0.0	0.0	0.0	0.0	0.0	1.483766	0.0	0.0	0.0	0.0	0.0	0.277685	0.0	0.0	0.0	0.0	0.0	0.0	0.0	0.0	0.0	0.0	1.528546	0.0	0.0	0.419556	0.0	0.0	0.0	1.153452	0.0	0.0	0.0	0.0	1.008178	0.0	0.0	0.0	0.0	0.0	16.383595	0.0	0.0	4.106304	1.235499	0.051436	0.0	10.340255	0.0	0.0	0.0	0.0	0.0	0.0	0.0	0.0	0.0	0.0	0.0
SRR8849261_bin.36	0.0	0.0	0.0	0.0	0.0	0.0	0.0	0.0	0.022076	0.0	0.652125	0.0	0.0	0.0	0.0	0.0	0.0	0.0	0.0	0.0	0.0	0.0	0.0	3.030693	0.0	0.0	0.0	0.0	0.0	0.0	0.0	0.013341	0.0	0.0	0.0	0.0	0.0	0.0	0.0	0.0	0.0	0.0	0.0	0.0	0.0	0.0	0.0	0.0	0.0	0.0	0.0	0.0	0.0	0.0	0.0	0.0	0.0	0.0	0.0	0.0	0.0	0.0	0.0	0.0	0.0	0.0	0.0	0.0	0.0	0.0	0.0	0.0	0.0	0.0	0.0	0.0	0.0	0.018845	0.0	9.185069	0.0	0.0	0.0	0.0	0.0	0.0	0.0	0.0	0.0	0.0	0.0	0.0	0.0	0.0	0.0	0.0	0.0	0.0	0.0	0.0	0.0	0.0	0.0	0.0	0.0	0.0	0.0	0.0	0.0	0.0	0.0	0.0	0.0	0.0	0.0	0.0	0.0	0.0	0.0	0.0	0.0	0.0	0.0	0.0	0.0	0.0	0.0	0.0	0.0	0.0	0.0	0.0	0.0	0.0	0.0	0.0	0.0	0.0	0.047477	7.120377	0.0	0.0	0.0	0.0	0.0	0.0	0.773006	0.0	0.0	0.0	0.0	0.0	0.0	0.0	0.0	0.0	0.0	0.0	0.0	0.0	43.251878	0.0	0.0	0.0	0.0	0.0	0.0	0.0	0.0
SRR8849203_bin.1	0.0	0.0	0.0	0.0	0.174813	0.0	0.0	0.0	0.0	0.0	0.0	0.0	0.0	0.0	0.0	0.0	0.0	0.0	0.0	0.0	0.0	0.0	0.0	0.0	0.0	0.0	0.0	0.0	0.0	0.0	0.0	0.0	0.0	0.0	0.0	0.0	0.0	0.0	0.0	0.0	0.0	0.0	0.0	0.0	0.0	0.20783	0.0	0.0	0.0	27.503688	0.0	0.0	0.0	0.0	0.0	0.0	0.0	0.0	0.0	0.0	0.0	0.0	0.190206	0.0	0.0	0.0	0.0	0.044922	0.0	0.0	0.0	0.0	0.0	0.0	0.0	0.0	0.0	0.0	0.0	0.0	0.0	0.0	0.0	0.0	0.0	0.0	0.0	0.0	0.0	0.0	0.345617	0.0	0.0	0.0	0.0	0.0	0.0	0.0	0.0	0.0	0.0	0.0	0.0	0.0	0.0	0.0	0.0	0.0	0.20875	0.0	0.0	0.0	0.0	1.32586	0.0	0.0	0.0	0.0	0.0	0.0	0.0	0.0	0.0	0.0	0.0	0.0	0.0	0.0	0.0	0.0	0.0	0.0	0.456715	0.0	0.0	0.0	0.0	0.0	0.0	0.0	0.0	0.0	0.0	0.0	0.0	0.0	0.0	0.0	0.0	0.0	0.0	0.0	0.0	0.0	0.039818	0.0	0.0	0.0	0.0	0.0	0.0	0.0	0.0	0.0	0.0	0.0	0.0	0.0	0.0
SRR8849268_bin.33	0.0	0.0	0.027178	0.013463	0.014628	0.067047	0.077953	0.0	0.0	0.036418	48.212985	0.019123	0.0	0.0	0.336647	0.0	0.0	0.0	0.0	0.0	0.0	0.0	0.0	0.0	0.011352	0.042481	0.027858	0.0	0.018272	3.006172	0.177727	0.0	0.028873	26.306957	0.032516	6.643908	93.82067	0.006727	0.0	0.0	0.098937	0.0	0.025043	0.0	0.0135	0.0	0.0	0.0	0.016107	0.0	0.0	0.0	0.013315	0.0	0.0	0.0	0.0	0.0	0.0	0.087933	0.0	0.0	0.003628	0.0	0.0	0.0	0.0	0.0	0.009601	0.0	0.0	0.7165	0.0	26.980889	0.0	0.0	6.93915	0.267527	0.0	0.048096	0.047297	0.0	3.546452	0.02802	0.0	0.0	0.0	0.302062	0.0	0.0	0.0	0.0	0.0	0.0	0.0	0.0	0.123031	0.157879	2.170388	0.90481	0.046536	0.456434	6.913833	0.209107	0.0	0.0	0.0	0.0	0.0	0.0	0.902665	0.0	0.0	0.0	0.0	0.045239	0.011794	0.009341	0.0	0.0	0.0	3.778405	0.0	0.0	0.0984995	1.682029	0.0	0.0	0.0	0.0	0.0	0.0	0.774686	0.0	0.022962	0.06382	0.425405	0.068964	0.292887	180.24376	0.120905	9.696731	0.0	0.008826	0.790878	0.0	0.132057	0.0	0.013625	0.0	2.581693	0.235726	48.450784	29.006366	17.288381	0.631989	0.0	127.686186	1.705648	0.020079	0.03387	0.007155	0.637933	0.0	0.324319	700.366091	0.0	0.0	0.0
SRR8849237_bin.16	13.633671	4.840711	7.51831	1.208857	1.651004	2.763907	5.235168	30.304124	4.415553	9.499095	9.204456	0.026182	3.243853	19.726939	1.060193	0.0	0.083147	0.211328	0.0	1.090059	0.0	0.054485	0.356777	2.341604	8.684186	5.390599	28.848838	0.0	2.221915	42.003847	5.364325	14.67525	0.033016500000000004	16.711685	1.371025	5.475624	6.012302	11.166265	9.896466	3.274607	0.673365	9.925115	1.780712	6.444747	2.31298	0.237102	1.000048	2.242602	12.405719	4.949843	11.735705	30.065897	21.306238	0.061074	0.0	12.00921	0.036868	0.0	6.107664	58.945188	8.275952	0.241789	0.0	0.0	2.8124029999999998	0.0	5.301458	0.642274	5.674317	0.0	13.236556	0.276164	0.013607	6.492949	9.630277	5.293521	1.636212	31.1968025	0.06495	41.71685	8.429641	5.044558	4.437781	8.289079	43.123295	0.032984	0.081677	0.250493	6.217254	0.0	3.137207	0.291055	0.339089	0.433133	0.241072	0.412944	16.054099	10.063268	22.371265	0.972602	11.993223	17.635823	8.009919	14.706085	5.59758	0.0	0.147305	24.558864	0.0	41.195885	0.28485	0.0	1.159312	0.159441	0.129527	10.465746	2.931224	1.303031	8.571911	45.777498	14.262739	18.537932	3.270073	19.005829	22.343306	10.361939	19.140996	6.201276	6.113181	0.06883	5.977544	5.170624	1.018643	0.754429	1.655548	0.36323	1.204206	0.437188	15.566594	10.001552	20.872367	12.346833	1.683309	7.715568	1.877771	5.346659	13.490431	3.554911	1.643296	3.755757	1.594637	3.205209	3.032727	1.58796	1.267425	6.173031	3.576288	0.6195975	1.082701	5.198167	4.099083	11.276059	3.181634	7.86175	0.072923	1.577403	16.43633	1.460724	1.640881
SRR17301536_bin.13	0.0	0.0	0.0	0.0	0.0	0.0	0.0	0.0	0.0	0.0	0.0	0.0	0.0	0.0	0.555825	0.0	0.0	0.0	0.0	0.048214	0.0	0.0	0.0	0.0	0.0	0.0	0.0	0.0	0.0	38.516961	0.0	0.0	0.0	0.0	0.0	0.0	0.0	0.0	0.0	0.0	0.073444	0.0	0.191974	0.0	0.0	1.215722	0.0	0.0	0.0	0.0	0.0	0.0	0.0	0.0	0.0	0.0	0.0	0.0	0.0	0.0	0.0	0.0	0.0	0.0	0.0	0.0	0.0	0.0	0.0	54.623155	0.0	0.0	0.0	0.0	0.0	0.0	0.0	0.0	0.0	0.0	0.0	0.0	0.0	0.0	0.0	0.0	0.0	0.0	0.0	0.0	0.0	0.0	0.381814	0.0	0.0	0.0	0.0	0.179628	0.0	0.0	0.0	0.0	0.0	0.0	0.0	0.0	0.0	0.0	0.0	0.0	0.277973	0.0	0.0	0.0	0.0	0.0	0.0	0.0	0.0	0.0	0.0	0.521956	0.0	0.0	0.0	0.0	0.0	0.0	0.0	0.0	0.0	0.0	0.0	0.0	0.23114	0.0	0.0	0.0	0.325403	0.0	0.0	0.0	0.0	0.0	0.0	0.0	0.0	0.0	0.0	0.0	0.0	0.0	0.0	0.0	0.0	0.0	0.0	0.0	0.0	0.0	0.0	0.0	0.0	0.0	0.0	0.0	0.0	0.0	0.0
SRR9330782_bin.15	0.0	0.0	0.0	0.0	0.0	0.0	0.0	0.0	0.0	0.0	0.0	0.0	0.0	0.0	0.0	0.0	0.0	0.0	0.0	0.0	0.0	0.0	0.0	0.0	0.0	0.049618	0.0	0.0	0.0	0.0	0.0	0.0	0.0	0.0	5.042854	0.0	3.497169	0.0	0.0	86.546682	0.0	0.0	0.0	0.0	0.0	0.0	0.0	0.0	0.0	0.0	0.0	0.0	0.0	0.0	0.0	0.0	0.0	0.0	0.0	0.0	0.0	0.0	0.0	0.0	0.0	0.0	0.0	0.0	0.0	0.0	0.0	0.0	0.0	0.0	0.0	0.0	0.0	0.0	0.0	0.0	0.0	0.0	0.0	0.0	0.0	0.0	0.0	0.0	0.0	0.0	0.0	0.0	0.0	0.0	0.0	0.0	0.0	0.0	0.0	0.0	0.0	0.0	3.723354	0.0	0.0	0.0	0.0	0.036033	0.0	0.0	0.0	0.0	0.0	0.0	0.0	0.0	0.0	0.0	0.0	0.0	0.0	0.0	0.0	0.0	0.0	0.0	0.0	0.0	0.0	0.0	0.0	0.0	10.144884	0.0	0.0	0.0	0.0	0.0	0.0	0.772557	0.0	0.0	0.0	0.0	0.02372	0.0	0.0	0.0	0.0	0.0	0.0	0.026839	6.715977	0.0	0.0	0.0	0.0	0.0	0.0	0.0	0.0	0.0	0.0	0.0	0.0	0.0	0.0	0.0	0.0
SRR8849237_bin.2	0.033529	0.0	0.186564	0.04307	1.858139	4.495119	0.04079	0.0	0.01248	61.752512	35.070028	0.0	0.230642	10.939375	0.028544	2.17582	0.0	0.0	0.0	0.053085	0.0	2.989835	0.040383	0.0	0.048484	2.817378	2.030813	0.0	0.0	1.383127	0.0	0.016889	0.0	0.026671	0.061724	0.0	4.375615	0.081661	0.089545	0.085792	0.0	0.0	0.028442	0.0	0.032493	0.0	1.825422	0.0	36.389161	0.0	0.058561	0.0	0.0	0.504546	0.0	0.0	0.0	0.0	0.017388	0.088012	0.062373	0.011899	0.0	0.0	0.495555	0.0	2.985908	0.11926	7.618126500000001	0.0	0.0	0.0	0.0	0.137837	0.048707	0.0	2.77115	277.960622	0.038436	0.117451	0.044565	0.058008	1.022404	0.029139	40.887854	0.063915	1.256702	2.402358	0.0	0.0	0.106081	0.0	0.0	0.066922	0.077562	12.577648	0.116989	50.878952	0.0	0.0	3.433759	0.334496	9.121028	0.595152	0.030529	0.0	0.0	0.071387	0.0	0.014256	0.0	0.0	0.0	0.226975	0.0	0.138248	0.052471	0.0	0.0	26.35109	422.404336	0.197651	0.054057	10.107398	0.17851	0.076887	0.033743	0.0	0.018598	0.0	0.0	0.0	0.072375	1.411624	0.051354	0.020261	0.067473	0.024571	0.831907	1.383741	0.139335	1.004433	0.0	0.025493	23.570106	17.354497	0.198156	0.084177	0.062075	8.758288	0.131304	16.363414	1.71951	0.090637	1.08635	0.06046	5.754254	0.131353	0.0	0.028039	0.909843	25.548907	0.063649	0.0	0.019182	0.0	0.0	0.023474	0.0
SRR17301516_bin.10	0.0	0.0	0.0	0.0	0.0	0.0	0.0	1.245673	0.0	0.0	0.0	0.0	0.0	0.0	0.0	0.0	0.390005	6.2049115	24.993167	0.0	0.0	0.0	0.0	0.0	0.0	0.0	0.0	0.0	0.0	0.0	0.0	0.0	0.0	0.0	0.0	0.0	0.0	0.0	0.0	0.0	0.0	0.0	0.098892	0.0	0.0	0.0	0.0	0.0	0.0	0.0	0.0	0.0	0.0	0.0	0.0	0.0	0.0	0.0	0.0	0.0	0.0	0.0	0.0	0.0	0.0	0.0	0.0	0.0	0.0	0.0	0.0	0.0	0.0	0.0	0.0	0.0	0.0	0.0	0.0	0.0	0.0	0.0	0.0	0.0	0.0	22.5466905	0.0	0.0	0.0	0.0	0.0	0.0	0.0	0.0	0.0	0.0	0.0	0.0	0.0	0.0	0.0	0.0	0.0	0.0	0.0	0.0	0.0	0.0	0.0	0.0	0.0	0.0	0.0	0.0	0.0	0.0	0.0	0.0	0.0	0.0	0.0	0.174475	0.0	0.0	0.0	0.0	0.0	0.0	0.0	0.0	0.0	0.0	0.0	0.0	0.0	0.0	0.0	0.0	0.0	0.0	0.0	0.0	0.0	0.0	0.0	0.0	0.0	0.0	0.0	0.0	0.0	0.0	0.0	0.0	0.0	0.0	0.0	0.0	0.0	0.0	0.0	0.0	0.0	0.0	0.0	0.0	0.0	0.0	0.0
SRR8849290_bin.28	0.0	0.0	0.240433	0.0	0.212379	0.0	0.0	0.0	0.0	0.0	0.0	0.0	0.0	0.0	0.0	8.155267	0.050113	2.270555	0.0	0.449563	0.0	0.0	0.0	0.0	0.0	0.0	0.101174	0.0	0.0	0.0	0.0	0.0	0.0	0.0	0.034086	0.0	0.0	0.0	0.0	0.0	0.0	0.0	0.0	0.0	0.0	0.0	0.0	0.0	0.0	0.0	0.0	5.847912	0.0	0.0	0.0	0.0	0.232565	0.0	0.0	0.0	0.0	23.743143	0.0	0.0	0.0	0.0	0.0	0.0	0.0	0.0	0.0	0.0	0.980508	0.0	0.0	0.0	2.788477	0.0	0.0	0.0	0.0	0.0	0.0	0.0	0.0	0.0	0.0	0.0	0.0	0.0	0.0	0.0	0.0	1.619321	0.0	0.0	0.066663	0.0	0.0	0.0	0.0	0.0	0.0	0.0	0.0	0.0	0.6915685	0.0	0.0	0.0	1.704192	0.0	0.187228	0.0	0.133097	0.0	3.695911	0.0	0.0	0.0	0.0	0.0	9.345111	0.0	0.0	0.0	0.0	0.0	0.264426	0.0	0.0	0.0	0.0	0.0	0.0	0.0	0.0	0.0	0.0	0.0	0.0	0.0	0.45436699999999997	0.0	0.0	0.0	0.028865	0.0	0.0	0.0	0.0	0.0	0.0	0.0	0.0	0.147339	0.0	0.0	0.0	2.06362	0.0	0.0	1.104117	0.0	0.0	0.0	0.0	0.0	0.0
SRR17301548_bin.12	0.765111	1.043481	5.155582	0.0	0.397553	5.36532	1.001074	3.953886	3.174731	4.2443729999999995	2.228844	0.0	1.8020665	6.074366	0.035815	0.0	16.279183	0.21523	0.0	0.41239400000000004	0.0	0.3576755	0.864453	0.53182	0.958287	0.313344	15.735308499999999	0.0	0.445833	0.0	1.081935	0.851937	0.204937	1.609136	1.136629	1.065655	0.0	0.5513254999999999	0.0	1.700888	3.061673	0.0	1.393984	0.445969	1.51902	0.148235	0.431255	0.0	0.0	0.904774	1.558298	0.0	3.279647	0.0	0.0	0.384256	0.0	0.0	0.810333	0.0	6.601331	2.261538	0.272859	0.0	0.0	0.0	0.0	0.0	1.15345	0.0	0.06446	2.215013	1.177456	0.0	0.677497	1.190863	1.381528	0.0	5.895995	1.640974	3.490018	2.304736	2.514447	0.0	0.0	0.0	23.708303	4.252772	0.0	0.0	22.132876	2.553877	0.0	0.4691395	0.093443	3.369178	0.0	0.0	0.0	5.757948	1.216066	6.710551	0.0	0.0	4.265217	0.0	0.92973	0.0	0.0	0.0	0.689582	0.069206	0.858393	4.67485	13.994787	0.897508	6.868552	2.271349	2.167034	0.0	0.0	2.5014645	4.261844	0.0	0.113175	3.829001	0.7803059999999999	0.0	2.918076	0.0	0.0	0.713155	0.854004	0.0	1.327505	1.08212	1.1359915	4.725435	0.054961	4.373974	3.254557	0.84068	0.0	1.809806	0.2780245	0.0	0.647096	0.468759	0.345343	0.43567	0.488408	2.930049	0.0	0.0	0.362674	0.37298	0.0	0.28689	3.477584	2.181165	0.279955	2.538336	0.152823	0.0	0.054655	0.738635	1.295458	0.724589	0.655471
SRR8849241_bin.3	0.082455	0.069365	3.996953	0.287149	1.514132	0.094653	214.039142	0.079068	0.141059	129.578189	39.372305	0.082134	55.687251	0.057627	0.075106	0.072208	0.045129	0.024428	0.008803	0.0736	0.014823	0.052277	0.092569	22.430437	174.959699	52.197965	1.986047	0.044558	3.03194	0.436617	10.681708	0.155379	0.069145	95.187889	90.923243	50.554591	452.126472	0.339955	12.141055	0.21346	135.053254	0.089419	32.256385	0.019065	0.656001	0.051749	0.040882	0.007612	0.225816	0.10542	0.080942	0.062295	0.097393	0.699165	0.047864	0.101659	0.024607	0.037124	0.087049	0.05821	0.078477	0.075611	0.013071	0.0	0.039021	0.03224	0.045867	0.045226	0.019753	0.022105	0.038053	98.42119	0.009344	368.816502	34.12195	0.069596	11.556529	0.337159	0.15799	0.115675	0.552538	0.040692	30.592409	0.256408	0.174465	6.934662	41.763444	2.23805	0.00791	0.008624	0.147567	0.035062	0.008524	2.76243	0.050327	17.3891	12.958461	0.423453	0.142516	33.867752	12.381051	10.89838	5.961799	0.139841	0.085198	0.015814	0.029162	0.087956	0.0	0.131952	0.566343	0.205951	0.041315	10.143858	15.090523	348.948599	0.0823	0.033692	0.068951	0.11951	0.788582	1.830197	0.049983	23.781285	0.336181	96.81466	89.146046	0.095437	0.048508	0.098715	0.031946	0.107322	4.436557	0.120044	0.25324	92.680259	17.613025	174.364973	0.299715	42.293143	4.951003	114.083816	0.066608	0.065084	1.498642	0.325422	0.302774	103.939126	0.66417	0.083478	10.932088	122.352273	268.753284	266.638561	5.733414	0.571208	0.157114	6.589311	194.643878	161.571708	9.63801	6.042382	0.520406	0.174603	0.117035	16.61402	0.033283	0.274702	3.119661
SRR8849290_bin.29	2.972331	0.0	18.541943	0.826335	0.021691	3.074206	0.025798	4.228513	0.063119	1.739169	17.56863	0.0	0.973933	5.651122	3.553721	0.027061	0.168113	0.017738	0.049014	0.0	0.0	0.021021	0.1059	0.97243	1.94674	2.843326	1.47707	0.0	0.852418	0.253993	7.081695	5.041589	0.0	0.223745	12.161801	1.502512	1.073375	1.064778	0.0	0.226367	0.054526	0.026356	7.12615	1.669661	18.98956	208.699238	0.0	0.0	0.0	0.324343	4.268585	0.0	0.0	0.422132	0.0	0.250482	0.0	0.0	0.0	0.126551	4.9602	29.126142	0.0	0.0	0.0	0.0	6.97531	0.0	0.0	0.0	0.0	1.271332	0.0	0.073833	6.041241	0.0	0.117638	0.065177	0.031379	0.052694	1.771136	0.012197	5.247542	0.0	0.0	0.570112	31.734231	6.171706	0.0	0.0	16.988498	0.0	0.0	10.028889	0.017339	0.0	0.0	0.0	0.0	2.191947	6.958095	10.032502	0.0	0.034674	0.0	0.0	0.0	0.0	0.0	0.0	0.205788	0.141439	19.030363	0.531867	0.024074	2.427001	0.035759	0.0	8.146567	0.0	0.0	0.572789	0.282227	2.94874	0.141921	0.0	3.471189	0.0	0.0	0.0	0.567993	3.585765	0.036337	4.15264	7.061405	0.030011	0.673672	0.054121	6.466113	15.928059	15.145373	0.061539	0.0	11.240481	0.051108	0.0	0.111151	0.103884	9.558563	0.090915	0.040684	0.610483	1.698978	0.044458	0.012982	0.89051	0.161624	3.098943	1.179536	0.046843	0.030559	0.166517	0.030731	0.0	0.0	0.0	0.018059	5.312302	0.0
SRR9330801_bin.2	1369.902081	1.055129	0.057536	3.630299	135.573579	65.465969	0.058419	153.216889	21.206263	0.084673	4.039523	0.190858	181.595954	0.409057	0.072114	2.263273	0.01511	0.0	0.0	2.960638	0.011589	57.855489	4.78492	0.417615	0.454536	0.282921	0.391397	132.965377	53.416594	36.748607	0.017674	0.190807	0.037232	0.698063	0.056329	0.037168	76.091648	0.118399	0.00903	51.379426	21.238107	41.809757	0.035724	0.066188	8.154075	5.257274	0.0	0.023482	0.405582	0.159818	0.066326	0.106241	0.015836	0.010903	0.167567	0.116983	0.068056	0.360761	0.774645	0.286773	137.845993	0.026521	0.140431	3.044026	1725.140058	0.0	26.72473	1.744006	0.0	0.110212	0.016731	8.523764	0.032167	8.314743	0.040653	62.694171	31.127837	0.687426	0.086558	0.33845	0.060832	0.083216	163.793064	0.130308	0.604948	0.018705	0.085682	16.353727	0.028075	0.0	1.659861	0.037433	0.0	4.586312	0.0	0.065197	168.123879	0.194751	193.77209	159.814257	0.236744	151.749143	22.491869	0.124179	192.653793	0.044829	0.050875	80.607156	0.0	0.181352	0.060052	0.060727	0.0	0.036607	36.784825	0.03124	0.066693	0.043539	676.888921	0.050841	0.047507	0.946736	113.667756	0.458413	786.492122	0.134593	517.015491	0.60665	0.409607	0.776424	0.05815	0.649502	0.019137	0.0	0.535325	20.67467	17.072348	38.25085	0.195813	131.168654	3.503701	13.899638	2015.424762	0.053375	4.8668	0.487772	57.854821	110.411728	329.530354	146.682042	0.106867	0.098281	44.500291	1.374594	1.225517	1.243768	237.83011	0.330407	0.373851	0.057662	0.222898	121.044895	42.742516	163.614841	1.042482	21.468619	0.109401	1.731185	438.408016
SRR8849243_bin.20	0.078221	0.128462	0.04334	0.072945	109.697742	0.10991	0.00984	73.182261	0.0197085	0.0	0.075254	0.056234	0.137987	0.1171	0.029362	0.0	0.020758	0.0	0.0	0.0	0.0	0.016309	0.10312750000000001	0.057793	0.119657	0.06718	0.085274	0.298985	60.614367	0.006753	0.017579	0.0	0.026436	0.0	0.034898	0.885647	1.00294	56.177275	0.0	61.389786	0.06134	0.022086	0.025503	0.014945	0.020134	0.009623	0.016016	0.0	0.017315	0.037221	0.10492	0.052047	0.090316	0.040037	0.022561499999999998	0.0	0.136715	0.021008	0.080224	0.27497	0.0	0.024284	0.0	0.0	0.080177	0.0	0.214074	0.011877	0.040881	0.0089935	0.0	0.0321	0.035057	0.802915	0.023913	0.102723	0.005179	0.083713	0.0	0.176289	0.015074	0.087313	0.054344	0.094373	0.263384	0.0	0.083103	0.061829	0.0	0.0	0.0	0.037578	0.0	0.04776	0.0	70.734711	0.056867	0.0	0.007188	0.044617	0.023674	0.498238	0.012863	0.023354	0.084272	0.0	0.0	0.0	0.0	0.036568	0.008973	0.091909	0.0	0.018969	0.041545	0.04903	0.0397	0.100629	0.064843	0.01315	0.011897	0.138802	0.02728	0.103099	0.0	0.077106	302.503625	0.114252	0.110678	0.084129	0.031087	0.1078	0.0	0.0	0.101233	0.028368	0.06335	0.102459	0.0	116.698853	0.31421350000000003	0.012475	0.139709	0.033789	9.761109	0.106583	0.227608	0.029918	0.610972	0.088296	0.090276	0.062001	0.586524	0.244204	0.0	4.034163	0.089137	0.059228	0.429726	0.023916	0.006008	0.027588	0.018943	0.0	0.014046	0.116759	43.440582	0.786533	0.068907
SRR8849268_bin.24	0.0	0.0	0.024912	0.0	0.011834	0.0	0.00915	0.0	0.0	0.0	0.120391	0.0	0.0	0.0	0.067963	0.0	0.0	0.0	0.0	0.0	0.0	0.0	0.0	0.0	0.0	0.0	0.0	0.0	0.0	0.836239	0.008048	0.0	0.0	0.0	0.0	0.0	0.0	0.0	0.0	1.006283	0.0	0.0	0.010016	0.0	0.0	0.0	0.0	0.0	0.0	0.0	0.0	0.0	0.0	0.0	0.0	0.0	0.0	0.0	0.0	0.009955	0.0	0.0	0.0	0.0	0.0	0.0	0.0	0.000193	0.0	0.0	0.0	0.209788	0.0	0.408841	0.0	0.0	0.141085	0.032747	0.0	0.004773	0.0	0.0	0.049494	0.0	0.0	0.0	0.0	0.030197	0.0	0.0	0.0	0.0	0.0	0.0	0.0	0.0	0.088825	0.0	0.0	0.470159	0.009222	0.116883	0.071206	0.056772	0.0	0.0	0.0	0.0	0.0	0.0	2.3e-05	0.0	0.0	0.0	7.1e-05	0.034958	0.0	0.0	0.0	0.0	0.0	0.860732	0.0	0.0	0.039333	0.50523	0.0	0.0	0.0	0.0	0.0	0.0	0.043757	0.0	0.0	0.287233	1.261947	0.0	0.045855	0.60121	0.032393	0.008758	0.0	0.0	0.324822	0.0	0.015481	0.0	0.0	0.0	0.30031	0.179502	0.06577	0.432136	0.0	0.289094	0.0	58.666306	0.122513	0.0	0.024961	0.0	0.0	0.0	0.0	0.3779	0.0	0.0	0.0
SRR17301543_bin.5	0.0	0.035744	0.0	0.894416	0.017705	0.022002	0.059028	0.0	0.100521	0.0	0.0	0.0	0.0	0.0	0.611616	0.099381	2.647193	0.0	0.028041	2.654532	0.0	0.4154	0.0	0.045687	0.083468	0.0	0.0	0.0	0.0	0.0	0.029258	0.046165	0.0	0.0	0.035622	0.0	0.0	0.0	0.0	0.0	0.346586	0.257243	0.045792	0.0	0.131277	0.0	0.165354	0.071075	0.39506	0.0	0.0	0.0	0.0	0.0	0.0	0.0	0.028995	0.0	0.0	0.210642	0.015392	0.193969	0.0	0.0	0.0	0.15606	0.0	0.0	0.01258	0.036126	0.264601	0.870094	0.049213	0.0	0.0	0.0	0.0	0.0	0.0	0.0	0.357984	0.05494	0.043494	0.0	0.0	2.112862	0.519421	0.246313	0.0	0.058907	0.20368	39.688943	0.0	0.806957	6.6277	0.0	0.0	0.0	0.0	0.0	0.0	0.0	0.0	0.0	0.0	0.029201	0.382554	0.0	0.095859	0.0	0.865473	0.029174	0.042563	0.090778	0.037259	0.0	0.158452	0.0	0.589401	0.2414	0.0	0.0	0.0	0.0	0.0	0.0	0.0	0.0	0.0	0.0	2.374535	0.0	0.257619	0.120547	0.034109	0.066042	0.045213	0.16102	0.0	0.0	0.0	0.0	0.0	0.0	0.010297	0.0	0.018169	0.0	0.022264	0.010362	0.114817	0.016534	0.010575	0.039263	0.029957	0.01404	0.0	0.036463	0.03432	0.0	0.043773	0.0	0.0	0.0	0.0	0.0	0.0	0.0	0.0
SRR8849276_bin.38	0.0	0.0	0.045907	0.014108	0.0	27.09002	0.0	0.0	0.0	0.0	1.026106	0.0	0.0	0.0	0.62465	0.0	0.0	0.0	0.0	0.0	0.0	0.0	0.0	0.0	0.0	0.0	0.0	0.0	0.0	0.067885	0.0	0.0	0.0	0.0	1.087641	0.0	0.0	0.0	0.0	0.0	0.0	0.0	0.0	0.0	0.0	0.0	0.0	0.0	0.0	0.0	0.0	0.0	0.0	0.0	0.0	0.0	0.0	0.0	0.0	0.0	0.0	0.0	0.0	0.0	0.0	0.0	0.0	0.0	0.0	0.0	0.0	0.0	0.0	8.156683	0.0	0.0	0.0	0.0	0.0	0.0	0.0	0.0	0.733638	0.0	0.0	0.0	0.0	0.0	0.0	0.0	1.670813	0.0	0.0	0.0	0.0	0.0	0.0	0.0	0.0	0.051349	0.0	0.0	0.0	0.0	0.0	0.0	0.0	0.0	0.0	0.0	8.146089	0.0	0.0	0.0	0.0	0.0	0.0	0.0	0.0	0.0	0.0	0.033439	0.0	0.0	0.0	0.0	0.0	0.0	0.0	0.0	0.0	0.0	0.041726	0.0	0.0	0.0	0.0	0.0	0.0	1.412119	0.0	0.0	0.0	0.0	0.0	0.0	0.0	0.0	0.0	0.0	0.0	0.0	0.0	7.567627	0.430634	0.022874	0.0	6.512397	0.0	0.0	0.0	0.0	0.0	0.0	0.0	0.0	0.0	0.0	0.0
SRR8849214_bin.22	0.7195885	0.051641	8.990615	153.579039	7.655178	16.389361	22.879592	3.153147	0.069465	9.744496	9.82268	0.0	0.148315	0.096274	15.487657	0.326464	0.151128	46.168806	0.0	18.166212	0.0	9.006278	0.745344	0.186249	0.473976	0.617974	2.854752	0.0	0.128708	73.258165	4.570943	0.353625	8.574257	39.998726	9.311845	3.178895	5.85003	14.69952	4.941262	1.528349	15.580997	31.470034	6.618614	2.758843	14.42335	11.531388	20.790861	9.422292	41.576322	1.716714	6.125063	3.768883	5.066565	2.915538	0.0	7.6507535	0.83092	5.992811	0.964056	2.465033	2.428114	4.753182	0.073312	0.018118	0.0	0.0	5.013532	61.282855999999995	43.971287	50.607565	14.74513	15.231718	0.044997	6.38426	0.0	5.070163	16.205263	31.126602	8.622005	33.901816	17.091832	22.406888	14.235011	8.202573	1.303117	62.495294	20.414153	19.831466	0.048109	0.0	35.298341	22.379006	0.026092	19.208509	27.425065	14.023729	10.417926	7.493454	8.555177	4.207632	15.052768	5.006047	4.972624	97.403759	12.813764	0.066576	0.048241	43.5445105	0.0	0.235428	56.696606	10.127338	11.089251	27.503923	2.846061	4.254322	8.871646	9.945449	0.08113500000000001	22.697809	2.870564	18.44188	23.45444	0.28949	18.7502255	10.263106	0.089751	0.514862	0.0	0.0	12.837111	0.030214	26.75487	37.17416	77.67513650000001	25.292403	37.303731	15.147684	96.991063	6.236635	12.380609	6.578726	0.0	10.035001	11.631617	2.297191	6.456319	1.012058	14.040034	9.093538	9.418176	1.435057	9.619188	9.741553	10.061673	19.640087	0.734122	37.182535	20.557732	13.831112	8.867702	9.928773	37.748525	9.2184925	15.36205	12.449431	10.390813	0.831755	0.951076
SRR8849207_bin.1	0.0	0.0	0.0	0.0	0.410168	0.0	0.0	0.0	0.0	0.0	0.0	0.0	0.0	0.0	0.0	0.0	0.0	0.0	0.0	0.0	0.031728	0.0	0.0	0.0	0.0	0.0	0.0	0.0	0.0	0.0	0.036496	0.0	0.0	0.0	0.0	0.0	0.0	0.436313	0.0	0.0	0.0	0.0	0.0	0.0	0.108882	1.117571	0.42604	0.0	0.0	0.0	0.0	0.0	0.0	73.015285	0.0	0.0	0.0	0.0	0.0	0.0	0.0	0.0	1.048214	0.0	0.0	0.0	0.0	0.469672	0.0	0.0	0.0	0.0	0.0	0.0	0.0	0.0	0.0	0.0	0.0	0.0	0.0	0.0	0.0	0.0	0.0	0.017288	0.035934	0.0	0.0	0.0	2.47702	0.0	0.0	0.0	0.0	0.068595	0.0	0.0	0.067645	0.0	0.0	0.0	0.0	0.0	0.0	0.0	0.0	0.148065	5.349354	0.0	0.020647	0.0	0.0	4.397061	0.164696	0.0	0.0	0.0	0.0	0.0	0.0	0.0	0.0	0.0	0.0	0.0	0.0	0.0	0.0	0.0	0.0	0.0	2.567156	0.0	0.033799	0.0	0.094308	0.0	0.0	0.0	0.0	0.0	0.0	0.0	0.340445	0.0	0.175757	0.0	0.098295	0.0	0.0	0.0	0.0	0.035074	0.404739	0.0	0.0	0.0	0.0	0.0	0.0	0.0	0.029172	0.0	0.0	0.0	0.0	0.0	0.0
SRR8849204_bin.1	0.0	0.0	0.0	0.0	0.0	0.0	0.0	0.0	0.0	0.0	0.0	0.0	0.0	0.0	0.0	0.0	0.0	0.0	0.0	0.0	0.0	0.0	0.0	0.0	0.0	0.0	0.0	0.0	0.0	0.0	0.0	0.0	0.0	0.0	0.0	0.821017	0.0	0.375975	0.0	0.0	0.0	0.0	0.0	0.0	0.0	0.0	0.0	0.0	0.0	0.0	0.0	0.0	0.0	0.0	177.200081	0.0	0.0	0.0	0.0	0.0	0.0	0.0	0.0	0.0	0.0	0.0	0.0	0.0	0.0	0.0	0.0	0.0	0.0	0.0	0.0	0.0	0.0	0.0	0.0	0.0	0.0	0.0	0.0	0.0	0.0	0.0	0.0	0.0	0.0	0.0	0.438384	0.0	0.0	0.0	0.0	0.302235	0.0	0.0	0.0	0.0	0.0	0.0	0.0	0.0	0.0	0.0	0.0	0.0	0.0	0.0	0.0	0.0	0.0	0.0	0.0	0.0	0.0	0.0	0.0	0.0	0.0	0.0	0.0	0.0	0.0	0.0	0.0	0.0	0.0	0.0	0.0	0.0	0.0	0.0	3.404868	0.0	0.584396	0.0	0.0	0.0	0.0	0.0	0.0	0.0	0.0	0.0	0.0	0.0	0.0	0.0	0.0	0.0	0.0	0.0	0.0	0.0	0.0	0.0	0.0	0.0	0.0	0.0	0.0	0.0	0.0	0.0	0.0	0.0	0.0
SRR17301522_bin.5	0.0	0.0	0.367114	3.550193	0.0	0.0	1.193156	0.0	0.0	0.0	0.0	0.0	0.110493	0.0	0.0	0.0	0.0	0.0	0.0	0.0	0.0	0.0	0.0	0.253355	0.0	0.0	0.0	0.0	0.0	0.0	0.0	0.0	0.0	0.0	1.3348035	0.430003	0.0	0.0	0.0	0.0	2.310094	0.0	0.164403	0.0	0.0	0.0	0.0	27.301072	0.0	0.228228	0.953877	0.0	0.0	0.0	0.0	0.0	0.0	0.0	0.0	0.0	0.0	1.772416	0.0	0.0	0.0	0.0	0.481568	0.0	0.0	0.0	1.316409	0.635846	0.0	0.0	0.090123	0.0	0.0	0.0	0.0	0.0	0.0	0.0	1.517066	0.0	0.0	0.3880445	1.505349	2.110326	0.0	0.0	0.0	3.861764	0.0	1.3446509999999998	0.0	1.2931914999999998	0.538975	0.0	0.0	1.175461	0.360671	0.0	0.285546	0.0	0.740518	0.0	0.0	0.0	0.0	0.0	0.1421345	0.0	0.244239	8.571166	0.3093245	1.214303	1.511931	0.0	0.0	0.0	0.0	0.0	0.0	0.0	0.0	0.527817	0.0	0.0	0.0	0.0	11.618049	0.0	0.0	0.0	0.0	0.349485	0.0	2.639345	0.0	0.0	0.0	0.08966	0.0	1.555109	1.1518	0.0	0.0	0.274738	0.0	0.0	1.420464	0.089313	0.114385	0.0	0.371063	0.0	0.0	2.55398	0.0	0.819506	0.0	0.0	0.0	0.0	0.148441	1.204112	10.384015	0.0	0.0
SRR8849244_bin.14	0.56686	0.243302	0.0	0.0	0.0	0.0	0.062754	0.0	0.017203	0.0	112.872016	0.018266	0.201237	0.095528	0.0	0.0	0.0	0.0	0.0	0.0	0.0	0.0	0.0	0.11002	0.138497	1302.032385	0.123749	0.120723	0.235785	0.0	0.0	0.0	0.0	6.350224	0.0	0.394506	0.104194	0.015725	0.051997	0.298149	0.070762	0.0	0.0	0.030843	0.0	0.0	0.0	0.0	0.0	0.0	0.387041	0.0	0.0	0.0	0.0	0.0	0.0	0.0	0.0	0.0	0.052728	0.0	0.0	0.0	0.167916	0.0	0.0	3.691653	0.0	0.0	0.0	0.0	0.0	0.0	0.0	0.0	0.0	0.0	0.027224	0.0	0.0	0.0	0.0	0.0	0.1266265	0.0	0.0	0.484126	0.0	0.0	0.0	0.0	0.0	0.0	0.0	0.0	0.0	0.0	0.0	0.0	0.0329335	0.194148	0.0	0.0	0.0	0.0	0.0	0.587113	0.0	0.0	0.0	0.0	0.0	0.0	0.0	0.0	0.0	0.0	0.015896	0.0	0.0	0.017074	0.0	0.575661	0.0	0.0	0.165614	0.117436	0.134088	0.0	0.0	0.201922	142.240496	0.0	0.0	6.019893	93.725383	0.064807	0.0	0.022826	0.0	0.674285	0.0	0.0	0.021237	0.0	0.341528	0.150545	0.06739	0.0	0.0	0.0	0.0	0.0	0.044429	0.035727	0.334549	0.0	0.0	0.0	0.0	0.017044	0.197684	0.187117	0.0	0.0	0.0	0.123649	0.967994
SRR17301534_bin.3	0.0	0.0	0.197713	0.0	0.0	0.0	0.0	0.0	0.0	0.0	0.0	0.0	0.207481	0.0	0.0	0.0	0.07102	0.0	0.0	0.0	0.0	0.0	0.0	0.0	0.0	0.0	0.0	0.0	0.0	0.0	0.0	0.0	0.0	0.0	0.033164	0.0	0.0	0.075351	0.0	0.0	0.0	0.0	0.528147	0.0	0.0	0.0	0.0	0.0	0.0	0.0	0.0	0.0	0.0	0.0	0.0	0.0	0.0	0.0	0.0	0.0	0.0	0.0	0.0	0.0	0.0	0.0	0.0	0.0	0.0	0.0	0.0	24.196481	0.0	0.0	0.0	0.0	0.0	0.0	0.0	0.0	0.0	0.0	0.0	0.0	0.0	0.837801	0.0	0.0	0.0	0.0	0.0	0.0	0.0	0.0	0.0	0.0	0.0	0.0	0.0	0.0	0.0	0.0	0.0	0.0	0.0	0.0	0.0	0.0	0.0	0.0	0.0	0.0	0.0	1.043978	0.0	0.0	0.0	0.0	0.0	0.0	0.0	0.0	0.0	0.0	0.0	0.1346	0.0	0.0	0.0	0.0	0.0	0.0	0.0	0.0	0.0	0.0	0.0	0.0	0.0	0.0	0.0	0.0	0.0	0.0	0.0	0.0	0.063546	0.0	0.0	0.0	0.0	0.0	0.045867	0.0	0.558012	0.0	0.0	0.0	0.0	0.361716	0.0	0.0	0.0	0.0	0.0	0.0	0.0	0.0	0.0
SRR8849244_bin.29	0.140652	0.076892	0.0	0.0	0.0	0.0	0.0	0.0	0.0	0.0	0.0	0.008219	0.03319	0.009858	0.0	0.0	0.0	0.0	0.0	0.0	0.0	0.0	0.0	0.033605	0.0	347.671898	0.0422	0.014024	0.060628	0.0	0.0	0.0	0.0	0.085617	0.0	0.0	0.0	0.0	0.0	0.0	0.0	0.0	0.0	0.0	0.0	0.0	0.0	0.0	0.0	0.0	0.0	0.0	0.0	0.0	0.0	0.0	0.0	0.0	0.0	0.0	0.0	0.0	0.0	0.0	0.060715	0.0	0.0	0.0	0.0	0.0	0.0	0.0	0.0	0.0	0.0	0.0	0.0	0.0	0.0	0.0	0.0	0.0	0.0	0.0	0.0	0.0	0.0	0.0	0.0	0.0	0.0	0.0	0.0	0.0	26.603758	0.0	0.0	0.0	0.0	0.0	0.0	0.0	0.0	0.0	0.0	0.0	0.0	0.0	0.0	0.0	0.0	0.0	0.0	0.0	0.0	0.0	0.0	0.0	0.0	0.0	0.0	0.0	0.0	0.125679	0.0	0.0	0.042667	0.012366	0.031486	0.0	0.0	0.054601	0.0	0.0	0.0	0.0	46.953706	0.0	0.0	0.0	0.0	0.0	0.0	0.0	0.0	0.0	0.0	0.0	0.0	0.0	0.0	0.0	0.0	0.0	0.0	0.0	0.0	0.0	0.0	0.0	0.0	0.0	0.0	0.0	0.0	0.0	0.0	0.050664	0.0
SRR8849208_bin.31	0.0	0.0	0.0	0.0	0.0	0.0	0.0	0.0	0.0	0.0	0.0	0.0	0.0	0.0	0.0	0.0	1.000167	0.0	0.0	0.0	0.0	0.0	0.0	0.0	0.0	0.0	0.0	0.0	0.0	0.0	0.0	0.0	0.0	0.0	0.0	0.0	0.0	0.0	0.0	0.0	0.0	0.0	16.368745	0.0	0.0	0.0	0.15497	0.0	0.0	0.0	0.0	0.0	0.0	0.0	0.0	0.0	0.140502	0.0	0.0	0.0	0.0	0.0	0.0	0.0	0.0	0.0	0.0	0.0	0.0	1.158911	0.065413	2.343595	0.0	0.0	1.159336	0.0	0.0	0.0	0.0	0.0	0.0	0.0	0.0	0.0	0.0	3.5156595	0.0	0.0	0.0	0.0	0.0	0.0	0.0	0.0	0.239735	0.0	0.0	0.0	0.0	0.0	0.0	0.0	0.374345	0.0	0.0	0.875059	0.108396	0.0	0.0	0.0	0.096427	0.0	0.0	0.0	0.0	0.0	0.0	0.0	0.0	0.0	0.0	0.0	0.0	0.0	0.0	0.0	0.0	0.0	0.0	0.0	0.0	0.0	1.513954	0.0	0.0	0.195909	0.0	0.0	0.328117	0.0	0.0	0.0	0.0	0.0	0.0	0.0	0.0	0.0	0.0	0.0	0.0	0.0	0.0	0.0	0.0	0.0	0.0	0.0	0.0	0.0	0.0	0.0	0.0	0.0	0.0	0.0	0.0	0.0	0.0
SRR8849278_bin.3	0.0	0.0	0.0	179.610238	0.430908	0.007564	0.0	0.0	0.0	0.0	0.0	0.0	0.0	0.0	0.0	0.0	0.0	0.0	0.0	0.010685	0.0	0.0	0.0	0.0	0.0	0.0	0.0	0.0	0.0	0.0	0.069464	0.0	0.0	0.02126	0.0	0.0	0.0	0.0	0.0	0.0	0.0	0.0	0.0	0.0	0.066709	0.332706	0.186637	0.0	0.0	0.0	0.0	0.0	0.0	0.0	0.0	0.0	0.0	0.0	0.0	0.0	0.0	0.0	2.078367	0.0	0.0	0.0	0.0	0.220863	0.0	0.0	0.0	0.0	0.0	0.0	0.0	0.0	0.0	0.0	0.0	0.0	0.0	0.0	0.0	0.0	0.0	0.099686	0.015596	0.0	0.0	0.0	0.393707	0.033554	0.0	0.0	0.0	0.0	0.0	0.0	0.0	0.0	0.0	0.0	0.0	0.0	0.0	0.0	0.0286	0.369548	1.317294	0.0	0.045995	0.0	0.0	2.779877	0.113729	0.0	0.0	0.0	0.0	0.0	0.0	0.010999	0.0	0.0	0.0	0.0	0.0	0.0	0.0	0.0	0.0	0.0	1.476956	0.022982	0.05596	0.0	0.056914	0.0	0.0	0.0	0.0	0.0	0.0	0.0	0.268881	0.0	0.122084	0.0	0.037124	0.0	0.0	0.0	0.012811	0.0	0.339932	0.030427	0.0	0.0	0.0	0.0	0.022673	0.0	0.012922	0.017797	0.0	0.0	0.0	0.0	0.0
SRR8849228_bin.32	0.0	0.0	0.0	0.0	0.0	0.0	0.0	0.0	0.0	0.0	0.0	0.0	0.0	0.0	0.0	0.0	0.0	0.0	0.0	0.0	0.0	0.0	0.0	0.0	0.0	0.0	0.0	0.0	0.0	0.0	0.0	0.0	0.0	0.0	0.0	0.0	0.0	0.0	0.0	0.0	0.0	0.0	0.0	0.0	0.0	0.118486	0.0	0.0	0.0	0.0	0.0	0.0	0.0	0.0	0.0	0.0	0.0	0.0	0.0	0.0	0.0	0.0	0.0	0.0	0.0	0.0	0.0	0.0	0.0	0.0	0.0	0.0	0.0	0.0	0.0	0.0	0.0	0.0	0.0	0.0	0.0	0.0	0.0	0.0	0.0	0.0	0.0	0.0	0.0	0.0	0.0	0.0	0.0	0.0	0.0	16.596431	0.0	0.0	0.0	0.0	0.0	0.0	0.0	0.0	0.0	0.0	0.0	0.0	0.0	0.0	0.0	0.0	0.0	0.0	0.0	0.0	0.0	0.0	0.0	0.0	0.0	0.0	0.0	0.0	0.0	0.0	0.0	0.0	0.0	0.0	0.0	0.0	0.0	0.0	0.0	0.0	0.0	0.0	0.0	0.0	0.0	0.0	0.0	0.0	0.0	0.0	0.0	0.0	0.0	0.0	0.0	0.0	0.0	0.0	0.0	0.0	0.0	0.0	0.0	0.0	0.0	0.0	0.0	0.0	0.0	0.0	0.0	0.0	0.0
SRR17301515_bin.3	0.0	0.0	0.0	0.0	0.572532	0.042278	0.0	0.0	10.735412	0.0	0.0	0.0	0.0	0.0	0.043406	0.0	62.679396	28.68676	0.0	0.0	0.0	0.5242	0.0	0.0	0.0	0.0	0.0	0.0	0.0	0.0	0.0	0.0	0.0	0.0	0.0	0.0	0.0	0.0	0.0	0.0	0.031948	0.0	0.0	0.0	0.033321	0.0	0.0	0.0	0.0	0.0	0.0	1.546846	0.0	0.0	0.284292	0.0	0.0	0.0	0.0	0.0	0.087842	0.053348	0.0	0.0	0.0	0.0	0.0	0.0	0.0	0.0	0.0	0.041733	0.0	0.0	0.0	0.0	0.261552	0.0	0.0	0.0	0.0	0.0	0.0	0.0	0.0	0.07782149999999999	0.037312	0.051386	0.0	0.0	0.098546	0.0	0.0	0.0	0.019673	1.703143	0.0	0.0	0.0	0.0	0.048458	0.0	0.0	0.0	0.0	0.0	0.0	0.0	0.0	0.0	0.063745	0.0	0.0	0.0	0.50113	0.0	0.041212	0.0	0.0	0.0	0.0	0.0	0.71268	0.0	0.0	0.0	0.0	0.0	0.0	0.0	0.0	0.0	0.104605	0.066972	0.083505	0.0	0.0	0.035494	0.0	0.0	0.0	0.0	0.0	0.0	0.0	0.0	0.0	0.0	0.0	0.0	0.031401	0.0	0.0	0.021424	0.0	0.0	0.0	0.02604	0.0	0.0	0.033384	0.0	0.0	0.0	0.0	0.0	0.0	0.0	0.0
SRR8849249_bin.15	0.0	0.0	1.86538	0.0	0.107022	3.835535	0.0	0.0	0.027704	16.183214	0.537875	0.0	0.0	0.0	0.0	0.0	0.0	0.0	0.0	0.0	0.0	0.0	0.0	0.0	0.0	0.0	0.0	0.0	0.398811	0.0	0.217868	0.0	0.0	0.479441	1.884874	0.0	0.0	0.0	0.0	0.222207	0.784604	0.060716	0.0	0.0	0.166562	3.355231	0.0	0.0	0.0	0.0	0.0	0.0	0.0	0.0	0.0	0.0	0.0	0.0	0.0	0.378473	0.0	0.0	0.0	0.0	0.0	0.0	0.0	0.0	0.0	0.0	0.0	9.486141	0.0	8.674192	0.0	0.0	1.205616	0.0	0.0	0.0	0.0	0.0	0.760025	0.0	0.0	0.0	10.423728	2.617805	0.0	0.0	0.113951	0.0	0.0	0.0	0.0	0.030576	0.0	0.0	0.0	0.06281	0.0	0.0	0.49916	0.0	0.0	0.0	0.0	0.0	0.0	0.0	4.412243	0.0	0.0	0.0	57.154538	1.020179	2.509452	0.0	0.0	0.0	0.0	0.0	0.0	0.0	0.0	0.542987	0.0	0.0	0.0	0.0	0.0	0.0	5.215005	0.0	0.0	3.412401	2.127652	0.809582	0.0	4.278091	0.0	0.638511	0.0	0.0	23.561571	0.0	0.0	0.0	8.787992	0.073134	11.228078	0.13314	0.288394	7.780854	3.672733	0.04429	0.0	0.604969	0.0	0.425901	0.34714	0.0	0.0	0.0	0.0	3.510795	0.636655	0.0	0.253583
SRR8849275_bin.31	0.087656	0.054759	1.496097	0.0	0.188606	0.177826	22.339487	0.6968165	0.157738	0.632417	0.421698	0.0	2.096149	1.010546	0.7098035	0.0	0.063444	0.0	0.0	0.0	0.0	0.0	0.0	0.061763	0.063581	0.048346	0.256591	0.0	0.099455	0.0	0.046115	0.0	0.0	1.220882	0.32203	0.0	0.238394	0.12283	0.0	0.107668	0.156517	0.13003	0.100877	0.266382	2.29555	0.042627	0.033076	53.338652	0.0	0.0	0.0	0.0	0.0	0.0	0.0	0.0	0.0	0.0	0.0	1.384765	1.984732	0.082573	0.0	0.0	0.0	0.0	0.043691	0.0	0.0	0.0	0.0	3.806765	0.0	11.900898	0.0	0.125826	0.050875	0.0	0.110657	0.023717	8.107592	0.629284	1.6085120000000002	0.0	0.0	2.251233	0.235084	0.26105	0.0	0.0	0.816988	0.0	0.0	0.85723	0.0	0.09984	0.354285	0.0	0.0	0.353809	0.024761	32.788919	0.039632	0.0	0.0	0.0	1.235305	0.0	0.0	0.0	0.412285	0.0	0.25536	0.117669	0.514988	0.347739	0.766216	0.0	0.085973	0.0	0.0	1.117779	0.031004	0.078231	0.0	0.194854	0.125123	0.0	0.0	0.0	0.144329	0.0	3.428496	0.121441	0.884709	1.245019	0.228719	0.151407	0.0	3.283188	0.122283	0.389377	0.0	0.062624	0.53085	0.0	0.072237	0.0	0.256472	0.20729	0.464809	0.184533	0.360637	11.551071	0.062892	0.116772	0.046221	0.176683	1.434915	0.031458	0.11094	0.0	0.0	0.0	0.0	0.228291	0.108282	0.0	0.116236
SRR8849266_bin.19	0.019385	0.0	0.01148	0.053117	0.001931	0.009518	37.619245	0.0	0.003664	0.0	0.0	0.003124	0.0	0.0	0.0	0.030653	0.0	0.005391	0.0	0.0	0.0	4.60094	0.102583	0.0	0.0	0.0	0.002657	0.0	0.0	0.06373	0.521818	0.014493	0.064158	0.0	0.038692	0.082222	52.230422	63.294781	0.014475	11.299919	0.588279	0.384837	0.004068	0.007172	0.005158	0.174764	0.089498	0.0	0.097865	35.762782	3.869282	3.063479	0.0	24.746769	189.322692	0.0	0.062497	0.041626	0.06412	0.399605	0.03633	0.061041	0.018324	0.012839	0.0	0.023459	0.0	0.0	0.0	0.025711	0.067569	0.008432	0.019163	0.004415	0.0	67.334725	38.739575	0.056494	0.021499	0.017639	185.70689	0.253421	2.065055	0.013499	0.0	0.022853	0.016813	233.61052	0.002423	0.0	0.045234	86.145576	0.0	0.0	0.037129	0.002421	0.09172	0.027106	0.140461	0.015901	0.01513	0.237142	0.087828	0.015354	146.913623	0.009067	5.558879	0.0	0.0	0.012496	50.090391	0.034763	0.275158	130.699468	392.360348	0.0	0.003855	0.133901	0.009348	0.004925	0.010198	0.148886	0.005383	35.975122	0.071717	0.011667	0.006077	0.0	0.0	0.117062	0.0	0.0	0.624386	0.0	0.049523	285.600422	0.005939	0.435289	0.016666	9.588097	0.076665	0.58663	0.075704	8.285955	0.085629	0.047622	0.028995	0.005879	0.013724	0.011945	0.129961	0.03388	91.89252	0.028872	1.416841	0.132564	0.404861	0.011708	0.011015	0.0	0.919188	0.0	0.34346	0.027576	0.10014	52.385151	0.020206	0.0	0.072674
SRR8849243_bin.41	0.0	0.0	0.003693	0.0	0.0	0.0	0.0	0.0	0.004188	0.0	0.0	0.0	0.0	0.0	0.0	0.0	0.0	0.0	0.0	0.0	0.0	0.0	0.0	0.0	0.0	0.0	0.0	0.0	0.0	0.0	0.0	0.0	0.0	0.025606	0.0	0.0	0.0	0.0	0.0	0.0	0.034237	0.0	0.0	0.0	0.0	0.0	0.0	0.0	0.0	0.0	0.0	0.0	0.0	0.0	0.0	0.0	0.0	0.0	0.0	0.0	0.0	0.0	0.0	0.0	0.0	0.0	0.0	0.0	0.0	0.0	0.0	0.008894	0.0	0.0	0.0	0.0	0.0	0.077377	0.0	0.082165	0.0	0.0	0.0	0.0	0.0	0.0	0.0	0.0	0.0	0.0	0.0	0.0	0.0	0.0	0.0	0.0	0.033501	0.0	0.0	0.0	0.0	0.0	0.0	0.0	0.0	0.0	0.0	0.0	0.0	0.0	0.0	0.0	0.0	0.0	0.0	0.0	0.0	0.006696	0.0	0.0	0.0	0.017371	0.0	0.0	0.0	0.0	0.0	0.0	0.0	0.0	0.0	0.0	0.015656	0.0	0.028901	0.0	0.0	0.042478	0.005968	89.663118	0.0	0.0	0.0	0.007153	0.043923	0.0	0.115713	0.0	0.004317	0.0	0.004378	0.0	0.022529	0.0	0.0	0.020905	0.0	0.0	0.0	0.0	0.0	0.0	0.010477	0.0	0.0	0.0	0.0	0.0	0.0
SRR9330774_bin.7	0.046039	0.551169	0.068189	0.0	0.463204	0.287069	0.38346	0.0	0.0	0.0	0.243206	2.482968	0.300194	1.50597	0.079737	0.221962	1.158137	0.195974	0.0	0.0	0.0	0.0	0.0	0.0	0.0	0.0	0.156833	42.024732	2.197111	12.716692	0.914541	8.607642	0.242712	0.285369	0.0	0.0	0.0	0.543104	0.12981	0.0	0.07587	0.809912	0.020338	0.026312	0.499715	0.274567	0.414324	5.529505	0.10091	0.8494045	0.081806	2.250655	0.092758	0.156767	16.311113	0.630261	0.0	0.0	0.101392	1.579334	0.655675	0.0	0.0	0.110118	0.0	21.023235	0.05564	0.26448	0.036779	1.757433	0.143202	0.018959	0.0	0.416181	0.081115	0.157998	0.09743	91.307358	1.19028	17.121472	0.024353	0.178868	0.554749	0.504902	0.0	0.062673	0.0	0.169521	0.927851	36.801946	0.375002	0.051355	0.447876	0.092688	0.053303	0.0	2.783299	0.362637	4.976946	0.0	4.8412345	3.183101	0.426348	10.645406	0.7389295	0.0	0.0	0.0	1.418327	0.212342	0.06317	1.518363	0.0	0.0	0.0	0.093506	0.0	0.060246	0.0	0.465595	2.18843	2.56986	0.269386	0.147778	3.184594	0.0	0.061845	1.095012	0.0	0.0	0.0	0.0	0.135039	0.0	0.058105	0.0	0.069515	0.027032	0.328274	0.0	0.0	1.533614	0.065118	0.105241	1.925243	0.0	0.292351	0.282573	12.130001	0.0	1.86788	4.196718	0.0	0.57855	0.120601	0.637653	0.229219	0.065135	0.0	0.0	0.691875	0.066919	0.176922	0.0	1.897544	0.173727	0.0	1.120661	0.0
SRR8849227_bin.23	2.281902	0.37816	0.095851	0.0	2.323566	0.321598	0.017122	0.097881	0.52658	0.535348	0.690613	0.647254	0.223005	2.485723	0.407711	5.075441	0.115475	0.323206	0.0	0.381663	1.145307	0.0	0.0	0.067753	1.274	0.030788	13.715784	1.021295	21.007635	0.0	0.782222	20.9685535	0.048933	1.304094	0.147606	0.0	0.0	1.943945	1.2575515	1.007498	0.326331	0.249962	0.043282	0.008696	12.493402	1.247536	1.584082	5.329189	0.0	1.387309	0.063252	1.890939	8.065047	0.896346	101.289348	0.198622	1.379838	0.0	0.969174	0.059645	2.743326	0.0	0.0	2.880258	0.0	179.530564	0.439534	0.017547	0.0	45.652616	0.705974	0.060679	0.03987	0.27704799999999996	0.360772	0.068337	0.431869	7.671115	0.159527	23.338514	0.070473	0.018034	0.511843	0.049571	0.510512	0.03324	0.0	0.055658	4.000875	17.663068	0.26784	0.0	0.0	0.0	0.136347	0.066127	23.047559	0.170867	0.0	0.229172	29.154641	4.799874	2.530814	3.237355	0.682966	0.195204	0.183936	21.626754	0.019339	0.530531	0.0	1.44853	0.0	0.117829	0.0	3.432948	0.220607	0.027839	0.010753	2.556132	20.499923	1.481662	0.0	8.877756	1.188408	1.024836	11.540489	1.423619	0.034408	0.16049	0.0	4.634279	5.746048	0.082222	0.041321	0.025249	0.159678	0.162263	0.010331	0.0	0.0	0.981995	0.048833	0.017033	1.329001	0.271665	4.226732	1.311899	35.808293	0.0	2.16869	20.792004	0.0	0.175242	0.577593	2.411816	8.6519125	0.0	0.0	0.014163	4.066311	0.0	0.464759	0.129083	0.0	0.113804	0.0770015	0.266385	0.611812
SRR8849243_bin.22	0.0	0.0	0.0	0.0	0.0	0.0	0.021121	0.0	0.0	0.0	0.06985	0.007715	0.0	0.0	0.199481	0.0	0.0	0.0	0.0	0.0	0.0	0.0	0.0	0.0	0.0	0.0	0.0	0.0	0.0	0.007515	0.068388	0.0	0.0	0.032633	0.0	0.0	0.026451	0.0	0.0	0.59745	0.0	0.0	0.0	0.0	0.0	0.0	0.0	0.0	0.0	0.0	0.0	0.0	0.024962	0.0	0.0	0.0	0.0	0.0	0.0	0.007946	0.0	0.0	0.0	0.0	0.0	0.0	0.0	0.0	0.0	0.0	0.0	0.099896	0.0	0.45903	0.0	0.0	0.074942	0.029151	0.0	0.005686	0.0	0.0	0.045947	0.0	0.0	0.0	0.0	0.074981	0.0	0.0	0.0	0.0	0.0	0.0	0.0	0.0	0.031136	0.0	0.0	0.008123	0.0	0.0	0.0	0.0	0.0	0.0	0.0	0.0	0.0	0.0	0.010368	0.008052	0.0	0.0	0.0	0.08896	0.0	0.0	0.0	0.0	0.0	0.012575	0.0	0.0	0.0	2.4619	0.0	0.0	0.0	0.0	0.0	0.0	0.222408	0.0	0.0	6.768416	110.679144	0.0	0.008134	39.821444	0.0	0.553499	0.0	0.0	0.125255	0.0	0.0	0.0	0.0	0.006719	5.340776	0.044974	0.021616	0.615055	0.005439	0.023382	0.0	1.2673	0.151558	0.0	0.015068	0.031085	0.0	0.0	0.0	0.085948	0.0	0.0	0.0
SRR17301545_bin.2	0.0	0.0	1.007441	0.0	0.0	0.0	0.0	0.0	0.0	0.0	0.0	0.0	0.0	0.0	0.0	0.0	1.75383	0.0	1.530291	0.0	0.0	0.0	0.0	0.0	0.0	0.0	0.0	0.0	0.0	0.0	0.0	0.0	0.167738	0.0	0.0	0.0	0.0	0.0	0.0	0.0	0.0	0.0	0.0	0.0	0.0	0.0	0.0	0.0	0.0	0.0	0.0	0.681048	0.0	0.0	0.0	0.0	0.17946499999999999	0.0	0.0	0.0	0.0	0.0	0.0	0.0	0.0	0.0	0.0	0.0	0.0	0.0	0.0	0.0	0.488283	0.0	0.0	0.0	0.085176	0.0	0.59258	1.27273	0.149091	0.0	0.0	0.0	0.0	0.0	0.0	0.0	0.0	26.510185999999997	0.0	0.0	0.0	0.0	0.147262	0.0	0.086969	0.0	0.0	0.0	0.4341955	0.0	0.0	0.0	0.0	0.598753	0.0	0.0	9.994669	0.0	0.0	0.0	0.0	0.0	0.0	0.0	0.0	0.0	0.0	0.0	7.563283	0.478219	0.368171	0.0	0.0	0.0	0.0	0.0	0.0	0.0	1.031285	0.0	0.0	0.0	0.0	0.0	0.0	0.0	0.0	0.0	0.0	0.0	0.0	0.0	1.728982	0.0	1.308847	0.0	0.0	0.0	0.0	0.0	0.0	0.0	0.0	0.2395	0.0	0.0	0.0	0.0	0.531765	0.0	0.519613	0.0	0.0	0.0	0.0	0.0	0.0
SRR8849270_bin.15	0.0	0.074509	0.068911	2.929279	0.027314	0.04298	0.058725	0.0	0.046708	0.0	0.0	17.228172	0.0	0.026356	0.077796	0.454591	0.588745	3.923734	0.0273	0.036115	0.0	0.31513	0.067152	0.0	0.270868	0.0	0.0	0.0	0.0	3.746227	0.037619	0.022732	0.011151	0.0	0.022566	0.047103	0.105202	0.01516	0.16071	0.13313	0.635201	0.037905	0.048782	0.033079	0.084117	0.028795	0.1886	20.325352	0.283642	0.0	0.327718	0.983816	0.0	0.0	0.0	0.186874	0.075458	15.065613	0.0	10.746674	0.053266	6.700187	20.31013	0.0	0.0	0.032364	0.0	0.077344	0.050936	24.790881	1.353293	2.891586	45.048877	0.077166	0.297783	0.0	0.197145	0.291502	0.656479	3.027418	0.045217	0.323665	2.841665	0.029075	0.0	2.227107	0.400733	0.169689	0.0	0.0	0.238851	12.062933	21.491335	0.13052	1.242386	0.111479	0.208286	0.426494	1.888994	0.556387	0.068065	0.0	0.034892	3.364031	0.113129	0.086095	0.5209	0.168955	0.0	6.521954	0.30984	0.313453	1.822753	2.354643	0.031781	0.054779	0.320263	0.286962	0.037061	0.468629	0.012746	1.536697	0.249781	0.0	0.482728	0.164009	0.035969	0.079653	0.317011	0.0	60.828708	0.050579	0.19896	0.73682	0.198889	0.04429	0.057035	0.603205	63.29071	0.071592	5.328271	0.014847	0.043011	0.596693	0.079885	0.048276	0.030349	0.019102	0.124141	0.172114	0.108625	0.012982	0.213055	0.066314	0.188382	0.052875	0.0	0.152699	0.180383	0.10048	0.124883	3.121537	0.358361	0.031269	1.921013	0.051232	0.0	12.823322	0.0
SRR8849223_bin.38	0.058809	1.250834	4.353084	17.022362	3.063882	18.256893	3.054537	1.662029	0.104048	0.060953	3.454237	0.00815	0.223338	4.534415	4.970581	0.110532	0.07415	0.055022	0.025491	0.097055	0.15124	0.119321	0.312886	0.031734	7.350049	4.417387	1.454577	0.0	0.173116	0.06823	12.903234	0.170414	1.942754	0.059659	0.032484	0.021089	13.39901	0.061534	0.096617	36.387608	0.070617	13.490326	0.081789	0.021522	2.170555	109.318241	4.635267	0.046981	0.126802	0.389087	0.076227	0.04774	0.017333	0.026325	0.018252	0.533894	0.056587	0.01002	0.030847	0.106487	8.086292	0.043401	0.023479	0.0	0.0	0.176786	1.914854	3.925484	0.075922	0.036682	3.602463	0.083761	0.057681	0.765882	0.623279	17.265995	2.594695	0.102947	0.054444	0.116949	9.690918	0.026913	0.202486	9.612709	11.40274	0.17542	2.465421	2.128646	0.025374	0.0	2.926613	0.075179	0.093906	1.726778	0.188434	0.917642	0.068643	0.059175	0.043672	0.031277	0.348126	0.073129	1.101063	10.723386	41.788249	0.027737	0.08873	0.0976	0.002403	124.059625	0.140461	0.081446	0.177689	0.079862	0.031712	0.694924	0.074	0.011568	78.345687	0.029657	0.028062	0.562968	0.027436	0.052159	0.247259	0.093907	0.024355	0.010944	0.0	0.0	0.198354	0.015379	2.232778	5.562695	0.045314	0.038804	7.376264	0.092708	84.720074	0.081571	17.678794	9.038194	0.008461	0.057398	24.598129	0.057372	0.167368	11.69877	0.117285	7.625155	0.578394	7.182903	7.741122	1.403297	0.036134	4.659658	0.020266	0.071769	0.067657	0.044468	0.073884	18.43758	0.042922	0.015964	0.047369	3.111311	0.012035	0.019137	1.274052
SRR8849237_bin.23	4.789676	13.385977	15.995256000000001	81.26045500000001	110.220585	70.981077	106.7904	13.85436	57.286053	37.017493	18.326355	0.44561	10.667981	120.70113	24.687384	0.240166	0.16184	0.1926315	0.208228	29.215726	0.215429	0.064909	1.155597	7.248631	97.614029	0.556031	23.13399	0.051236	3.855223	3.484023	70.541257	126.48592	0.284213	10.96238	206.748282	42.953927	73.35161	183.258862	241.705339	10.9343605	95.129161	129.540502	85.184527	10.904199	426.081627	0.219053	34.842171	0.085077	14.7964015	16.238854	82.911669	0.431592	0.354465	1.00498	0.0	171.196096	0.006223	0.029369	0.194539	8.170591	39.833837	2.672033	1.419723	0.092753	0.998084	181.260471	56.854596	278.831956	0.290687	0.176751	15.864068	21.218375	0.274784	53.525058	0.210684	117.349869	86.810975	82.433144	68.860108	224.439564	35.097252	34.156036	131.290357	104.446541	13.133161	0.610769	88.1155775	7.253233	0.168317	0.011136	10.10387	0.916714	0.0	148.717686	3.802446	18.20236	116.346556	209.400928	0.064332	27.565935	122.907432	37.493316	47.724639	2.383849	115.338785	360.735751	0.263138	115.919386	0.160214	6.044314	126.327898	0.841582	24.338296	18.430693	17.6166	82.63118700000001	244.511408	71.688344	135.776516	49.262031	398.832257	48.576017	76.291484	1.822791	164.457806	108.228457	1.873897	11.869243	5.550892	0.048544	0.172687	16.852938	37.029574	17.184036	3.103242	98.533765	29.651596	57.025685	10.676618000000001	21.054948	13.820361	22.588152	0.067691	154.912923	243.177542	22.55075	43.381133	12.312728	137.964542	32.706168	60.230357	57.779678	62.767852	89.561848	61.469905	83.255735	6.006461	30.148914	11.076112	164.382538	117.455619	194.731708	32.750355	10.257953	10.749286	7.598535	0.218163	1.940691	2.300921
SRR8849247_bin.10	0.698636	0.0	24.725377	0.0	0.600734	0.044564	0.0	0.0	0.013654	0.0	3.216323	0.0	0.0	20.578924	0.0	0.0	0.0	0.0	0.0	0.0	0.0	0.0	0.0	0.0	0.0	0.0	0.471827	0.0	0.694369	0.2126	1.280619	0.0	0.122878	8.992445	0.045363	0.0	0.0	0.0	0.0	0.0	8.107001	0.418893	0.035076	0.650355	5.068668	0.0	0.0	0.0	0.0	0.0	0.0	0.0	0.0	0.0	0.0	0.0	0.0	0.0	0.0	0.235749	0.0	0.0	0.0	0.0	0.0	0.0	0.0	0.047819	0.0	0.0	0.0	0.092737	0.0	4.146371	0.0	0.0	0.999435	0.0	0.0	0.0	0.0	0.0	0.540993	0.0	0.0	0.0	19.96925	79.062985	0.0	0.0	0.948727	0.0	0.0	0.0	0.0	0.0	0.041273	0.0	0.0	0.055301	0.0	0.369552	0.549685	0.0	0.0	0.0	0.0	0.0	0.0	0.0	0.0	0.10581	0.0	0.0	0.088244	1.392425	0.0	0.0	0.0	0.0	0.0	0.144712	0.0	0.636967	0.0	6.468711	0.0	0.0	0.0	0.0	0.0	0.0	38.273414	0.0	0.0	105.977549	18.77217	7.756823	0.0	5.789891	0.091487	3.56561	0.0	0.0	2.774539	0.0	0.0	0.0	0.0	0.0	21.048663	0.0	0.0	5.242665	7.801156	0.062494	0.0	8.286549	0.0	0.0	7.081226	0.0	0.0	0.0	0.0	7.530844	0.0	0.0	0.123213
SRR8849261_bin.6	0.0	0.0	0.0	0.003536	0.0	0.0	0.0	0.0	0.0	0.0	0.175235	0.0	0.0	0.0	0.0	0.012507	0.0	0.0	0.0	0.0	0.0	0.0	0.0	0.0	0.0	0.0	0.010617	0.0	0.0	0.0	3.682749	0.0	0.0	0.0	0.0	0.0	0.0	0.0	0.0	0.0	0.007733	0.097137	0.0	0.0	0.0	0.0	0.0	0.0	0.0	0.0	0.0	0.0	0.0	0.0	0.0	0.0	0.0	0.0	0.0	0.0	0.505628	0.0	0.0	0.0	0.0	0.0	0.0	0.0	0.0	0.0	0.0	0.0	0.0	2.91337	0.7032	0.0	0.0	0.0	0.0	0.0	0.0	0.0	0.55985	0.0	0.0	0.047294	0.0	0.0	0.0	0.0	0.0	0.0	0.010231	0.0	0.0	0.0	0.0	0.0	0.0	0.002621	0.0	0.0	0.0	0.0	0.0	0.0	0.0	0.023863	0.0	0.0	3.116397	0.0	0.0	0.0	0.0	0.008852	0.0	0.0	0.0	0.0	0.0	0.005304	0.0	0.0	0.0	0.0	0.0	0.0	0.0	0.0	0.0	0.0	71.763945	0.0	0.0	0.0	0.0	0.015718	0.0	0.0	0.0	0.0	0.0	0.0	1.159059	0.0	0.010134	0.0	0.0	0.0	0.0	0.004336	0.0	5.117887	0.0	0.0	0.0	0.0	0.0	0.0	26.552392	0.0	0.0	0.0	0.0	0.225643	0.110322	0.0	0.0
SRR9330777_bin.20	0.047932	0.083545	0.016821	0.029073	2.012052	7.754815	0.010463	30.806441	0.0	0.701273	0.830654	0.011617	2.302604	3.75	0.006247	0.0	0.005031	0.0	0.0	0.006523	0.0	0.0	0.129747	0.157397	154.272116	18.399844	58.257064	0.087731	48.233487	0.05449	0.0	13.97591	0.0	0.055372	0.0	17.696429	11.511348	0.0	0.003973	18.298375	0.018793	3.3958	0.090934	0.120208	1.092858	0.009601	0.0	8.735098	76.902205	0.041881	38.32662	0.0	0.0	0.0	0.043845	0.0	0.041675	0.065605	0.138976	0.009483499999999999	6.513506	0.202019	0.0	0.0	0.057362	0.0	0.008557	0.0	0.0	0.0	0.022401	0.005042	0.0	37.334267	0.007735	0.0	0.008984	0.020604	6.077275	0.010871	0.019558	0.012483	2.546796	0.024434	0.078178	0.0	2.630023	56.54391	0.0	0.0	0.046659	0.00537	0.0	0.0	0.0	15.541883	9.757503	0.052464	0.0	19.534311	0.032949	16.176346	0.0	0.020934	0.026654	0.0	0.0	0.0	0.0	0.006876	0.0	0.018555	0.0	0.0	0.029373	17.233597	0.017586	0.009025	0.002739	0.011719	11.169946	0.105163	0.0	0.178463	8.84803	38.031517	0.100796	0.126539	241.326585	0.108955	0.0	0.113181	2.281096	0.0	0.042757	12.227116	0.016685	0.018717	0.055211	0.141489	0.416629	3.695314	0.066889	36.627189	0.362496	146.122597	2.49175	0.008779	43.89132	0.027806	0.012993	20.959805	8.541382	26.801179	7.967326	0.106684	44.918239	0.544717	6.898082	0.007031	9.5253	20.134738	0.081067	0.03919	0.004929	0.015697	33.859773	0.104014	16.447331
SRR8849251_bin.52	0.0	0.0	0.015787	0.0	0.0	0.014402	0.0	0.0	0.0	0.0	0.028321	0.0	0.012289	0.007981	0.005814	0.0	0.006527	0.0	0.0	0.0	0.0	0.0	0.0	0.0	0.0	0.0	0.0	0.0	0.011321	0.663405	0.027628	0.0	0.0	0.004711	0.0	0.009303	0.0	0.0	0.0	0.0	0.004194	0.0	0.0	0.0	0.0	0.0	0.0	0.0	0.0	0.0	0.0	0.345584	0.283514	0.0	0.0	0.0	0.0	0.0	0.0	0.012506	0.11884	0.013027	0.0	0.0	0.0	0.0	0.0	0.0	0.0	0.0	0.0	48.393475	0.0	0.041434	0.0	0.0	0.013358	0.0272	0.0	0.015365	0.0	0.0	0.007377	0.0	0.0	0.0	0.141409	0.0	0.0	0.0	0.042627	0.0	0.0	0.0071	0.0	0.0	0.0	0.0	0.0	0.117751	0.003965	0.321193	0.0	0.044976	0.0	0.0	0.0	0.0	0.0	0.0	0.0	0.006067	0.0	0.008077	0.023896	0.006697	0.009813	0.0	0.0	0.0	0.0	0.700805	0.022788	0.013366	0.046985	0.018617	0.0	0.0	0.0	0.0	0.0	0.0	0.046291	0.0	0.004775	0.008036	0.017708	0.007102	0.044324	0.0	0.081998	0.015404	0.0	0.0	0.231567	0.0	0.021941	0.0	0.039309	0.006807	75.975734	0.034943	0.0	0.020639	0.00342	0.096278	0.0	16.55968	0.0	0.0	0.006747	0.0	0.0	0.0	0.0	0.383009	0.006157	0.055035	0.0
SRR8849283_bin.24	0.0	0.0	0.02179	0.00343	0.010037	0.848755	0.0	7.268694	0.003005	0.0	0.0	0.0	0.0	0.0	0.014363	0.025144	0.011613	0.0	0.0	0.005713	0.0	0.013314	0.0	0.0	0.0	0.0	0.0	1.225289	0.0	0.011832	38.470813	0.007682	0.0	0.0	0.014026	0.037506	0.0	0.0	0.0	0.025282	0.015454	0.012397	0.0	0.027946	0.013576	0.043257	0.0	0.013982	0.12604	0.011733	0.0	0.02777	0.0	0.0	0.0	0.0	0.002493	0.0	0.0	0.005757	0.007958	0.002573	0.009697	0.0	0.0	0.023406	0.0	0.005633	0.0	0.0	0.022647	0.020349	0.075541	0.0	0.0	0.0	0.007563	0.289363	0.008007	0.004249	0.004385	0.0	0.0	0.00418	0.0	0.07822	17.755931	0.03098	0.008289	0.012055	0.638289	34.230958	0.007243	0.054413	0.030243	0.003749	0.0	0.0	0.0	0.005003	0.0	0.0	0.0	0.0	0.357505	0.038512	0.035076	0.008245	0.002881	0.007561	0.043474	0.128726	0.012651	0.029003	0.03921	0.005672	0.010038	0.0	0.0	0.0	0.0	0.006093	0.0	0.0	0.0	0.414274	0.0	0.0	0.0	0.0	23.432309	0.0	0.087594	0.016054	0.020276	0.010148	0.010061	0.015438	0.035497	0.017377	0.0	0.014394	0.0	0.0	0.21697	0.0	0.022154	0.0	0.0	0.004989	0.012337	0.002103	0.007095	0.00878	0.00363	0.007709	0.0	0.021318	0.0	0.007695	0.00164	0.0	0.0	0.0	0.0	0.006117	0.009893	0.0	0.0
SRR17301558_bin.2	0.0	0.0	0.0	0.0	0.0	0.0	0.0	0.0	0.0	0.0	0.0	0.0	0.0	0.0	0.0	0.0	0.123038	0.0	0.0	0.0	0.0	0.0	0.0	0.0	0.0	0.0	0.0	0.0	0.0	0.0	0.0	0.0	0.0	0.0	0.0	0.0	0.0	0.0	0.0	0.0	0.0	0.0	0.0	0.0	0.0	0.0	0.0	0.0	0.0	0.0	0.0	0.0	0.0	0.0	0.0	0.0	0.0	0.0	0.0	0.0	0.0	0.0	0.0	0.0	0.0	0.0	0.0	0.0	0.0	0.0	0.0	0.0	0.0	0.0	0.0	0.0	0.0	0.0	0.0	0.0	0.0	0.0	0.0	0.0	0.0	0.0	0.0	0.0	0.0	0.0	0.0	0.0	0.0	0.0	0.0	0.0	0.0	0.0	0.0	0.0	0.0	0.0	0.0	0.0	0.0	38.190216	0.0	0.0	0.0	0.0	0.0	0.0	0.0	0.0	0.0	0.0	0.0	0.0	0.0	0.0	0.0	0.0	0.0	0.0	0.0	0.0	0.0	0.0	0.117299	0.0	0.0	0.0	0.0	0.0	0.0	0.0	0.0	0.0	0.0	0.0	0.62743	0.0	0.0	0.0	0.0	0.0	0.0	0.0	0.0	0.0	0.0	0.0	0.0	0.0	0.0	0.0	0.0	0.0	0.0	0.0	0.0	0.0	0.0	0.0	1.083454	0.0	0.0	0.0	0.0
SRR8849282_bin.24	0.0	0.0	0.988441	3.76423	0.163577	0.0	0.064376	0.115978	6.757748	0.040463	0.0	14.210321	0.0	0.0	0.53936	0.01539	14.215608	24.554211	31.853493	2.486716	39.655344	1.601872	0.0	0.02309	0.0	0.0	0.0	0.491578	0.0	168.024263	0.060184	0.618788	0.595004	1.143801	0.065306	0.0	0.01118	0.015515	0.034715	0.013583	0.023452	0.079332	0.693445	0.047594	0.021851	5.300176	0.709209	0.264449	0.338424	0.05789	0.0	0.323053	4.280156	0.204322	32.547312	0.031014	7.129146	1.715837	1.191296	90.580739	0.0	1.122911	36.976933	17.024996	0.105313	7.788039	0.022695	0.0	2.807139	1.228957	0.054051	0.062002	13.276458	0.038479	0.0	0.034573	0.128435	0.417286	0.154102	0.12084	0.04235	0.103834	0.234351	0.020477	0.0	5.006044	0.024462	0.270336	8.525334	211.167029	0.029827	41.517506	17.882455	0.14113	0.069453	0.373441	0.108119	3.524112	2.718613	3.69211	0.007236	1.366238	0.032105	1.430902	0.136426	1.006972	0.574116	0.233192	67.16553	1.803137	0.190417	2.195846	1.749019	0.112333	0.0	0.054519	1.403917	0.680415	0.026198	5.102744	0.800751	0.768655	0.300947	0.0	0.0	0.0498655	0.0	0.0	0.04962	0.0	0.387091	0.012305	0.024219	0.102963	1.428492	0.152651	0.497355	0.039971	6.35217	0.024613	1.059975	0.0	0.501368	0.015217	0.088137	0.0	0.153456	0.03186	0.528742	10.896772	0.023565	0.012802	0.045051	0.039465	0.08551	0.0345	0.0	0.01525	0.055472	0.659799	0.043989	0.209778	0.201507	0.014103	0.530839	0.005005	0.071721	0.0	0.0
SRR8849213_bin.33	12.675392	1.277493	10.178148	3.469015	16.823893	25.937598	30.235245	35.479023	29.257926	25.704361	29.874901	0.049384	8.454822	8.506611	6.746808	0.020706	0.100913	0.012325	0.0	0.057156	0.026781	8.758167	2.368627	10.780918	8.801412	6.178517	0.035485	0.0	4.141139	148.803979	40.149564	52.560045	63.578673	38.737709	23.920154	29.189497	26.459126	29.642738	0.042569	3.631538	7.99427	24.991267	8.207884	48.275417	7.683039	10.810138	11.65632	0.031191	85.631093	23.876023	21.072634	0.062892	0.09267	92.973275	0.091483	23.383121	0.026937	0.0	0.274448	2.245221	24.985842	5.682729	0.022066	0.0	0.0	0.0	33.336273	1.742828	11.21028	117.612376	12.946542	1.926783	0.012405	13.661728	67.797305	24.927969	32.997189	52.395972	77.337356	0.581904	15.895576	9.480776	32.928696	34.399373	12.849888	17.402995	1.281583	1.212673	0.0	0.0	39.841045	2.22658	78.875712	36.799761	10.830245	5.120685	36.173837	141.856568	83.680637	24.472629	22.814973	21.100469	19.110368	20.969469	19.273027	0.0	0.339926	39.256852	0.009949	19.079399	5.480317	79.400685	3.752388	1.061222	1.152635	7.783735	28.331699	14.651308	22.972866	42.940116	31.931397	62.948623	37.576854	21.932746	55.456619	25.99736	4.815706	0.016275	1.161722	0.0	13.931382	7.094221	4.007527	9.54184	4.325236	3.483324	11.394281	8.530708	15.975287	29.919272	94.561193	37.431555	0.0	31.600363	15.624219	6.659317	27.432589	12.04582	11.519508	10.749421	7.87683	7.236815	19.370675	10.286433	0.064067	48.325352	1.966199	3.062354	17.281362	0.051331	16.245467	30.172006	0.703238	53.146396	0.185597	7.596647	7.40698	3.108244	2.305611
SRR17301547_bin.30	0.201085	0.063121	19.214027	0.027759	0.068142	0.155191	0.100301	0.16842	6.114906	0.220662	1.060806	0.00541	0.137827	0.255036	31.528404	0.026011	0.134951	0.0	0.019424	0.02521	0.0	0.032573	0.011498	0.053895	0.072339	0.369988	0.198523	0.0	0.749379	0.183348	1.737487	0.049201	0.0	0.180591	0.159007	2.285462	0.103523	2.160285	0.015558	0.198992	0.288266	1.815619	0.149042	0.058779	10.24545	0.087832	0.0	0.221437	0.016038	1.47178	0.052803	0.0	0.039776	0.041911	0.0	0.079873	0.026635	0.0136	0.024866	0.331619	78.361738	0.078974	0.021369	0.0	0.0	0.0	0.101125	0.02422	0.01753	0.052212	0.029081	2.099274	0.051618	1.8169	0.0	0.128516	1.154729	0.0469315	0.132751	0.042324	0.175819	0.083187	24.062783	0.036555	0.033279	0.197503	1.086483	145.148322	0.0	0.0	2.256902	0.018703	0.039623	0.052656	0.009951	80.121559	0.0	0.0	0.082184	0.089961	0.058682	0.47527	1.489849	0.03278	0.045183	0.0	0.018543	0.051354	0.0	0.035313	0.150207	0.017874	0.074307	0.164605	0.580619	0.142911	0.127274	0.091345	0.117489	0.0	0.022872	1.886975	0.068736	0.105675	0.0	5.379887	0.092784	0.020242	0.0	0.039259	0.168087	0.0	18.432434	0.141749	0.124756	3.854968	20.635486	0.200354	0.023598	7.706475	0.174349	8.040407	0.0	0.062691	0.248074	0.050196	0.115887	0.045804	5.0729	0.230884	8.640883	0.085091	0.129496	1.551592	0.491213	0.121345	0.133625	2.546652	0.087232	0.063158	6.666891	0.029308	0.023307	0.039078	0.029936	14.086865	19.898093	0.060103	0.087729
SRR8849279_bin.45	0.293176	0.0	88.856035	0.01985	1.513468	0.092065	0.16505	0.110656	0.027754	0.092591	2.506059	0.0	0.0	0.076713	161.589555	0.0	0.024717	0.0	0.0	0.0	0.0	0.0	0.0	0.0	0.0	0.626217	0.123339	0.0	3.419771	0.105537	0.052147	0.114077	0.0	2.972162	0.077467	0.0	0.0	0.240221	0.0	0.107691	0.0909285	0.289554	0.139943	0.027796	1.292497	0.156071	0.0	0.0	0.0	0.0	0.0	0.0	0.231448	0.0	0.0	0.0	0.0	0.0	0.001575	0.0	0.077751	0.041367	0.0	0.0	0.0	0.0	0.023109	0.0	0.0	0.0	0.0	203.702287	0.100351	5.249643	0.0	0.0	0.045419	0.011699	0.049407	0.0	0.06824	0.014491	0.349075	0.0	0.0	0.100821	99.776037	0.116082	0.0	0.0	2.317004	0.0	0.0	0.0	0.0	0.034533	0.071969	0.0	0.0	0.057005	0.026554	0.900069	1.593921	0.0	0.0	0.0	0.0	0.070563	0.0	0.053884	0.085205	0.483446	0.0	0.034709	0.448261	7.484445	0.040301	0.0	0.034705	0.0	0.0	0.182269	0.0	0.037952	0.0	2.049804	0.041952	0.0	0.0	0.0	0.045996	0.0	42.678114	0.069948	0.050603	128.426521	51.001479	0.113852	0.0	8.196196	0.201665	0.141646	0.0	0.025594	0.3697205	0.0	0.034164	0.0	2.042006	0.121276	37.102996	1.674783	0.081425	3.20834	3.127817	0.056521	0.044667	2.220132	0.034554	0.021124	0.019496	0.0	0.0	0.0	0.0	0.144692	15.0877795	0.0	0.210698
SRR17301550_bin.4	0.0	0.0	0.0	0.0	0.0	0.0	0.0	0.0	0.0	0.0	0.0	0.0	0.0	0.0	0.0	0.0	0.0	0.0	0.106248	0.0	0.0	0.0	0.0	0.0	0.0	0.0	0.0	0.0	0.0	0.0	0.0	0.0	0.0	0.0	0.0	0.0	0.0	0.0	0.0	0.0	0.0	0.0	0.0	0.0	0.0	0.0	0.141183	0.0	0.0	0.0	0.0	0.0	0.0	0.352924	0.0	0.0	0.0	0.0	0.0	0.0	0.0	0.0	0.206278	0.0	0.0	0.0	0.0	0.0	0.0	0.0	0.0	0.0	0.0	0.0	0.0	0.0	0.0	0.0	0.0	0.0	0.0	0.0	0.0	0.0	0.0	0.0	0.0	0.0	0.0	0.189158	0.0	0.0	0.212741	0.0	0.0	0.0	0.0	0.0	0.0	0.0	0.0	0.0	0.0	0.0	0.0	0.0	0.0	0.0	0.0	0.0	0.0	49.54578	0.0	0.30403	0.0	0.0	0.0	0.0	0.0	0.0	0.0	0.0	0.0	0.0	0.0	0.0	0.0	0.0	0.276892	28.354796	0.0	0.0	0.0	0.0	0.0	0.0	0.0	0.461064	0.0	0.0	0.261745	0.0	3.51583	0.0	0.0	0.0	0.0	0.0	0.0	0.0	0.0	0.0	0.0	0.0	0.0	0.0	0.0	0.0	0.0	0.0	0.0	0.0	0.0	0.0	0.0	0.0	0.0	0.0	0.0
SRR17301556_bin.5	0.0	0.0	6.428889	5.614438	0.0	0.0	15.708094	0.0	0.0	6.980359	8.794765	0.0	0.0	4.040853	111.974266	0.0	0.0	0.0	0.0	0.0	0.0	0.0	0.0	0.0	1.903011	0.0	0.0	0.0	0.0	0.524351	0.0	0.0	0.0	2.323367	0.223237	0.847612	25.306415	0.0	0.0	0.524389	24.907473	0.329995	5.341088	0.0	11.445909	0.0	0.0	0.0	0.0	0.0	0.0	0.0	0.0	0.0	0.0	0.326925	0.0	0.0	0.0	4.236448	1.43556	0.0	0.0	0.0	0.0	0.0	10.220751	0.0	1.576314	0.0	2.305871	67.231771	0.0	32.190827	0.0	0.0	12.580342	0.0	0.0	6.145332	1.663758	0.0	2.95954	4.27024	0.529958	0.0	0.0	0.426968	0.0	0.0	0.0	0.0	0.0	2.555341	0.0	10.668125	52.646784	0.0	0.0	0.337746	0.0	0.0	16.065229	0.0	0.0	0.0	0.0	0.0	0.0	33.486681	2.683215	0.0	0.0	0.0	0.701114	0.520357	0.207359	0.0	0.0	0.0	0.0	2.605424	0.0	0.479167	0.0	13.373966	0.0	0.0	0.0	0.0	0.0	0.0	3.93486	0.0	0.0	8.257089	1.703896	16.54737	0.0	19.998856	0.0	2.973219	0.0	0.0	56.041216	0.0	0.29527	0.302937	0.0	0.0	20.939946	45.816518	11.942584	25.528479	0.892483	5.297731	0.0	50.865216	76.645061	12.982234	0.0	0.0	0.117713	0.0	0.0	3.34808	0.0	0.0	0.0
SRR8849236_bin.8	0.021613	0.090237	0.0	0.010611	0.011437	0.135578	0.0	0.0	0.0	0.0	1.425712	1.196841	0.0	0.022948	0.067112	0.135949	0.530074	0.179357	0.177406	0.473532	1.045971	0.007737	0.055236	0.0	0.004879	0.01722	0.051552	2.510531	1.155682	0.076722	0.230175	0.0	16.867811	0.04389	0.047109	0.036802	0.0	9.0134	0.0	0.479244	0.14393	0.048145	3.908361	0.268298	0.065604	0.023076	5.347591	1.88661	0.105565	0.389078	0.181598	0.060036	0.264214	0.174176	1.702581	0.906107	0.064888	0.007819	0.010207	0.107517	0.063679	0.118138	0.075083	0.039988	0.0	1.25281	0.142603	0.502352	0.01994	34.253332	0.022824	1.354718	1.339187	0.0	0.26857	0.845493	0.704223	0.077156	0.079021	1.753127	0.013211	0.050266	0.019489	0.0	0.814432	0.307076	0.023177	0.022473	0.061414	0.253183	0.068291	0.0	0.922782	0.0	0.157848	0.004434	0.017023	20.456372	0.101731	0.238675	1.187707	0.65039	0.229781	0.226889	0.790013	10.24497	0.042206	2.915167	0.23797	0.419365	0.061536	0.089033	0.0	1.352433	0.039823	0.0	0.0	1.356494	0.0	0.246566	32.749996	0.180583	0.470167	0.255199	1.312868	0.017446	0.091528	0.109823	0.0	0.110882	0.0	0.023381	0.273133	0.008858	0.060316	0.056067	0.004853	0.154225	2.602616	0.355667	0.097766	2.002215	0.041471	0.240089	0.008022	0.014665	0.046933	0.0	0.042257	0.017802	1.224107	0.013381	0.012095	0.0	0.053465	0.359465	0.022	0.525479	0.156057	0.005722	0.008343	0.02903	0.473759	0.006316	0.137333	0.0	0.112684	0.699878	0.069034
SRR17301526_bin.39	0.0	0.0	3.768753	0.00714	0.040539	2.325292	0.389599	0.073926	0.041121	5.172938	3.748978	0.0	0.161166	2.025091	3.843874	0.0	0.068823	0.0	0.0	0.0	0.0	0.042097	0.036946	0.0	5.729778	0.534462	0.030283	0.0	0.830376	0.081853	0.554808	2.007136	0.0	4.112211	0.16577	0.805461	4.701551	0.374519	0.0	5.154422	39.57021	0.196125	0.120617	0.0	8.517052	0.030936	0.0	0.0	0.0	0.0	0.0	0.0	0.0	0.0	0.0	0.088848	0.011868	0.0	0.0	0.02683	0.061703	0.019057	0.0	0.0	0.0	0.0	1.083764	0.073354	0.0	0.0	0.021563	12.340677	0.0	1.259117	0.722189	0.020503	0.444657	0.0	0.020969	0.012565	10.586275	0.0	0.662664	0.0	0.0	0.026251	5.394223	4.28701	0.0	0.0	0.268891	0.0	0.0	0.04446	0.0	0.044889	0.0	0.0	0.018904	1.991416	0.021236	0.48738	1.387689	0.0	0.0	0.0	0.0	0.0	0.0	0.0	3.680636	0.027814	2.464596	1.777388	52.236496	0.710344	0.681087	0.0	0.0	0.0	0.0	0.178828	0.0	0.03234	0.20724399999999998	0.816903	0.0	0.0	0.0	0.0	0.0	0.0	2.897005	0.088853	0.029179	18.634113	8.21856	67.677612	0.0	1.893348	0.151324	3.586609	0.0	0.010085	0.770752	0.0	0.109174	0.0	0.151226	18.627629	0.998379	0.476015	6.257427	0.707521	0.748364	0.035208	0.0	1.695844	4.189714	0.013434	0.862296	0.013007	0.019247	0.0	0.019615	3.433479	0.07682	0.0	0.105027
SRR8849282_bin.17	0.0	0.0	0.019609	0.319123	1.186861	0.123634	0.0	0.0	0.008778	0.024799	0.0	0.0	0.0	0.0	0.023402	0.369676	0.0	0.0	0.0	0.057217	0.350357	0.0	0.0	0.00785	0.035878	0.0	0.100041	0.0	0.023441	62.246598	0.680409	0.0	0.0	0.260832	0.0	0.0	0.0	0.311204	0.141374	0.050494	0.093123	0.0	0.0	0.0	0.193246	1.441818	1.296219	0.0	0.059289	0.0	0.0	0.0	0.0	0.075834	0.0	0.0	0.0	0.0	0.0	0.035514	0.018468	0.237705	4.570684	0.0	0.0	0.0	0.098655	0.925896	0.0	0.0	0.0	0.014627	0.0	0.020125	0.0	0.0	0.0	0.033558	0.0	0.0	0.0	0.0	0.014917	0.0	0.0	0.489161	0.289787	0.112996	0.0	0.0	3.76778	0.034055	0.0	0.0	0.0	0.158882	0.0	0.0	0.52316	0.0	0.0	0.589021	0.0	0.0	0.0	0.0	0.037355	1.693433	10.479061	0.0	0.514398	0.0	0.137244	7.036561	0.490936	0.0	0.0	0.0	0.020336	0.0	0.0	0.06242	0.0	0.0	0.0	0.0	0.0	0.037764	0.0	0.0	0.053317	0.0	5.106004	0.359643	0.564896	0.0	0.296753	0.049078	0.0	0.0	0.0	0.142485	0.0	0.0	0.911729	0.0	0.550684	0.150057	0.168157	0.0	0.0	0.029781	0.036348	0.225437	1.249129	0.198936	0.126749	0.0	0.015699	0.0	0.044241	0.022677	0.258799	0.084726	0.352694	0.0	0.265958	0.0	0.059907
SRR17301525_bin.46	0.0	0.0	0.165025	0.0	1.525834	1.167306	0.0	0.211981	12.587821	0.063108	0.0	0.0	0.113952	0.080548	0.0	0.0	0.327279	0.0	0.0	0.0	0.0	44.577009	0.0	0.0	0.0	0.0	0.071526	0.0	0.0	0.0	0.45017	0.0	0.081052	0.0	0.244954	0.0	0.071915	0.0	0.0	0.257845	32.615495	0.143269	0.019474	0.0	0.153393	0.26949	0.0	0.0	0.314712	0.0	0.0	0.0	0.0	0.0	0.0	0.0	0.257386	0.0	0.0	0.0	0.031039	5.360271	0.0	0.0	0.0	0.0	0.0	0.0	0.0	0.0	0.0	1.8827	0.0	0.091428	0.0	0.0	0.204476	0.0	0.636578	0.0	0.094224	0.0	0.012842	0.0	0.0	0.085175	0.186769	0.073384	0.0	0.0	0.165322	0.01777	0.0	0.0	0.041798	0.056023	0.0	0.0	0.0	0.0179	0.11245	0.0	0.0	0.0	0.0	0.0	0.297406	0.0	0.0	0.0	0.153064	0.0	0.196259	0.137358	0.27938	0.020171	0.062587	0.018116	0.0	0.0	0.0	0.0	0.580168	0.089228	0.0	0.299569	0.0	0.0	0.0	0.0	0.050489	0.0	0.392006	0.057115	1.394146	0.160518	0.059763	23.87133	0.0	0.118902	0.0	0.06746	0.0	0.0	0.0	0.0	0.0	0.0	0.020517	0.130564	0.123066	0.0	0.166843	0.081948	0.0	0.0	0.0	0.063543	0.195561	0.360284	0.727604	0.0	0.0	0.0	0.217676	0.093228	0.408013	0.0	0.0
SRR8849244_bin.2	0.440598	0.0	11.535507	0.267329	1.661044	159.793339	0.504662	0.0	11.35908	306.110537	78.722912	0.044133	0.0	0.027564	0.008805	0.005144	0.057589	0.0	0.011014	0.0	0.0	0.00958	0.046061	0.0	0.004172	4.149342	0.007786	0.0	0.030206	8.788697	23.800613	0.069393	0.014203	81.592885	0.0284	0.0	0.014104	0.017294	0.043322	2.334859	55.492929	0.006144	3.996806	22.363718	0.074099	0.039	0.006447	0.006488	0.052707	0.0	0.0	0.0	0.0	0.0	0.0	0.0	0.0	0.018708	0.026864	0.185312	0.282473	298.622704	0.0	0.0	0.0	0.0	0.003104	0.004067	0.0	0.0	0.0	0.045715	0.071898	0.053461	0.0	0.0	0.809071	0.345365	0.03226	0.213036	95.09012	0.200788	0.071419	0.018773	0.0	0.010625	0.029091	0.520113	0.0	0.0	0.092525	0.0	0.004033	1.56893	0.015047	0.031495	0.015189	0.291443	0.083537	13.725851	0.363484	4.4283	0.0	0.502936	0.046457	0.0	0.009576	0.028689	0.0	0.0	23.244895	0.0	0.012519	0.031058	0.024086	0.058065	333.043853	0.003709	0.01159	0.078442	0.100122	9.071808	0.06658	5.922891	0.142339	6.474159	0.0	0.0	0.0	0.039283	0.00528	0.0	14.948124	0.0	0.064027	86.522184	61.656152	72.902362	0.624494	0.969814	1.517053	3.398336	0.037211	0.020816	1.071529	0.042075	0.312633	0.025357	0.617146	0.057539	0.102045	0.040914	0.021264	0.073306	0.097766	3.500526	0.079272	162.550463	174.352712	0.028285	0.067293	0.064896	0.414546	0.082087	0.185008	14.049746	0.063425	0.0	1.952616
SRR17301545_bin.16	0.0	0.0	0.0	0.0	0.0	0.0	0.0	0.0	0.0	0.0	0.0	0.0	0.0	0.0	0.0	0.118887	0.189989	0.035564	0.127405	0.0	0.529851	0.682268	0.0	0.0	0.0	0.0	0.0	0.0	0.0	0.0	0.0	0.0	0.0	0.0	0.0	0.0	0.0	0.0	0.0	0.0	0.0	0.0	0.0	0.0	0.0	0.0	0.0	0.0	0.0	0.0	0.0	0.164572	0.344718	0.064246	0.024147	0.0	0.053461	2.859358	0.0	2.924769	0.13741	0.0	0.36404	0.0	0.0	3.965776	0.0	0.0	0.085739	0.071713	0.0	0.0	0.0	0.0	0.0	0.0	0.022785	0.0	0.079859	0.216642	0.0	0.0	0.0	0.0	0.0	2.852971	0.0	0.0	0.0	55.61906	0.022459	0.079838	0.0	0.0	0.372462	0.03922	0.0	0.0	0.431103	0.0	0.108026	0.0	0.0	0.0	0.0	0.0	0.036698	0.0	92.386571	0.057276	0.046237	2.144427	0.0	0.044735	0.0	0.0	0.050433	0.0	0.0	0.232438	0.0	0.0	0.069166	0.0	0.0	0.0	0.0	0.0	0.0	0.0	0.467464	0.0	0.0	0.0	0.026358	0.0	0.0	0.0	2.588257	0.0	0.432534	0.0	0.0	0.0	0.0	0.048212	0.0	0.0	0.0	0.0	0.0	0.0	0.0	0.0	0.0	0.0	0.0	0.0	0.0	0.128549	0.0	0.0	0.0	0.0	0.0	0.0	0.0	0.0	0.0
SRR9330787_bin.4	0.0	0.0	0.0	0.0	0.0	0.0	0.0	0.0	0.0	0.0	0.0	0.0	0.0	0.0	0.0	0.0	0.0	0.0	0.0	0.0	0.0	0.0	0.0	0.0	0.0	0.0	0.0	0.0	0.0	0.0	0.0	0.0	0.0	0.0	0.0	0.0	0.0	0.0	0.0	0.0	0.0	0.0	0.0	0.0	0.0	0.590487	0.0	0.0	0.0	0.0	0.0	0.0	0.0	0.0	0.0	0.0	0.0	0.0	0.0	0.0	0.0	0.0	0.0	0.0	0.0	0.0	0.0	0.0	0.0	0.0	0.0	0.699157	0.0	0.0	0.0	0.0	0.0	0.0	0.0	0.0	0.0	0.0	0.0	0.0	0.0	0.0	0.0	0.0	0.0	0.0	0.0	0.0	0.0	0.0	0.0	0.0	0.0	0.0	0.0	0.0	0.0	0.0	0.0	0.0	0.0	0.0	0.0	0.0	0.0	0.0	0.0	0.0	0.0	0.0	0.0	0.0	0.0	0.0	0.0	0.0	0.0	0.0	0.0	0.0	0.0	0.0	0.0	0.0	0.0	0.0	0.0	0.0	0.0	0.0	0.0	0.0	0.0	0.0	0.0	0.0	0.0	0.0	0.0	0.0	0.0	0.0	0.0	0.0	0.0	0.0	0.0	0.0	0.0	0.0	0.0	0.0	30.681144	0.0	0.0	0.0	0.0	0.0	0.0	0.0	0.0	0.0	0.0	0.0	0.068409
SRR8849271_bin.38	0.0	0.0	0.0	0.0	0.0	0.0	0.0	0.0	0.0	0.0	105.821807	0.0	0.0	0.0	0.0	0.0	0.0	0.0	0.0	0.0	0.0	0.0	0.0	0.0	0.0	0.059453	0.0	0.0	0.0	0.0	0.0	0.0	0.0	8.3142485	0.0	0.0	0.0	0.0	0.0	0.0	0.0	0.0	0.0	0.0	0.0	0.0	0.0	0.0	0.0	0.0	0.0	0.0	0.0	0.0	0.0	0.0	0.0	0.0	0.0	0.0	0.0	0.0	0.0	0.0	0.0	0.0	0.0	0.361986	0.0	0.0	0.0	0.0	0.0	0.0	0.0	0.0	0.0	0.0	0.0	0.0	0.0	0.0	0.0	0.0	0.0	0.0	0.0	0.0	0.0	0.0	0.0	0.0	0.0	0.0	0.0	0.0	0.0	0.0	0.0	0.0	0.0	0.0	0.0	0.0	0.0	0.0	0.0	0.0	0.0	0.0	0.0	0.0	0.0	0.0	0.0	0.0	0.0	0.0	0.0	0.0	0.0	0.0	0.0	28.769073	0.0	0.0	0.0	0.0	0.0	0.0	0.0	0.0	0.0	0.0	0.0	0.0	0.0600855	0.0	0.0	0.0	0.0	0.0	0.0	0.0	0.0	0.0	0.0	0.0	0.0	0.0	0.0	0.0	0.0	0.0	0.0	0.0	0.0	0.0	0.0	0.0	0.0	0.0	0.0	0.0	0.0	0.0	0.0	0.0	0.0
SRR17301528_bin.8	0.0	0.0	0.0	0.0	0.465977	0.0	0.0	0.0	0.0	0.0	0.0	0.0	0.0	0.0	0.0	0.0	0.0	0.0	0.0	0.0	0.0	0.0	0.0	0.0	0.0	0.0	0.0	0.0	0.0	0.0	0.115169	0.0	0.0	0.0	0.0	0.0	0.0	0.0	0.0	0.0	0.0	0.0	0.0	0.0	0.047248	0.968649	0.246597	0.0	0.0	0.0	0.0	0.0	0.0	0.0	0.0	0.0	0.0	0.0	0.0	0.0	29.942047	0.0	0.587653	0.0	0.0	0.0	0.0	0.419435	0.0	0.0	0.0	0.0	0.0	0.0	0.0	0.0	0.0	0.0	0.0	0.0	0.0	0.0	0.0	0.0	0.0	0.054025	0.007193	0.066088	0.0	0.0	1.168266	0.0	0.0	0.0	0.0	0.0	0.0	0.0	0.0	0.0	0.0	0.0	0.0	0.0	0.0	0.0	0.0	0.08089	0.584665	0.0	0.0	0.0	0.0	2.241385	0.113723	0.0	0.0	0.0	0.0	0.0	0.0	0.0	0.0	0.0	0.0	0.0	0.0	0.0	0.0	0.0	0.0	0.0	1.719671	0.0	0.0	0.0	0.035205	0.0	0.0	0.0	0.0	0.0	0.0	0.0	0.089824	0.0	0.044071	0.0	0.0	0.0	0.0	0.0	0.0	0.0	0.52096	0.0	0.0	0.0	0.0	0.0	0.0	0.0	0.0	0.0	0.0	0.0	0.0	0.0	0.0
SRR8849252_bin.29	0.103376	0.007607	1.732873	0.105722	0.058971	0.102022	1.424519	0.468812	2.167044	0.41115	1.688565	0.009782	0.063729	0.362364	2.518626	0.039876	0.093043	0.028464	0.036685	0.342303	0.0	0.335379	0.004449	0.017283	0.077839	0.064132	0.144362	0.0	1.786795	0.103914	1.20402	0.732304	0.049783	1.904891	0.058794	0.083138	0.514623	0.66284	0.081733	2.753608	0.070292	0.199468	0.11542	0.27038	3.064557	0.114817	0.071299	0.013612	0.058979	0.066822	0.047877	0.066321	0.023995	0.0	0.0	0.068079	0.048124	0.017337	0.011748	0.128276	8.531652	0.058179	0.005326	0.0	0.0	0.02302	0.180882	0.075332	0.125527	0.021552	0.502223	0.110288	0.012599	100.267634	0.033423	0.177246	0.148681	0.056868	0.045042	0.101826	0.542633	0.072639	13.465672	0.155887	0.069252	0.080108	0.209048	1.821562	0.0	0.0	0.529461	0.057982	0.017351	11.246342	0.099836	0.070888	0.124923	0.030496	0.019154	0.85666	0.100319	0.229326	0.138135	0.071534	0.824694	0.029138	0.100582	0.090767	0.0	0.189806	3.973366	0.01079	0.079141	0.081712	0.131339	0.181887	0.099036	0.020535	0.478448	0.051302	0.024201	0.334396	0.033409	0.090139	0.11076	0.322261	0.323636	0.013699	0.0	0.0	0.076223	0.00943	6.588889	0.285884	0.12942	19.957127	3.003659	0.069306	0.224216	12.916094	0.136433	0.785121	0.0	0.051986	0.512107	0.197164	0.074041	0.037312	0.22664	0.08663	0.49548	0.065424	0.382331	124.194181	0.029598	0.148525	0.057518	1.035816	0.131169	2.010995	0.063393	0.071989	0.033175	0.00949	0.053392	0.517519	0.021505	0.012146	0.034067
SRR17301555_bin.11	0.0	0.0	0.0	0.0	0.0	0.0	0.0	0.0	0.0	0.0	0.0	0.0	0.0	0.0	0.0	0.0	0.0	0.0	0.0	0.0	0.0	0.0	0.0	0.0	0.0	0.0	0.0	0.0	0.0	0.0	0.0	0.0	4.43088	0.0	0.477916	0.0	0.0	0.0	0.0	0.0	0.49199	0.0	0.0	0.0	0.0	0.0	0.0	0.0	0.0	0.0	0.0	0.0	0.0	0.0	0.0	0.0	0.0	0.0	0.0	0.0	0.0	0.0	0.0	0.0	0.0	0.0	0.0	0.0	0.0	0.0	0.0	0.0	0.0	0.0	0.0	0.0	0.0	0.121709	0.0	0.0	0.0	0.0	0.0	0.0	0.0	1.818884	8.764659	0.0	0.0	0.0	0.0	0.0	0.0	0.0	0.0	0.0	0.0	0.0	12.894679	0.0	0.0	0.0	0.0	0.0	0.0	0.0	5.089943	0.0	78.163571	0.0	0.0	0.0	0.0	0.226231	0.0	0.0	0.0	1.567466	0.0	5.837299	0.0	0.0	0.0	0.0	0.0	0.0	0.0	0.0	0.0	0.0	0.0	0.0	0.0	1.150246	0.423003	0.0	0.0	0.42854	0.0	0.0	0.0	0.0	0.0	0.0	0.0	0.0	0.0	0.0	0.0	0.0	0.0	0.0	0.0	0.0	0.0	0.0	0.0	0.0	0.0	0.0	0.774687	0.0	0.0	0.0	1.531127	0.0	0.0	0.0	0.133882
SRR8849248_bin.30	0.0	0.0	0.125563	0.0	0.444686	0.054058	0.049916	0.0	0.271304	0.0	0.0	0.0	0.0	3.946914	0.029591	0.0	0.0	0.0	0.0	0.0	0.0	0.0	0.0	0.0	0.0	0.0	0.0	0.0	1.519001	0.0	0.036519	0.0	0.0	1.320425	0.042542	0.0	3.695532	0.0	0.0	15.468405	0.06237	0.043898	0.0	0.0	0.031438	0.0	0.0	0.0	0.0	0.0	7.216431	0.0	0.076536	0.0	0.0	0.0	0.0	0.0	0.0	0.0	0.086831	0.101168	0.0	0.0	0.0	0.0	0.569331	0.0	0.0	0.0	0.0	10.160289	0.0	11.671814	1.520149	0.0	1.66002	0.0	0.0	0.0	0.042111	0.0	2.45859	0.0	0.0	0.0	0.068605	0.09461	0.0	0.0	0.059104	0.0	0.0	3.279307	0.0	0.030829	0.0	0.0	0.0	0.0	0.0	0.131044	0.555967	0.0	0.0	0.0	0.0	0.0	0.0	0.0	0.081471	0.0	0.0	0.0	0.172804	6.980833	0.029249	0.0	0.0	0.0	0.0	0.015749	0.0	0.947848	0.0	0.044692	0.0	0.0	0.0	0.0	0.0	0.0	8.188354	0.021529	0.010483	25.018075	19.78173	0.062241	0.0	9.605796	0.0	3.106518	0.0	17.616431	0.192472	0.0	0.0	1.335489	14.343881	0.061913	39.506167	0.017779	4.971647	23.386319	17.922611	0.030273	0.0	0.223465	4.726648	5.222659	0.035622	0.018654	0.0	0.0	0.0	0.10164	0.0	0.0	0.0
SRR8849268_bin.26	0.0	0.0	0.030855	0.003926	0.014928	0.083559	0.014348	0.0	0.003534	0.144802	0.594465	0.0	0.0	0.0	0.137174	0.014766	0.021199	0.007605	0.0	0.012124	0.013767	0.0	0.0	0.0	0.0	0.0	0.0	0.0	0.090595	0.71525	0.00855	0.0	0.0	0.132679	0.034111	0.051858	0.629978	0.015826	0.0	0.0	0.1111	0.116487	0.096612	0.0	0.0269	0.0	0.003768	0.0	0.0	0.0	0.086987	0.0	0.0	0.0	0.0	0.0	0.0	0.0	0.0	8.330743	0.0	0.0	0.026534	0.01099	0.0	0.015706	0.008866	0.0	0.0	0.0	0.0	0.502918	0.040463	0.411285	0.0	0.0	0.141414	0.040728	0.0	0.009648	0.01861	0.0	0.097399	0.058497	0.0	0.012838	0.0	0.336316	0.0	0.0	0.023291	0.0	0.009472	0.03486	0.004736	0.015082	0.039764	0.0	0.009314	0.596684	0.028058	0.051503	0.169825	0.102966	0.0	0.023873	0.027873	0.0	0.006768	0.011707	0.02188	0.021417	0.0	0.008023	0.012931	0.067865	0.007803	0.0	0.0	0.0	0.006263	0.629985	0.0	0.0	0.028664	127.76582	0.0	0.0	0.0	0.0	0.0	0.0	1.95494	0.008259	0.004025	0.189356	0.065958	0.05119	0.060188	0.418911	0.0	0.056114	0.0	0.0	0.368058	0.00459	0.06082	0.0	0.042044	0.0	0.188571	0.133366	0.192123	0.584565	0.007337	0.354639	0.0	76.512117	0.160565	0.022375	0.116488	0.014229	0.597858	0.0	0.0	1.716813	0.0	0.0	0.0
SRR17301522_bin.11	1.151474	0.062356	1.733386	17.948016	4.134299	2.719679	2.130144	1.162934	0.184939	0.508715	30.846488	3.443095	0.215603	4.747732	12.361446	0.217215	0.274168	0.092253	0.0	4.511086	0.0	0.516259	0.043767	0.067969	9.487679	0.167826	1.906453	0.0	1.883438	5.026832	0.404194	10.578154	0.437873	7.49763	0.093582	4.817206	3.5754155	1.149447	0.589401	2.087987	3.37204	28.216706	2.077013	0.414677	5.458811	30.881591	18.331792	78.3456095	1.39817	0.611832	0.281453	0.0	0.0	11.103733	0.0	0.323531	1.351313	0.0	0.031291	1.2687	0.751398	5.286514	13.884277	98.823015	0.0	8.310803	0.705022	61.570515	0.078697	3.323078	55.134375	2.246395	0.097332	1.572962	2.208549	0.495316	0.420341	6.044357	6.768439	0.107288	2.371255	1.469868	6.55655	0.2407255	0.202662	0.121431	2.9884155000000003	3.518477	0.262459	0.0	35.886831	3.453023	9.33657	78.32274	8.965083	4.463775	8.999206	3.4496	0.655468	1.006162	0.6339125000000001	1.204851	2.560861	8.6465715	1.710998	30.8394545	0.05329	19.525257	0.044764	123.570468	12.0031905	0.114786	4.408174	2.729261	0.765404	0.977484	5.372659	0.282282	0.346621	2.609025	1.762915	30.355539	0.354541	0.749729	1.45773	0.362745	0.052628	0.9258305	0.258099	1.288215	1.765018	1.000712	38.970193	30.54012	14.582791	0.4981065	8.184998	3.38003	132.517531	2.954133	14.547983	1.481706	0.0	0.460215	21.136339	0.371319	1.9839855000000002	0.265497	1.493461	0.867999	1.0350229999999998	0.7335	4.468694	2.622618	8.461896	30.440831	0.649433	5.352842	1.537502	2.666931	2.923644	0.271631	2.900886	0.988861	4.346407	4.647843	0.1247385	0.3734005	0.0
SRR8849209_bin.10	0.692608	17.042133	68.224767	2.464628	8.225252	16.51569	2.362149	0.207044	0.508259	30.433879	7.432745	0.0865	0.0	42.855364	1.873604	0.222243	0.296836	0.100874	0.269323	0.041981	0.0	0.0	6.372648	0.09731	16.22888	12.693849	67.035483	0.0	6.376472	3.992309	2.94102	34.828306	0.026472	125.071469	0.175668	0.247186	205.626322	35.467936	0.115879	0.0	0.146647	4.964151	0.376738	437.778922	38.362941	0.072502	230.964787	0.190442	1.61096	0.809393	2.037233	0.0	1.019321	0.0	0.0	0.31803	0.0	0.0	0.179687	16.054851	2.44481	0.114442	0.0	0.063602	0.0	0.0	168.561066	188.088641	0.0	0.079153	0.031929	0.350871	0.16965	54.784392	270.041592	0.406387	255.126908	0.776223	0.384972	2.81477	26.647941	146.349883	9.848796	39.510209	5.387676	0.152796	212.965842	50.920685	0.036911	0.0	273.457015	0.182704	0.0	0.071181	0.263686	15.524283	1.362605	0.30801	0.0	192.28854	0.526431	2.037478	217.547256	0.419973	220.608616	0.053341	0.093885	0.40607	0.0	0.118438	110.792062	1.5939	46.099825	3.572826	16.281004	1.499817	50.404924	0.256365	2.454744	685.347709	0.091456	4.6801	0.28637	37.557252	1.157501	207.932831	1.600062	17.161468	0.0	0.0	0.098894	0.0	34.813655	0.454733	0.379449	70.064381	22.04575	0.204422	0.527151	26.419567	1.033165	30.903774	0.0	3.420004	3.261176	0.212275	0.762661	0.021165	30.828003	0.983984	454.565499	296.209305	278.359761	91.279411	525.596736	31.031066	18.883409	88.668871	0.673662	5.298272	6.281187	131.932113	1.558915	0.358817	0.155415	2.469172	0.047642	0.055613	10.497838
SRR8849244_bin.40	0.567298	1.177706	0.323598	0.359736	1.340542	1.871713	0.188558	0.0	2.190334	5.37653	0.880819	0.023304	0.644367	0.178277	4.12428	0.040976	0.0	0.005257	0.0	1.27259	0.0	0.07228	0.165547	0.366615	0.258843	0.087408	0.215781	0.530477	0.16574	0.20171	6.278534	6.868758	0.003543	0.567516	4.749211	0.256179	1.319335	2.294492	2.166478	1.330184	0.209284	0.695973	1.06207	0.713699	2.03819	0.0	0.071032	7.100172	0.025732	0.03388	0.021335	0.0	0.019106	0.075159	26.446897	0.0	0.220571	0.007336	4.977038	0.564017	1.679948	0.00802	0.029344	0.0	0.0	0.0	0.864272	12.682457	0.004129	0.277565	0.110421	2.940756	0.0	16.509531	0.020804	4.706218	0.337618	14.628161	7.444984	3.939006	3.790117	0.996216	1.124979	0.106828	1.476004	9.53051	0.419893	1.248569	0.0	2.277242	0.30592	0.006608	0.0	1.319145	2.153912	2.393901	20.827113	0.213074	0.013639	1.565107	0.803097	1.622946	0.532384	6.964727	3.148151	0.0	0.054714	0.031178	0.0	5.568163	5.609573	0.039679	0.493147	0.20035	0.125755	24.097198	8.004531	0.006856	1.709352	0.219019	0.030395	0.482041	0.220254	0.398696	1.012435	11.785849	0.330712	0.00837	0.0	0.0	1.048176	0.865102	1.48645	1.076233	0.432442	2.539634	42.298484	0.28425	0.215483	25.71231	0.334323	0.192654	0.007317	0.009638	2.728706	0.029557	0.342173	0.284281	0.205703	1.87493	0.508527	0.029101	0.394342	9.738132	0.777634	0.859304	3.38635	0.827777	0.011413	0.470643	0.275227	0.042609	0.05129	0.072709	0.941875	3.144252	0.010974	0.602689	1.452363
SRR17301541_bin.38	0.0	0.0	1.003569	0.098781	0.275864	34.430488	0.493133	0.0	0.0	106.795539	120.612197	0.03108	0.0	0.051732	15.415988	0.034498	0.0	0.020008	0.0	0.0	0.0	0.0	0.0	0.0	1.833199	0.174412	0.0	0.0	3.897347	2.931688	0.029949	0.0	0.0	6.67996	134.536781	1.521148	2.195181	10.882448	0.0	4.616461	123.480101	0.0	157.935106	0.0	0.061137	0.0	0.0	0.0	0.0	34.968227	0.0	0.0	0.057402	0.7649220000000001	0.0	0.228293	0.0	0.0	0.0	1.201839	18.968692	0.0	0.0	0.0	0.0	0.0	13.6138	0.0	0.193317	0.0	0.0	275.213092	0.0	2.468486	0.0	0.0	15.607792	0.188003	0.0	0.168398	0.063652	0.0	0.278979	0.231417	1.334943	0.0	4.615807	0.750564	0.0	0.0	1.769156	0.0	0.0	58.844431	0.023523	0.066798	9.566574	0.0	0.231621	0.749397	27.807261	0.857304	1.961514	0.20717449999999998	0.0	0.0	0.0	0.0	0.0	0.046672	0.508508	0.0	0.0	18.715084	4.943414	0.069624	0.0	0.0	0.0	0.0	0.0	4.928689	0.0	0.040459	0.0	0.494374	0.0	0.0	0.0	0.0	0.0	0.0	13.635307	3.827128	0.0	0.18703	26.690389	107.15836	0.155964	14.292371	0.247	4.370841	0.0	0.0	157.78266	0.252418	0.547065	0.0	0.04158	0.0	8.815538	63.098844	1.193697	1.5544120000000001	7.946243	28.662561	0.610797	102.54386	20.695984	22.100821	0.5326435	55.871967	0.16802	0.0	0.055673	76.186618	0.0	0.0	0.0
SRR17301555_bin.1	0.0	0.0	0.0	0.0	0.0	0.0	0.0	0.0	0.0	0.0	0.0	0.0	0.0	0.0	0.0	0.0	144.112233	0.211576	0.882506	2.808963	0.0	0.0	0.0	0.0	0.0	0.0	0.0	0.794261	0.0	0.0	0.0	0.0	0.0	0.0	0.0	0.0	0.0	0.0	0.0	0.0	0.0	0.0	0.0	0.0	0.0	0.0	0.0	0.0	0.0	0.0	0.0	0.0	0.0	0.321357	0.0	0.0	0.972838	1.063211	0.0	0.364283	0.0	0.0	0.0	0.0	0.0	0.0	0.0	0.0	0.313711	0.0	0.0	0.0	3.210492	0.0	0.0	0.0	0.0	0.0	0.0	0.136	0.0	0.0	0.0	0.0	0.0	0.0	0.0	0.0	0.0	7.989769	0.0	0.187822	0.077496	0.0	0.025866	0.0	0.0	0.0	0.0	0.0	0.0	0.0	0.0	0.0	0.0	0.0	0.254475	0.0	45.864417	4.759897	0.0	0.799844	0.0	0.0	0.0	0.0	0.0	0.0	0.0	0.0	0.0	0.0	0.0	0.0	0.0	0.0	0.0	0.0	0.0	0.0	0.131228	0.0	0.0	0.0	0.0	0.0	0.0	0.0	0.47993600000000003	0.0	0.0	0.0	0.0	0.0	0.0	0.0	0.0	0.0	0.0	0.0	0.0	0.0	0.0	0.0	0.0	0.0	0.0	0.0	0.0	0.0	0.0	0.0	0.0	0.0	0.0	0.0	0.0	0.0	0.0
SRR8849245_bin.4	1.119805	0.019592	0.56386	0.093937	2.962624	0.127649	1.291415	0.142225	0.032083	110.154216	79.616161	0.021215	0.029745	0.057383	0.087015	0.056348	0.026943	0.08746	0.013414	0.056072	0.081659	0.050873	0.0	9.119604	5.63051	0.027126	0.121422	0.0	0.389246	16.306141	4.686479	0.109234	0.031368	0.354024	46.794817	12.31772	0.324833	0.421406	0.272801	0.828526	14.84111	0.086598	0.32781	0.062713	0.06306	0.090245	0.203414	0.02539	0.028016	2.531543	4.610171	0.150012	0.323564	0.159556	0.008947	0.058297	0.029494	0.0	0.006601	49.97567	134.26812	0.071359	0.02068	0.010178	0.003826	0.036223	0.019789	0.100118	0.041181	0.10478	0.081371	59.413537	0.073033	3.716444	0.030084	0.04192	7.370886	0.600573	0.072817	0.457299	0.152887	1.184227	6.807064	0.081905	0.0290245	0.146228	0.074256	40.156804	0.006329	0.019334	0.165659	0.054416	0.079652	46.933437	0.126442	22.997662	0.108366	0.112873	0.18811	1.590911	0.329881	2.43222	0.576631	0.949621	0.041139	0.058565	0.091646	0.119978	0.023151	0.123219	0.200606	0.078265	0.217866	0.079859	0.07631	37.580996	98.378886	0.063799	0.054033	0.040949	0.10927	34.005529	0.031231	1.471571	0.176475	0.305375	0.029683	0.002897	0.007781	0.0	0.083308	0.024968	64.308966	0.121326	0.116727	0.063801	4.821772	22.812688	0.883531	0.108538	0.879636	0.481982	0.0	4.228239	0.531451	0.149781	0.567889	0.067779	0.356439	0.067478	343.58621	0.25936	0.336673	4.298757	0.039865	1.340498	0.031176	204.491698	0.069055	0.074681	0.445836	0.069134	0.178738	0.018789	0.13607	135.662064	0.059351	0.011039	0.015628
SRR8849243_bin.42	0.0	0.0	1.818793	0.027459	0.010822	0.0	0.013741	0.0	0.015372	0.0	0.141592	0.0	0.0	0.0	0.027402	0.0	0.0	0.0	0.0	0.0	0.0	0.0	0.0	0.0	0.0	0.0	0.0	0.0	0.0	0.0	0.010624	0.021384	0.0	0.0	0.004616	0.0	0.023493	0.0	0.0	0.0	0.010464	0.0	0.0	0.0	0.0	0.0	0.0	0.0	0.0	0.0	0.0	0.0	0.0	0.0	0.0	0.0	0.0	0.0	0.0	0.0	0.015155	0.0	0.0	0.0	0.0	0.0	0.0	0.024317	0.0	0.0	0.0	0.024653	0.0	0.054988	0.0	0.0	0.026497	0.090453	0.0	0.033522	0.013797	0.018566	0.018498	0.0	0.026345	0.0	0.0	0.052469	0.0	0.0	0.011083	0.0	0.0	0.025056	0.0	0.0	0.058982	0.020369	0.0	0.0	0.018635	0.658236	0.05045	0.0	0.008601	0.0	0.012809	0.022476	0.0	0.036128	0.028391	0.0	0.0	0.0	0.0	0.03336	0.0	0.00725	0.0	0.0	0.006475	0.039732	0.0	0.675588	0.0	0.0	0.0	0.496318	0.0	0.0	0.0	0.0	0.107721	0.024807	3.280462	0.00501	0.008153	0.0	0.018239	61.077043	0.360687	0.0	0.0	0.009675	0.102982	0.0	0.033239	0.014446	0.018981	0.0	0.03478	0.041675	0.016605	0.045063	0.011972	0.023636	0.0	0.006169	0.018215	0.008891	3.213341	0.0	0.006002	0.0	0.0	0.009442	0.0	0.0	0.0
SRR8849222_bin.16	0.0	0.0	0.255294	0.0	0.012881	0.0	0.0	0.0	0.0	0.052186	0.0	0.0	0.0	0.0	0.0	0.0	0.162889	1.113576	0.136982	0.0	0.0	0.0	0.0	0.0	0.0	0.0	0.0	0.0	0.0	0.0	0.0	0.0	0.028026	0.0	0.0	0.0	0.411606	0.0	0.0	0.0	0.0	0.0	0.0	0.0	0.0	0.0	0.0	0.0	0.111449	0.0	0.0	0.047782	0.0	0.0	0.151089	0.0	0.0	0.0	0.0	0.0	0.0	0.0	0.0	0.0	0.0	0.0	0.0	0.0	0.0	0.0	0.0	0.0	0.05284	0.029443	0.0	0.0	0.028505	0.0	0.070041	0.208662	0.052471	0.0	0.0	0.0	0.0	0.059356	0.0	0.0	0.0	1.439118	0.0	0.0	0.0	0.0	0.009479	0.0	0.069711	0.0	0.0	0.0	0.058288	0.0	0.0	29.003209	1.933486	8.109372	0.0	0.0	0.717049	0.0	0.467248	0.02117	0.0	0.0	0.0	0.0	0.050985	0.0	0.021207	0.0	0.708187	0.06608	0.052165	0.0	1.829814	0.0	0.0	0.0	0.0	0.0	0.272267	0.0	0.019457	0.0	0.0	0.0	0.0	0.0	0.123473	0.0	0.0	0.0	0.0	0.0	0.414108	0.0	0.27262	0.023422	0.0	0.0	0.022418	0.0	0.75068	0.048573	0.064401	0.070274	0.0	0.000887	0.0	0.391438	0.13616	0.0	0.200787	0.0	0.0	0.0	0.0	0.0	0.0
SRR8849252_bin.2	0.0	0.0	2.036408	0.38355	0.470662	0.832252	2.508866	0.0	0.0	24.255458	5.99917	0.0	0.0	0.180942	2.557163	0.0	0.007833	0.0	0.0	0.0	0.0	0.0	0.0	0.0	0.349613	0.0	0.0	0.0	0.042474	45.877358	0.140816	0.009879	0.0	0.492573	1.41615	0.577547	10.657129	0.39251	0.079972	0.088523	6.895699	0.014815	0.06626	0.164037	0.870991	0.0	0.0	0.0	0.022483	0.0	0.0	0.0	0.037171	0.0	0.0	0.286388	0.0	0.0	0.0	2.857114	0.069981	0.0	0.0	0.0	0.0	0.0	0.78336	0.061152	0.364313	0.0	0.0	10.248382	0.0	57.232961	0.0	0.0	1.568409	1.618446	0.0	0.578946	0.81982	0.00771	8.336551	2.256466	0.0	0.0	0.0	5.496117	0.0	0.0	0.027302	0.0	0.0	2.013341	0.0	6.714458	3.037403	0.01553	0.06483	22.851913	0.422101	4.527967	5.548766	3.850536	0.008677	0.0	0.0	0.0	0.0	0.115838	1.608098	0.019872	0.0	0.012191	0.659983	0.67803	0.008778	0.0	0.0	0.009515	0.006633	61.479689	0.0	0.116608	1.211693	4.298121	0.023022	0.0	0.0	0.0	0.0	0.0	1.220788	0.0	0.006984	3.689102	0.991987	4.486876	2.978825	5.747438	1.125554	0.388513	0.0	0.0	23.442791	0.067909	1.185129	0.163441	0.107428	0.0	4.819806	6.688739	4.909942	69.100665	0.260266	13.661346	0.0	3046.163022	63.25732	0.321534	8.518099	4.863563	0.149504	0.014707	0.046613	9.053003	0.027387	0.0	0.0
SRR8849250_bin.12	0.0	0.0	0.0	0.0	0.0	0.029478	0.0	0.022089	0.0	0.0	0.0	0.0	0.03951	0.033024	0.012393	0.0	0.0	0.0	0.0	0.0	0.0	0.01342	0.0	0.0	0.039863	0.0	0.009231	0.0	0.06268	0.0	0.0	0.0	0.0	0.0	0.0	0.0	0.136233	0.017421	0.0	0.0	0.0	0.0	0.0	0.0	0.0	0.0	0.0	0.0	0.0	0.0	0.0	0.0	0.0	0.0	0.0	0.0	0.020598	0.0	0.0	0.012982	1.951446	0.036381	0.0	0.0	0.0	0.0	0.024182	0.0	0.019124	0.0	0.0	0.058919	0.0	0.0	0.0	0.0	0.0	0.0	0.0	0.0	0.0	0.0	0.0	0.050358	0.028636	0.0	6.225052	0.017991	0.0	0.0	7.512675	0.0	0.0	0.0	0.0	0.0	0.0	0.0	0.0	0.0	0.0	0.072127	0.0	0.0	0.012765	0.0	0.0	0.0	0.0	0.0	0.031216	0.052388500000000005	0.0	0.0	0.0	0.0	0.0	0.0	0.034738	0.0	0.0	0.0	0.0	0.0	0.0	0.0	0.006432	0.0	0.0	0.0	0.007308	0.0	0.505142	0.0	0.0	0.010533	0.019072	0.009637	0.0	0.0	0.069967	0.0	0.0	0.0	0.74443	0.005754	0.0	0.0	0.05785	0.036747	0.031102	32.394846	0.137883	0.006461	0.0	0.0	0.011168	0.0	0.0	0.009952	0.0	0.005664	0.0	0.0	0.0	0.020292	0.01642	0.0	0.0
SRR17301517_bin.4	0.0	0.0	0.0	0.452664	0.0	0.0	0.0	0.0	0.0	0.459474	0.0	0.0	0.0	0.0	0.0	0.0	0.0	0.087428	0.08104	50.480430999999996	0.0	0.273101	0.0	0.0	0.0	0.0	0.0	0.162657	0.0	0.061705	0.072583	0.0	0.050783	0.0	0.0	0.0	0.0	0.0	0.0	0.0	0.743181	0.0	1.091722	0.257644	0.015288	0.067456	1.110329	0.083508	3.319942	0.0	0.213637	0.0	0.0	0.0	0.0	0.0	0.293401	0.0	0.0	0.10877	0.615476	0.0	0.0	0.0	0.0	0.018059	0.0	0.0	0.0	0.0	0.0	0.0	0.0	0.0	0.173575	0.0	0.125736	0.041382	0.0	0.0	0.0	0.0	0.0	0.0	0.0	0.0	0.0	0.0	0.0	0.111124	0.0	0.0	0.0	0.0	0.021794	0.0	0.0	11.460895	0.724279	0.0	0.0	0.510769	0.0	0.05779	0.36497	0.083268	0.0	0.928511	0.0	0.0	0.19939	0.0	0.0	0.0	0.0	0.0	0.0	0.0	0.0	0.0	0.0	0.0	0.0	0.0	0.0	0.0	0.0	0.0	0.0	0.0	0.0	0.0	0.06996	0.060721	0.0	0.0	0.0	0.7201660000000001	9.632954	0.0	0.0	0.030001	0.0	0.440451	0.0	0.0	0.0	0.0	0.0	0.0	0.0	0.0	0.0	0.0	0.0	0.0	0.0	0.029568	0.022946	0.0	0.0	0.0	0.031776	0.0	0.0	0.0	0.066198	0.0	0.0
SRR9330777_bin.17	0.057715	0.0	0.409049	0.0	0.071312	0.198188	0.576842	0.0	0.187811	0.375403	0.247901	0.0	0.0	0.415331	0.187101	0.0	0.0	0.0	0.0	0.0	0.0	0.220881	0.0	0.0	0.13134	0.092119	21.177253	0.0	0.0	0.345354	0.950255	0.0	0.0	0.117222	0.062569	0.0	0.18681	0.0	0.064417	0.125126	0.543186	0.653305	0.296395	0.0	2.141229	0.319022	0.0	0.0	0.0	0.0	0.0	0.0	0.0	0.0	0.0	0.0	0.0	0.0	0.0	0.0	0.0	0.0	0.0	0.0	0.0	0.0	0.035898	0.353311	0.0	0.0	1.560408	9.369246	0.0	3.209965	0.0	0.0	1.536854	0.0	0.0	0.0	0.055147	0.208851	1.063499	0.0	0.0	0.0	39.29031	0.333961	0.0	0.0	9.138978	0.139087	0.0	0.145367	0.0	0.0	0.0	0.0	0.0	0.199435	0.057685	0.081566	0.0	0.0	0.0	0.0	0.0	0.0	0.0	0.0	0.363096	0.186672	0.0	0.068046	0.767386	0.547218	0.0	0.0	0.26077	0.0	0.0	0.402593	0.132647	0.116809	0.0	0.356047	0.0	0.0	0.0	0.0	0.0	0.0	16.947747	0.446336	0.040115	9.09765	14.173917	0.358265	0.0	7.774852	0.087232	0.44645	0.0	0.0	0.819779	0.0	0.036113	0.0	0.203693	0.10979	0.756166	0.0	0.306678	3.590934	0.5785	0.09579	0.0	13.355629	0.334233	0.105471	0.0	0.0	0.0	0.0	0.0	2.807121	0.0	0.0	0.0
SRR17301535_bin.12	0.0	0.0	2.105377	0.458719	0.348844	0.131738	2.667348	0.670644	1.068083	0.413291	0.0	0.0	0.083872	0.077569	0.0	0.0	24.444511	0.0	1.80764	5.980319	0.0	6.403343	0.0	0.082314	0.0	0.0	0.0	0.637283	0.0	0.126269	0.296023	0.65275	0.993824	0.0	0.997539	0.230626	0.784811	0.109507	0.0	0.0	0.994154	0.472937	0.754748	0.11574	0.524623	16.040506	2.29479	0.0	0.26497	0.0	0.0	0.298323	0.0	2.17071	0.0	0.532416	0.132603	0.0	0.0	0.0	0.411838	0.737354	0.0	0.0	0.0	4.094516	0.448402	0.261588	0.0	0.0	1.031008	1.975698	30.642797	0.0	0.711788	0.157872	0.471492	0.0	0.335637	0.12338	0.202527	1.106168	0.552482	0.0	0.0	0.749963	1.86674	0.947629	2.071502	0.590733	2.294047	9.577505	0.285335	0.221912	2.674199	0.959344	0.07975	0.125826	0.436894	1.487029	0.129331	0.0	0.0	3.63505	0.174878	1.32748	0.868601	0.0	1.05843	0.0	0.641919	0.0	0.635939	4.427534	3.432997	0.0	1.000002	2.212117	0.716815	0.737039	0.706648	0.0	1.387676	0.0	0.0	0.163163	0.0	0.488962	0.0	0.0	12.816052	0.0	0.0	0.0	2.61782	0.153372	0.104249	0.965906	0.928538	0.206805	1.446088	0.0	0.0	0.11392	0.08067	0.0	0.0	0.0	0.835838	4.687963	0.100316	0.0	1.113423	0.05474	0.612861	0.0709	0.0	0.090231	0.213401	2.295739	1.0661	1.381302	0.0	0.0	0.172903	0.163272	5.510926	0.0	0.0
SRR17301550_bin.1	0.219395	0.079816	0.51451	1.286756	1.308083	2.68698	0.700498	0.381569	0.160657	0.500783	0.51074	0.327625	0.14096	0.904976	3.236234	81.297733	0.222647	312.476795	0.512987	3.080769	2.79437	5.386813	3.651821	0.408158	0.223853	0.0	1.168587	0.0	0.197279	9.026175	0.575329	1.419358	2.98385	2.025468	1.658354	0.420469	0.706676	0.188529	1.784109	2.655175	12.718046	1.256431	0.305629	1.562818	8.168287	60.76114	211.888288	4.252997	0.527169	0.714907	1.858108	1.791839	0.237204	2.165051	0.65921	0.374201	0.023122	0.114553	0.0	13.644584	3.552135	3.546968	287.612169	0.208337	0.187244	30.239264	10.284857	6.690791	21.778901	2.062292	11.517463	7.534278	2.155979	1.123215	0.222784	0.246417	5.688628	18.536359	0.329171	1.188988	2.52932	0.401113	0.831407	0.903315	0.937407	161.745986	6.180712	7.475123	667.369275	0.0	28.14839	26.354338	81.679625	18.316209	132.557149	0.727424	0.957713	0.378205	9.833707	0.174222	7.549911	0.615432	1.540243	2.454112	0.727866	95.013794	24.886169	21.901118	0.0	35.74144	23.24483	98.840542	284.499582	25.931663	4.44671	0.390035	3.357058	2.86696	0.598866	0.778021	2.526487	7.399265	2.259758	0.144855	2.951332	0.610982	0.255787	0.761233	1.451198	0.0	78.669427	0.0	8.503522	10.074457	2.355898	1.446985	1.634925	11.860625	6.884477	0.317353	0.684688	0.194418	0.174452	5.059653	1.422922	0.662625	2.140485	0.049209	0.730773	0.317468	0.474954	0.127429	1.430656	1.03319	3.910515	1.79281	0.289125	0.559247	1.647817	0.254481	0.567153	2.414733	1.295075	0.42551	3.949225	0.934224	0.536048	0.17528	0.203359
SRR17301556_bin.2	0.0	0.0	0.0	0.0	0.0	0.0	0.0	0.0	0.0	0.0	0.0	0.0	0.0	0.0	0.0	0.0	0.0	0.0	0.0	0.0	0.0	0.0	0.0	0.0	0.0	0.0	0.0	0.0	0.0	0.0	0.0	0.0	0.0	0.0	0.0	0.0	0.0	0.0	0.0	0.0	0.0	0.0	0.0	0.0	0.0	0.0	0.0	0.0	0.0	0.0	0.0	0.0	0.0	0.0	0.0	0.0	0.0	0.0	0.0	0.0	0.0	0.0	0.0	0.0	0.0	0.0	0.0	0.0	0.0	0.0	0.0	0.0	0.0	0.0	0.0	0.0	0.0	0.0	0.0	0.0	0.0	0.0	0.0	0.0	0.0	0.0	0.0	0.0	0.0	0.0	0.0	0.0	0.0	0.0	0.0	0.0	0.0	0.0	0.0	0.0	0.0	0.0	0.0	0.0	0.0	0.0	0.0	0.0	0.0	30.250276	0.0	0.0	0.0	0.0	0.0	0.0	0.0	0.0	0.0	0.0	0.0	0.0	0.0	0.0	0.0	0.0	0.0	0.0	0.0	0.0	0.0	0.0	0.0	0.0	0.0	0.0	0.0	0.0	0.0	0.0	0.0	0.0	0.0	0.0	0.0	0.0	0.0	0.0	0.0	0.0	0.0	0.0	0.0	0.0	0.0	0.0	0.0	0.0	0.0	0.0	0.0	0.0	0.0	0.0	0.0	0.0	0.0	0.0	0.0
SRR8849267_bin.31	0.0	0.0	0.044974	0.0	0.0	0.015451	0.0	0.0	0.013187	0.0	0.0	0.0	0.0	0.0	0.0	0.0	0.024871	0.0	0.0	0.0	0.0	0.0	0.0	0.0	0.0	0.0	0.0	0.0	0.0	0.0	0.009963	0.0	0.0	0.0	0.019781	0.0	0.0	0.0	0.0	0.026776	0.015542	0.033538	0.0	0.0	0.0	0.0	0.126347	0.0	0.0	0.0	0.0	0.0	0.0	0.0	0.0	0.0	0.0	0.0	0.0	0.0	0.0	0.029446	0.0	0.0	0.0	0.0	0.0	0.0	0.0	0.0	0.0	0.213627	0.0	0.0	0.0	0.0	0.0	0.0	0.135735	0.0	0.016897	0.0	0.0	0.0	0.0	214.057316	218.918405	0.035842	0.0	0.0	0.0	0.0	0.0	0.0	0.011334	0.0	0.0	0.0	0.0	0.0	0.0	0.0	0.0	0.0	0.0	0.0	3.309486	0.0	0.0	0.0	0.02255	1.52743	4.259201	0.087364	0.08414	0.0	0.019616	0.0	0.0	0.0	0.0	2.277486	0.0	0.0	0.0	0.0	0.0	0.0	0.0	0.0	0.0	0.0	0.030212	0.0	0.013173	0.016885	0.0	0.02946	0.0	0.015095	0.0	0.0	0.0	0.0	0.0	0.0	0.0	0.0	0.0	0.01301	0.010691	0.0	0.011444	0.0	0.0	0.031761	0.0	0.0	0.011266	0.0	0.051494	0.0	0.0	0.0	0.01188	0.0	28.294419	0.0	0.0
SRR9330779_bin.5	10.248316	1.482761	21.23022	4.540057	21.018885	3.266847	19.741628	18.259328	2.523274	13.746117	29.996241	0.126951	27.772006	21.848422	8.91934	0.082121	0.142751	0.599386	0.073801	6.879239	0.026668	0.059312	3.926803	1.470875	51.233531	37.809787	0.06652	0.016007	1.615814	306.227534	65.029246	63.246058	194.078034	63.464502	7.739819	25.567927	9.163181	6.422983	37.060932	2.124276	16.800482	7.954275	11.499924	70.386489	11.918215	45.160922	19.985968	0.086828	9.360002	11.231067	23.459464	0.04739	36.27591	0.543287	0.097456	0.881242	0.028312	3.292578	0.036692	0.65676	3.39318	0.645297	0.233384	0.0	2.601081	21.356245	5.031985	18.668495	0.206515	16.170697	18.479599	0.072322	0.048519	8.300011	77.640679	67.625062	12.687169	4.841912	1.098617	0.798058	9.783463	13.459255	28.495493	27.129494	33.484195	0.067077	0.199871	0.37148	4.272712	0.016548	17.027919	4.926627	182.151007	1.656984	0.697745	0.546849	103.793828	79.96678	760.793437	27.259194	14.375681	2.504357	2.516037	53.63863	13.544921	0.020204	0.313337	24.841436	0.011742	0.11477	3.227487	0.043167	4.129412	0.078726	0.15357	6.446096	13.766352	5.079491	23.758617	43.823425	25.024644	119.566102	0.280225	5.590902	14.403999	8.576116	1.604723	0.084452	0.030971	18.371727	20.926365	2.876944	2.458423	3.459259	2.621525	1.438585	2.254868	20.496354	15.376243	24.074839	207.644001	5.275227	0.02977	28.546731	8.842399	6.66706	14.972714	10.448008	3.845956	19.400683	3.93699	3.190096	7.561131	8.824489	7.473442	9.128366	4.251318	4.338918	3.327226	9.105345	6.126756	117.335467	18.7206	174.916481	19.945938	22.304994	14.571505	18.744718	4.747334
SRR8849268_bin.4	0.0	0.0	0.0	0.044706	0.0	0.0	0.0	0.0	0.0	0.62195	42.833596	0.020006	0.0	0.0	14.111308	0.017017	0.013043	0.0	0.0	0.0	0.0	0.0	0.0	0.0	0.0	0.174909	0.0	0.0	0.328998	1.199492	0.0	0.015181	0.0	0.0	0.0	0.0	2.344655	0.026326	0.018538	2.206723	0.030595	12.577736	0.162461	0.0	16.710015	0.0	0.0	0.0	5.414187	0.0	0.0	0.0	0.0	0.0	0.0	0.0	0.0	0.0	0.0	0.05795	0.0	0.0	0.0	0.0	0.0	0.0	0.0	0.0	0.0	0.0	0.0	0.0	0.041107	0.0	0.0	0.0	16.823664	0.217335	0.0	0.06889	0.064914	0.0	0.109959	0.0	0.0	0.0	0.260152	0.302852	0.0	0.0	61.515126	0.01933	0.0	87.307096	0.0	0.0	0.107347	0.028736	0.024164	73.905544	0.089932	0.357334	38.872615	0.221269	0.0	0.0	0.0	0.0	0.0	0.0	0.155033	0.0	0.0	0.0	0.0	0.0	0.0	0.0	0.0	0.0	0.0	1.131391	58.285416	0.0	0.083695	0.0	0.494348	0.0	0.0	0.0	0.0	0.0	1.228379	0.0	0.036402	0.0	162.195339	0.0	0.523484	0.550042	0.182703	0.175217	0.0	0.0	319.104164	7.745421	2.223791	0.0	76.529685	0.0	0.0	0.0	4.828499	0.021376	0.0	0.855144	0.0	179.388221	0.0	0.0	0.017705	0.042821	4.25723	0.246739	0.013534	0.0	0.0	0.0	0.0
SRR9330780_bin.18	14.762019	58.764595	29.817317	0.95121	4.092181	5.647215	43.683312	13.533748	169.427356	3.362429	1.050131	28.472137	104.270339	144.484497	34.119405	22.913196	120.928754	16.380619	1.344171	7.121703	25.573018	41.050232	18.810706	0.104091	71.940435	37.604645	47.130282	0.082714	36.643068	0.957988	22.960372	104.090981	87.39063	0.189216	0.391637	10.449228	0.031308	7.215409	39.229878	17.979068	199.260731	0.1764865	0.068952	56.483782	5.035832	5.531144	30.352984	38.874877	212.472941	113.89427	0.0	0.0	0.358079	39.548078	4.075275	0.227798	110.319038	0.025978	0.290658	79.088334	3.186606	40.895141	142.251439	25.342754	137.225318	57.057459	169.8938455	41.958479	5.809642	0.851289	1.037321	0.0	4.229637	19.49575	26.85439	97.673018	7.967622	3.680633	178.1677085	63.089822	2.012326	53.795291	94.671848	24.326926	38.681818	1.16604	226.472748	0.0	29.688833	15.294214	6.19117	3.28039	7.912834	4.0295	7.383562	0.473813	10.646017	0.121249	353.668506	183.166983	0.237215	30.881648	0.0	15.888721	82.117344	0.074784	6.457749	0.928735	20.465192	0.40921	3.748236	0.896314	0.0	0.090663	2.07034	52.577973	52.617253500000004	89.044183	18.808967	147.331259	0.111837	81.377848	0.051562	59.667666	66.020865	79.419328	62.98272	1.515278	61.745967	0.067715	303.265417	14.174909	0.077009	15.886871	21.370733	0.019098	0.757992	243.82996	5.557137	0.018145	215.769622	3.378349	42.786401	0.0	45.379199	0.035637	1.508078	1.433815	11.22261	0.09246750000000001	44.465668	39.063972	0.007821	12.888352	0.140366	0.657717	0.089141	12.152776	92.326347	92.516278	5.561623	6.285656	9.855604	25.898205	17.457514	6.734024	86.984842	0.385305	73.58853
SRR8849246_bin.13	0.0	0.0	0.0	0.0	0.0	0.0	0.0	0.0	0.0	0.0	0.0	0.0	0.0	0.0	0.0	0.0	0.0	0.0	0.0	0.0	0.0	0.0	0.0	0.0	0.0	0.06266	0.0	0.0	0.0	0.0	0.0	0.0	0.0	0.0	9.710327	0.0	0.0	0.0	0.0	0.0	0.0	0.0	0.0	0.0	0.0	0.0	0.0	0.0	0.0	0.0	0.0	0.0	0.0	0.032046	0.0	0.0	0.0	0.0	0.0	0.0	0.0	0.0	0.0	0.0	0.0	0.0	0.0	0.0	0.0	0.0	0.0	0.0	0.0	7.098266	0.0	0.0	0.0	0.0	0.0	0.0	0.0	0.0	0.245717	0.0	0.0	0.0	0.0	0.0	0.0	0.0	0.0	0.0	0.0	0.0	0.0	0.0	0.0	0.0	0.0	0.0	0.0	0.0	0.0	0.0	0.0	0.0	0.0	0.0	0.0	0.0	0.801148	0.0	0.0	0.0	0.0	0.0	0.0	0.0	0.0	0.0	0.0	0.033096	0.0	0.0	0.0	33.237698	0.0	0.0	0.0	0.0	0.0	0.0	0.013434	0.0	96.432096	0.0	0.0	0.0	0.0	0.0	0.0	0.0	0.0	0.0	0.0	0.0	0.0	0.0121	0.0	0.0	0.0	0.0	0.0	1.887888	0.0	0.0	0.0	0.0	0.0	0.0	0.0	0.0	0.0	0.0	0.0	0.0	0.0	0.0	0.0
SRR17301519_bin.38	0.0	0.0	0.275855	0.008736	1.966789	0.024223	0.008943	0.0	0.088649	0.234659	0.0	0.0	0.0	0.023795	0.03225	0.277095	0.150438	0.0	0.023579	0.0	0.0	58.722763	0.0	0.0	0.0	0.0	0.041393	0.0	0.044912	0.0	0.021016	0.02439	0.194849	0.0	0.113574	0.0	0.0	0.0	0.0	0.0	0.039078	0.014197	0.020424	0.0	0.024392	0.021649	0.0	0.0	0.0	0.0	0.0	1.371317	0.0	0.0	0.0	0.0	0.0	0.0	0.0	0.0	0.022701	0.051335	0.0	0.0	0.0	0.0	0.015093	0.0	0.0	0.0	0.080728	0.052467	0.016733	0.0	0.0	0.0	0.025585	0.0	0.016832	0.014142	0.0317	0.009588	0.014422	0.0	0.0	0.039033	0.033979	0.037352	0.0	0.0	0.052163	0.018239	0.0	0.065183	0.016807	0.014425	0.0	0.0	0.0	0.011204	0.0	0.0	0.0	0.0	0.011804	19.261835	0.131345	0.0	0.0	0.0	0.018638	0.0	0.0	0.043895	0.047275	0.055595	0.469866	0.0	0.0	0.0	0.0	0.0	0.039602	0.0	0.0	1.459854	0.0	0.0	0.0	0.0	0.02491	0.0	0.055885	0.019949	0.028082	0.050798	0.02318	0.059759	0.009205	0.031863	0.0	0.009694	0.032452	0.009299	0.454491	0.0	0.0	0.0	0.203667	0.034342	0.043873	0.0	0.034653	0.023	0.019219	0.044809	0.0	0.033168	0.017656	0.916647	0.945739	0.0	0.0	0.0	0.0	0.055753	0.018718	0.0	0.0
SRR8849241_bin.10	0.0	0.0	0.0	0.0	0.0	0.0	0.0	0.0	0.0	0.0	151.60844	0.0	0.0	0.0	118.756806	0.0	0.0	0.0	0.0	0.0	0.0	0.0	0.0	0.0	0.0	0.0	0.0	0.0	0.0	0.0	0.0	0.0	0.0	371.760221	0.0	0.0	0.0	0.0	0.0	0.0	0.0	0.0	0.0	0.0	0.0	0.0	0.0	0.0	0.0	0.0	0.0	0.0	0.0	0.0	0.0	0.0	0.0	0.0	0.0	0.0	0.0	0.0	0.0	0.0	0.0	0.0	0.0	439.488198	0.0	0.0	0.0	0.0	0.0	0.0	0.0	0.0	0.0	0.072651	0.0	0.0	0.0	0.0	0.0	0.0	0.0	0.0	0.0	0.0	0.0	0.0	0.0	0.0	0.0	0.0	0.0	0.0	0.0	0.0	0.0	0.0	0.0	0.174979	0.0	0.0	0.0	0.0	0.0	0.0	0.0	0.0	0.0	0.0	0.0	0.0	0.0	0.0	0.0	0.0	0.0	0.0	0.0	0.0	0.0	0.0	0.0	0.0	0.0	0.0	0.0	0.0	0.0	0.0	0.0	0.0	0.0	0.0	0.0	0.0	0.0	0.0	0.0	365.447274	0.0	0.0	0.0	0.0	0.0	0.0	0.0	0.0	0.0	0.0	0.0	0.0	0.0	0.0	0.0	0.0	0.0	0.0	0.0	0.0	0.0	0.0	0.0	0.0	0.0	0.0	0.0
SRR17301534_bin.4	0.0	0.0	0.0	0.0	0.0	0.019967	0.0	0.0	0.0	0.0	0.131274	0.0	0.0	0.0	0.0	0.0	0.0	0.0	0.0	0.0	0.0	0.0	0.0	0.0	0.0	0.0	0.456484	0.0	0.340123	0.0	0.0	0.436449	0.0	0.0	0.0	0.0	0.114504	0.0	0.0	0.055323	0.0	0.0	0.0	0.0	6.096194	2.149275	0.0	0.0	0.0	0.0	0.0	0.0	0.0	0.0	0.0	3.030745	0.0	0.0	0.0	0.0	14.287821	0.0	0.0	0.0	0.0	0.0	0.0	0.018376	0.0	0.0	0.0	136.896218	0.0	0.076195	0.0	0.0	0.765683	0.0	0.0	0.0	0.0	0.0	0.175158	0.0	0.0	0.0	1.693598	0.0	0.0	0.0	8.246132	0.455503	0.0	0.0	0.050904	0.0	0.0	0.0	0.0	0.28092	0.0	0.0	0.202617	0.0	0.1466	0.0	7.171877	0.0	0.0	0.0	91.062318	0.0	2.792494	0.0	0.0	0.0	0.0	0.0	0.0	0.0	0.0	0.0	0.613395	0.085918	0.0	0.0	0.0	0.0	0.0	0.0	0.0	0.0	21.674992	0.0	0.017712	2.788599	0.04571	0.0	0.0	0.0	0.0	0.0	0.0	0.0	0.524042	0.0	0.0	0.0	1.183878	0.0	0.0	0.0	0.546543	0.040088	0.745336	0.310312	0.0	0.030092	0.0	1.271346	0.819024	0.0	0.0	0.0	0.0	0.0	0.500595	0.0	0.0
SRR9330792_bin.7	4.535063	4.222558	0.041098	0.0	0.031217	0.012682	0.025001	0.128736	1.465832	5.206656	9.547177	0.055332	8.953982	41.29857	0.237173	0.0	12.494795	0.0	0.0	0.015163	0.962061	1.062031	1.751649	9.372737	5.105333	2.983994	1.186232	0.030496	1.399819	0.0	0.441517	0.214159	0.006647	0.289254	0.062382	0.062098	0.50704	4.191494	0.493198	0.327997	2.677714	0.146143	2.950959	0.019454	0.08578	0.0	0.483412	0.538808	0.0	1.886802	0.054195	3.450296	0.032143	0.0	0.025883	0.013315	0.915512	62.414674	0.054239	0.228495	0.153943	44.608241	0.003606	0.0	0.031188	0.005336	0.523327	0.0	0.80686	0.059622	0.108049	2.568084	0.12181	3.512792	0.59437	0.321449	0.441006	0.015302	0.0	0.229981	0.221104	1.201212	0.266893	0.273238	0.529977	0.444273	0.080864	0.032738	0.040593	0.089354	0.222899	0.118872	0.0	0.137583	0.277913	0.011208	0.346396	0.0	0.018293	0.20773	0.013582	0.13164	0.122687	0.008965	0.897621	0.0	1.628237	0.0	0.068419	0.012123	0.281658	0.137923	0.320097	1.42778	2.235414	2.311584	0.040294	0.0	0.223107	0.031245	0.006517	0.028448	1.439149	15.302724	0.048696	4.036726	0.140403	0.914071	2.275427	0.135634	0.161716	0.087823	0.01466	1.010989	0.309962	1.236823	4.717899	3.791701	0.028195	0.226235	6.393887	0.157525	0.423398	0.026653	0.359259	0.65872	0.01855	0.096915	0.472763	1.087609	3.576453	0.748106	1.220375	1.885555	0.027077	0.009399	0.856253	0.04227	2.208276	0.254302	0.89682	0.898548	0.009027	0.0	0.0	1.520241	2.478188	0.043051	0.270392
SRR8849271_bin.6	0.0	0.0	0.0	0.0	0.0	0.082559	0.0	0.0	0.0	0.0	36.516502	0.0	0.0	0.0	0.0	0.0	0.0	0.0	0.0	0.0	0.0	0.0	0.0	0.0	0.0	0.0	0.0	0.0	0.0	0.0	0.0	0.0	0.0	0.0	0.0	0.0	0.0	0.0	0.0	0.165992	0.0	0.0	0.0	0.0	0.0	0.0	0.0	0.0	0.0	0.0	0.0	0.0	0.0	0.0	0.0	0.0	0.0	0.0	0.0	0.0	0.0	0.0	0.0	0.0	0.0	0.0	0.0	0.0	0.0	0.0	0.0	0.0	0.0	0.0	0.0	0.0	0.0	0.0	0.0	0.0	0.0	0.0	0.0	0.0	0.0	0.0	0.0	0.0	0.0	0.0	0.0	0.0	0.0	0.0	0.0	0.0	0.0	0.0	0.0	0.0	0.0	0.0	0.0	0.0	0.0	0.0	0.0	0.0	0.0	0.0	0.0	0.0	0.0	0.0	0.0	0.0	0.0	0.0	0.0	0.0	0.0	0.0	0.0	0.0	0.0	0.0	0.0	0.0	0.0	0.0	0.0	0.0	0.0	0.0	0.0	0.0	0.0	0.0	0.0	0.0	0.0	0.0	0.0	0.0	0.0	0.0	0.0	0.0	0.0	0.0	0.0	0.0	0.0	0.0	0.0	0.0	0.0	0.0	0.0	0.0	0.0	0.0	0.0	0.0	0.0	0.0	0.0	0.0	0.0
SRR8849247_bin.22	0.0	0.0	0.0	0.0	0.0	0.0	0.014389	0.051382	0.0	0.0	0.04201	0.010096	0.0	0.0	0.0	0.011091	0.017758	0.0	0.0	0.0	0.0	0.104627	0.0	0.0	0.0	0.0	0.0	0.0	0.0	0.0	0.0	0.0	0.018757	298.171708	0.0	0.022104	157.049011	0.0	0.0	0.0	0.059685	0.0	0.0	0.0	0.0	0.0	0.0	0.0	0.0	0.0	0.028249	0.0	0.0	0.0	0.0	0.0	0.0	0.010426	0.069721	0.0	0.0	0.013826	0.0	0.0	0.0	0.0	0.0	0.0	0.0	0.0	0.0	57.96562	0.0	0.0	0.0	0.0	0.00975	0.012762	0.0	0.0138	0.0	0.0	0.005526	0.010283	0.0	0.0	0.020048	57.411813	0.015747	0.0	0.023841	0.0	0.0	0.018383	0.0	0.005971	0.014689	0.0	0.0	0.0	0.0	0.493512	91.995871	0.0	0.0	0.0	0.0	0.0	0.0	0.0	0.008724	0.0	14.059105	0.0	0.023352	0.0	0.026588	0.0	0.0	0.0	0.0	0.040053	0.01145	0.0	0.0	0.0	0.0	0.0	0.0	0.0	0.0	0.0	0.030116	0.0	0.019884	53.606061	0.020106	0.056311	0.0	0.011285	0.12035	0.0	0.0	0.0	0.405003	0.0	0.096712	0.0	0.04518	0.006859	0.019888	0.078938	152.861379	0.012892	0.0	0.055534	64.450876	0.009373	0.0	0.0	0.0	0.0	0.031786	0.0	0.0	0.027642	0.0	0.0	0.0
SRR8849253_bin.44	0.0	0.0	72.756213	0.142263	0.0	63.693249	0.0	0.0	5.796602	63.865471	0.410755	0.0	0.0	0.050227	31.247755	0.0	0.0	0.0	0.0	0.0	0.0	0.0	0.0	0.0	12.343118	0.0	0.0	0.0	0.09295	0.723917	0.660234	0.055493	0.0	10.402874	76.726763	0.189029	16.092992	0.0	0.0	2.569513	0.0	0.0	0.0	0.0	0.0	0.0	0.0	0.0	0.0	0.0	0.0	0.0	0.200837	0.47864	0.0	0.0	0.0	0.0	0.0	0.057718	0.0	0.0	0.0	0.0	0.0	0.0	0.050404	0.0	0.0	0.0	0.0	87.292057	0.0	2.510523	0.0	0.0	27.717929	0.110826	0.0	0.037286	0.0	0.035716	0.294118	0.0	0.0	0.0	0.443952	215.69744	0.0	0.0	0.154577	0.0	0.0	0.0	0.0	0.0	0.0	0.048308	0.27033	0.451349	0.177409	0.10188	0.0	0.082506	0.0	0.0	0.0	0.0	0.0	0.0	7.863516	0.0	0.0	0.0	0.159965	0.02838	33.725531	0.0	0.0	0.045275	0.031788	0.684393	0.0	0.052458	0.0	108.1931	0.0	0.0	0.0	0.0	0.0	0.0	0.189579	0.0	0.014209	51.266757	0.0	0.0	0.092246	99.43537	0.0	0.015971	0.0	0.0	7.193226	0.028511	0.083656	9.91922	0.460947	0.0	45.261981	0.235714	24.234434	2.309162	0.036161	2.587879	0.380872	56.291101	387.142289	10.638298	100.859391	0.01296	0.23644199999999999	0.0	0.03671	55.503546	0.0	0.0	0.0
SRR17301516_bin.20	0.0	0.49023	3.962797	2.124103	1.008241	0.934955	0.278173	0.0	0.536262	0.452951	0.619727	1.811044	0.0	0.113903	2.406508	0.42051	2.811891	0.88756	134.293168	1.481737	2.619402	1.661532	0.143199	0.0	0.0	0.0	0.0	0.0	0.0	2.884387	0.697519	0.249683	0.094046	2.025005	0.085966	0.384484	0.437378	0.375484	0.195726	0.193967	1.505422	7.371825	0.161893	0.641034	0.499505	8.163997	9.099018	1.026193	2.159113	0.0	0.511025	0.684013	0.0	0.965163	2.13678	0.72278	0.064763	0.0	0.290268	1.794851	0.0	0.850643	1.338606	0.235659	0.0	21.292727	0.117814	3.814494	0.812246	11.697951	0.508356	0.808665	1.890054	0.448943	0.650849	0.771144	0.839038	0.481563	0.190456	2.678955	1.650551	0.056813	0.747134	0.315682	0.0	2.849612	1.05571	1.660192	1.092011	11.453287	0.0	2.471995	0.524216	0.412521	1.231675	0.234899	0.977364	0.119905	2.047582	0.19715	0.719294	1.245006	0.0	2.534156	1.921204	5.278069	0.701091	3.651934	1.099136	2.557437	5.797097	0.952332	0.149731	4.678058	2.471084	0.07689	0.119612	0.218911	0.20888	0.965084	6.687324	2.217319	0.480893	0.0	0.781937	0.0	0.0	0.404877	0.0	0.0	6.548594	0.0	0.185157	0.639082	3.322505	0.158876	0.724407	1.179926	2.120576	0.788782	1.23722	0.138549	0.211916	0.953762	5.624578	0.0	5.725068	0.936044	1.592403	0.0	0.753773	2.791126	0.518452	0.391456	2.105442	1.139448	0.0	1.335799	0.981616	1.117932	1.537454	2.014549	7.837433	0.722383	3.415648	0.153606	0.112806	0.0	0.0
SRR17301537_bin.16	0.0	0.0	0.017263	0.0	0.03065	0.079564	0.0	0.0	0.0	1.4059	0.159653	0.0	0.0	0.0	0.074665	0.0	0.045739	0.0	0.0	0.03008	0.024985	0.018566	0.0	0.0	0.0	0.0	0.369405	0.0	0.0	0.0	0.012419	0.0	0.0	0.0	0.0	0.0	0.0	0.589555	0.0	0.0	0.142003	11.773506	0.0	0.0	0.023993	0.0	0.0	0.0	0.0	0.0	0.0	0.0	0.0	0.0	0.0	0.0	0.044213	0.0	0.0	0.020428	0.0	0.0	0.019997	0.0	0.0	0.0	3.230451	0.0	0.013639	0.104791	45.0838685	0.176429	0.082683	0.428843	0.0	0.0	0.007105	0.0	0.0	0.0	0.0	0.0	0.087886	0.0	0.0	0.054351	0.100624	0.045938	0.0	0.097409	19.417309000000003	0.0	0.0	14.206616	0.097093	0.0	0.0	0.0	0.0	0.0	0.0	0.0	0.0	0.0	0.0	0.02851	0.092509	0.0	0.237088	0.0	0.237242	0.027849	0.0	0.116154	6.900068	0.910426	0.0	0.0	0.0	0.0	0.0	0.0	0.014219	0.0	0.0	0.0	0.0	1.376065	0.0	0.0	0.0	0.0	0.464888	0.02871	0.087995	0.0	0.0923075	0.106573	0.0	0.0	0.0	0.056542	0.0	0.0	0.0	0.0	1.066757	0.0	2.136779	0.0	0.020372	0.0	0.0	1.12502	0.089167	0.0	0.0	0.085921	0.048578	0.0	0.0	0.0	0.0	0.725165	0.0	0.0	0.0	0.253559	0.158772
SRR9330792_bin.12	0.162052	0.577787	0.39226	0.014212	4.868626	0.435359	0.587642	0.463536	0.078275	0.085889	0.809125	20.108044	0.770601	2.019846	0.725291	1.737688	0.933108	0.15272	0.046327	0.30868	0.552786	0.026776	0.079828	0.166792	0.097664	0.044085	2.49376	3.714432	14.5905	20.934534	1.169523	21.367461	2.372348	0.877152	0.091632	0.025261	0.069211	3.334278	2.167689	0.593897	0.523391	1.158224	0.294872	0.177381	3.651773	0.16968	0.432757	11.398333	2.97531	0.874864	0.583429	4.176529	0.844601	2.563257	62.560842	1.459543	0.183106	112.908369	0.069476	1.246521	2.159508	0.031325	0.198683	0.385438	0.052587	133.96595	0.428266	1.104838	0.093368	16.898979	0.394895	0.119132	0.34184	1.29222	0.206652	0.591761	0.100565	109.220737	10.35998	11.452384	0.154866	0.13129	2.157962	0.396485	0.083106	0.11181	0.289723	0.234497	5.247196	72.638939	0.214692	0.569308	0.549409	0.12616	0.165666	0.043133	5.012849	0.43244	9.153636	0.016129	2.318606	11.714403	0.681852	86.432435	9.427912	0.357987	0.075094	0.035223	16.91795	2.525046	0.075262	38.505665	0.04373	0.117584	0.011856	0.459227	0.218599	0.21605	0.021029	30.956002	7.779182	0.965964	0.050346	0.790481	32.951125	0.329122	0.550579	0.690761	0.017425	0.332142	0.259219	0.129039	0.705465	0.042799	0.083917	0.062795	0.2306	0.50775	0.184813	0.033003	0.084574	7.563068	0.661354	1.006119	1.973011	0.082553	1.175409	0.460198	24.272635	0.124702	5.469583	4.689155	0.086998	1.410415	0.193164	1.792123	0.458561	0.119329	0.112424	0.088403	3.679024	0.376805	0.933536	0.049267	2.432656	0.987033	0.089011	1.307429	0.184446
SRR17301541_bin.7	0.0	0.0	0.051562	0.0	0.0	0.0	0.0	0.0	0.781222	0.0	0.0	0.0	0.0	0.262834	0.0	0.0	0.04548	0.0	3.051707	0.186723	0.0	0.0	0.0	0.0	0.4909095	0.0	0.0	0.0	0.0	0.0	3.233374	0.0	0.0	0.0	0.0	0.0	0.0	0.0	0.0	0.0	12.53693	0.0	0.0	0.0	0.0	0.0	0.0	0.0	0.140061	3.309409	0.0	0.0	0.0	0.0	0.0	0.0	0.0	0.0	0.0	0.0	0.0	0.0	0.0	0.0	0.0	0.0	0.0	0.0	0.0	0.0	0.0	0.138264	0.0	0.164642	1.165168	0.0	0.264	0.0	0.0	0.0	0.84021	0.0	0.0	0.0	0.0	0.0	0.074122	0.0	0.0	0.0	0.0	0.0	0.0	26.7005045	0.390827	0.0	0.447023	0.0	0.0	0.0	1.2255880000000001	0.0	0.0	0.0	0.0	0.0	0.0	0.0	0.0	0.0	0.249142	0.0	0.0	0.0	0.296899	0.0	0.0	1.9488094999999999	0.0	0.0	0.0	0.0	0.832612	0.076797	0.0	0.0	0.0	0.0	0.0	0.0	0.0	0.0	0.0	0.0	0.0	0.078807	0.0	8.807529500000001	0.0	0.052526500000000004	0.0	0.0	0.0	0.0	0.0	0.0	0.0	0.072708	0.0	0.0	0.02986	0.0	0.0	0.375018	0.0	0.0	0.0	0.0	0.0	0.0	0.0	0.0	0.0	0.0	0.0	0.0	0.0	0.933472	0.0
SRR8849216_bin.12	0.777924	48.24606	0.239463	0.134417	10.514674	0.059034	6.450529	17.269117	3.496755	0.0	0.098811	0.045766	0.064405	0.029974	0.427973	0.0	0.0	0.0	0.0	0.0	0.0	0.0	0.017335	0.023878	0.380874	0.027892	1.963041	0.102781	0.141985	0.381335	0.0	0.0	104.542488	28.598265	0.348891	8.164523	0.152983	0.0	0.01083	0.0	0.0	17.713012	1.795552	0.011839	0.021016	0.0	23.638533	0.029787	46.7233	8.272554	0.318475	0.178298	0.0	54.201643	0.018211	42.470877	0.0	0.0	0.485928	6.117642	7.341927	8.484539	0.004879	0.0	0.034924	0.354156	114.4998	0.0	0.028279	0.043869	0.132048	0.0	0.0	0.023423	0.0	0.0	2.523036	0.182875	53.267622	37.427902	0.010438	4.542177	0.0	48.557672	72.389506	0.0	0.0	0.0358	0.0	0.0	0.0	0.0	0.014211	0.0	0.02227	0.214974	0.532251	0.0	0.376553	0.022421	0.01204	1.165746	0.166048	0.932913	0.0	21.125249	0.0	0.0	0.0	0.038862	0.0	0.0	0.0	0.0	0.0	0.020185	0.02391	42.722252	0.016425	36.277734	0.591587	0.066202	6.983723	22.077085	0.069645	0.534011	0.053417	0.192592	0.756604	0.0	0.010959	0.032429	0.0	0.537371	2.897024	0.0	0.01271	0.0	0.585684	16.091205	5.900775	0.119129	0.0	0.30499	0.084351	0.0	0.915793	0.0	0.061848	0.048982	0.0	0.133677	0.01753	0.0	0.019553	10.027013	0.016686	0.268708	1.036765	8.165579	2.604978	0.0	0.105664	1.168957	0.008916	4.191436	0.360919	0.232852	0.645265
SRR8849211_bin.5	0.0	0.0	0.013558	0.268182	0.032911	35.391125	0.066524	1651.92191	0.020297	0.098346	236.604511	0.112469	16.347511	0.0	0.014836	0.007933	0.03442	0.019213	0.613908	0.0	0.014417	0.0	35.279883	0.0	0.0	0.847268	0.0	0.0	16.593733	1815.653507	0.008644	0.410351	0.027553	0.367929	0.186227	1068.763597	60.551516	0.058955	1300.993516	16.033527	105.211801	276.438194	0.666866	0.513777	0.0	128.927988	3.326991	0.0	2.70122	0.484281	0.054692	0.0	0.178102	0.0	0.089492	0.069322	0.247834	0.0	0.0	0.353808	46.238639	0.063908	0.145469	66.708561	0.0	1666.770696	0.0	0.0	0.0	6.187052	0.010529	0.0	2003.501207	0.031112	0.10328	0.080269	40.371373	8.390608	0.074269	0.415776	0.244592	0.011778	0.099619	0.198631	0.0	0.077881	43.18041	16.72838	175.457247	0.024957	43.71761	3.732793	3600.68975	0.054862	0.609562	2.569385	0.231124	0.0934	0.257919	215.580512	0.506483	405.003198	0.031533	0.268258	572.514691	0.123162	9.833279	29.153544	0.364179	139.5358	0.283373	0.278898	0.0	0.021615	0.261609	0.004238	0.053236	0.087253	269.458145	0.073194	0.09062	0.787473	148.68597	17.581054	485.071264	0.077135	0.0	0.0	0.0	0.0	0.0	10.76212	0.984274	1.924259	1.223052	0.025731	0.125693	107.332171	22.30113	0.134204	4.159192	319.89106	0.0	0.093809	109.381275	8.578702	2329.254448	0.028234	35.775717	0.154669	0.032251	0.190266	29.79189	0.163324	0.091724	0.570607	4.864533	0.226799	76.454898	0.006191	0.63556	1336.193298	1044.303231	1.004585	0.052051	0.014947	0.129514	0.0	0.016515
SRR8849221_bin.22	0.0	0.0	0.0	0.0	0.0	0.0	0.0	0.0	0.0	0.0	0.0	0.0	0.0	0.0	0.0	0.0	0.0	0.0	0.0	0.0	0.0	0.0	0.0	0.0	0.0	0.0	0.0	0.0	0.0	0.0	0.0	0.0	0.0	0.0	0.0	0.0	0.0	0.0	0.0	0.0	0.0	0.0	0.0	0.0	0.0	0.234575	0.0	0.0	0.0	0.0	0.0	0.0	0.0	0.0	0.0	0.0	0.0	0.0	0.0	0.0	0.0	0.0	0.052957	0.0	0.0	0.0	0.0	0.161824	0.0	0.0	0.0	0.0	0.0	0.0	0.0	0.0	0.0	0.0	0.0	0.0	0.0	0.0	0.0	0.0	0.0	0.0	0.0	0.0	0.0	0.0	0.070745	0.0	0.0	0.0	0.0	0.0	0.0	0.0	0.0	0.0	0.0	0.0	21.1318925	0.0	0.0	0.0	0.0	0.0	0.0	0.0	0.0	0.0	0.0	0.813512	0.0	0.0	0.0	0.0	0.0	0.0	0.0	0.0	0.0	0.0	0.0	0.0	0.0	0.0	0.0	0.0	0.0	0.0	0.463634	0.0	0.0	0.0	0.0	0.0	0.0	0.0	0.0	0.0	0.0	0.0	0.0	0.0	0.0	0.0	0.0	0.0	0.0	0.0	0.0	0.0	0.0	0.0	0.0	0.0	0.0	0.0	0.0	0.0	0.0	0.0	0.0	0.0	0.0	0.0	0.0
SRR8849290_bin.10	0.0	1.577065	0.358784	0.014745	0.038746	0.012224	0.00814	0.096888	0.011132	7.365934	0.028906	0.007291	0.0	0.010849	0.032533	0.04235	1.202346	0.147658	0.057325	0.008925	0.0	0.068063	0.023152	0.0	0.024866	0.0	0.0	0.0	0.0	0.016325	0.01258	0.018707	0.116216	0.0	0.006556	0.0	0.0	0.010677	0.079462	0.016314	0.157027	0.009913	0.068387	0.014973	0.0	0.052237	0.013735	0.02968	0.011995	0.0	0.0	0.084452	0.16859	0.546037	0.111278	0.0	0.394488	0.0	0.0	0.353602	0.003302	69.790807	0.057173	0.0	0.0	0.038853	0.038655	0.0	0.0	0.097801	0.236429	8.293365	0.038888	0.116568	0.033965	0.0	0.56757	0.584146	0.35226	0.033412	1.336727	0.010234	0.073179	0.008487	0.011845	4.754366	0.019759	0.017941	0.011046	0.166661	0.024159	0.0	0.007291	0.0	0.012257	0.018026	0.014836	0.012893	0.007112	0.105359	0.024624	0.033887	0.024241	0.054247	0.008567	0.028811	0.056278	0.0	0.935988	0.386621	0.03052	0.439619	0.0	0.172653	0.126477	0.025692	0.056179	0.0127	0.01278	0.018	0.014156	0.129197	1.627507	0.0	0.269418	0.043629	0.0	0.01905	0.020491	0.018274	0.705432	0.0	0.027372	0.181709	6.874717	0.03884	0.227169	0.197829	0.904965	0.088047	0.128171	0.005218	0.0	0.010577	0.267731	0.0	0.081981	0.0	0.10323	0.917396	0.075238	0.02504	0.012944	0.111695	0.062954	0.028173	0.0	0.064512	0.048174	0.101637	0.027504	0.0	0.149672	0.017411	0.007665	0.0296	0.012229	0.0	0.0
SRR8849241_bin.21	0.0	0.0	0.032363	0.0	0.0	0.0	0.0	0.0	0.0	83.317461	0.0	0.035642	0.0	0.0	0.0	0.055483	0.030431	0.0	0.0	0.0	0.0	0.0	0.0	0.0	0.0	0.0	0.0	0.0	0.0	0.0	0.0	0.0	0.0	0.0	0.0	0.0	0.0	0.033854	0.0	0.0	0.0	0.456691	0.0	0.0	0.0	0.0	0.0	0.0	0.0	0.0	0.0	0.0	0.0	0.0	0.0	0.0	0.0	0.0	0.0	0.126479	0.0	0.0	0.0	0.0	0.0	0.0	0.0	56.182645	0.0	0.0	0.025875	0.0	0.0	0.0	0.0	0.083099	0.0	0.278229	0.0	0.018266	0.0	0.0	0.0	0.0	0.0	0.0	0.0	0.0	0.0	0.0	0.055833	0.0	0.0	0.0	0.031707	0.0	0.068311	0.0	0.0	0.0	0.0	0.0	7.707068	0.01629	0.0	0.0	0.055281	0.02923	0.032585	0.0	0.014299	0.014459	0.0	0.0	0.0	0.0	0.0	0.0	0.0	0.0	0.0	0.060651	0.0	0.0	0.0	0.0	0.0	0.0	0.0	0.0	0.047511	0.0	161.713471	0.051418	0.022856	0.0	148.671628	0.0	0.098801	0.019593	0.0	49.848755	0.0	0.0	0.040905	0.0	0.07157	0.0	0.0	0.047411	0.43202	0.0	0.0	0.021708	188.695713	0.096999	0.0	0.0	0.0	0.0	0.0	0.099658	0.045502	0.0	0.014225	0.0	0.0	0.0	0.0
SRR9330777_bin.13	0.01698	0.02009	0.0	0.0	0.0	0.0	0.0	0.0	0.0	12.421953	0.031378	0.0	0.012789	0.011395	0.0	0.0	0.0	0.292451	0.0	0.0	0.0	0.0	0.017098	0.037674	0.0	0.042562	100.836658	0.01137	0.016845	0.007653	0.0	0.0	0.0	0.0	0.0	0.0	0.0	0.0	0.0	0.02666	0.0	0.0	0.0	13.530023	0.0	0.179281	0.0	0.0	0.016599	0.0	0.0	0.0	14.221391	13.830356	0.0	0.0	0.0	0.0	0.0	0.0	0.0	0.0	0.291766	0.0	0.0	0.0	0.0	0.0	0.0	0.0	0.0	0.0	0.0	0.0	0.0	0.0	0.0	37.257663	0.0	0.006253	1.148323	0.0	0.0	0.0	0.0	0.0	0.0	0.0	0.0	0.0	0.0	1.314785	0.0	0.0	0.36563	0.0	0.0	0.0	0.0	0.0	0.0	50.469945	0.0	2.600866	0.478076	0.0	0.0	0.0	0.0	0.0	0.0	0.0	0.0	0.0	0.0	0.0	0.0	0.0	22.953391	0.0	0.0	0.042269	0.0	0.015779	0.0	0.0	18.139364	0.074629	0.0	129.480696	0.0	27.972279	0.0	0.0	0.014602	0.0	0.0	0.007563	0.043272	0.0	5.035213	0.0	0.013879	0.0	1.055663	0.0	0.954957	13.889005	0.0	0.0	0.0	0.0	0.0	0.0	0.06814	0.004259	0.012875	0.0	0.0	0.0	0.0	0.0	0.0	0.0	0.0	0.0	0.0	0.073249	0.01061
SRR17301535_bin.16	0.0	0.0	0.0	0.0	0.0	0.0	0.0	0.0	0.01285	0.0	0.0	0.0	0.0	0.0	0.023087	0.0	10.90839	0.334063	0.082853	0.0	1.766348	1.461844	0.0	0.0	0.0	0.0	0.0	0.166792	0.0	0.0	0.0	0.0	0.0	0.0	0.0	0.0	0.0	0.0	0.0	0.0	0.0	0.0	0.0	0.0	0.0	0.0	0.0	1.038527	0.0	0.0	0.0	0.0	0.0	0.0	0.075029	0.0	0.039402	0.0	0.0	0.022499	0.0	0.0	0.436099	0.0	0.0	0.120319	0.0	0.0	0.075364	0.049207	0.005792	0.025817	80.87212	0.0	0.0	0.0	0.0	0.0	0.0	0.0	0.0	0.0	0.0	0.0	0.0	0.10199	0.0	0.025862	0.177998	7.538889	0.036737	0.0	0.0	0.0	0.030946	0.0	0.0	0.0	0.0	0.0	0.0	0.0	0.0	0.0	0.0	0.0	0.068841	0.0	0.062272	0.0	0.051237	2.239226	0.0	0.055733	0.007039	0.0	0.0	0.0	0.0	0.0	0.0	0.019736	0.0	0.0	0.0	0.0	0.0	0.0	0.0	0.0	0.105204	0.0	0.053164	0.035401	0.047382	0.0	0.00845	0.0	0.028735	0.0	0.0	0.0	0.0	0.0	0.0	0.0	0.0	0.0	0.0	0.0	0.011292	0.0	0.0	0.0	0.0	0.0	0.0	0.013704	0.0	0.0	0.0	0.0	0.0	0.0	0.0	0.0	0.008337	0.0	0.0
SRR9330788_bin.5	0.047282	0.0	0.048039	0.115512	0.015552	10.272879	0.056632	0.0	0.028159	0.0	0.045701	0.0	0.0	0.0	0.07924	0.038557	0.029637	0.0	0.0	0.042289	0.0	0.0	0.0	0.0	11.929941	0.0	0.021457	0.0	20.635791	0.019406	0.038918	0.141819	0.014992	0.0	0.014805	0.0	0.0	0.045729	0.0	3.497779	0.057562	0.044095	0.052563	0.0	13.354913	0.23061	0.036592	0.0	0.0	0.205521	0.0	0.0	0.0	0.0	0.0	0.040682	0.0	0.0	0.019398	0.025994	0.038837	0.0	0.0	0.0	0.0	0.0	0.028378	0.058215	0.030376	0.030517	0.078514	0.03265	0.0	0.066339	0.0	0.0	15.493437	0.032935	0.0	0.056316	0.022931	0.012415	0.044857	0.051355	0.066219	0.0	0.02202	0.11622	0.0	0.0	40.720796	0.0	0.0	0.086599	0.062108	0.034498	1.376475	0.039068	0.0	0.015385	0.068787	0.051206	0.920374	0.025291	0.023671	0.0	0.039752	0.366942	0.017998	0.128496	0.155571	0.0	0.0	0.027226	0.0	22.021311	0.03979	0.0	0.028021	0.0	0.014215	0.059402	0.0	0.029785	0.0	0.111351	0.0	0.0	0.0	0.0	0.043796	0.0	127.654791	33.81185	0.039248	0.025706	1.567722	0.057869	0.09767	0.087924	0.030009	0.049443	0.0	0.014786	0.11954	34.237704	0.0499	0.0	0.123943	0.0	0.164877	0.026299	0.028276	0.082276	0.013742	0.082415	0.086314	0.047069	0.041714	0.032696	0.035587	0.0	0.012055	0.0	0.014077	0.0	0.0	0.0	0.033738
SRR8849268_bin.6	0.0	0.0	0.0	0.0	2.544026	0.0	0.0	0.0	0.054486	1.533957	0.043832	0.0	0.0	0.0	0.156807	0.0	0.01476	0.0	0.0	0.0	0.0	0.0	0.0	0.057522	0.0	0.0	0.0	0.0	0.02829	0.452852	0.227257	0.0	0.0	0.0	0.0	0.0	0.0	0.0	0.0	0.11733	0.105887	0.392326	0.0	0.0	0.032773	0.0	0.0	0.0	0.0	0.0	0.0	0.0	0.0	0.0	0.0	0.0	0.0	0.0	0.0	0.0	0.0	0.0	0.0	0.0	0.0	0.0	0.0	0.0	0.0	0.0	0.0	0.02944	0.0	0.358544	0.0	0.0	0.582319	0.034648	0.0	0.0	0.0	0.0	0.193192	0.0	0.0	0.015428	0.052923	0.0	0.0	0.0	0.034877	0.0	0.0	0.0	0.0	0.008179	0.0	0.0	0.0	0.245246	0.0	0.0	0.0	0.05108	0.0	0.0	0.034916	0.0	0.0	0.0	0.044304	0.0	0.0	0.045646	0.018066	0.0	0.0	0.0	0.0	0.0	0.0	0.20191	1.791953	0.0	0.0	0.0	0.0	0.0	0.0	0.0	0.0	0.0	5.208723	0.0	0.0	0.0	0.028418	0.06197	0.04489	0.0	0.0	0.0	0.0	0.0	0.086472	0.0	0.022351	0.0	11.704106	0.0	0.024575	0.0	0.0	1.981519	0.0	0.189298	0.0	32.187322	0.0	0.0	0.0	0.090426	0.007864	0.0	0.0	0.0	0.0	0.036194	0.0
SRR17301514_bin.10	0.0	0.0	0.0	0.086459	0.033784	0.0	0.0	0.0	0.0	0.0	0.0	0.0	0.0	0.0	0.206196	0.0	19.941078	0.0	0.0	5.484579	0.0	8.218276	0.0	0.0	0.0	0.0	0.0	0.0	0.0	0.0	0.0	0.114088	0.0	0.0	0.471494	0.0	0.0	0.0	0.0	0.0	0.085143	0.0	0.0	0.0	0.0	0.0	1.377788	0.0	0.616904	0.0	0.0	0.0	0.0	0.0	0.0	0.0	0.0	0.0	0.0	0.0	0.0	2.322243	0.0	0.0	0.0	0.0	0.0	0.0	0.465625	0.0	0.557004	0.0	2.451812	0.0	0.0	0.0	0.0	0.0	0.0	0.180678	0.0	0.0	0.132939	0.0	0.0	0.0	0.0	3.088727	0.0	0.0	0.0	0.0	0.0	1.216336	1.549304	0.0	0.0	0.0	0.0	0.0	0.0	0.32184	0.0	0.0	0.0	0.0	7.299528	0.0	0.0	0.0	0.158807	0.0	6.071064	0.422148	0.0	0.0	0.058176	0.0	0.0	0.308937	0.0	0.0	0.0	0.0	0.0	0.0	0.0	0.0	0.0	0.0	11.296194	0.0	0.0	1.640855	0.298025	0.0	0.0	0.049234	0.0	0.0	0.0	0.0	0.0	0.0	0.0	0.0	0.0	0.0	0.0	0.0	0.0	0.0	0.030335	0.0	0.0	0.0	0.0	0.13637	0.0	0.134163	0.0	0.0	0.0	0.0	0.0	0.0	0.0	0.0	0.0
SRR8849214_bin.11	2.58436	4.854996	51.684953	49.763974	4.443209	10.796335	8.598426	0.248008	0.520413	0.290819	9.61697	0.076184	0.689482	0.479889	19.043209	77.704501	0.663066	0.446156	0.069955	0.613091	0.116358	46.486467	2.01707	0.311253	1.747992	0.161023	5.085698	0.0	1.150157	1.204804	6.708034	87.733765	13.374052	21.362891	10.414973	3.975038	7.596005	22.849613	8.067979	4.683992	75.751677	18.730395	2.711044	8.771575	9.031958	23.441824	11.684943	0.261223	0.409128	0.287939	29.09127	0.119278	0.076071	0.200654	0.023279	3.252422	0.201995	0.045158	17.819514	12.153301	6.919596	16.268656	0.310885	0.115464	0.0	0.658345	6.141231	125.996315	0.512189	67.905513	110.480194	203.250777	0.37638	5.400457	0.139139	39.785285	37.715229	217.842464	0.284424	34.251539	1.161625	61.298065	26.733869	7.759156	9.0582	0.369313	35.310757	78.686626	0.137872	0.076923	125.710685	0.397449	0.369005	15.670462	13.318959	0.133969	5.188285	0.399084	0.122603	19.019597	63.945245	1.702898	2.617049	35.336658	10.706779	0.298117	0.313889	165.775763	0.054539	0.586196	159.190362	1.019243	0.484614	40.335693	24.272925	3.201357	3.897472	13.480283	1.128081	34.105987	5.833519	1.018092	0.118443	3.460516	36.143918	9.873574	0.23607	3.61345	0.020893	0.0	0.440645	0.442498	11.595962	70.111893	0.561651	26.896105	87.324377	73.919372	198.925717	19.127084	14.10123	4.485477	0.037854	33.320029	1.490743	0.073459	109.172338	1.163827	27.853347	4.879092	2.180764	0.119966	8.307166	9.281796	19.772742	19.307242	4.117622	3.163637	8.910038	0.626082	19.721001	0.218355	0.554214	10.373355	0.217527	14.949941	0.873423	4.983233	0.068143
SRR8849280_bin.35	0.0	0.0	0.049138	0.032233	0.0	21.596501	0.0	0.0	0.012572	0.0	0.702254	0.0	0.236917	1.888227	80.894655	0.143377	2.527797	0.009666	0.0	0.0	0.0	0.0	0.0	0.0	0.023736	0.0	0.0	0.0	0.0	0.01251	0.0	154.062596	0.0	0.033665	24.245621	0.0	0.0	4.465046	0.011811	0.0	0.023983	0.0	0.0	0.0	4.87373	0.0	0.0	0.0	0.018234	0.0	0.0	16.22868	0.0	0.113967	0.0	0.0	0.0	0.0	0.0	0.366032	0.0	0.010383	0.019197	0.052852	0.0	0.0	5.640148	0.0	0.0	0.0	0.0	0.583074	0.0	0.097268	13.598345	0.013716	0.013032	0.01993	0.0	0.0	0.043829	0.0	0.010181	0.0	10.718007	0.01882	0.0	3.137646	0.0	0.0	0.025761	0.0	0.0	0.007465	0.18645	0.0	0.609498	0.019551	0.0	0.009308	0.0	0.022199	0.0	0.0	0.0	0.0	0.087086	0.0	0.0	0.034677	0.046651	0.0	0.0	0.027855	0.0	0.0	0.0	0.0	0.0	0.0	0.0	0.0	0.0	0.019177	0.946559	2.888237	0.0	0.0	0.0	0.0	0.0	0.0	0.054442	7.451	0.0	0.016273	0.006671	0.0	0.005037	1.389093	0.090535	0.152775	0.0	0.005992	0.0	0.0	0.0	0.0	0.008481	0.0	0.020467	0.048035	0.011122	0.079238	0.0	0.014055	0.0	0.067389	0.0	0.0	0.004983	0.0	0.038452	0.0	0.0	0.0	0.0	0.0	0.0
SRR8849213_bin.38	27.435355	194.235728	47.105387	0.222754	6.153568	15.776015	8.058227	58.672247	4.546988	25.90282	86.012363	69.56556	117.698422	38.005601	8.41622	0.108598	14.244651	33.472774	1040.048645	6.577833	0.069998	40.433316	52.477218	36.213539	63.002703	24.204171	41.369903	682.150766	59.530367	10.445059	12.262147	2.277227	25.440396	1.054023	11.295877	6.976518	10.825772	32.418788	10.200051	71.24832	4.199006	25.561424000000002	22.4191	29.14162	3.995274	17.557196	18.057888	5.24322	72.41853	40.47671	6.049654	13.238183	27.100451	107.503527	0.133635	2.910127	230.582308	41.970844	73.447156	86.728976	6.993771	0.183732	0.246456	0.0087	458.679529	10.212192	62.48792	0.096141	9.330783	64.119811	1.658171	16.330381	4.864432	12.134882	36.529036	28.361644	5.907635	3.190078	136.508057	18.023505	4.391036	51.529127	7.724301	41.451747	86.205318	22.878504	3.330263	6.7397	7.301745	14.348971	2.722848	30.56223	0.518737	1.26859	1.06759	29.489931	14.493677	25.554651	40.996365	43.032034	0.094042	40.473455	12.361909	4.511271	32.328367	3.315292	0.994198	5.463651	7.319163	13.623122	2.585763	37.496188	1.78627	2.863648	5.703999	6.530517	16.320567	165.289905	11.073274	32.295873	7.025091	42.182007	19.786761	47.432777	13.466328	15.131017	59.042628	88.894536	218.451774	69.393104	22.12854	116.099694	4.135459	2.243059	3.254632	40.285694	17.176296	5.135322	1.860531	7.745546	60.687023	8.367803	0.381916	4.646936	3.106753	137.58831	3.095129	5.58448	13.321891	38.099567	15.715298	9.160461	15.811159	7.701566	1.007929	0.604006	14.243921	0.828755	7.37605	46.32448	4.210789	45.507299	0.151248	0.755703	0.386363	12.52489	17.627329	126.748061	14.255217
SRR8849290_bin.1	0.008188	0.480015	3.759096	0.013491	0.013204	0.469334	0.150698	3.756741	0.382768	4.40263	1.523117	0.0	6.947868	0.334543	3.556457	0.0	0.452758	0.0	0.0	1.26616	0.0	0.0	1.741748	0.479842	0.348147	5.700824	2.013955	0.0	12.735351	0.0	0.076712	0.084198	0.560337	0.083936	7.095067	0.604933	0.410387	5.597464	0.56737	10.374088	0.830415	0.44022	4.139376	0.475617	0.314178	0.015292	0.0	0.0	0.0	0.086177	0.81701	0.011802	0.409796	0.119335	0.034635	0.223434	0.0	0.013731	0.025245	0.01383	1.376358	43.060586	0.0	0.0	0.0	0.0	0.26039	0.0	13.09518	0.038213	0.0	6.791393	2.227806	0.546792	0.458112	0.0	0.938459	0.015079	0.0	0.219611	0.897517	0.514085	1.654298	0.24668	6.49121	0.840101	0.802233	1.107311	0.111052	0.0	3.176464	2.640872	0.015755	2.678214	0.0	0.060738	0.196146	0.0	0.382009	1.721272	0.0	1.08602	0.040495	0.015209	6.605497	0.0	0.0	0.0	0.011082	0.0	1.180947	0.0	0.156132	0.0	2.652937	1.703764	0.082197	0.0	11.701436	0.094863	0.0	0.006013	3.016261	4.962072	0.023736	0.801107	0.0	9.045479	0.011374	0.029737	10.024242	0.0	0.419328	0.366127	10.255975	3.359848	0.498044	1.086097	0.013187	2.115246	0.317958	1.05188	5.578006	0.156743	0.077198	20.13588	0.023796	0.599211	0.234923	5.232946	0.654078	0.517916	1.013291	0.225409	0.039716	0.018147	6.961796	0.02598	0.31438	0.787751	0.058696	0.453181	0.008545	0.006805	0.0	1.533585	2.737043	0.618871	0.60059
SRR9330778_bin.17	13.251113	0.038396	0.205388	0.352342	165.789279	0.119082	0.097913	0.027198	0.063382	0.027187	24.795986	0.023205	21.867053	26.95639	0.042878	0.029089	0.066008	0.02672	0.120427	0.044658	0.026353	46.032258	0.164532	73.938791	0.112984	0.05874	0.064166	0.031711	6.245731	2.611455	0.243095	0.049624	14.441788	130.301158	0.02402	0.051687	0.063536	36.687288	0.041914	46.877246	129.858135	127.973855	0.047513	0.035204	42.130255	510.235059	0.006129	0.035856	0.076031	0.063782	8.34684	17.441241	2.452433	0.03729	0.017154	23.680302	0.023713	0.059668	0.202884	60.865934	150.989017	0.168578	0.037367	0.014755	5.577169	0.015584	0.021116	3.166278	0.053156	0.059765	0.076052	116.876342	0.078734	0.075465	10.337632	8.563732	40.621	1.19072	0.060805	0.100059	0.059987	0.03271	0.054954	0.054271	0.035699	0.16081	0.057841	142.088708	0.013923	0.012642	292.370327	0.032571	0.058843	0.081652	2.103695	0.065568	0.031942	0.075728	0.246189	186.593994	13.27113	3.717583	0.030717	0.218333	0.091476	0.037795	0.045231	0.095711	0.02053	0.222851	19.592886	0.0256	0.051316	0.123449	0.135578	0.072117	0.062434	0.032558	0.032229	0.024345	0.020149	3.812266	135.5676	1.783974	0.326668	4.577372	2.892636	29.293383	0.075339	0.10662	0.06954	14.756071	0.140176	0.105105	0.15148	0.102923	0.110139	129.685945	1282.502029	48.279521	17.696264	12.981671	0.108902	19.654186	0.683044	8.716568	1.3702	10.520372	0.473795	0.149234	12.077234	8.535175	0.171947	0.049921	41.270037	1.060917	0.146518	133.430434	0.071748	0.036662	0.064289	0.020903	1.778346	0.687637	0.126863	75.498078	0.099907	0.040427	0.129417
SRR9330784_bin.3	0.612784	118.111875	0.465485	0.006196	0.021245	1.107788	13.275626	0.404286	0.031598	14.250858	0.114585	0.048086	0.362114	46.469287	28.878047	0.050239	8.554181	0.0	0.154894	1.500798	0.0	0.273156	0.223705	113.340709	0.444779	0.093181	2.712103	0.084301	34.087882	0.013952	0.367979	0.920338	7.981399	0.177835	3.17771	7.635022	0.2777	0.044072	2.917731	0.109852	12.986704	0.912852	57.595965	0.059503	0.050423	0.0	0.0	0.019627	0.018918	0.141846	0.106675	3.916497	10.016021	0.079554	1.044235	0.352765	0.016421	0.08218	0.184492	0.089337	3.678934	1.977529	0.00876	0.004161	0.036147	0.0	1.212523	0.030895	0.013649	0.0	0.01288	37.973115	3.878416	0.091156	5.898046	0.046266	0.43766	0.084939	0.059016	0.090532	3.601969	1.853705	20.749937	0.033119	12.878163	0.056213	0.694254	16.43515	0.006268	0.01208	0.945284	0.059063	0.0	1.002013	0.02226	1.234449	0.010306	0.021651	0.035742	2.741568	0.01063	0.528181	5.695061	0.009409	0.043909	0.0	37.219353	0.0	0.0	0.026625	21.304376	0.007913	2.027764	1.072482	0.066442	0.453923	3.786347	0.0	2.272837	0.012911	0.007123	3.695381	0.944469	41.502043	0.357034	12.515508	2.102791	8.591584	0.056834	0.043286	0.024696	1.113971	1.544026	0.069969	0.118343	13.970347	0.260603	11.42728	0.01457	13.936342	0.32471	0.022333	0.03306	0.083872	0.024705	0.031829	0.049837	0.010057	2.85034	0.520612	0.745019	5.418225	0.816465	0.037938	0.136171	0.106895	21.968746	0.028091	0.17757	4.686571	0.186085	4.280307	0.01665	0.012556	0.009667	0.27772	29.310298	48.638126	0.097401
SRR8849215_bin.34	1.182476	0.978978	52.291287	0.104105	0.974966	1.924929	9.442192	10.448706	22.497922	22.476295	2.66084	0.020301	14.511896	2.321196	2.173428	0.0	0.178497	0.0	0.0	4.475274	0.0	5.040268	0.0	2.342016	6.194674	0.131054	0.292196	0.0	0.229051	0.346945	5.201762	0.282663	0.141464	16.286215	1.231921	2.866081	11.126972	5.071621	0.013168	4.834571	6.552512999999999	1.209116	25.007242	4.493629	7.101436	1.082179	0.145271	0.0	5.122762	7.034877	17.073768	0.0	0.048709	0.0	0.0	0.115143	3.757794	0.0	0.0	0.702804	0.046933	68.581137	0.0	0.0	0.0	0.0	5.273591	0.209649	0.0	0.03558	0.203676	5.754867	0.0	14.030666	3.061676	14.631927	0.35009	0.130098	4.825063	0.426621	88.100977	0.026262	26.634085	0.015876	0.0	194.152604	24.998806	0.379992	0.0	0.0	0.562122	0.0	0.0	6.874234	0.026301	40.685493	0.145808	0.006107	0.0	23.54951	5.913518	8.509837000000001	0.743816	0.04377	7.508399	0.0	0.011226	0.0	0.0	0.035632	37.508106	0.301252	1.065017	83.544265	65.718825	13.607387	5.729652	0.016715	0.020679	0.0	0.048745	0.757197	0.019012	0.509113	0.234317	5.635588	0.069705	0.0	0.0	0.0	0.03105	2.013566	21.080538	66.85554	116.736733	12.527171	12.973062	6.399099	0.057451	4.974459	0.999432	2.000383	0.0	9.818440500000001	0.734371	1.590856	0.661421	2.295772	0.251294	11.929964	6.780963	1.177924	30.749788	8.350951	2.357629	0.377868	0.233129	6.808964	1.252795	4.054562000000001	0.294589	2.004247	0.243693	0.13439	1.103942	6.015433	23.884746	4.426328	0.0
SRR8849242_bin.12	0.0	0.0	0.054458	0.029526	0.015389	0.009325	0.01314	0.0	0.022052	0.0	0.0	0.0	0.0	0.0	0.061529	0.174075	0.157466	0.081648	0.0	0.01259	0.0	0.189947	5.617332	0.0	0.0	0.0	0.0	0.0	0.0	0.060459	0.021095	0.035616	0.018527	0.0	0.014605	0.053854	0.0	0.007518	0.0	0.023855	0.039347	0.019143	0.015817	0.0	0.018796	0.019268	134.556619	0.012869	0.038764	0.020926	0.0	0.0	0.0	0.0	0.026208	0.0	0.4371	0.0	0.0	0.072443	0.024768	0.018476	0.039055	0.0	0.0	0.020972	0.0	0.060188	0.030235	2.264952	0.015332	0.032254000000000005	0.05471	0.028956	0.0	0.0	0.024042	0.088339	0.031646999999999995	0.023176	0.0	0.0	0.01966	0.012779	0.0	0.077328	0.055839	0.069015	53.129105	0.0	0.090655	0.017231	0.058772	0.035015	0.043129	0.010953	0.037571	0.0	0.0	1.134822	0.016704	0.0	0.018805	0.023766	0.011576	0.0	0.716986	0.066729	0.018592	0.0	0.133087	0.175736	0.0	0.034799	0.015815	0.015892	0.013807	10.561032	0.023722	0.020430499999999997	0.0	0.045746	0.0	0.0	0.0	0.0	0.0	0.0	0.0	0.026645	0.034519	0.0	0.113417	0.10045	0.06447	0.032974	0.031332	0.035264	210.498589	0.024182	60.54369	0.0	1.778594	0.011272	0.074967	0.0	0.018391	0.0	0.032109	0.017995	0.030501	0.0	0.020884	0.032577	0.013131	0.045043	0.0	0.058663	0.0	0.032656	0.012687	0.014471	2.582754	0.0	0.033492	0.018418	0.0	0.0	0.0
SRR9330791_bin.14	48.311546	9.060174	3.540484	0.218532	0.453638	16.182151	217.933052	1.492688	13.485063	8.22171	6.720339	0.053417	10.198087	43.627616	88.347324	0.126754	0.050712	0.0	0.0	0.044506	0.0	35.149643	0.294656	4.96513	32.591566	7.405512	81.030326	0.043236	4.135327	0.756556	2.783784	7.892697	5.403037	4.103371	25.388717	1.324413	52.925843	7.237487	3.903672	263.577825	6.417427	14.85608	54.98959	0.52795	8.9424	0.023278	0.434166	58.638104	3.675698	2.847762	55.651306	3.098381	45.051727	6.449967	0.0	1.611252	293.407796	0.049813	5.592248	8.56291	16.210435	2.973626	0.025381	0.0	0.320727	0.292719	2.448836	1.497731	108.267037	1.256465	0.647367	19.7088	0.0	6.48953	2.779054	30.089476	3.965796	2.551618	38.701142	57.098869	9.504496	59.492856	239.968705	1.244678	208.37111	1.427993	0.195997	74.991952	0.0	0.0	1.167223	220.508511	0.055953	8.500184	0.517508	8.330628	6.791075	181.582336	0.065829	23.593063	9.348667	22.170921	18.85994	19.32467	26.45568	0.0	6.001533	0.157985	0.0	130.488144	3.369308	0.0	3.51176	5.201406	6.425089	50.5859	28.916059	67.699303	171.413142	0.031614	233.414919	5.278302	0.878713	36.670605	33.441564	5.544246	12.489795	1.836759	0.676267	0.07921	2.532385	1.362974	2.162612	8.765887	0.473485	0.338441	9.841643	8.018204	2.736783	64.051745	8.818942	14.786684	0.082587	29.509917	40.968362	1.156665	2.022235	19.900576	34.097644	12.133767	74.225006	33.988174	31.158612	4.884102	0.868735	12.187082	21.665656	0.647486	2.506699	18.603377	2.036296	6.717529	0.738364	0.103619	0.054717	22.783861	0.02818	1.580595	3.151179
SRR8849275_bin.16	8.597084	0.0	2.767223	0.012232	8.319688	0.635013	38.791334	12.98573	3.937678	9.795214	1.448646	0.0	0.0	0.0	0.0	0.0	0.0	0.0	0.0	0.0	0.0	0.0	0.0	0.0	5.814587	0.0	7.388713	0.0	0.0	0.300242	0.042048	0.0	0.0	5.454481	0.0	3.587079	21.766151	0.009726	19.213853	10.54498	0.0	1.781273	1.32497	43.079619	0.0	0.0	0.0	378.698706	11.746595	15.217745	16.562304	21.014306	0.0	0.0	0.0	0.0	0.0	0.0	0.082939	2.978129	0.04617	0.088492	0.038678	0.0	0.0	0.0	0.0	0.0	0.0	0.0	2.709705	0.0	0.0	2.444472	0.0	0.0	0.008292	0.105215	0.0	0.034452	119.34351	0.0	52.946099	0.0	0.0	14.814065	0.0	62.828302	0.0	0.0	0.0	0.0	0.0	0.0	0.0	0.0	0.512041	0.0	0.0	0.020997	0.027917	0.690579	3.092872	0.0	0.0	0.0	11.310814	0.0	0.0	0.0	0.0	0.0	0.0	0.07287	7.323505	2.27355	0.0	0.0	0.0	0.0	0.0	0.508664	0.0	0.495691	0.0	0.134365	3.336423	4.451664	0.0	0.0	0.0	0.0	3.657488	0.0	0.071061	0.179594	1.582601	0.033999	0.030358	17.026021	0.50105	0.984924	0.0	11.764746	1.377844	0.662235	0.08779	13.762907	0.052151	0.0	6.41139	0.046366	40.676107	3.154212	0.0	0.290777	0.0	2.903274	0.0	4.877531	2.439602	0.0	0.066954	0.0	0.071331	0.442464	0.0	9.608148	0.0
SRR8849208_bin.22	1.100099	36.417923	0.158981	1.862314	44.05267	67.191816	92.955091	9.93564	146.216434	0.060437	1.096686	0.053037	3.325959	143.276601	574.914427	0.0988	0.070289	0.063011	0.022898	0.0	0.042177	0.033611	0.0	0.056992	74.1801355	2.301213	0.044575	0.0	3.57372	1.606951	98.29614649999999	12.446046	0.0	0.6146345	186.398133	4.358925	17.65461	0.208689	0.023656	23.849533	158.520756	2.405429	128.119149	0.0	126.167001	0.015844	0.080466	0.047089	0.0	7.758189	0.0	0.0	0.80867	0.648666	0.0	0.648621	0.0	0.0	0.066224	3.857771	0.0	0.07161	0.068112	0.019871	0.0	0.0	0.0	0.02258	0.0	0.04324	31.440344	20.810853	0.0	149.972424	4.427682	0.0	32.666604	0.152176	12.147086	1.661036	205.899831	0.054703	26.3394	0.095894	0.0	0.098703	46.521476	91.947403	0.0	0.0	3.859525	0.0	0.0	108.798002	0.164529	51.239923	3.383037	0.18400650000000002	0.46592	60.205538	14.477455	2.070532	46.527202	0.158011	0.025483	0.0	22.181667	0.057155	0.0	0.322994	96.486829	0.227263	2.299698	18.160135	0.087112	46.451411	161.170477	0.011781	0.0	0.016138	0.061216	1.756432	0.049742	1.742128	0.0	80.221561	6.256704	0.029467	0.0	0.0	0.056191	0.047424	45.055353	19.868355	0.146085	0.129965	11.504407	194.544441	0.245481	3.090984	0.260316	0.948981	0.0	0.009816	156.484393	0.0	0.570626	11.072959	0.1914795	49.050913	364.499579	53.819706	41.634574	278.613889	5.960785	19.339594	0.0	36.072621	0.011367	103.220021	39.730778	0.020115	0.723691	0.082995	1.013837	113.318078	0.041049	7.353798	0.0
SRR8849228_bin.51	12.974559	1.614193	4.677941	0.230435	3.257825	21.162945	2.165618	8.125079	0.782269	48.573241	38.795857	0.03131	30.140862	25.969716	2.408619	0.018903	0.303908	0.026349	0.237854	0.293567	0.0	0.266299	0.738554	1.010116	39.493801	30.162252	74.585392	0.071832	14.724816	0.196578	4.726563	0.786518	0.038479	5.12334	3.224714	6.996672	12.514029	2.609831	0.41883	24.391486	10.277776	2.525203	6.899361	3.453656	47.379807	0.146644	0.110935	0.175056	0.126598	6.152344	6.817185	0.119472	0.084315	0.157262	0.0	1.76774	0.524217	0.011722	0.36047	0.222314	1.357776	0.318171	0.035581	0.0	0.110879	0.0	1.435804	0.952439	0.044827	0.020595	1.154595	18.214758	0.134121	8.100457	3.637908	19.732397	0.925364	0.88855	1.237088	0.698532	11.519936	23.436928	2.917886	2.110614	16.553015	0.347008	30.166201	31.567444	0.020352	0.0	1.721998	10.099071	0.0	3.891621	0.041325	30.26911	0.531642	0.038057	0.063155	2.743079	25.166463	8.848366	2.252292	0.08058	18.164023	0.0	1.496307	0.281278	0.036711	97.042905	6.602816	0.161666	1.338694	9.799525	104.834217	13.680059	7.335051	5.103626	7.864038	0.05586	0.051978	6.287595	0.393396	75.414865	0.359697	16.192822	43.153999	152.140961	0.886945	0.023347	0.418812	0.158099	3.901409	41.248915	2.229395	22.890566	26.046838	9.92938	0.074471	7.265188	1.007943	13.917537	0.021178	3.87778	1.569633	19.34895	0.56247	2.462617	2.770571	13.041987	3.797225	3.249127	34.409365	3.566544	1.660415	0.337752	19.119964	4.38221	14.948888	1.363103	0.997543	3.342148	0.178018	0.03684	0.248649	7.552683	15.671552	8.438068	2.308352
SRR17301514_bin.15	0.0	0.0	1.387547	0.0	0.226691	0.437052	0.933003	0.445775	0.215516	1.552406	0.242225	0.238011	0.0	0.722478	1.291239	0.0	29.662308	0.0	0.0	0.0	0.0	4.673066	0.094923	0.0	0.649969	0.065569	0.235704	0.0	0.239799	0.0	0.431659	0.0	0.322644	0.60011	0.409828	0.297948	0.361907	0.257081	1.09976	0.270684	0.599971	0.052666	0.769505	0.541456	1.026221	0.0	0.087772	0.0	0.929492	0.130876	0.0	2.879106	1.52237	0.0	0.0	0.0	0.0	3.936379	0.0	0.0	0.440683	0.060855	0.0	0.0	1.433156	0.0	0.836737	0.0	3.705281	0.0	0.241282	1.493092	0.0	0.0	0.388447	0.070175	0.358812	0.0	0.394223	0.0	0.728652	0.048745	0.0	0.198146	0.244357	3.082171	1.370475	0.0	8.780163	50.55517	0.68717	0.027477	0.0	0.0	0.834869	1.07492	0.0	0.122983	0.521036	0.0	0.034548	0.681733	0.0	3.846357	0.960928	10.628446	2.309621	0.0	0.0	0.0	0.996525	11.589238	2.851237	0.064044	0.379805	0.0	2.400847	13.924706	1.51579	1.182057	3.453958	0.0	0.928359	0.0	0.0	0.169713	0.098885	0.350796	0.0	0.0	6.770611	0.199054	0.187881	0.125524	1.689126	1.71981	0.592486	0.784513	0.742028	0.0	3.765314	0.0	0.186191	0.0	0.0	0.374109	0.0	0.049578	0.304498	0.837939	0.964317	0.629927	0.734722	0.0	0.809944	0.37065	0.035371	0.0	0.0	1.359775	1.841634	0.351793	0.0	0.0	0.307493	0.343029	0.0	0.150629	0.0
SRR8849266_bin.33	0.0	0.0	0.0	0.0	0.144305	0.010833	0.0	0.0	0.0	0.0	0.0	0.0	0.0	0.0	0.0	83.031416	0.023065	0.052311	0.574672	0.0	0.0	0.0	0.0	0.0	0.0	0.0	0.0	0.0	0.0	0.0	6.948426	0.0	0.0	0.0	0.0	0.0	0.0	0.0	0.0	0.0	0.0	0.042073	0.0	0.0	0.024074	0.164363	0.244198	0.0	0.0	0.0	0.0	0.0	0.0	0.0	0.0	5.781862	0.0	0.0	0.0	0.0	0.168884	0.0	0.394696	0.05564	0.0	0.0	0.0	0.076326	0.0	0.035086	0.0218	0.0	0.026055	0.0	4.4611	0.451086	0.0	0.006311	0.0	0.0	0.0	0.0	0.0	0.0	0.0	291.249381	2.002382	0.0	0.097343	0.0	0.42501	0.014513	0.0	0.0	0.047274	0.0	9.170614	0.010893	0.189634	0.0	0.0	0.0	0.0	0.0	0.0	0.0	0.0	0.168693	0.240469	0.024232	0.044476	0.0	55.454056	0.340728	0.138406	0.957485	0.0	0.0	0.0	0.0	0.0	0.0	0.0	0.0	0.0	0.0	0.0	0.0	0.0	0.0	24.920196	0.0	0.268179	84.865643	0.025479	0.0	0.011247	0.0	0.0	0.0	0.0	0.011225	0.0	0.0	0.012611	0.0	0.148112	0.0	0.0	0.0	0.0	0.014801	0.009183	0.018974	0.05247	0.519861	0.0	0.0	0.0	0.0	0.0	0.021138	0.103641	0.0	0.02208	57.77412	0.011081	0.0	0.0
SRR17301526_bin.4	0.0	0.0	0.135815	0.0	0.0	0.253301	0.0	0.0	0.027089	0.179562	0.182062	0.0	0.0	0.0	0.100105	0.0	0.0	0.0	0.0	0.0	0.0	0.359802	0.0	0.0	0.0	0.029706	0.0	0.0	0.635309	0.069054	0.0	0.0	0.0	0.0	0.0268775	0.0	0.327013	0.0	0.0	0.0	128.055988	0.463612	0.0	0.0	0.111433	0.149404	0.0	0.0	0.0	0.0	0.0	0.0	0.0	0.0	0.0	0.0	0.0	0.0	0.0	0.0	0.0	0.0	0.0	0.0	0.0	0.0	0.0	0.0	0.0	0.0	0.0	0.817682	0.0	0.35599	0.0	0.0	0.525723	0.0	0.0	0.0	0.021023	0.0	0.062838	0.0	0.0	0.0	0.081839	0.102449	0.0	0.0	0.233531	0.0	0.0	0.030428	0.0	0.0	0.0	0.0	0.0	0.051505	0.0	0.0	0.0	0.0	0.0	0.0	0.0	0.0	0.0	0.0	0.0	0.0	0.0	0.0	0.049113	0.0	0.04359	0.0	0.0	0.0	0.0	0.056817	0.0	0.0	0.0	0.0	0.0	0.0	0.0	0.0	0.0	0.0	1.097684	0.0	0.0	2.718696	0.0	77.744689	0.0	0.697636	0.0	0.0	0.0	0.0	0.0	0.0	0.0	0.0	0.0	0.0	1.8291439999999999	0.0	1.004094	0.737861	0.0	0.031723	0.0	6.531623	0.0	0.0	0.198119	0.0	0.0	0.0	0.0	0.062484	0.0	0.0	0.0
SRR8849276_bin.17	647.570808	0.484509	0.040861	4.43568	0.02676	66.129014	0.02042	68.975632	36.591388	0.0402	1.049423	0.08471	143.956589	0.190304	0.035712	1.691362	0.020635	0.0	0.0138265	0.0	0.0592	0.0	695.323836	0.224748	0.267598	0.117354	0.162013	0.283958	124.618782	0.152842	0.026426	0.08504	0.021428	0.597807	0.065931	0.01377	52.225453	0.081885	0.023148	42.120413	0.051801	0.016214	0.194865	0.182498	206.691118	17.7717	0.007927	0.064012	377.920547	0.593168	0.06413	0.15136	0.053734	0.272666	0.301638	0.03212	0.058458	0.25146	0.63002	0.225007	92.478934	0.02354	0.0	0.0	0.205117	0.0	246.45162	0.0471	0.00579	0.057829	0.01724	0.022735	0.06708	177.864345	0.0	0.137539	0.017613	3.695561	0.057776	0.281677	0.051272	0.125025	12.816065	0.177231	0.322833	0.0	0.12244	45.041752	144.444739	0.0	1.342848	0.011383	2.105908	1.415785	0.0	0.021826	0.085707	0.139412	145.532634	39.564108	0.05173	7.705878	0.06109	0.066667	0.082469	0.0	0.0	0.0	0.0	0.034756	0.022182	0.048094	0.0	0.0376	0.030043	0.02575	0.066941	0.020608	481.107514	0.032039	0.01918	85.740835	0.053415	0.197899	0.415699	0.504841	573.178372	0.301074	0.185594	0.891924	66.602955	0.332543	0.0	0.0	0.101773	0.073452	0.0756955	0.083194	3.539428	46.195653	4.342023	3.188135	0.495459	0.055181	4.98444	1066.618535	0.302195	0.043698	367.585091	0.100403	0.082308	0.055546	35.766311	121.925643	0.010247	0.129349	106.516122	1.484103	2.206098	0.042286	71.585925	0.053953	24.371114	0.1111285	0.597552	116.693251	0.052483	1.437594	0.606873
SRR8849251_bin.1	0.0	0.0	2.474352	0.0	0.0	3.442145	0.0	5.821057	0.0	17.446476	1.1767	0.0	0.0	12.578971	3.3536805000000003	0.019821	0.0	0.0	0.0	0.0	0.0	0.0	0.157802	0.0	0.0	0.0	0.960641	0.0	0.309313	0.13408399999999998	0.712477	0.0	0.0	0.0	0.0	0.0	0.062307	0.0	0.0	0.138559	1.127137	0.0	0.0	0.0	1.081232	0.0	0.0	0.0	0.0	0.0	0.0	0.0	0.0	0.0	0.0	0.0	0.0	0.082871	0.071387	0.0	0.0	0.0	0.0	0.0	0.0	0.0	0.0	0.0	0.0	0.0	0.0	29.383781	0.0	0.78306	0.0	0.0	0.225076	0.0	0.0	0.0	0.0	0.0	0.090374	0.0	0.0	0.0	0.816407	1.154174	0.0	0.0	0.594963	0.0	0.0	1.597165	0.0	0.0	0.0	0.0	0.0	0.044979	0.0	0.0	0.0	0.0	0.0	0.0	0.0	0.0	0.0	0.0	0.0	0.0	0.0	0.0	0.0	0.9339885	0.0	0.0	0.0	0.0	0.0	0.170992	0.0	0.057031	0.0	3.269986	0.0	0.0	0.0	0.196215	0.0	0.0	29.7170705	0.0	0.0	5.977085	3.25511	1.448698	0.0	16.282425	0.0	0.149339	0.107999	0.0	0.585267	0.119422	0.0	0.0	0.0	0.0	21.211395	0.0	0.522162	0.896078	0.442393	0.366921	0.154474	5.601381	0.0	0.0	3.586817	0.0	0.0	0.0	0.0	3.122504	0.0	0.0	0.096733
SRR8849276_bin.8	0.0	0.0	0.0	0.0	0.0	22.247255	0.0	0.0	0.0	0.0	0.0	0.0	0.0	0.0	0.0	0.0	0.0	0.0	0.0	0.0	0.0	0.0	0.0	0.0	0.0	0.0	0.0	0.0	0.0	0.0	0.0	0.0	0.0	0.0	0.0	0.0	0.0	0.0	0.0	0.0	0.0	0.0	0.0	0.0	0.0	0.0	0.0	0.0	0.0	0.0	0.0	0.0	0.0	0.0	0.0	0.0	0.0	0.0	0.0	0.0	0.0	0.0	0.0	0.0	0.0	0.0	0.0	0.0	0.0	0.0	0.0	0.0	0.0	0.646186	0.0	0.0	0.0	0.0	0.0	0.0	0.0	0.0	0.0	0.0	0.0	0.0	0.0	0.0	0.0	0.0	0.0	0.0	0.0	0.0	0.0	0.0	0.0	0.0	0.0	0.0	0.0	0.0	0.0	0.0	0.0	0.0	0.0	0.0	0.0	0.0	0.0	0.0	0.0	0.0	0.0	0.0	0.0	0.0	0.0	0.0	0.0	0.0	0.0	0.0	0.0	0.0	0.0	0.0	0.0	0.0	0.0	0.0	0.46134	0.0	0.0	0.0	0.0	0.0	0.0	0.081744	0.0	0.0	0.0	0.0	0.0	0.0	0.0	0.0	0.0	0.0	0.0	0.0	0.0	0.17195	0.0	0.0	0.0	0.0	0.0	0.0	0.0	0.0	0.0	0.0	0.0	0.0	0.0	0.0	0.0
SRR8849235_bin.35	0.0	0.0	0.0	0.0	0.0	0.781971	0.013131	0.25768	0.056954	0.0	0.0	0.0	0.0	0.0	0.0	0.0	0.126803	0.0	0.0	0.0	0.0	0.0	0.0	0.0	0.678217	0.0	0.085375	0.0	0.0	0.0	0.492943	0.0	0.0	0.0	0.005881	0.0	0.0	0.0	0.0	0.0	0.0	0.0	0.0	0.0	0.0	0.032118	0.0	0.0	0.0	0.095144	0.0	0.0	0.0	0.0	0.0	0.0	0.0	0.0	0.0	0.0	0.0	0.0	0.0	0.0	0.0	0.0	0.0	0.0	0.0	0.0	0.0	1.900613	0.0	0.0	0.0	0.0	0.1457	0.0278	0.0	0.0	0.0	0.0	0.0	0.0	0.0	0.804618	2.099812	0.034546	0.0	0.0	1.027271	0.0	0.0	0.0	0.0	0.0	0.0	0.0	0.0	0.0	0.017311	0.0	0.0	0.021368	0.0	0.0	0.0	0.0	0.0	0.0	0.07849	0.0	1.273418	0.236587	0.0	0.0	0.0	0.0	0.0	0.0	0.0	30.255632	0.383486	0.127671	0.0	0.0	0.0	0.0	0.0	0.0	0.408	0.0	0.045479	0.385532	0.439966	0.0	0.053972	0.0	0.434189	0.018749	0.978451	0.0	0.0	0.0	0.0	0.0	0.020595	0.0	0.212086	0.0	0.0	0.0	0.010558	0.0	0.0	0.017388	0.0	0.030435	0.0	0.006567	0.0	0.241247	0.0	0.0	0.0	0.0	0.0	0.0	0.0
SRR17301535_bin.11	0.0	0.0	0.0	0.0	0.096842	0.077273	0.0	0.0	0.036322	0.0	0.0	0.0	0.0	0.0	0.0	0.0	0.558345	1.444311	0.323396	0.0	0.0	0.0	0.0	0.0	0.0	0.0	0.0	0.0	0.0	0.0	0.097048	0.0	0.0	0.0	0.140394	0.0	0.135103	0.0	0.168632	0.0	2.156692	0.0	0.0	0.0	0.220599	0.0	0.0	0.0	0.0	0.0	0.0	0.293209	0.0	0.0	0.0	0.0	0.0	0.0	0.0	0.0	0.0	0.123521	0.0	0.0	0.0	0.0	0.0	0.0	0.0	0.0	0.0	0.073408	33.070652	0.0	0.0	0.0	0.0	0.0	0.0	0.0	0.0	0.0	0.0	0.0	0.0	0.0	0.0	0.0	0.0	0.0	0.377684	0.0	0.0	0.0	0.252712	0.171337	0.0	0.0	0.0	0.0	0.0	0.237472	0.0	0.0	0.389128	0.0	0.0	0.0	0.0	0.0	0.0	0.0	0.0	0.118613	1.124565	0.0	0.0	0.0	0.0	0.0	0.0	0.0	0.0	0.0	0.0	0.0	0.0	0.0	0.0	0.0	0.0	0.0	0.0	0.0	0.0	0.0	0.0	2.13393	0.0	0.0	0.199966	0.0	0.0	0.0	0.0	0.0	0.0	0.0	0.0	0.0	0.026642	0.0	0.197978	0.0	0.0	0.0	0.0	0.0	0.0	0.0	0.0	0.0	0.0	0.0	0.0	0.0	0.0	0.0	0.0
SRR8849258_bin.7	0.0	0.0	0.0	0.0	0.18305	0.0	0.0	0.0	0.0	0.0	0.0	0.0	0.0	0.0	0.0	0.0	0.0	0.0	0.0	0.0	4.483693	0.0	0.0	0.0	0.0	0.0	0.0	0.0	0.0	0.0	0.0	0.0	0.0	0.0	0.0	0.0	0.0	0.0	0.0	0.0	0.0	0.0	0.0	0.0	0.0	0.882208	0.039849	0.0	0.0	0.0	0.0	0.0	0.0	0.0	0.0	0.0	0.0	0.0	0.0	0.0	0.0	0.0	0.35106400000000004	0.0	0.0	0.0	0.0	0.315132	0.0	0.0	0.0	0.0	0.0	0.0	0.0	0.0	0.0	0.0	0.0	0.0	0.0	0.0	0.0	0.0	0.0	0.0	0.0	0.0	0.0	0.0	0.45857000000000003	0.0	0.0	0.0	0.0	0.0	0.0	0.0	0.0	0.0	0.0	0.0	0.0	0.0	0.0	0.0	0.0	0.063353	0.278676	0.0	0.0	0.0	0.0	1.808789	0.079144	0.0	0.0	0.0	0.0	0.0	0.0	0.0	0.0	0.0	0.0	0.0	0.0	0.0	0.0	0.0	0.0	0.0	0.66308	0.0	0.029947	0.0	0.0	0.0	0.0	0.0	0.0	0.0	0.0	0.0	0.037554	0.0	0.057848	0.0	0.0	0.0	0.0	0.0	0.0	0.0	0.042034	145.058069	0.0	0.0	0.0	0.0	0.0	0.0	0.0	0.0	0.0	0.0	0.0	0.0	0.0
SRR17301525_bin.38	0.431685	1.450209	0.0	0.0	0.0	0.0	3.914866	0.0	0.0	1.553994	0.0	0.0	2.837303	0.97458	4.510955	0.0	0.0	0.0	0.0	0.0	0.0	5.003924	0.0	0.0	0.0	0.0	0.527464	0.0	0.075713	0.0	3.432895	0.472812	0.0	3.470544	0.0	3.567592	0.0	0.0	0.0	0.504785	21.359771	0.0	0.0	0.0	0.902905	0.0	0.09215	0.0	0.0	0.378697	0.543109	0.0	0.0	0.0	0.0	0.0	0.0	0.0	0.0	0.0	0.0	0.0	0.0	0.0	0.0	0.0	2.440377	0.0	0.0	0.0	0.49281	13.797215	0.0	0.0	1.092197	0.0	0.0	0.0	0.0	0.322729	0.0	0.0	0.0	0.0	0.0	0.0	0.0	12.782333	0.0	0.0	0.0	0.0	0.0	0.0	0.331137	0.0	0.0	0.0	0.0	2.010301	0.0	0.0	0.0	0.0	0.0	0.0	0.387307	0.0	0.0	0.0	4.984918	0.0	1.118038	4.391671	0.0	0.07139	3.334797	0.0	1.187047	0.0	0.0	0.0	0.0	0.0	0.0	0.0	0.174836	0.0	0.0	0.0	0.0	0.569758	0.0	0.614694	0.0	7.406266	5.764797	20.838855	0.0	0.0	2.255738	0.0	0.0	2.410183	0.0	0.134099	0.0	0.0	6.605756	4.886725	0.0	0.0	0.0	0.0	0.0	0.147661	0.758385	0.0	0.831851	1.31399	2.158379	0.0	0.0	0.0	0.0	0.0	0.0	0.0	0.0
SRR17301553_bin.14	0.0	0.0	0.084253	0.0	0.0	0.171708	0.0	0.0	0.0	0.0	0.0	0.0	0.0	0.0	0.0	0.0	0.0	0.0	0.0	0.0	0.0	0.0	0.0	0.0	0.0	0.0	0.0	0.0	0.0	0.0	0.0	0.0	0.0	0.0	0.0	0.0	0.0	0.0	0.0	0.0	0.0	0.0	0.0	0.0	0.448339	0.0	0.0	0.0	0.377395	0.0	0.0	0.0	0.0	0.0	0.0	0.0	0.0	0.0	0.0	0.0	0.0	0.0	0.0	0.0	0.0	0.0	0.0	0.0	0.0	0.0	0.0	0.0	0.0	0.0	0.0	0.0	0.0	0.0	0.0	0.0	0.0	0.0	0.0	0.0	0.0	0.0	0.0	0.0	0.0	0.0	0.0	0.0	0.0	0.0	0.0	0.0	0.0	0.0	0.0	0.0	0.0	0.0	0.0	0.0	0.0	0.0	0.0	0.0	0.0	0.0	0.960026	0.0	0.0	0.0	167.039207	0.0	0.0	0.0	0.0	0.0	0.0	0.0	0.0	0.0	0.0	0.0	0.0	0.0	0.0	0.0	0.0	0.0	0.0	0.0	0.0	0.0	0.0	0.0	0.0	0.0	0.0	0.0	0.0	0.0	0.0	0.0	0.0	0.0	0.0	0.0	0.0	0.0	0.0	0.0	0.0	0.0	0.0	0.0	0.0	0.0	0.0	0.0	0.0	0.0	0.0	0.0	0.0	0.0	0.0
SRR17301545_bin.17	0.0	0.0	0.0	0.0	0.0	0.034212	0.0	0.0	0.0	0.0	0.0	0.0	0.0	0.0	0.0	0.724832	0.0	0.0	0.0	0.0	0.0	0.0	0.0	0.0	0.0	0.0	0.0	0.194592	0.0	0.0	0.0	0.0	0.0	0.0	0.0	0.0	0.0	0.0	0.0	0.0	0.040386	0.0	0.0	0.0	0.0	0.127173	0.0	0.0	0.0	0.0	0.0	0.0	0.0	0.0	0.0	0.0	0.0	0.0	0.0	0.0	0.0	0.0	0.0	18.012251	0.0	0.481562	0.0	0.0	0.0	0.0	0.0	0.067848	2.809621	0.0	0.0	0.0	0.0	0.0	0.0	0.0	0.0	0.0	0.0	0.0	0.0	3.546087	0.041784	0.0	0.0	34.003754	0.058121	0.060591	0.0	0.0	0.024947	0.0	0.0	0.0	0.0	0.0	0.0	0.0	0.0	0.0	0.0	0.0	0.098007	0.0	0.0	0.0	0.049016	0.0	0.0	0.042688	0.045915	0.0	0.0	0.0	0.0	0.0	0.0	0.0	0.0	0.0	0.0	0.0	0.0	0.0	0.0	0.0	0.0	0.0	0.276369	0.0	0.0	0.0	0.0	0.037558	0.0	0.0	0.0	0.0	0.0	0.0	0.0	0.0	0.0	0.0	0.0	0.0	0.0	0.0	0.0	0.0	0.015018	0.0	0.0	0.0	0.0	0.0	0.0	0.0	0.0	0.0	0.0	0.0	0.0	0.0	0.0
SRR9330791_bin.35	0.024964	0.021783	4.301533	0.003602	0.393072	4.532988	0.007573	3.657541	4.824047	0.013957	0.876372	0.0	0.054859	40.998163	0.539471	0.0	0.0	0.0	0.0	0.0	0.0	0.061753	0.805046	0.010542	0.0494	0.006986	2.646933	0.01255	15.540676	0.0	0.40559	0.193887	0.0	0.0	9.849618	0.832075	2.275557	0.0	0.0	0.019904	0.012478	0.013541	0.006713	1.398422	3.382204	0.0	0.085294	39.240439	0.0	2.698569	2.79569	0.0	0.0	13.770057	0.319295	0.307018	0.0	0.006027	0.0	0.130823	4.31973	18.918112	0.007586	0.0	0.0	0.0	0.0	0.0	0.0	0.0	0.0	9.943496	0.0	0.0	1.466172	4.926939	1.045014	0.006216	0.0	0.025272	10.581886	2.026854	4.883477	0.0	0.03602	13.214012	0.445684	0.0	0.0	0.0	4.32923	3.507392	0.0	0.0	0.0	0.006897	0.256728	0.0	0.244143	5.68451	0.0	1.277797	0.144083	0.0	0.007782	0.0	0.0	0.0	0.0	0.0	0.022772	0.0	2.038519	12.024031	3.313231	0.0	5.717693	0.0	3.788175	0.0	0.0	0.018415	0.0	0.059884	0.0	0.0	0.0	0.020319	0.068389	0.0	0.016604	0.0	0.021722	10.325489	0.032049	1.485325	1.70228	0.01037	0.0	3.924673	0.049845	0.260429	0.0	4.20955	0.132672	0.0	0.063984	0.0	2.787145	0.030756	0.012256	0.007062	4.473763	0.0	0.0	0.063536	0.789439	0.0	0.008438	21.808155	2.694445	0.730056	0.036079	0.0	0.00689	10.561947	0.015206	0.007946	0.009096
SRR8849230_bin.22	1.048711	39.369011	77.19424	0.983393	96.776317	1.002512	205.103145	6.754552	0.542176	2.913217	0.154028	22.087027	0.052332	0.007772	59.163566	284.138343	0.335562	0.116692	143.972678	2.896605	0.239849	0.065107	0.75868	3.257125	0.069383	0.0	0.508049	0.069046	3.757049	1.432156	131.545743	97.719891	92.671051	2.523308	0.035527	5.357787	1.242693	0.374686	7.848951	3.78912	61.808013	44.022295	35.295967	3.817632	1.910279	0.915854	118.324911	3.953654	118.467577	52.839585	5.140243	0.068866	0.071046	123.781179	0.173596	126.383398	93.418697	10.390793	0.0	62.917227	31.200549	34.382432	32.087315	0.245255	0.156473	133.594785	10.650596	15.981213	0.051688	75.12936	86.380647	0.02681	0.215029	28.512793	12.257619	27.582886	72.020088	122.77805	287.405883	144.144898	136.195545	27.228306	42.586199	41.529249	0.0	1076.477322	0.044988	0.409203	9.337387	0.099646	5.555404	1.018867	14.614058	147.094137	112.076386	4.537767	34.645617	65.590957	121.384442	0.171706	54.428338	0.551234	75.358302	1.060227	93.74998	23.106413	596.253093	46.649721	1031.486738	754.036735	240.715859	45.398574	0.065059	113.233105	0.568746	6.452465	212.008693	0.057517	138.269753	0.94582	63.37653	41.788466	153.813253	0.018343	34.651939	8.432178	0.019011	7.760725	0.018557	0.006103	94.028711	0.031048	51.320115	86.55784	41.352725	0.055501	5.589659	56.157314	342.000396	11.138799	9.657322	0.551994	0.019648	18.394316	52.816686	0.0	13.975105	2.459785	7.014013	407.399419	11.365508	370.318013	2.309385	67.926931	257.513104	766.523358	0.0	4.550938	0.037549	49.728888	139.547705	3.769911	449.10297	50.304397	614.592453	23.373121	0.047214	1.88917	4.965161
SRR17301516_bin.9	0.136722	0.0	1.315471	0.0	0.0	0.060174	0.0	0.736517	2.200368	1.982105	0.178255	0.0	0.405413	0.657102	1.118493	0.0	4.771489	0.0	27.071977	0.123044	0.0	1.259054	0.0	0.0	0.253671	0.459925	0.18604	0.0	0.0	0.105338	0.212387	2.020446	0.0	0.0	0.800879	0.0	0.118509	0.977471	0.215842	0.0	1.222343	0.0	0.566097	0.064904	0.058061	0.0	0.0	0.0	0.0	0.109448	0.381688	0.0	0.0	6.324089	0.0	0.0	0.0	0.0	0.0	0.024716	0.090039	0.954882	0.167248	0.0	0.0	0.584431	0.0	0.0	0.217744	0.0	0.533881	1.758231	2.673254	0.0	0.0	0.465105	0.099221	0.034602	5.730929	0.357922	1.939029	1.732159	0.148851	0.0	1.167528	0.60069	0.362458	0.0	0.0	0.0	0.344437	0.076658	0.0	0.513471	0.254268	0.354611	0.167473	0.0	1.398604	0.111215	0.129442	0.446407	0.0	0.0	0.105617	0.0	0.463251	0.0	0.163471	0.0	0.058039	0.0	0.638267	0.450741	1.571938	0.390947	3.3634	0.0	2.177601	1.616904	0.0	3.369903	0.287421	0.042643	0.0	0.229789	0.0	0.157997	0.0	0.0	4.260341	0.0	0.0	0.190431	0.0	0.578202	0.03475	1.981154	0.333095	0.31602	5.636602	0.0	0.0	0.515065	0.0	0.381511	0.041299	0.0	0.38102	3.593751	0.205462	0.111711	0.211604	0.0	0.0	0.0	0.07819	0.0	0.267901	2.540789	0.064019	0.587515	0.0	0.0	0.041101	0.414828	3.025208	0.049088	0.0
SRR8849238_bin.31	0.0	0.0	0.0	0.0	0.0	0.0	0.0	0.0	0.0	0.0	0.0	0.0	0.031046	0.0	0.0	0.0	0.0	0.0	0.0	0.0	0.0	0.0	0.0	0.0	0.0	0.0	0.0	0.0	0.0	0.0	0.97603	0.0	0.0	0.0	0.0	0.0	0.0	0.0	0.0	0.027227	0.0	0.0	0.0	0.0	0.0	0.0	0.0	0.0	0.0	0.0	0.0	0.177711	0.0	0.0	0.0	0.0	0.0	0.0	0.0	0.0	0.087217	0.0	0.0	0.0	0.0	0.0	0.0	0.0	0.0	0.0	0.0	0.0	0.0	0.0	0.0	0.0	0.0	0.0	0.0	0.0	0.0	0.0	0.0	0.0	0.0	0.0	0.284081	0.0	0.0	0.0	0.020801	0.0	0.0	0.0	0.0	0.0	0.0	0.0	0.0	0.0	0.0	0.0	0.0	0.0	0.0	0.0	0.0	0.0	0.0	0.0	0.0	0.0	0.0	0.0	0.0	0.0	0.0	0.0	0.0	0.0	0.0	0.0	0.0	0.0	0.0	60.722395	0.0	0.0	0.0	0.0	0.0	0.0	0.0	0.0	0.0	0.0	0.0	0.0	0.0	0.0	0.0	0.0	0.0	0.0	0.0	0.0	0.0	0.0	0.0	0.0	0.0	0.0	0.0	0.0	0.0	0.0	0.0	0.0	0.0	0.0	0.0	0.0	0.0	0.0	0.0	0.152448	0.0	0.035446	0.0
SRR17301534_bin.6	0.0	0.0	0.0	0.0	0.0	0.0	0.0	0.0	0.0	0.0	0.293895	0.0	0.0	0.0	0.0	0.0	0.0	0.0	0.0	0.0	0.0	0.0	0.0	0.0	0.0	0.0	0.0	0.0	1.37124	0.0	0.0	0.0	0.0	0.653806	0.0	0.0	0.0	0.0	0.0	0.0	0.0	0.0	0.0	0.0	0.0	0.0	0.0	0.0	0.0	0.0	0.0	0.0	0.0	0.0	0.0	0.0	0.0	0.0	0.0	0.0	0.0	0.0	0.0	0.0	0.0	0.0	0.0	0.0	0.0	0.0	0.0	21.969121	0.0	0.086224	0.0	0.0	0.15887	0.0	0.0	0.0	0.0	0.0	0.0	0.0	0.0	0.0	0.0	0.0	0.0	0.0	0.0	0.0	0.0	0.0	0.0	0.0	0.0	0.0	0.0	0.0	0.0	0.0	0.0	0.0	0.0	0.0	0.0	0.0	0.0	0.0	0.0	0.0	0.0	0.0	0.0	0.0	0.0	0.0	0.0	0.0	0.0	0.0	0.0	0.0	0.0	0.0	0.0	0.0	0.0	0.0	0.0	0.0	4.655364	0.0	0.0	0.0	0.866481	0.0	0.0	0.128173	0.0	0.0	0.0	0.0	0.0	0.0	0.0	0.0	0.0	0.0	0.592651	0.0	0.0	0.187437	0.0	0.0	0.0	1.824114	0.0	0.0	0.0	0.0	0.0	0.0	0.0	1.276774	0.0	0.0	0.0
SRR9330784_bin.19	0.041704	54.189776	0.0	0.0	0.0	2.930815	0.0	0.0	2.881003	0.0	0.0	0.0	0.0	0.0	6.514212	0.0	0.0	0.0	0.0	0.0	0.0	0.0	5.973788	0.0	0.067536	0.0	3.773254	0.0	0.81375	0.0	0.0	0.071547	0.0	0.0	6.413338	0.0	0.0	2.161225	0.0	0.0	0.0	0.04093	0.0	1.521598	0.0	0.244504	0.0	0.0	0.0	0.0	0.0	0.0	0.0	0.076053	0.0	0.0	0.0	0.028433	0.0	0.0447	0.265933	0.0	0.0	0.0	0.0	0.0	0.0	0.0	0.0	0.0	0.0	0.021044	0.0	1.805915	0.250144	0.0	0.0	0.0	0.0	0.20768	17.505968	0.0	0.037235	0.0	0.0	0.0	0.0	0.0	0.0	0.0	0.166492	0.0	0.0	0.0	0.0	0.0	0.0	0.0	0.076171	0.0	0.0	0.056609	0.132338	0.0	0.0	0.0	0.0	0.0	0.0	0.0	0.0	0.0	0.0	0.0	0.0	1.100093	0.0	0.0	0.0	0.0	0.0	0.0	0.0	0.0	0.0	0.0	0.0	0.0	0.0	0.0	0.0	0.122926	0.0	0.0	1.096007	10.74372	0.0	0.0	0.0	13.290463	0.0	0.0	0.0	0.0	0.095403	0.0	0.0	1.700958	0.410644	0.0	0.016238	0.669403	0.0	0.385754	0.0	0.0	0.0	0.0	0.0	0.0	0.154287	0.156609	0.04015	0.0	0.0	1.618577	0.801557	0.0	0.0
SRR9330774_bin.11	0.449231	3.87605	5.698395	2.844276	0.412986	0.919653	1.351614	0.0	4.2610565000000005	0.765495	0.111693	59.0447265	0.84484	1.6888740000000002	0.158334	15.848077	207.495786	116.04547	39.038798	139.668626	220.530943	11.801448	0.783062	0.1881305	0.126655	0.0	0.08093	34.9331565	0.083478	520.242254	0.270388	0.577207	2.68218	0.244884	0.056458	0.0	0.231146	0.069636	0.474757	0.220364	0.770484	0.278092	0.238985	7.110889	0.143587	0.127881	183.66670449999998	184.115605	28.164005	0.103875	0.50445	1.802368	13.409906	7.135383	83.080541	3.056921	91.417402	18.7434	2.135603	352.011466	1.694277	0.5113	557.275925	1305.781423	0.793469	392.233858	0.580782	0.38508	2.620989	234.270484	4.436568	0.127575	478.549951	0.109104	7.218996	2.346032	0.774103	30.160577	54.286526	118.873788	0.127652	0.087785	16.811901	1.080757	1.854673	2.135165	1.136068	0.30554	347.631543	1466.410771	0.587389	117.504839	713.6414629999999	0.579123	3.326296	0.054315	3.007751	39.546925	41.361124	0.733472	19.445709	0.9840340000000001	0.104455	3.386732	0.050919	651.985681	8.345428	11.162992	0.398327	35.345877	49.310509	601.61004	15.375186	2.51096	0.065863	0.220139	0.339113	0.612553	1.046076	20.525401	1.8569455000000001	17.287492	2.095065	0.10559	10.853994	2.561821	0.112046	0.178941	2.733547	2.303856	23.67795	19.196872	0.29042	3.896586	2.452052	0.444358	0.085228	0.669534	228.909767	0.15747850000000002	57.505539	0.053313	3.077043	0.571634	0.412028	0.8069745	0.337832	0.019877	2.054399	0.501908	0.105942	0.106302	0.443915	0.0687015	0.080213	0.279273	0.07094	0.20996	0.045704999999999996	2.325489	1.319128	1.572428	7.530743	0.379315	84.299711	0.255559	1.166373	3.948694	0.628824
SRR8849265_bin.18	0.0	0.0	0.246211	2.766929	1.237882	1.732291	0.631273	0.489875	0.194996	0.67087	1.004963	0.800689	0.0	0.111833	2.453824	11.593477	3.04161	3.038035	0.231136	0.642963	1.224899	0.131312	0.0	0.0	0.0	0.0	0.0	0.0	0.553654	1.959601	0.741297	0.236477	0.0	0.306358	0.343868	0.0	0.0	0.932633	0.128092	0.0	2.867518	1.290422	0.032204	0.196385	3.436292	0.653999	3.678164	18.399944	0.086858	0.688949	0.047957	1.356497	0.292516	0.0	2.559562	0.276378	0.328363	0.0	0.0	0.238891	7.697543	0.108053	4.103651	13.815795	0.0	38.070112	0.041439	1.806292	0.427506	2.076874	2.195756	1.008618	1.622054	0.0	0.0	0.0	0.407431	0.688325	0.12258	1.795139	0.349334	0.228068	0.370354	0.033011	0.479678	0.838203	1.330912	0.501095	2.701724	15.367771	4.196198	0.890408	29.075393	0.540195	2.48018	5.543226	4.351181	0.432843	1.314846	0.14183	4.13054	0.149554	0.297912	7.691929	0.145056	1.741803	1.034585	18.449707	0.769526	1.516946	1.289047	4.638608	0.612933	1.161177	4.869874	1.477584	1.246044	0.0	0.383907	1.50782	2.110432	1.993181	0.102494	0.0	0.0	0.19746	0.0	0.0	0.0	0.0	0.452454	0.0	8.566042	2.655511	0.046825	0.15328	0.511858	1.463081	0.200908	0.0	0.0	0.931528	0.0	0.139893	2.513008	0.0	0.75924	0.403883	3.842113	0.0	1.599984	1.883414	0.042837	0.0	1.301729	1.741889	0.278214	1.76978	0.34114	0.092693	2.495571	0.208945	1.967629	0.168089	22.627968	0.100295	0.554837	0.0	0.0
SRR8849269_bin.30	0.0	0.0	0.066442	0.0	0.0	0.0	0.0	0.0	0.034663	0.0	0.0	0.0	0.0	1.696443	0.0	0.0	0.0	0.0	0.0	0.0	0.0	0.0	0.0	0.0	0.0	0.0	0.0	0.0	0.0	0.0	0.0	0.0	0.0	0.0	1.804395	0.0	0.0	0.0	0.0	0.0	0.675861	0.0	0.0	0.0	0.0	0.04649	0.0	0.0	0.0	0.0	0.0	0.0	0.0	0.0	0.0	0.0	0.0	0.0	0.0	0.0	0.0	0.0	0.0	0.0	0.0	0.0	0.0	0.0	0.0	0.0	0.0	0.040806	0.0	0.282826	0.0	0.0	0.0	0.0	0.0	0.0	0.0	0.0	0.0	0.0	0.0	0.0	0.050911	0.0	0.0	0.0	0.0	0.0	0.0	0.0	0.0	0.023192	0.0	0.0	0.0	0.0	0.0	0.0	0.0	0.0	0.0	0.0	0.0	0.0	0.0	0.0	2.413661	0.0	0.0	0.0	0.083271	0.0	0.139022	0.0	0.0	0.0	0.0	0.0	0.0	0.0	0.0	0.0	0.0	0.0	0.0	0.0	0.0	0.0	0.0	0.0	0.0	0.039619	0.0	0.60739	0.0	0.0	0.0	0.0	0.0	0.0	0.083111	0.0	0.0	0.0	0.0	0.087028	0.163827	0.0	0.0	0.259608	0.0	0.0	0.0	0.102541	25.420371	0.030963	0.027949	0.053967	0.0	0.0	0.0	0.0	0.085804	0.0	0.0
SRR8849243_bin.53	0.0	0.0	0.013983	0.0	0.0	0.010932	0.0	0.0	0.006839	0.0	0.0	0.027514	0.0	0.0	0.0	0.058344	0.181325	0.006888	0.0	0.0	0.0	0.030606	0.0	0.0	0.0	0.0	0.0	0.0	0.059734	0.0	0.013523	0.0	0.0	0.0	0.0	0.0	0.0	4.731791	0.0	0.0	0.038058	0.009545	0.0	0.0	0.012698	0.008404	0.0	0.0	0.0	0.0	0.010057	0.0	0.0	0.0	0.016867	0.0	0.0	0.0	0.0	0.0	0.0	0.008395	0.0	0.010268	0.0	0.007491	0.0	0.0	0.0	0.0	0.00728	0.010131	0.0	0.0	0.0	0.0	0.006913	0.15003	0.0	0.01904	0.007317	0.034708	0.006612	0.0	0.0	0.017936	0.019064	0.014751	0.022219	0.0	5.347641	0.027599	0.0	0.0	0.006482	0.0	2.596867	0.0	0.0	0.0	0.0	0.0	0.0	0.0	0.0	0.0	0.011217	0.0	0.0	0.0	0.025297	0.0	44.319076499999994	0.022489	3.507026	0.003621	0.0	0.004444	0.0	0.0	0.0	0.031023	0.0	0.0	0.0	0.0	0.0	0.0	0.0	0.0	0.0	0.0	0.053474	0.017102	0.411805	0.01429	28.692785	0.021656	0.0	114.010757	0.0	0.011045	0.0	0.005322	0.035619	0.0	0.079006	0.0	0.0	0.029442	0.005604	0.0	0.01229	0.0	0.0	1.18056	0.0	0.0	0.0	0.0	0.005275	0.0	0.0	0.0	0.07809450000000001	0.008415	0.0	0.0	0.0
SRR9330786_bin.8	10.479454	11.0539	7.451179	0.078329	1.05215	8.120924	10.526024	4.200252	9.137749	7.110733	2.644004	63.963426	569.841739	41.851287	85.597612	0.161465	4.819504	28.814887	0.519207	1.096506	236.568246	1.216647	43.453311	24.857549	17.50575	17.784094	14.289526	487.036056	21.768426	0.621227	33.935988	0.79395	36.888806	0.419396	33.691293	14.38058	7.477478	9.421607	3.342827	6.5621	3.370073	8.225487	8.235721	3.345799	3.812255	0.785066	4.705705	1.662835	26.117455	11.907228	38.268311	54.299681	10.293088	31.120529	60.169968	15.268768	190.126328	414.401977	77.895195	6.95638	6.847693	8.295715	0.2222715	6.524946	172.604182	1.340278	207.131297	0.024021	138.727795	38.565711	0.305055	4.020538	19.439256	4.499992	38.947984	49.034376	4.924675	0.414533	17.555016	10.98963	4.519017	40.166551	30.109393	29.823326	76.390711	2.548851	2.567964	9.769636	11.488218	11.320058	1.264499	24.113514	0.450402	10.95509	0.288395	17.365406	5.797763	42.616249	5.604118	17.484925	29.763359	19.156512	10.124148	5.592239	63.040316	0.071891	0.755896	0.306671	4.364755	31.682895	3.8679	75.827791	1.607706	8.747487	2.778157	21.4319515	28.248793	43.602373	75.221991	22.117632	13.345782	3.672997	14.848458	41.646587	2.179705	31.57914	53.034124	27.447493	62.464444	7.456961	12.608354	70.723395	0.467412	3.94929	2.238982	10.785376	17.00789	5.405123	0.855681	1.550485	29.030368	4.171358	130.770062	29.073266	1.60502	147.149305	0.769395	5.767686	3.081712	137.720666	11.443026	18.180966	6.639613000000001	2.680655	5.972212	0.390309	18.479777	0.577453	1.170834	15.425947	0.817992	6.083704	0.079546	0.093722	0.067982	2.438544	25.620152	14.073082	5.343862
SRR17301554_bin.14	0.162599	0.214837	1.180668	5.138866	0.76033	4.025222	1.17082	0.953862	0.832917	0.825927	0.0	5.2619085000000005	0.0	1.295973	7.905298	453.1332785	84.94446	18.748897	0.290402	20.749178	0.539218	5.456303999999999	0.0	0.0	0.5681	0.0	0.399936	0.429647	3.14978	4.363004	0.823216	5.3064789999999995	0.159242	2.424603	0.0	0.0	0.40518	2.9317765	0.710052	0.0	7.0187495	2.6037765	0.0	0.194866	1.599613	0.0	10.096004	153.326848	0.365305	3.308148	0.0	0.359242	0.0	0.419228	1.336617	0.400383	1.957143	0.0	0.0	2.636786	6.769804	0.828316	16.520232	0.7288589999999999	0.0	17.677752	0.176315	3.681675	4.157016	4.232095	58.577272	1.5209834999999998	0.0	0.817697	0.0	0.3653235	0.782421	38.120555	2.814603	6.060546	1.636058	0.566419	0.763506	0.0995955	0.746837	17.39417	5.487142	23.848645	102.3800585	20.433969	70.470589	1.1779885	36.328966	13.245501	23.086428	4.272432	2.252276	0.8900779999999999	1.766052	0.0	5.284422	1.137468	0.760953	13.088492	2.59942	0.412789	31.465938	39.6175	79.9082755	17.252134	17.046261	1.461979	6.441529	6.845042	0.6839	0.5192835	3.6218055	0.1845685	0.870133	20.980121	1.382126	12.05604	2.2996274999999997	0.849835	0.305116	0.0	0.0	0.343038	0.0	0.0	2.909992	0.0	7.02035	25.9283705	0.077664	4.326263	0.732385	6.043336	2.653595	0.0	0.0	0.8020665	0.0	0.300127	5.191651	0.0	0.9246544999999999	0.40742	4.477571	0.18824	0.969282	4.604111	1.2018624999999998	1.103433	1.531278	10.628358	1.00935	0.55975	0.0	0.8031655	2.729936	1.064174	3.019916	0.0	38.732912	1.410502	0.431482	0.424221	0.0
SRR8849259_bin.19	0.0	0.0	4.043391	11.876113	1.882917	4.770099	0.0	0.0	0.0	1.077688	0.0	0.0	0.161815	0.97755	0.0	0.0	0.0	0.0	0.0	0.0	0.0	0.0	0.176057	0.151775	0.0	0.068213	0.0	0.0	0.151517	0.0	1.356231	0.0	0.0	1.362707	0.6265324999999999	0.0	1.254827	1.351642	2.648986	0.0	5.624325	0.0	0.0	0.0	0.0	0.0	0.0	0.0	0.0	3.450947	0.0	0.0	0.0	0.0	0.0	0.0	0.0	0.0	0.0	0.291427	0.0	0.0	0.0	0.0	0.0	0.0	0.671748	0.380048	0.0	0.0	10.629965	1.3584960000000001	0.0	0.99061	0.0	0.0	0.577374	0.0	0.0	0.0	2.149117	0.0	0.907476	3.294957	0.0	0.0	0.0	0.372072	0.0	0.0	4.109039	0.0	0.0	0.0	0.0	9.045498	0.0	0.0	0.0	0.0	0.0	0.0	0.0	0.0	0.0	0.0	0.0	0.0	0.0	0.0	0.0	0.0	0.0	0.0	0.0	0.0	0.0	0.0	0.0	0.0	0.0	0.0	0.0	0.0	0.736493	0.0	0.066461	0.0	0.0	0.0	0.0	0.0	3.109773	10.606562	0.0	0.498128	5.194495	3.784562	0.0	2.076977	0.0	1.2843395	0.0	0.0	0.0	0.0	0.0	0.0	1.167958	0.0	0.0	0.0	1.968814	1.511058	22.836706	0.0	0.0	1.049325	0.0	0.0	0.0	0.0	0.0	0.0	0.0	0.0	0.0	0.0	0.0
SRR17301520_bin.15	2.691105	11.051555	17.202013	4.036646	35.253157	51.764004	16.282712	2.759393	22.486434	20.484605	3.4108225	0.0	0.235293	26.317693	0.695151	0.033242	0.0	0.0	0.0	0.3034835	0.0	0.0	2.499682	3.047694	11.956884	0.084704	1.758136	0.0	1.492477	0.713476	4.727867	27.255572	0.0	18.889739	3.770092	7.823983	13.185885	5.328688	13.833043499999999	3.158109	0.1354115	77.869791	6.299934	3.570772	123.453373	28.677202	3.341797	0.0	6.071027	17.619435	4.8903739999999996	3.681784	0.0	0.0	0.0	0.369439	0.0	0.0	0.1143815	8.125748	24.799127	1.769876	0.0	0.0	0.0	0.0	4.1937945	60.094715	0.0	0.0	5.262938	3.119539	0.0	18.703785	0.0	10.833044	34.935964	17.821309	0.620392	0.78052	10.030588	12.997039	17.792245	16.883079	0.0	0.0	5.265809	2.974544	0.0	0.0	3.843917	0.0	0.0	10.905347	10.604561	4.698039	1.237555	0.232059	0.0	22.621797	20.296346	8.665848	7.3643304999999994	8.301094	17.042216	0.0	0.0	17.20805	0.0	0.0	110.426031	0.0	0.234741	17.285335	29.190446	9.727403	1.964649	0.156468	13.075178	0.0	0.219797	1.935044	70.401943	0.292883	2.789052	8.041968	0.306331	1.17475	0.0	0.0	0.0	0.399605	36.351459	12.357145	5.454852	3.508659	20.858579	0.093901	0.408221	12.695477	0.638145	7.904462	0.0	7.767307	14.053842	2.421347	41.135463	11.793668	9.72851	7.099745	5.712367	2.102085	16.471919	31.448097	6.661821	16.547778	2.580503	7.355184	18.61418	52.738452	39.232558	26.201774999999998	13.987069	3.643524	0.167227	8.027191	0.0	0.111069	0.279119
SRR8849215_bin.39	0.076387	0.656983	4.924211	0.320391	0.545124	1.103054	14.413251	1.634611	5.450228	6.639248	1.517332	0.016896	0.217747	1.281433	1.425266	0.082826	0.098748	0.032611	0.015531	0.091977	0.019538	0.169906	0.015255	0.010437	0.197026	0.046521	0.040441	0.0	0.036848	0.458084	0.162766	0.237925	0.023801	2.212628	15.767837	2.834672	6.790264	1.279978	0.207386	4.413165	2.584288	0.259862	7.236749	0.050483	3.276336	4.182166	0.131151	0.037958	0.019729	0.56506	0.086252	5.986339	0.050686	0.117985	0.0	0.056092	0.033937	0.0	0.047441	0.059922	0.448086	3.781995	0.013067	0.008829	0.0	0.043372	0.059746	0.140698	0.071434	0.031288	0.771382	3.775859	0.020838	1.659026	0.029991	0.132381	2.433845	0.110155	1.716032	0.197796	63.07819	2.77694	0.44757	0.059954	0.075102	0.055435	0.089237	8.11425	0.009079	0.009787	0.50342	0.106104	0.0	0.980592	0.049734	8.29822	0.958786	0.153355	0.032617	0.669703	1.103077	0.171454	0.202028	0.139948	0.059392	0.034725	0.059286	0.193937	0.011893	0.287523	1.9083	0.069165	0.364374	4.068113	3.343467	0.194132	14.084503	0.027155	0.214565	0.054922	0.0293	0.762185	0.222841	0.122534	0.134769	3.486763	0.084252	0.008546	0.0	0.0	0.063118	0.014069	9.575219	8.418109	0.096914	9.494876	4.403056	2.823426	0.684632	0.438345	0.15085	0.956361	0.0	0.074198	6.072209	0.127814	0.097496	0.043709	0.580461	3.952064	10.782288	0.138936	20.357899	2.900395	0.459057	0.354822	0.055835	11.880891	32.486045	0.147237	0.762101	0.1629	0.074375	0.023468	0.047218	0.526135	4.596056	0.005172	0.028483
SRR17301531_bin.2	0.468863	0.169108	0.18882	4.747456	2.48479	1.643248	8.357356	0.698666	1.601601	3.973956	1.204381	0.07256599999999999	0.26646	17.143452	23.09943	0.759176	0.333341	186.973575	0.223366	69.836155	0.181887	0.285121	0.487288	0.391755	0.527236	0.076379	1.396294	0.0	0.594677	0.38244	0.445088	6.231199	0.343973	1.10702	1.067694	2.317324	0.419696	0.435903	1.637933	0.761348	5.353892	12.858768	1.687913	0.736513	6.956525	60.463402	85.189519	0.584664	3.322765	0.844027	0.509375	0.040788	0.298126	1.80085	0.0	11.056397	0.0936	0.012161	4.067327	1.186837	1.863286	2.754842	0.146377	0.140711	0.047947	0.2426355	3.676436	9.329856	39.789046	1.614649	96.777647	19.423184	0.126371	3.506119	1.284469	1.552012	1.175636	9.000862	3.981306	14.928405	14.822619	4.47655	2.091614	0.582502	2.073773	403.566862	7.812628	112.080707	0.280768	0.020302	35.51532	78.98509	0.193835	100.571393	88.36345	1.305174	1.841857	11.802626	1.276958	3.025292	1.729701	1.427638	0.405015	1.432428	0.621089	0.310395	103.01454050000001	19.664913	0.039855	19.211987	73.839684	0.172475	128.508039	49.202971	8.043875	0.686806	5.901127	1.915912	1.017825	0.076528	1.649337	27.5292535	1.415114	0.24574649999999998	0.400757	1.645362	0.142827	2.478738	2.002039	0.0	58.458224	0.196883	37.855713	95.159038	15.841613	4.121404	0.699892	4.322812	20.551491	0.489244	0.908781	0.326187	0.0	0.5268	3.218296	7.125742	1.526161	0.710844	1.187475	0.883152	0.834826	1.200852	0.617887	9.245102	0.511179	16.468086	0.961811	1.027666	5.229722	0.35083	0.874218	2.511201	4.185287	1.55144	0.184299	1.032045	0.234626	0.604229	2.083683
SRR17301531_bin.32	4.228847	10.918022	53.942764	0.036552	0.148799	0.446827	6.546656	4.958386	2.485082	4.881576	0.377249	1.102558	58.977085	0.235422	6.279481	0.009266	7.571119	0.019246	0.0	0.45087	0.036059	48.67563	4.765321	1.612731	19.577472	2.639248	16.211887	132.912495	24.320006	0.025606	1.877384	0.288065	0.654461	0.445209	38.908867	0.502089	2.388577	24.422963	0.297349	1.108094	5.026754	0.156988	17.844741	0.037845	4.123687	0.0	0.038465	0.031463	0.201142	19.806719	0.194867	1.999415	5.418359	0.465206	0.741422	0.187397	108.293353	2.615698	1.414148	7.216698	0.211195	0.366045	0.0	0.0	2.737258	0.031457	52.38582	0.0	30.321008	0.146084	0.628504	7.727236	9.168745	10.124152	1.41774	0.228904	1.09357	0.118861	0.007589	2.655146	5.431268	109.519087	4.907646	0.141563	45.530536	6.175362	1.329421	56.388378	0.016298	0.357574	0.097099	13.21885	0.0	89.911023	1.689386	0.727064	3.86121	0.031053	0.918441	2.300277	3.260906	0.913175	3.832199	0.42761	42.519011	0.0	1.586172	0.0	0.211993	5.51896	14.69985	0.396448	5.290432	11.383401	8.526039	1.434667	21.117777	29.550919	9.683591	0.711576	0.095278	0.831223	3.786545	26.858562	0.114827	161.560328	0.746083	1.740604	3.769442	0.592868	2.732592	55.547836	0.197264	1.622941	1.560766	11.04255	11.303264	5.283815499999999	0.070581	1.336916	4.046019	0.24686	34.836887	0.089599	2.095245	31.338256	0.127026	1.652236	5.776522	10.554901	20.221009	0.64488	3.552886	4.760009	3.551076	0.136659	1.761118	0.335967	1.005193	11.442982	0.430712	2.438352	0.029424	0.0	0.007076	1.884381	0.54132	20.527531	0.737035
SRR8849210_bin.24	16.392355	3.492075	112.480124	568.718267	33.760385	19.29077	249.731797	22.872559	4.334342	40.75582	9.296022	0.169457	1.118663	18.009195	48.709012	0.439211	0.327191	1029.202979	0.0891	5.495114	0.071348	7.899081	0.0	3.205982	10.065662	0.567434	0.133617	0.179781	0.272932	11.339306	194.589603	161.71572	0.087213	64.813459	326.77414	52.383483	29.150298	85.60232	101.501066	1.244728	80.066031	183.919544	155.875646	140.853027	6.832985	483.964327	2.599117	0.056889	12.41587	32.911365	43.952824	0.397119	0.144358	1.231338	0.0	0.27766	0.060995	0.0	6.101957	5.216875	99.624951	745.069735	0.178768	0.189394	9.500258	0.0	19.62216	0.154306	425.072677	0.194556	231.353908	320.88908	0.123735	41.533684	78.636207	114.935272	208.287243	89.30139	0.072783	184.699113	105.048594	16.232734	20.900706	326.912002	0.0	0.1714	13.787879	27.669822	0.085014	0.0	124.064962	416.041803	0.0	77.886996	740.913162	74.998694	36.315993	0.25638	0.273993	293.774844	22.168756	24.167912	3.817247	0.427016	1.514465	0.184181	0.261757	26.437759	0.127296	0.223401	45.163352	0.10542	51.918354	305.24652	62.881576	21.592611	86.421495	50.589738	0.229796	1.588036	0.254861	47.619719	167.922146	1.171702	13.910269	9.78349	2.011158	3.031382	0.0	0.0	156.600652	1.66332	43.892132	116.328452	12.194939	25.601009	20.696851	40.997515	37.391861	47.442783	56.975975	17.328021	0.0	118.028685	23.234459	4.770274	36.278507	37.242632	138.419066	208.925086	76.409648	38.162325	74.752654	53.33366	228.223359	228.59569	9.244782	70.226962	108.806477	0.326823	237.357726	0.331906	112.086108	2.266876	2.820865	46.318986	16.238023	8.617348	0.0
SRR9330779_bin.29	0.041762	0.073325	0.023126	0.406316	0.012788	464.53834	0.0	0.0	0.047896	0.034398	19.197931	0.024179	10.517462	111.944234	4.679866	0.040013	79.448524	0.081924	0.0	0.0	0.0	0.0	0.024335	0.219925	243.338787	0.076879	0.077185	0.035772	0.050395	0.294627	0.041787	0.073023	0.013334	0.013088	1067.623239	0.0	0.0	101.283684	0.0	0.085172	0.014972	0.0	0.004022	0.009472	189.546973	0.0	0.0	0.036459	0.083632	0.021451	0.084442	404.869142	0.046382	4.907799	0.0	0.029105	0.0	0.0	0.014726	0.138	0.0	0.026013	0.050009	0.035947	0.032179	0.0	126.73640549999999	0.0	0.0	0.119215	0.009114	11.997293	0.0	0.066178	655.971677	0.031118	0.101581	0.430905	0.00789	0.115416	0.008639	0.012429	0.044651	0.076913	0.731643	0.015614	0.0	103.280001	0.0	0.0	0.045239	0.015609	0.0	0.044775	1.886613	0.003304	24.34676	0.306061	0.029963	0.120501	0.04129	1.181434	0.0	0.009793	0.076233	0.01747	0.015809	0.0	0.0	0.104298	0.098416	0.0	0.0	0.035338	0.0	0.008554	0.026815	0.0	0.0	0.0	0.021384	0.158339	0.004306	0.856389	34.327769	0.373173	0.042525	0.093113	0.048913	0.0	0.044926	0.083125	0.089873	205.111951	0.1048095	0.017776	0.041047	0.016389	0.096424	37.387134	1.651904	3.88012	0.0	0.013594	0.100546	0.036455	0.144716	0.04728	0.052921	0.0	0.0148	1.49302	0.0	0.06773	0.036632	0.306992	0.030745	1.805078	0.028343	0.020422	0.075928	0.067746	0.259049	0.0	0.034734	0.01336	0.0	0.068417	0.046166
SRR8849226_bin.37	0.048089	0.009781	0.080194	0.054071	1.390374	19.358957	0.150428	0.147301	0.081522	0.152691	0.129844	0.008791	8.487161	0.040156	0.021867	0.169842	0.093212	0.065044	0.02053	0.009719	0.0	0.01824	0.0	9.553681	0.042935	0.019697	3.478041	0.0	0.031407	0.032782	0.161119	0.020956	0.0	0.050185	0.082526	0.060299	0.243496	12.040811	0.095555	0.062666	0.042508	0.018695	0.035486	0.386336	42.903787	0.025066	0.0	1.469288	0.071088	0.123799	0.093077	12.131738	0.0	0.0	0.0	0.0	31.480569	0.0	0.0	0.027894	37.16095	9.56313	0.004994	0.101641	0.0	0.0	17.999802	0.008072	0.0	0.109571	0.071378	3.657365	0.022874	0.058798	4.391124	0.394325	25.507189	0.013951	0.014565	0.015435	0.390972	0.01478	0.281064	0.094682	0.0	0.098287	0.04123	0.314272	0.159645	0.0	0.081682	0.022319	0.011114	1.191915	0.060348	0.012569	0.551991	0.032206	0.008262	40.32099	0.088816	0.086542	0.035042	0.0	0.023097	0.0	0.088572	0.011414	0.019185	0.039212	0.042941	0.0	141.027085	0.084792	0.167672	0.041854	0.055524	0.052737	0.00639	0.013012	0.014912	0.056073	0.015203	0.095134	2.047053	9.955147	0.039385	0.026622	0.0	0.0	0.059221	0.0	0.470185	149.892913	0.030785	0.247011	0.055061	0.041036	0.0	0.246416	0.043751	3.029377	0.0	0.078357	0.024753	0.0	0.008182	0.095993	31.917595	0.036899	0.118697	5.197598	0.404444	0.058466	29.399848	0.041028	0.0	0.100509	25.936277	0.084446	0.128067	8.301015	0.157305	0.133256	0.017025	0.059946	0.006413	0.026598	0.964807
SRR17301539_bin.8	0.0	0.0	0.57502	1.428987	0.088613	0.175853	0.902113	0.198001	0.774513	0.0	0.0	4.581322	0.0	0.775728	0.747571	7.79366	121.761327	75.820305	23.19604	9.855752	9.85744	8.237995	0.145597	0.058925	0.044156	0.0	0.0	0.0	0.0	2.563227	0.028626	0.190777	0.747658	0.0	0.497004	0.151721	0.0	0.183489	0.081283	0.0	0.453545	0.168796	0.242505	0.077818	1.723435	1.18313	9.55439	60.779785	0.629644	0.092729	0.33899	0.0	2.319666	1.10534	0.401875	0.30535	4.925133	1.989713	0.305473	4.961422	0.385299	0.957522	59.879878	27.066385	0.0	3.247959	0.314397	0.268116	32.623504	16.639275	7.301143	3.993543	68.957092	0.0	0.101145	0.49001	0.170133	0.143303	1.890309	2.041211	0.087212	1.178254	0.652976	0.112813	0.176511	23.878957	0.222869	0.429656	35.687774	1.012964	0.173089	28.044346	0.694847	3.786706	38.584368	0.144286	0.12202	1.013661	0.344741	0.094324	0.202633	0.20792	0.0	7.706213	0.225044	0.931487	11.029071	2.779376	111.543653	85.763057	9.380273	21.780935	4.581554	27.464261	0.419759	0.0	1.592387	3.452294	0.556976	0.673942	0.541843	1.095666	0.135852	0.0	0.0	0.0	0.0	1.891261	0.114842	0.0	11.262252	0.068062	1.377019	11.978656	29.434327	0.668267	0.146396	0.214918	2.740518	0.0	0.138784	0.0	0.117478	0.683796	0.171173	0.237213	0.024456	0.097067	0.071341	1.746467	0.343607	0.13688	0.068002	0.160451	0.19686	0.134019	0.0	0.136935	0.211364	0.761988	0.261788	0.039013	2.477366	0.0	0.38947	0.086778	1.358921	0.0	0.0
SRR17301544_bin.15	0.0	0.0	0.0	0.0	0.0	0.0	0.0	0.201943	0.0	0.0	0.0	0.0	0.0	0.0	0.0	0.0	0.0	0.0	0.0	0.0	0.0	0.0	0.0	0.0	0.0	0.0	0.0	0.0	0.0	0.0	0.0	0.0	0.0	0.0	0.0	0.0	0.0	0.0	0.0	0.0	0.0	0.0	0.0	0.0	3.706633	0.0	0.0	0.0	0.0	0.0	0.0	0.0	0.0	0.0	0.0	0.0	0.0	0.0	0.0	0.0	0.0	0.0	0.0	0.0	0.0	0.0	0.0	0.0	0.0	0.0	0.0	0.0	0.0	0.0	0.0	0.0	0.0	0.0	0.0	0.0	0.0	0.0	0.0	0.0	0.0	0.0	0.0	0.0	0.0	0.0	25.051336	0.0	0.0	0.0	0.0	0.0	0.0	0.0	0.0	0.0	0.0	0.0	0.0	0.0	0.0	0.0	0.0	0.0	0.0	0.0	0.116313	0.0	0.0	0.0	0.0	0.0	0.0	0.0	0.0	0.0	0.0	0.0	0.0	0.0	0.0	0.0	0.0	0.0	0.0	0.0	0.0	0.0	0.178782	0.0	0.0	0.0	0.0	0.0	0.0	0.0	0.0	0.0	0.0	0.0	0.0	0.0	0.0	0.0	0.0	0.0	0.0	0.0	0.0	0.0	0.0	0.0	0.0	0.0	0.0	0.0	0.0	0.0	0.0	0.0	0.0	0.0	0.0	0.0	0.0
SRR17301534_bin.60	1.176826	0.038253	19.964831	1.682699	0.044978	0.182861	13.564324	0.248373	0.051366	15.500655	2.066859	0.0	0.202492	0.0	0.775385	0.057661	0.072015	0.0	0.0	0.085036	0.0	0.161013	0.0	0.012562	0.073952	0.0	0.28066	0.0	2.639999	0.213439	3.734522	0.024379	0.0	2.921373	0.216856	2.565733	0.318577	0.043688	0.0	0.163556	0.494998	4.104107	0.2622	1.940312	13.377599	0.017084	0.023717	0.0	0.0	5.872559	0.037182	0.0	0.0	0.0	0.0	0.0	0.0	0.0	0.0	0.153889	19.353192	0.167633	0.0	0.0	0.0	0.0	8.218677	0.017793	0.0	0.0	0.12847	36.081508	0.0	4.09988	0.0	0.112322	2.863536	0.036751	0.15426	0.021195	26.195683	0.123554	2.402686	0.0	0.0	39.048934	55.262012999999996	17.139126	0.0	0.0	49.77534	0.0	0.0	1.417563	0.0	22.702121	1.529016	0.0	0.015815	4.18737	0.135933	0.701825	3.04586	0.019565	0.0	0.0	0.0	0.074561	0.0	0.0	0.133986	0.316581	0.093264	0.683435	2.897529	0.055461	51.1169545	0.0	0.0	0.02853	0.012642	0.328304	0.151837	0.023643	0.032432	33.997014	0.201651	10.737239	0.0	0.0	0.0	0.0	4.39795	0.296471	15.980699	7.665534	3.850762	0.502762	0.03122	11.811532	0.476734	1.726236	0.0	0.067646	1.323703	0.0	1.122889	0.048906	0.032475	0.065471	0.130116	1.3626800000000001	0.612684	1.336777	0.982587	0.679112	0.038841	2.81591	47.497440499999996	0.023647	0.052109	0.11963	0.141007	0.0	0.02585	1.35798	0.02004	2.610889	0.700937
SRR8849260_bin.34	0.0	0.0	0.299393	0.0	0.0	0.0	0.0	0.0	0.0	0.0	0.0	0.0	0.0	0.0	0.0	0.0	0.0	0.0	0.0	0.0	0.0	0.0	0.0	0.0	0.0	0.177408	0.0	0.0	0.0	0.0	0.0	0.0	0.0	0.0	0.0	0.0	0.229343	0.0	0.0	0.0	0.0	0.0	0.0	0.0	0.25484249999999997	0.0	0.0	0.0	0.0	0.0	0.0	0.0	0.0	0.0	0.0	0.0	0.0	0.0	0.0	0.0	0.0	0.0	0.0	0.0	0.0	0.0	0.0	0.0	0.0	0.0	0.0	0.0	0.0	3.6609865	0.0	8.555855000000001	0.0	0.0	0.0	0.0	0.0	0.0	0.1217105	0.0	0.0	0.0	0.0	0.0	0.0	0.0	0.0	0.0	0.0	0.0	0.0	0.0	0.0	0.0	0.0	0.0	0.0	0.0	0.0	0.0	0.0	0.0	0.0	0.0	0.0	0.0	0.0	0.0	0.0	0.0	0.0	0.638297	0.0	0.0	0.0	0.0	0.0	0.0	0.0	0.0	0.0	0.0	0.33706400000000003	0.0	0.0	0.0	0.0	0.0	0.0	0.0	0.0	0.593989	0.0	0.0	0.0	0.290742	0.0	0.0	0.0	0.0	0.0	0.0	0.0	0.0	0.0	0.0	0.1633715	0.0	0.3534325	1.960664	0.0	0.0	0.0	1.152128	0.0	15.691599	0.0	0.0	0.0	0.0	0.0	3.232692	0.0	0.0	0.0
SRR17301515_bin.6	0.242227	0.260569	0.543271	0.0	0.414822	0.484657	0.184528	1.084848	0.280392	0.330183	0.319399	0.0	0.2247	0.906529	0.280424	0.0	1.657227	22.620423	0.031646	0.0	0.0	0.193502	0.0	0.37518	0.371825	0.151959	0.588248	0.0	0.240979	0.0	0.161713	0.0	0.0	0.167443	0.348462	0.0	0.173884	0.14442	0.0	0.339791	0.761778	0.126858	0.665793	0.105376	0.231444	0.062267	0.0	0.0	0.0	0.0	0.591862	0.115548	0.0	0.0	0.0	0.0	0.0	0.0	0.0	0.0	0.32058	0.333521	0.0	0.0	0.0	0.0	0.1433105	0.0	0.0	0.0	0.0	0.357998	0.0	0.516225	0.0	0.87145	0.075573	0.0	1.210846	0.0	0.347666	0.186677	0.18612250000000002	0.0	0.125907	0.631239	0.474813	0.3590365	0.0	0.0	0.068618	0.167793	0.0	0.08515	0.0	0.350939	0.0	0.0	0.0	0.209646	0.05542	0.306571	0.0	0.0	0.082189	0.0	0.041844	0.0	0.0	0.0	0.766742	0.0	0.096533	0.383872	1.6032410000000001	0.20043	0.29703	0.0	0.424216	0.0	0.0	0.412251	0.159504	0.183815	0.0	0.374437	0.354691	0.225978	0.0	0.0	1.035419	0.274252	0.222001	0.370591	0.119403	0.649641	0.3733965	0.795171	0.0	0.3199875	0.767655	0.199007	0.0	0.59114	0.0	0.135454	0.0	0.0	0.092589	0.781764	0.26404	0.076606	0.259746	0.217616	0.032882	0.0	0.143433	0.034339	0.30557	0.196134	0.101902	0.065524	0.0	0.0	0.0	0.551219	0.930141	0.2323095	0.0
SRR17301553_bin.24	0.0	0.0	0.0	0.0	0.0	0.0	0.0	0.0	0.0	0.0	0.0	0.0	0.0	0.0	0.0	0.0	0.0	0.0	0.0	0.0	0.0	0.0	0.0	0.0	0.0	0.0	0.0	0.0	0.0	0.511472	0.0	0.0	0.0	0.0	0.0	0.0	0.0	0.0	0.0	0.0	0.0	0.0	0.0	0.0	0.0	0.0	0.0	0.0	0.0	0.0	0.0	0.0	0.0	0.0	0.0	0.0	0.0	0.0	0.0	0.0	0.0	0.0	0.0	0.0	0.0	0.0	0.0	0.0	0.0	0.0	0.0	0.0	0.0	2.6252815	0.0	0.0	0.0	0.0	0.0	0.0	0.0	0.0	0.1559115	0.0	0.0	0.0	0.0	0.0	0.0	0.0	0.0	0.0	0.0	0.0	0.0	0.0	0.0	0.0	0.0	0.111236	0.0	0.616805	0.0	0.0	0.0	0.0	0.0	0.0	0.0	0.0	0.0	0.0	0.0	0.0	164.834341	0.0	0.0	0.0	0.0	0.0	0.0	0.8259350000000001	0.0	0.0	0.0	0.0	0.459042	0.0	0.0	0.0	0.0	0.0	1.500789	0.0	0.0	0.0	0.0	0.0	0.0	0.0	0.0	0.0	0.0	0.0	0.0	0.0	0.0	0.0	0.0	0.0	0.0	0.0	0.0	1.8174555	0.0	0.0	0.0	18.68267	0.0	0.0	0.0	0.0	0.0	0.0	0.0	0.0	0.0	0.0	0.0
SRR9330777_bin.23	25.084325	0.144047	74.359786	0.481774	40.536346	50.721592	0.173175	0.049279	19.118857	6.8592	4.713385	0.036784	2.043971	0.087267	5.496517	17.244056	0.061834	9.785959	0.0	0.223596	0.039621	0.13772	0.042636	0.067663	0.261263	3.367855	93.132776	0.017667	0.038376	0.77118	27.490604	35.100432	0.028786	18.216404	34.232375	182.170822	141.528516	0.191442	20.191645	5.783437	0.590048	0.055879	4.785955	0.078042	9.518843	0.048367	0.103468	0.033739	0.101479	7.215368	120.699485	50.065688	0.071169	0.237516	32.310427	178.51451	10.03516	0.061901	30.406904	0.716527	0.319583	0.418647	0.015031	0.0	0.037366	0.048066	3.858229	2.122891	0.068002	0.041501	0.061351	3.387004	0.046117	0.259574	3.389747	0.278927	0.554749	1.132059	50.945352	24.826342	0.101451	0.324841	91.476538	0.103783	0.255649	0.223129	0.187336	0.465519	0.0	0.006227	0.265099	0.069837	0.053201	0.198986	0.127437	4.78634	54.044152	193.077153	0.834131	2.459308	109.890491	15.415628	4.489816	40.514867	0.074254	21.388506	6.245982	0.676014	0.0	27.161151	0.750529	0.059824	0.124163	0.479768	0.189252	3.373971	142.138654	0.043538	26.176689	0.067756	0.050174	458.608398	0.718522	14.365661	2.114998	0.153543	6.008515	11.917606	0.074785	0.022378	0.039358	4.882416	0.840972	0.956237	17.772621	0.728719	7.153584	0.781264	10.922502	5.537999	1.41551	9.770494	0.036204	108.164867	0.659705	14.707981	11.763593	0.42376	70.382934	0.095229	1.886206	12.855359	66.523951	0.145314	0.041821	0.751906	7.939761	0.635457	0.11578	13.286258	7.731362	21.820761	0.868975	0.176973	0.365754	0.078947	0.03895	2.881314	0.08897
SRR8849233_bin.33	0.006457	0.0	0.01477	0.010256	0.010117	0.092147	0.030826	0.017432	0.011514	0.0	0.0631225	0.0	0.0	0.009084	0.022688	0.002456	0.027866	0.0	0.0	0.0	0.0	0.021215	0.005049	0.0	0.012802	0.018961	0.009993	0.0	0.004017	0.005352	0.028095	0.004739	0.006909	0.024237	0.038157	0.0	0.007805	0.072172	0.0	0.083275	0.019966	0.01386	0.011394	0.0	0.006352	0.005658	0.007001	0.006464	0.007086	0.0	0.0	0.0	0.0	0.0	0.0	0.0	0.009289	0.0	0.0	0.016864	0.008289	0.006076	0.0	0.0	0.0	0.0	0.014331	0.018761	0.0057	0.0	0.018156	0.02982	0.021496	3.301218	0.0	0.007099	0.013648	0.012123	0.002485	0.007524	0.027698	0.0	0.388254	0.0	0.007531	0.010456	0.019221	0.028644	0.0	0.0	0.032602	0.003053	0.0	0.015615	0.0	0.012154	0.156567	0.093959	0.375023	0.0	0.067066	0.02588	0.0	0.006388	0.0	0.0	0.012091	0.007331	0.010205	0.0	0.022007	0.0	0.011132	0.026704	0.041005	40.373765	0.017526	0.007024	0.005034	0.009342	0.022998	0.006074	0.002529	0.007153	0.0	0.066467	0.0	0.0	0.0	0.0	0.022142	0.0	1.38285	0.034042	0.011473	0.057728	0.020762	0.025916	0.012589	0.037153	0.043099	0.005539	0.0	0.005781	1.239787	0.006751	0.009233	0.0	0.012236	0.035988	0.026003	0.0	0.022412	4.266726	0.025078	0.012755	0.007551	0.020161	0.025441	0.008552	0.015284	0.0	0.178928	0.0	0.233218	162.821697	0.010938	0.0	0.0
SRR8849278_bin.1	0.022563	0.029819	7.116715	36.949957	0.570655	0.201748	21.278218	3.281073	0.43532	7.662998	37.440234	0.009994	0.047154	0.841872	14.796707	0.043028	3.476612	0.016591	0.023308	0.055038	0.0	0.081383	0.027221	0.030704	0.283082	0.417369	0.3328	0.0	0.442046	1.512626	0.177347	9.974673	8.393302	6.312094	0.126863	3.600053	6.133641	0.70492	5.439971	0.106484	0.689719	21.787869	4.299648	0.748257	0.088393	118.293976	0.031268	0.030651	0.034314	0.454014	0.093757	0.110352	0.097211	0.113275	0.0	0.267094	0.017533	0.257617	0.004083	1.351361	1.335689	0.353088	0.022825	0.004777	0.008201	0.022867	0.496107	0.08837	0.014596	0.095045	0.023255	0.221481	0.033825	6.086278	0.79509	0.098901	3.153186	0.210427	0.722957	0.049202	19.674108	0.037846	5.910263	1.81558	0.015065	0.145072	1.942304	67.99492	0.005476	0.0	23.536372	0.044889	0.012099	9.134666	0.050317	0.114377	0.035421	0.024445	0.058512	2.972405	0.7811	0.320925	0.553486	0.204669	19.283843	0.023008	0.060377	0.283264	0.0047	0.029054	5.654925	0.025607	0.379837	315.283124	0.27399	11.065404	0.125512	9.519734	1.380722	0.043252	0.039726	1.317548	0.08175	0.02862	0.061737	13.868297	0.017982	0.027363	0.005123	0.0	0.069529	0.004653	13.160235	2.820381	0.218181	14.974604	20.84609	0.582126	0.225252	9.081339	0.101738	3.754048	0.0	0.051717	2.106312	0.011617	0.432919	0.030357	13.34219	15.951031	12.925621	3.18013	16.930683	11.84278	33.379873	6.053814	0.019828	76.19734	75.003506	0.08754	0.126426	5.374933	0.131525	0.030275	0.050055	6.160205	22.168681	0.125956	0.328135
SRR8849223_bin.6	0.0	0.0	0.0	0.0	0.051524	0.0	0.0	0.0	0.0	0.0	0.0	0.0	0.0	0.0	0.0	0.0	0.0	0.0	0.0	0.0	0.0	0.0	0.0	0.0	0.0	0.0	0.0	0.0	0.0	0.0	0.0	0.0	0.0	0.0	0.0	0.0	0.0	0.0	0.0	0.0	0.0	0.0	0.0	0.0	0.0	0.371998	0.077513	0.0	0.0	0.0	0.0	0.0	0.0	0.0	0.0	0.0	0.0	0.0	0.0	0.0	0.0	0.0	0.268945	0.0	0.0	0.0	0.0	0.33452	0.0	0.0	0.0	0.0	0.0	0.0	0.0	0.0	0.0	0.0	0.0	0.0	0.0	0.0	0.0	0.0	0.0	0.0	0.0	0.0	0.0	0.0	0.300482	0.0	0.0	0.0	0.0	0.0	0.0	0.0	0.0	0.0	0.0	0.0	0.0	0.0	23.721022	0.0	0.0	0.034143	0.148717	0.0	0.0	0.0	0.0	1.303332	0.0	0.0	0.0	0.0	0.0	0.0	0.0	0.0	0.0	0.0	0.0	0.0	0.0	0.0	0.0	0.0	0.0	0.0	2.320824	0.0	0.0	0.0	0.0	0.0	0.0	0.0	0.0	0.0	0.0	0.0	0.0	0.0	0.0	0.0	0.0	0.0	0.0	0.0	0.0	0.0	0.165796	0.0	0.0	0.0	0.0	0.0	0.0	0.0	0.0	0.0	0.0	0.0	0.0	0.0	0.0
SRR8849229_bin.14	0.0	0.0	0.0	0.0	0.0	0.0	0.0	0.0	0.0	0.0	2.758005	0.019703	0.0	11.786166	0.0	0.0	0.0	0.0	0.0	0.0	0.0	0.0	0.0	0.0	0.0	16.387657	0.0	0.0	1.974899	0.040651	0.0	0.0	0.0	20.158513	0.0	0.0	0.0	0.0	0.0	0.061302	0.471027	0.0	0.0	0.0	0.0	0.0	0.0	0.0	0.0	0.0	0.0	0.0	0.0	0.0	0.0	0.0	0.0	0.0	0.0	0.0	0.0	0.0	0.0	0.0	0.0	0.0	0.0	18.683759	0.0	0.0	0.0	0.08587	0.0	0.0	0.0	0.0	0.0	0.071911	0.0	0.040308	0.0	0.0	0.0	0.015441	0.0	0.0	0.0	0.047038	0.0	0.0	0.0	0.0	0.0	0.0	0.0	0.0	271.683696	0.0	0.0	0.0	0.0	0.0	5.052783	0.032705	0.0	0.0	0.0	0.0	0.0	0.0	0.0	0.0	0.072825	0.0	0.0	0.032651	0.0	0.0	0.0	0.0	0.0	3.152298	0.0	105.243733	0.0	0.0	0.0	0.0	0.0	0.0	0.0	0.0	0.306901	0.0	2.044082	0.0	34.158597	0.859542	0.063461	0.0	0.0	4.161142	0.0	0.0	0.076594	0.0	2.525445	0.0	0.065645	0.0	0.0	8.530142	0.016002	0.0	0.082105	2.787704	0.0	0.0	0.0	0.0	0.0	0.0	0.0	0.0	0.0	0.04547	0.0	0.0	0.081078
SRR8849258_bin.8	0.140877	0.0	0.036433	0.00536	0.276109	1.707777	0.052293	1.610171	0.063408	0.0	0.0	0.038377	0.418334	0.0	0.050597	106.768004	0.291254	0.041866	8.499277	75.865322	0.067803	0.100441	0.0	0.0	0.0	0.0	2.17414	0.198332	0.0	0.342462	15.131279	0.0	0.03479	0.020334	0.0	0.0	0.0	0.291656	0.0	0.0	0.029811	25.841953	0.021006	0.0	0.090545	0.025833	0.658271	0.444551	0.049408	0.0	2.555775	1.335148	0.010432	61.993826	0.0	2.855053	0.025638	0.0	0.0	0.063489	0.021183	0.068456	570.545855	0.030989	0.0	0.34622	0.004493	0.010582	0.027355	0.149056	35.566763	0.027566	0.121614	0.0	0.0	0.0	6.167706	20.775881	0.014383	0.026552	5.164449	0.039854	0.021827	0.042057	0.0	544.4530235	0.02385	0.010732	0.898505	0.160678	175.94628	0.031344	0.090534	0.108923	0.09833	0.0	0.03041	0.023181	0.056714	0.165991	0.029647	0.068529	0.0	0.132096	0.024368	0.173474	0.139944	0.16465	0.65049	0.10991	0.456356	0.044022	0.096192	0.80286	0.199487	0.0	0.057783	0.004169	0.0	0.059734	0.009824	8.018682	19.407697	0.0	0.056376	0.0	0.227231	2.027701	0.043711	0.0	0.051245	1.4786	0.224712	207.274736	0.0428	0.0	0.035028	0.034384	0.141755	0.004567	0.0	0.005405	0.0	10.71477	0.137448	0.0	1.313393	3.912898	7.973859	0.023584	0.017363	19.471705	0.011461	0.027684	32.513976	47.355899	0.0	17.551462	0.0	0.0	0.172889	0.023569	0.204921	0.0	0.149165	18.976616	0.0	1.064678	5.430897
SRR17301517_bin.25	0.0	0.0	0.0	0.0	0.0	0.0	0.0	0.0	0.0	0.0	0.0	0.0	0.0	0.0	0.0	0.0	0.0	0.0	0.0	132.017825	0.0	0.0	0.0	0.0	0.0	0.0	0.0	0.0	0.0	0.0	0.0	0.0	0.0	0.0	0.0	0.0	0.0	0.0	0.0	0.0	0.0	0.0	0.0	0.0	0.0	0.177675	0.0	0.0	0.0	0.0	0.0	0.0	0.0	0.0	0.0	0.0	0.0	0.0	0.0	0.0	0.0	0.0	0.690167	0.0	0.0	0.0	0.0	0.107556	0.0	0.0	0.0	0.0	0.0	0.0	0.0	0.0	0.0	0.0	0.0	0.0	0.0	0.0	0.0	0.0	0.0	0.0	0.0	0.0	0.0	0.0	0.630338	0.0	0.0	0.0	0.0	0.0	0.0	0.0	0.0	0.0	0.0	0.0	0.0	0.0	0.0	0.0	0.0	0.0	0.292638	0.0	0.0	0.0	0.0	1.292419	0.0	0.0	0.0	0.0	0.0	0.0	0.0	0.0	0.0	0.0	0.0	0.0	0.0	0.0	0.0	0.0	0.0	0.0	1.010173	0.0	0.0	0.0	0.0	0.0	0.0	0.0	0.0	0.0	0.0	0.0	0.0	0.0	0.0	0.0	0.0	0.0	0.0	0.0	0.0	0.0	0.143994	0.0	0.0	0.0	0.0	0.0	0.0	0.0	0.0	0.0	0.0	0.0	0.0	0.0	0.0
SRR8849246_bin.35	1.2525525000000002	0.0	4.976821	0.0	0.16424	1.239776	0.33022799999999997	2.881768	0.669229	2.10431	0.0	0.0	0.822571	4.3739805	0.7027995	0.0	0.0	0.0	0.0	1.025531	0.0	2.84232	0.0	0.0	1.553663	0.21228049999999998	0.0	0.0	1.340521	0.0	0.436307	0.0865895	0.0	1.0806405	0.168603	0.0	2.099641	0.0	0.0	0.151454	8.984646	0.0	1.914709	0.0	0.561049	0.40821	0.0	0.0	0.0	0.73473	0.0	0.0	0.0	0.0	0.0	0.0	2.099361	0.0	0.0	0.0	0.0	0.7577285	0.0	0.0	0.0	0.0	0.0	0.0	0.0	0.0	0.0	0.0	0.0	0.0	0.436666	0.0	1.10799	0.0	0.0	0.0	8.655509	2.86065	0.053174	0.0	1.849143	0.0	0.199115	4.964981	0.0	0.0	2.703136	0.0	0.0	0.722763	0.0	1.686645	0.0	0.0	0.0	0.0	0.0	1.644532	0.0	0.0	0.0	0.0	0.0	0.0	0.0	0.0	0.0	0.0	3.57458	23.325832499999997	0.0	0.0	3.695377	0.0	0.0	0.0	0.0	0.0	3.493884	0.0	0.0	1.25642	0.368541	3.417604	0.0	0.0	1.5647945	0.0	0.12927149999999998	7.759618	13.2167615	0.168747	6.116631	8.386492	0.0	0.0	0.0	0.21387	0.0	0.0	0.0	0.0	0.0	0.0	0.9789715	6.004216	0.0	0.254438	1.749573	0.0	0.27413	0.0	0.0	0.0	8.649375	2.499808	0.921248	0.682873	0.0	0.0	0.0	1.737997	2.516575	0.863708	0.0
SRR9330774_bin.13	0.0	0.0	0.0	0.0	0.0	0.0	0.0	0.0	0.0	0.0	0.011567	0.0	0.007324	0.0	0.0	0.0	0.0	0.0	0.0	0.0	0.0	0.0	0.007409	0.0	0.0	0.0	0.0	74.848126	0.0	0.016457	0.0	0.0	0.0	0.0	0.0	0.0	0.0	0.0	0.0	0.019632	0.402108	0.0	0.0	0.0	11.153256	0.0	0.0	0.0	0.0	0.0	0.0	0.0	0.0	0.0	0.0	0.0	0.0	0.0	0.0	0.0	0.0	0.0	0.0	0.0	0.0	0.0	0.0	0.213047	0.0	0.0	0.0	0.0	0.0	0.0	0.0	0.0	0.0	0.0	0.0	0.0	0.0	0.0	0.0	0.0	0.029741	0.0	1.510935	0.0	0.0	0.0	0.103224	0.0	0.0	0.0	0.0	0.0	0.0	0.0	0.0	0.0	0.0	0.0	0.0	0.0	0.0	0.0	0.164948	0.0	0.0	0.0	0.489502	0.011136	0.0	0.924638	0.005019	0.0	0.0	0.0	0.0	0.0	0.0	0.0	0.0	0.0	10.371694	0.0	0.152917	0.033054	0.0	0.0	12.199627	0.0	0.0	0.0	0.0	0.0	0.0	0.423923	0.0	0.0	0.0	2.250929	0.0	0.0	0.0	0.026429	0.0	0.0	0.0	0.0	0.0	0.0	0.0	0.0	0.0	0.0	0.059125	0.0	0.0	0.0	0.0	0.0	0.005989	0.0	0.0	0.0	0.0	0.0	0.096108
SRR17301516_bin.4	0.0	0.0	0.0	0.0	0.0	0.0	0.0	0.0	0.0	0.0	0.0	6.932399	0.0	0.0	0.0	0.0	1.159775	0.0	108.050422	0.0	0.0	0.0	0.083102	0.0	0.0	0.0	0.0	0.0	0.0	0.0	0.0	0.0	1.135184	0.0	0.0	0.0	0.0	0.0	0.0	0.0	0.0	0.0	0.0	0.0	0.0	0.0	0.0	0.0	0.0	0.0	0.0	0.0	0.0	0.0	0.0	0.0	1.289251	0.0	0.0	1.303437	0.0	0.0	0.0	0.0	0.0	0.0	0.0	0.0	0.0	0.0	0.772359	0.57926	0.0	0.0	0.0	0.238547	0.0	0.0	0.0	0.29573	0.0	0.0	0.0	0.0	0.254833	9.767091	0.265787	0.0	0.0	0.0	0.0	1.403988	0.0	0.0	0.0	0.0	0.0	0.0	0.196427	0.0	0.0	0.0	0.0	0.0	0.0	0.0	2.657016	0.0	0.0	0.0	0.0	0.0	0.0	0.433385	0.0	0.0	0.370486	0.0	0.066364	0.269793	0.0	0.0	0.0	0.0	0.0	0.0	0.0	0.0	1.044211	0.0	2.344709	0.0	0.0	0.144037	0.468025	0.631764	0.0	0.0	0.079074	0.0	0.0	0.0	2.328078	0.0	0.0	0.0	0.0	0.0	0.0	0.0	0.0	0.0	0.0	0.0	0.0	0.0	0.0	0.0	0.123511	0.097963	0.0	0.0	0.0	0.0	0.0	0.0	0.0	0.0	0.0
SRR8849257_bin.41	0.0	0.0	0.0	0.019763	0.0	29.130101	0.0	0.0	0.0	0.0	0.0	0.0	0.0	0.0	0.0	0.0	0.0	0.0	0.0	0.0	0.0	0.0	0.0	0.0	0.0	0.0	0.0	0.0	0.0	0.0	0.0	0.0	0.0	0.0	0.0	0.0	0.0	0.0	0.0	0.0	2.011076	0.0	0.0	0.0	46.957619	0.0	0.0	0.0	0.0	0.0	0.0	0.0	0.0	0.0	0.0	0.0	0.0	0.0	0.0	0.0	0.0	0.0	0.0	0.0	0.0	0.0	0.0	0.0	0.0	0.0	0.0	0.0	0.0	0.0	0.0	0.0	0.0	0.0	0.0	0.0	0.0	0.0	0.0	0.0	0.0	0.0	0.0	0.0	0.0	0.0	0.18633	0.0	0.0	0.0	0.0	0.0	0.0	0.0	0.0	0.0	0.0	0.0	0.0	0.0	0.0	0.0	0.0	0.0	0.0	0.0	23.81325	0.0	0.0	0.0	0.0	0.0	0.0	0.0	0.0	0.0	0.0	0.0	0.0	0.0	0.0	0.0	0.0	0.0	0.0	0.0	0.0	0.0	3.446563	0.0	0.0	0.0	0.0	2.719959	0.0	0.0	0.0	0.0	0.0	0.0	0.0	0.0	0.0	0.0	27.36948	9.232974	0.0	0.0	0.0	0.0	0.08511	0.0	0.0	0.0	0.0	0.0	0.0	0.0	0.0	0.0	0.0	0.0	0.0	0.0	0.0
SRR8849232_bin.25	1.660903	1.624628	9.457922	84.64123000000001	12.368281	17.90819	9.66292	16.355973	1.824744	4.109064	2.223503	0.028784499999999998	0.977715	1.975645	7.039056	39.2008	5.158349	7.610493	0.089505	69.427172	0.0	16.576597	0.094078	1.069231	0.637244	0.266334	0.251738	0.0	0.423228	44.205515	50.619779	16.578552	14.723343	11.307295	2.879233	4.277976	13.339818	4.929825	13.945365	0.970911	17.162883	21.967664	2.939737	2.491946	10.812638	10.523997	27.568607	59.344403	4.586575	4.132303	1.213667	28.013351	0.054119	29.321733	0.040102	18.590743	53.002285	0.0	0.174981	0.937666	45.725449	4.95385	60.791934	0.093915	0.700907	0.0	6.668493	155.363221	12.781708	20.873117	97.857289	39.508863	0.238693	4.701357	4.64362	4.5942834999999995	10.236566	65.027236	7.935284	27.045098	6.194042	8.290213	23.599249	7.468326	1.809075	2.866893	22.797547	7.867066	9.065765	0.226506	53.146847	183.397609	0.248523	39.240097	18.742736	2.290015	62.156307	116.294007	27.459236	9.931538	78.671606	3.585103	5.054045	74.442538	12.404236	0.683092	14.416011	340.72668	567.429623	176.894537	28.916481	0.170939	6.586872	11.644264	4.425436	0.858994	75.473759	6.196239	10.26928	44.460511	24.505955	6.382542	17.04883	1.898883	4.961559	7.973621	0.5149325	3.330771	0.362654	0.478737	106.786887	1.606972	9.544219	15.907642	0.393678	10.053358	12.942882	16.404797	166.596958	3.659096	42.685204	6.632819	0.238302	3.351211	19.425883	1.240186	3.979508	3.902909	12.136238	1.792353	18.435614	2.69996	20.011884	11.203833	9.189185	7.31103	4.365572	5.69339	2.141046	28.816704	9.76875	8.571819	1.098065	6.93573	29.772244	6.57818	11.809598	0.208472	0.538232
SRR17301534_bin.24	0.0	0.0	0.026861	0.0	0.0	0.011086	0.0	0.0	0.0	0.0	0.0	0.0	0.0	0.0	0.0	0.0	0.0	0.0	0.0	0.0	0.0	0.0	0.0	0.0	0.028849	0.0	0.010157	0.0	0.029339	0.0	0.0	0.0	0.0	0.0	0.0	0.0	0.048194	0.0	0.0	0.0	0.014985	0.044646	0.0	0.0	0.0	0.0	0.0	0.0	0.0	0.0	0.0	0.0	0.0	0.0	0.0	0.0	0.0	0.0	0.0	0.0	0.0	0.0	0.0	0.0	0.0	0.0	0.0	0.0	0.0	0.0	0.0	40.940869	0.0	0.0	0.0	0.0	0.0	0.0	0.0	0.0	0.010655	0.0	0.0	0.0	0.0	0.0	0.009914	0.013527	0.0	0.0	0.0	0.0	0.0	0.0	0.0	0.0	0.0	0.0	0.0	0.0	0.0	0.0	0.0	0.0	0.0	0.0	0.0	0.0	0.0	0.0	0.0	0.0	0.0	0.0	0.0	0.0	0.0	0.0	0.0	0.0	0.0	0.0	0.0	0.018054	0.0	0.0	0.0	0.0	0.0	0.0	0.0	0.0	0.0	0.0	0.0	0.033657	0.0	0.015586	0.0	0.0	0.0	0.0	0.0	0.0	0.0	0.0	0.0	0.0	0.009369	0.0	0.035208	0.005409	0.054488	0.0	0.0	0.0	0.0	0.0	0.0	0.0	0.0	0.0	0.0	0.0	0.0	0.028145	0.011521	0.0	0.0
SRR8849289_bin.5	1.282836	20.386134	1.95367	0.095179	3.111948	3.776609	20.869436	0.066589	12.604499	0.13197	8.430678	0.034612	0.022454	0.03602	1.987875	0.523497	0.056827	0.019308	0.0	0.060754	0.032245	5.695062	1.727803	5.573299	2.417492	3.92296	24.193715	0.016688	0.023331	7.457989	50.746325	70.943691	12.209054	12.075919	0.050982	0.076354	25.51243	0.056671	75.47194	10.181414	0.178306	0.09192	0.945821	15.184444	0.087611	0.026408	0.077407	0.011507	3.474459	0.050201	45.272315	73.601239	36.051127	23.307932	4.185762	21.77536	2.500267	0.186403	118.113595	0.682997	0.055973	0.78335	0.014748	0.0	0.014145	3.014257	1.737431	0.065224	0.04335	0.0	2.036225	0.307288	0.021726	104.438842	5.300145	24.303699	9.540026	1.332968	214.595109	11.74088	0.14502	0.049329	34.651757	231.373166	8.12692	0.029364	0.533124	2.576461	0.009175	0.008659	0.159831	1.410096	0.004035	0.100628	1.437382	0.043776	34.779145	200.117683	0.023777	11.183062	15.087474	301.768796	43.000007	2.233166	0.06865	0.027445	2.026424	2.208421	0.0	65.738573	0.784235	11.092378	1.526819	0.129927	0.033269	54.190624	17.771279	9.168398	34.888922	41.594426	0.082643	1.325441	0.089431	1.769403	48.603128	0.342033	2.752178	2.662269	2.973124	0.176964	0.068447	0.489496	0.321967	0.422433	0.871622	0.909497	1.519026	0.279516	6.478841	0.135904	47.532815	7.490045	85.98069	10.565291	0.436114	81.002778	0.617027	59.914547	0.631045	0.059554	4.675502	37.32386	7.464638	37.935679	0.158698	8.81159	0.20517	1.915007	13.071205	3.193464	2.75339	14.025109	16.829602	0.099568	70.458228	0.067894	17.825376	0.033393	22.124841
SRR9330779_bin.31	0.738679	12.765013	0.186303	0.0	0.001913	0.264741	0.187243	0.4296	0.01948	0.254394	0.069086	0.021952	0.789059	0.412323	3.526891	0.004623	0.026642	0.0	0.0	0.007203	0.0	0.2776	0.165636	0.177261	78.277232	0.129656	0.142439	0.016992	1.857739	0.0	0.058346	0.002595	0.129639	0.23782	0.091867	0.14992	0.082431	0.100293	0.06886	1.182878	3.135902	0.05512	2.476897	0.04659	0.071093	0.007065	0.00771	0.011422	0.0	0.163977	0.136725	0.130599	0.070975	0.0	0.035697	0.047541	19.695077	0.106736	0.076544	0.001912	0.544845	0.128722	0.0	0.0	0.007511	0.664748	0.522804	0.0	0.005631	0.00953	0.016064	0.239876	0.040224	0.090803	0.105664	0.127088	0.08294	0.001603	0.012585	0.027624	0.162471	0.15726	0.233252	0.02261	0.037909	0.065455	0.110677	0.140967	0.004043	0.0	0.033039	0.090872	0.0	1.032923	0.016081	0.277767	0.160771	0.003765	0.031968	0.068214	0.0	0.084179	0.042988	0.0	0.030969	0.0	0.002269	0.0	0.0	0.0	7.661647	0.002041	0.138189	1.256532	0.032228	0.32281	0.113362	0.0	0.04546	0.011665	0.002591	0.00456	0.122829	1.235456	0.010536	0.449492	0.570453	0.344521	0.03074	0.01308	0.097899	0.481605	0.101113	0.149611	0.081372	0.265223	0.488997	3.414397	0.011554	0.078305	1.086744	0.019465	0.0	0.088294	0.016239	23.95463	0.00639	0.005119	0.147956	0.590895	0.11073	0.191602	0.087465	0.037653	0.007074	0.012607	0.31175	0.044662	0.30365	0.184299	0.118462	0.058262	0.0	0.0	0.001247	0.181018	0.155178	0.409373	0.198419
SRR9330775_bin.4	4.885976	37.523998	12.936601	0.507876	3.350358	6.983285	8.408947	18.310373	9.190814	9.204627	0.472962	25.406546	23.824383	7.457545	0.097432	0.073248	16.955953	1.594693	0.56269	6.927618	1.773091	7.3326934999999995	14.519429	0.030493	13.720194	2.153342	9.639777	0.049129	71.214355	0.079882	5.687417	7.11017	0.1428895	3.854922	16.209811	9.527215	9.415538	5.790583	4.543206	4.031968	14.859323	4.9087274999999995	11.632446	5.344731	11.653514	0.0	2.486687	0.016386	13.007089	6.368331	8.407992	8.70378	0.033229	28.990251	3.707685	1.783528	20.077201	0.009799	0.045651	2.747413	23.680808	3.644783	7.794002	0.993891	0.027147	1.545074	14.83511	0.161971	0.678413	0.251249	4.977209	6.665252	13.811281	5.182566	9.911701	17.797711	3.521516	0.27613	23.364962	2.196459	6.867429	15.389873999999999	11.551771	0.967696	21.796342	12.514918	1.433054	3.853372	4.958404	1.038882	3.105069	0.008371	55.114663	1.063505	3.750085	10.299089	0.012558	0.680409	57.348937	19.701677	4.774961	5.98839	5.236032	0.878048	11.262721	0.024657	2.786855	3.36574	0.0	11.845151	2.324108	250.311769	1.821709	1.128708	12.621677	2.753044	14.957711	18.48266	5.524844	0.050548	2.554054	0.1277	10.439369	11.942412	1.663401	7.420315	2.831556	19.539359	47.956063	0.095298	54.496712	38.638783	0.261082	0.846845	6.123243	5.072577	5.254929	19.729814	0.590336	12.508547	29.615906	0.190815	8.038297	13.038077	0.94146	36.151901	1.427502	1.568757	2.530858	13.30117	9.153366	5.719316	9.217451	6.510684	0.015816	0.283613	2.818232	0.170402	11.316211	12.013105	6.909182	3.704324	0.957104	0.125651	0.3925945	9.153675	19.639607	52.330001	2.877086
SRR8849244_bin.9	0.062225	0.065106	0.01566	0.008584	0.0	0.003056	0.034287	0.0	0.0	0.0	0.155607	0.025915	0.075688	0.026489	0.0	0.043675	0.012724	0.01886	0.0	0.0	0.0	0.006034	0.005709	0.023099	0.040772	42.567634	0.028219	0.032297	0.074873	0.002914	0.008726	0.0	0.002546	0.184892	0.0	0.0	49.22596	0.0	0.0	0.039008	0.01987	0.003496	0.023431	0.0	0.0	2.711092	0.0	0.0	74.670173	0.0	0.0	0.029013	0.0	0.0	0.033671	0.007925	0.0	0.004044	0.036568	0.0	56.558064	0.0	0.0	0.023509	0.029715	0.0	0.0	0.031961	0.0	0.034587	0.01192	45.319511	0.0	0.0	0.0	0.0	0.00378	0.01899	0.0	0.010628	0.009825	0.0	0.0	0.0	0.046536	0.0	0.050342	0.0	0.063986	0.0	0.051108	0.0154	0.0	16.528369	0.016187	0.017241	16.734311	0.0	0.034987	0.005565	0.108528	0.324939	0.0	0.002669	0.002445	0.0	0.0	0.088337	0.004062	0.0	19.768116	0.0	43.870434	0.004952	0.012044	125.306646	0.015776	0.0	0.0	0.0	0.069051	0.062438	0.0	442.866183	0.04804	0.0	0.151138	0.03689	0.036471	0.01119	0.0	0.063492	38.677432	0.0	0.065632	50.521318	77.981587	0.017413	0.0	0.0	0.101455	34.123801	0.0	0.001866	0.143427	0.0	0.086984	0.004072	0.035799	0.00817	0.012057	0.035414	53.093427	0.007349	0.009982	0.185405	0.01776	0.0	0.003542	0.0	0.0	0.026568	0.01389	0.030019	0.013767	0.098286	74.166884	0.06337	46.449898
SRR8849282_bin.27	0.0	0.0	0.0	0.0	0.0	0.0	0.0	0.0	0.0	0.0	0.0	0.0	0.0	0.0	0.0	0.0	0.0	0.0	0.0	0.0	0.205883	0.0	0.0	0.0	0.0	0.0	0.0	0.0	0.0	25.199133500000002	0.0	0.0	0.0	0.0	0.0	0.0	0.0	0.0	0.0	0.0	0.0	0.0	0.0	0.0	0.0	0.0	0.0	0.0	0.0	0.0	0.0	0.0	0.0	0.0	0.0	0.0	0.0	0.0	0.0	0.0	0.0	0.0	0.0	0.0	0.0	0.0	0.0	0.0	0.0	0.0	0.0	0.0	0.0	0.0	0.0	0.0	0.0	0.119508	0.0	0.0	0.0	0.0	0.0	0.0	0.0	0.0	0.0	0.0	0.5002285	0.0	0.0	0.0	0.0	0.0	0.0	0.0	0.0	0.0	0.0	0.0	0.0	0.0	0.0	0.0	0.0	0.0	0.0	0.0	0.0	0.0	0.0	0.0	0.0	0.0	0.0	0.0	0.0	0.0	0.0	0.0	0.0	0.0	0.0	0.0	0.0	0.0	0.0	0.0	0.0	0.0	0.0	0.0	0.0	0.0	0.0	0.0	0.0	0.0	0.0	0.0	0.0	0.0	0.0	0.0	0.0	0.0	0.0	0.0	0.0	0.0	0.0	0.0	0.0	0.0	0.0	0.0	0.0	0.0	0.0	0.0	0.0	0.0	0.203653	0.0	0.0	0.0	0.0	0.0	0.0
SRR8849275_bin.15	0.0	0.0	0.0	0.004495	0.290746	0.009952	81.384965	0.149695	0.002779	0.0	0.0	0.0	0.0	0.0	0.026623	0.175199	0.0	0.0	0.0	0.0	0.0	0.0	0.0	0.0	0.0	0.0	0.0	0.0	0.0	0.0	0.05774	0.0	0.0	0.0	0.0	0.026852	0.048279	0.051568	0.006152	0.0	0.0	0.0	0.0	0.0	0.0	0.118925	0.023461	0.0	0.0	0.0	0.0	0.0	0.0	0.0	0.0	0.0	0.0	0.0	0.0	0.0	0.0	0.011572	1.304488	0.0	0.0	0.0	0.006436	0.049318	0.0	0.0	0.0	0.0	0.0	0.0	0.0	0.0	0.0	0.0	0.0	0.0	0.0	0.0	0.0	0.0	0.0	0.983088	0.023609	0.0	0.0	0.0	0.285972	0.0	0.0	0.0	0.0	0.00668	0.023433	0.0	0.0	0.0	0.0	0.0	0.0	0.0	0.0	0.0	0.0	0.123873	0.42607	0.0	0.012484	0.0	0.108377	0.677174	0.020466	0.0	0.0	0.0	0.169448	0.0	0.0	0.0055	0.0	0.0	0.0	0.0	0.0	0.0	0.0	0.0	0.093768	0.0	0.17109	0.15128	0.047105	0.0	0.0091	0.0	0.0	0.0	0.0	0.010737	0.0	0.0	0.023631	0.0	0.559092	0.0	0.527051	0.0	0.0	2.162013	0.064283	0.023536	0.039493	0.010268	0.0	0.0	0.0	0.0	0.108037	0.0	0.0	0.0	0.0	0.007171	0.028444	0.0	0.0
SRR17301514_bin.4	0.0	0.0	0.0	0.0	0.0	0.0	0.0	0.0	0.0	0.0	0.0	0.0	0.0	0.0	0.0	0.0	56.028653	0.0	0.0	0.0	0.0	0.0	0.0	0.0	0.0	0.0	0.0	0.0	0.0	0.0	0.0	0.0	0.0	0.0	0.0	0.0	0.0	0.0	0.0	0.0	0.0	0.0	0.0	0.0	0.0	0.0	0.0	0.0	0.0	0.0	0.0	0.0	0.0	0.0	0.0	0.0	0.0	0.0	0.0	0.0	0.0	0.0	0.0	0.0	0.0	0.0	0.0	0.0	0.0	0.0	0.0	0.0	0.0	0.0	0.0	0.0	0.0	0.0	0.0	0.0	0.0	0.0	0.0	0.0	0.0	0.0	0.0	0.0	0.0	0.0	0.0	0.0	0.0	0.0	0.0	0.0	0.0	0.0	0.0	0.0	0.0	0.0	0.0	0.0	0.0	0.0	0.0	0.0	0.0	0.0	0.0	0.0	0.0	0.0	0.0	0.0	0.0	0.0	0.0	0.0	0.0	0.0	0.0	0.0	0.0	0.0	0.0	0.0	0.0	0.0	0.0	0.0	0.0	0.0	0.0	0.0	0.0	0.0	0.0	0.0	0.0	0.0	0.0	0.0	0.0	0.0	0.0	0.0	0.0	0.0	0.0	0.0	0.0	0.0	0.0	0.0	0.0	0.0	0.0	0.0	0.0	0.0	0.0	0.0	0.0	0.0	0.0	0.0	0.0
SRR8849224_bin.10	0.0	0.0	0.0	0.078729	0.0	0.0	0.0	0.0	0.0	0.0	0.0	0.0	0.0665335	0.0	0.0	0.0	0.0	0.0	0.0	0.0	0.0	0.0	0.0	0.0	0.0	0.0	0.0	0.0	0.0	0.349951	0.0	0.0	0.0	0.0	0.0	0.0	0.0	0.0	0.0	0.0	0.014255	0.0	0.0	0.0	0.0	0.0	0.0	0.0	0.0	0.0	0.0	0.0	0.0	0.0	0.0	0.0	0.0	0.0	0.0	0.037628	0.0	0.0	0.0	0.0	0.0	0.0	0.0	0.0	0.0	0.0	0.0	0.0	0.0	0.0	0.0	0.0	0.0	0.205781	0.0	0.0	0.0	0.0	0.0	0.0	0.0	0.0	0.0	0.0	0.0	0.0	0.048998	0.0	0.0	0.0	0.0	0.0	0.0	93.573541	0.0	0.0	0.040115	0.0	0.0	0.604236	0.0	0.0	0.0	0.0	0.0	0.0	0.0	0.0	0.0	0.0	0.0	3.120668	0.0	0.0	0.0	0.0	0.0	0.075898	0.0	0.022415	0.0	0.0	0.229278	120.056907	0.113331	0.0	0.0	0.0	0.0	0.0	0.0	0.0	0.0	0.0	1.249147	0.0	0.0	0.0	0.0	0.0	0.0	0.0	0.0	0.378593	0.0	0.0	0.0	0.0	0.0	0.0	0.0	0.0	0.0	0.0	0.0	0.0	0.0	0.0	0.011828	0.0	0.0	0.0	0.0	0.0	0.0
SRR8849228_bin.39	0.093949	0.076908	0.426429	0.012315	0.152035	0.63028	0.072628	0.551011	0.15986	0.275331	0.400597	0.0	0.06099	0.165787	0.141426	0.006486	4.074459	0.026916	2.191298	0.045451	0.0	0.26123	0.015676	0.140512	0.088249	0.147471	0.476525	0.007676	0.333382	0.0	0.085898	0.035542	0.0241	0.053995	0.17411	0.046835	0.095852	0.066567	0.089199	0.174285	0.312901	0.147829	0.126665	0.035043	2.965589	0.078042	0.048948	0.052742	0.467392	0.056532	0.123468	0.509759	0.019295	0.025206	0.0	0.030202	0.072588	0.0	0.012314	0.013099	0.349391	0.548474	0.0	0.0	0.0	0.107444	0.103722	0.031324	0.117948	0.032858	0.022757	0.263581	0.108512	0.222037	0.0	0.128029	0.057581	0.042165	0.158929	0.193013	0.116662	9.250581	0.044256	0.041251	2.515707	53.843491	0.301326	0.096777	0.005683	0.0	0.132267	0.18419	0.0	0.066038	0.078284	52.899771	0.008562	0.0	0.0	0.107684	0.100981	0.114703	0.056886	0.031877	0.069605	0.0	0.039599	0.025732	0.02934	0.0	0.132123	0.0	0.105371	0.193405	0.718331	0.168906	0.160143	0.049806	0.082681	0.087602	0.171988	0.126171	0.144522	0.096557	0.03035	0.471352	0.081508	0.03128	0.0	0.0	0.259889	0.025773	0.166361	1.668856	0.127082	0.32898	0.314654	0.255751	0.022001	0.241827	0.183976	0.17231	0.0	0.092506	0.090895	0.024809	0.016395	0.105379	0.047243	0.253529	0.143897	0.073878	0.141292	0.112908	0.05127	0.045353	0.060669	0.111415	0.100496	0.070505	0.080309	0.892353	0.02191	0.0	0.017238	0.253854	0.193689	0.068101	0.065413
SRR8849245_bin.13	0.0	0.0	0.036156	0.038696	0.052311	0.042277	0.038817	0.061131	0.038612	0.0	0.0	1.186959	0.0	0.0	0.070814	2.814532	0.320253	46.691461	12.408032	5.872065	0.022818	13.71672	0.018829	0.032462000000000005	0.093836	0.0	0.023317	0.148236	0.0	0.017087	0.037522	0.045202	0.011005	0.042338	0.0469	0.0	0.0	0.021731	0.0	0.069221	1.55107	0.058366	0.03653	0.0	0.115555	0.051999	2.517484	0.0	0.030745	0.038188	0.0	0.0	0.730082	0.0	0.0	0.0	1.705877	0.150547	0.028823	28.514958	0.08658	0.262487	5.542934	0.0	0.0	0.754179	0.091171	0.013788	3.123827	0.037393	0.31064	2.14611	23.189769	0.029153	0.063604	0.138073	0.072755	0.043832	0.016109	8.616379	0.017989	0.042351	0.034094	0.0	0.062278	59.511586	0.430586	0.059449	2.243354	0.010349	0.212117	18.795315	0.722549	0.138354	8.193884	0.091746	0.018126	0.0	0.403228	0.041631	0.00882	0.043005	0.0	0.016706	0.008097	0.0	31.834088	0.044236	38.774295	0.035018	1.659871	0.033766	1.762997	18.901451	0.53254	0.027095	0.082521	0.00574	0.013985	0.701787	0.0	0.037219	0.095532	0.0	0.0	0.03429	0.0	0.0	0.0	0.0	2.4285295	0.0	0.103896	0.754244	0.093846	0.057311	0.021614	1.459405	8.247624	0.025539	1.198869	0.0	0.289535	0.025833	0.039431	0.119609	0.012673	0.028167	0.202551	0.01956	0.068144	0.0	0.023299	0.046953	0.082911	0.025369	0.020785	0.40843	0.016349	0.051488	0.032259	0.080359	0.042616	0.0	0.169262	0.045009	0.013831	0.284818	0.017372
SRR8849251_bin.31	0.355142	1.151595	0.194478	0.093465	5.203864	1.20847	0.094176	0.0	1.539268	3.295304	0.678237	0.0	0.441166	0.091918	3.486098	0.012424	0.0	0.0	0.0	0.943186	0.0	0.864465	0.156018	0.236232	0.211101	0.058671	0.122613	0.437579	0.135093	0.304046	4.998538	4.641076	0.0	0.498717	3.801244	0.13639	0.677373	1.893486	1.9411215	1.084044	0.141529	0.504073	1.089901	0.44323	1.601747	0.0	0.0	6.421364	0.0	0.0	0.0	0.0	0.683538	0.043619	16.183596	0.0	0.176938	0.0	4.729591	0.416754	1.026175	0.014528	0.017272	0.0	0.0	0.0	0.95377	12.381087	0.0	0.215186	0.084589	2.027055	0.0	12.809351	0.0	3.429276	0.108639	12.685836	6.544497	16.245422	2.880023	0.826188	0.835977	0.030397	0.956184	7.988218	0.351566	0.930117	0.0	2.431584	0.178314	0.0	0.0	0.997429	1.179512	1.807336	16.16921	0.140479	0.0	0.952164	0.487977	1.837553	0.417042	6.231524	2.834356	0.0	0.024807	0.0	0.0	4.682497	4.824744	0.012898	0.307601	0.21832	0.072535	17.480143	5.408282	0.0	1.179695	0.138641	0.036889	0.568573	0.245642	0.171942	0.601751	7.766837	0.311505	0.0	0.0	0.0	0.816256	0.644941	1.588607	0.586324	0.320998	2.311676	0.01602	0.1538	0.094519	16.385615	0.359834	0.135721	0.0	0.0	11.275444	0.0	0.324312	0.209614	0.141508	1.616071	74.193831	0.059275	0.178569	7.209181	0.567355	0.55956	3.301454	2.467622	0.0	8.578336	0.155959	0.0	0.046645	0.040315	0.827926	2.225157	0.0	0.34229	0.8148875
SRR8849225_bin.15	14.521097	19.980434	342.215287	43.451424	79.222163	130.482701	406.039462	108.38864	373.676013	36.222134	21.97198	1.1772	88.398646	73.683465	33.082384	24.340803	0.139767	0.263352	135.886401	216.30397	13.901723	30.000649	11.484678	39.482365	78.034042	5.308792	53.754668	0.071202	4.471648	101.508519	149.826389	42.613996	42.837917	13.633258	147.470036	33.733713	64.898853	169.184615	38.89469	63.030307	103.719633	190.653702	346.48224	76.58795	191.634952	2.900862	21.323451	252.423563	54.983388	105.283395	105.333269	224.761835	159.121033	77.532443	0.080185	173.948365	0.083556	0.223475	117.41695	17.689252	814.29876	34.317744	0.442021	59.416187	66.491969	32.560906	77.811488	69.708303	124.111859	357.264662	17.677942	29.506906	480.716188	136.428026	67.587383	200.841069	53.242372	320.010316	458.534898	220.581362	251.461218	117.249037	206.900548	122.19193	65.944829	30.436474	4.897182	13.701047	68.338241	0.041497	69.052171	205.224697	0.126744	32.456579	21.582493	135.300868	244.890559	440.335092	68.066284	118.416957	153.719219	157.74568	449.594798	454.577457	202.834489	2.260717	10.753402	30.334978	100.719267	354.548079	87.38542	0.34584	31.618988	57.241147	15.28797	178.101151	81.05926	140.612859	140.531342	4.919816	377.046051	122.960439	86.004507	7.344221	207.389081	62.513174	22.551299	14.528071	0.249798	0.203427	123.826523	3.637678	22.899684	24.862402	29.798544	103.612886	42.887225	96.273255	18.427619	71.037508	76.370261	29.367334	0.182513	142.809806	43.161283	23.43591	44.492549	31.529526	93.998875	40.405885	37.796328	53.040591	64.749606	170.264429	15.57017	31.656682	11.760498	17.911582	32.313511	74.670175	46.17655	87.625359	116.177497	10.862092	333.44082	182.699631	1.319042	31.19616	12.671987
SRR17301552_bin.9	0.0	0.0	1.651993	0.0	1.517442	0.133834	0.0	0.0	0.0	0.0	0.0	0.0	0.0	0.0	0.0	0.0	0.0	0.0	0.0	0.0	0.0	0.182361	0.0	0.0	0.0	0.0	0.0	0.0	0.066833	0.053881	0.0	0.0	0.0	0.341149	0.0	0.222405	0.386836	0.106212	0.0	0.0	0.073932	0.0	0.0	0.0	2.870437	0.0	0.0	0.0	0.0	0.0	0.0	0.0	0.0	0.0	0.0	0.0	0.0	0.0	0.0	0.218684	0.0	0.0	0.0	0.0	0.0	0.0	0.0	0.0	0.0	0.0	0.0	9.080474	0.0	0.811521	0.0	0.0	2.121044	0.0	0.0	0.0	1.716887	0.0	0.166955	0.0	0.0	0.0	2.631188	3.696676	0.0	0.0	1.793093	0.0	0.0	0.0	0.0	0.0	0.0	0.0	0.0	0.0	0.0	0.0	1.239994	0.0	0.0	0.0	0.0	0.0	0.0	0.0	3.817018	0.0	0.523948	53.721418	0.0	0.949288	0.0	0.0	0.0	0.0	0.0	0.05841	0.0	0.0	0.0	0.0	0.0	0.0	0.0	0.0	0.0	0.0	6.462613	0.0	0.0	3.604336	1.377119	0.0	0.0	1.620365	0.0	0.753159	0.0	0.0	1.178554	0.0	0.0	0.0	0.343966	0.0	3.686	1.635995	1.146896	1.533695	0.0	2.734967	0.0	6.717286	0.0	0.0	0.0	0.0	0.0	0.0	0.0	0.582762	0.0	0.0	0.0
SRR8849256_bin.21	0.0	0.0	3.320122	0.02502	0.0	0.0206	0.032873	0.0	0.333437	0.080784	0.0	0.0	0.0	0.0	0.042072	0.0	0.0	0.0	0.0	0.0	0.0	0.0	0.0	0.0	0.0	0.0	0.0	0.098515	0.0	0.0	0.0	0.0	0.0	0.0	0.0	0.0	0.0	0.0	0.079476	0.0	0.024502	0.0	0.0	0.0	0.086369	0.0	0.0	0.0	0.0	0.0	0.0	0.0	0.0	0.0	0.0	0.328884	0.0	0.195061	0.0	0.0	0.0	0.830423	0.0	0.0	0.0	0.0	0.0	0.0	0.166176	0.0	0.0	0.058753	0.0	0.5412625	0.0	1.689707	0.738828	0.0	0.276515	0.0	0.0	0.769872	0.031781	0.0	0.0	0.253343	0.065557	6.428607	0.351536	2.825373	0.0	0.027063	0.0	0.0	0.0	0.08583	0.0	0.0	0.0	0.18841	0.700241	0.0	0.0	0.714687	0.0	0.0	0.0	0.0	0.0	0.0	0.0	0.091578	0.105043	0.0	0.0	0.0	0.251189	0.626391	0.072667	0.0	0.289979	0.0	0.056690000000000004	0.0	0.0	0.0	0.0	0.0	0.0	0.0	0.488504	0.0	0.0	2.650114	31.480702	0.161899	0.0	0.0	0.044713	3.302758	0.33859	0.0	0.0	0.0	0.0	0.0	0.0	0.0	0.108938	22.632584	0.084265	0.0	0.036815	0.533624	0.057486999999999996	0.0	0.0	0.0	2.646957	0.026815	0.060875	0.0	0.0	0.0	0.0	0.0	0.0	0.0	0.0
SRR9330790_bin.8	0.016703	16.29847	0.004702	0.022192	0.01314	15.368903	0.011987	20.899362	0.004952	50.944921	0.53629	1.894865	47.322878	12.70524	0.464042	0.0	6.183187	0.0	0.0	0.041175	0.0	7.313998	0.132822	0.014588	3.220509	3.558168	0.199668	0.0	4.104734	0.0	0.137286	0.065175	0.0	37.454569	0.845536	3.97202	0.05032	0.441218	0.0	12.830562	0.04793	0.09035	1.438656	0.0	0.080577	0.093241	0.249689	0.912454	0.0	1.480341	0.0	0.335558	0.0	9.007506	0.876241	0.087309	0.0	16.534044	0.039912	1.19148	0.014494	1.565652	0.0	0.0	0.0	0.02074	1.738504	0.0	0.0	0.0	0.022391	0.424962	0.693877	0.093732	0.303642	0.0	1.511331	0.015344	1.939208	0.15886	0.941393	0.380813	0.052982	0.036905	0.386469	8.048312	0.030391	56.91305	0.0	1.472303	2.161219	7.579653	0.0	0.0	0.799402	1.199644	0.147901	0.012962	0.07089	3.386559	0.598261	0.48647	0.347639	0.0	0.0	0.0	0.0	0.009983	0.075963	0.0	0.132369	0.885644	0.136722	0.0	0.026246	0.070731	0.0	0.0	0.644187	1.052859	0.0	0.006656	5.050671	9.861608	0.0	0.135041	0.765997	0.627698	0.0	1.167384	1.766728	0.411182	0.048406	0.214517	7.31373	7.387923	20.088414	0.062232	0.042117	10.114269	5.629331	0.139292	0.040113	0.0	0.022874	5.961804	0.105814	0.434418	0.701116	9.2271	1.318446	0.071644	0.129172	0.049573	0.0	0.031337	0.908343	0.004133	0.010765	0.867692	0.182651	0.152505	0.041755	0.016128	0.018458	36.970182	0.016867	0.011325	0.063251
SRR8849232_bin.23	0.349179	16.883991	0.084247	0.082782	0.049106	0.04827	0.339979	0.048695	0.050673	0.077542	16.421272	0.009026	0.0	0.046524	0.075963	0.015687	0.035463	0.05377	0.0	0.074954	0.0	0.049542	0.0	1.965433	0.688137	1.48018	0.17794	0.0	0.0	0.04653	0.042739	0.11712	0.010122	0.11669	2.175976	1.579674	0.098501	0.052924	0.019833	0.965565	0.044633	0.035581	0.034929	0.060074	0.868383	0.021976	0.056357	0.009136	0.025217	0.852055	0.034546	1.130449	0.0	0.035083	0.0	0.083526	0.0	0.0	0.0	0.084613	0.060635	0.923464	0.0	0.0	0.0	0.025968	0.030452	0.069796	0.042732	0.0	0.043976	0.096391	0.008719	14.233011	0.0	0.038143	0.296369	0.053484	0.060903	0.05435	0.09966	0.076453	2.355731	0.049294	0.049525	0.040126	0.034727	0.089041	0.0	0.0	0.137509	0.026692	0.013766	5.731806	0.065318	0.679687	4.217505	0.055084	0.00715	14.498369	0.269062	7.821045	5.824755	0.052515	0.035812	0.029248	0.043051	0.071742	0.0	0.029619	0.137884	0.014909	0.041307	0.047755	0.046794	53.454963	48.464469	0.498269	0.036439	0.03385	0.05299	0.230774	0.021	0.021487	0.062124	0.54127	0.0	0.008221	0.0	0.0	0.052691	0.000135	1.499242	0.712173	0.099065	0.037644	4.25484	0.046841	0.078098	0.744031	0.073284	0.905188	0.0	0.031674	0.129175	1.29515	0.085432	0.012129	0.721556	0.042432	0.102087	0.426498	0.070273	22.24072	0.13673	0.133661	0.023907	0.147351	0.051797	0.392265	0.266223	0.095827	0.073117	0.043371	0.029835	0.100252	0.021579	0.007346	0.012126
SRR8849208_bin.39	0.0	11.065075	0.448701	0.0	0.0	0.385842	0.930079	7.229459	0.948492	2.337676	1.1060035	0.0	1.444477	4.725565	0.133175	0.0	0.0	0.0	0.0	0.0	0.0	0.0	0.860729	9.1943355	2.819968	0.0	0.0	0.0	1.112696	0.0	0.0	0.0	0.0	0.0	0.0	0.0	0.289813	0.0	0.0	0.0	0.0	0.526425	16.865935	0.199122	0.362406	0.0	0.0	0.0	0.0	0.581927	2.104535	0.0	0.530139	0.0	0.67488	0.0	0.0	0.0	0.0	0.0	0.564354	0.0	0.0	0.0	0.0	0.0	2.930614	0.0	0.196571	0.0	0.0	0.466477	0.0	0.0	0.0	0.0	0.0	0.0	0.0	0.0	1.031462	1.8225120000000001	1.6503405	0.741233	0.0	0.0	1.868389	3.151275	0.0	0.0	0.482333	0.0	0.0	0.0	0.0	0.761142	0.0	0.0	0.044118	0.639067	0.0	1.464702	0.0	0.118548	0.0	0.0	0.0	0.0	0.0	0.0	0.0	0.0	0.0	0.0	0.0	0.8716715	0.235397	0.0	0.0	0.0	0.0	0.0	0.0	0.0	0.0	0.197438	0.0	0.0	0.0	0.0	0.0	0.0	0.0	0.970117	0.0	1.5690445	0.0	0.0	0.0	0.242912	3.901091	0.261464	0.0	0.407437	0.0	0.0	0.0	0.724759	0.0	0.705387	0.043587	0.0	1.095148	0.0	0.0	0.0	0.931226	0.0	0.0	0.0	0.039416	0.0	0.0	0.0	0.0	3.517403	2.099388	13.004178	0.0
SRR8849207_bin.19	1.107934	0.0	0.532984	0.091147	0.114272	0.405006	2.221298	11.878137	4.248703	0.132656	0.957668	0.0	0.157411	0.104253	0.345663	0.0	0.0	0.076813	0.0	0.0	0.0	0.0	0.0	0.0	0.0	0.213474	0.63762	0.0	0.181511	0.106952	5.625511	0.303752	0.110479	1.90217	2.372178	0.224368	1.871538	0.158349	0.037676	0.476471	0.096372	2.832483	0.08657	1.007296	1.669347	0.094399	0.124483	0.0	0.144479	0.957515	0.109172	0.0	0.110835	73.351208	0.0	4.752272	0.0	0.0	0.0	0.022424	1.112	0.0	0.039993	0.0	0.0	8.261533499999999	0.752168	0.732631	0.091188	1.945911	11.173828	0.027754	0.0	0.528155	3.400792	3.506377	0.624895	0.224234	0.154295	0.0	1.987814	0.344664	3.631862	4.65704	2.746071	0.0	0.768372	0.12916	0.0	0.0	0.250466	0.0	0.0	1.541325	0.0	1.357936	0.433537	0.066456	0.36982	1.008719	2.393626	0.275068	3.565721	0.2576	1.342653	0.0	0.0	0.445111	0.0	0.0	0.288781	0.0	0.0	0.048596	0.069076	0.113976	4.355771	0.0	0.683994	0.042026	9.815244	1.104374	0.044313	0.691425	1.394016	0.059179	0.389958	0.0	0.0	0.0	0.14546	0.037978	0.701428	0.229455	0.05501	0.671366	0.100046	0.120472	1.837054	1.748039	5.558678	0.876899	0.0	0.07632549999999999	1.281595	0.0	1.219998	0.083833	2.392214	4.531771	0.100391	1.093214	1.633102	0.452086	2.443646	2.421533	0.087842	0.154091	0.286926	0.098158	1.686377	9.297233	8.80751	0.0	0.0	0.789601	0.043479	0.118485	0.0
SRR8849243_bin.10	0.0	0.0	7.329776	0.021583	0.028943	3.298334	0.009711	0.0	1.289704	508.216865	2.629349	0.010479	4.306516	0.0	10.122578	0.0	0.006291	0.0	0.0	0.0	0.0	0.0	0.224807	0.0	2.40201	0.054477	0.0	0.0	0.046459	0.047135	0.163136	0.011874	0.0	0.043351	0.0	0.029828	0.407796	0.0	0.0	23.806816	0.788707	0.03007	0.004767	0.0	0.062672	0.0	0.0	0.0	0.0	0.0	0.0	0.0	0.0	0.0	0.0	0.0	0.0	0.11501	0.113571	0.218745	0.0	0.021095	0.0	0.0	0.0	0.0	0.0	0.009754	0.0	0.0	0.007049	14.081096	0.0	8.519661	0.050498	0.0	0.388614	0.078817	0.016952	0.125623	0.028254	0.007803	0.183755	0.008229	0.0	0.0	0.008769	5.547791	0.0	0.0	0.029867	0.0	0.0	0.0	0.0	0.003916	0.042547	0.0	0.0	0.008487	0.043172	0.368253	0.0	0.0	0.0	0.0	0.0	0.01238	0.0	0.056418	0.026465	0.0	0.0	0.011423	0.015018	0.515411	0.017795	0.006174	0.010169	0.00467	0.005763	0.19491	0.005103	0.0	0.0	14.870211	0.0	0.0	0.0	0.279339	0.0	0.0	13.215761	0.0	0.068814	104.392852	3.788049	1.135155	0.010057	85.155472	0.076483	2.605609	0.185696	0.010088	0.072406	0.192629	0.183595	0.0	0.013953	0.01297	1.301939	0.023885	1.403737	1.144745	3.378691	0.073682	0.320731	0.899107	20.168006	0.0	0.246207	0.006119	0.027553	0.027903	0.0	2.59298	0.0	0.0	0.145531
SRR8849276_bin.11	0.186978	0.072939	0.0	1.029776	0.0	315.396884	0.0	20.591973	0.0	0.222679	529.56196	0.061024	2.2398	0.03091	0.0	0.0	0.0	0.0	0.0	0.0	0.0	0.072387	0.588962	0.02636	0.045857	458.6805	0.049301	0.031542	2.419788	0.211314	0.0	0.01789	0.0	284.828282	0.0	13.479261	2.413488	14.803536	36.6279	48.170853	2.75519	1.429993	0.0	36.629879	0.0	0.083623	0.0	0.0	0.0	0.0	0.0	0.0	0.0	0.0	0.0	0.032003	0.0	0.249085	0.629127	0.059013	20.004811	0.0	0.0	0.0	0.052728	0.0	0.0	145.04109	0.0	0.0	0.0	0.3523	0.110881	0.0	0.0	0.0	0.021998	0.265409	0.0	0.09830449999999999	0.012771	0.0	0.0	0.0	0.042584	1.033784	0.430175	1.799835	0.0	0.0	1.085932	0.0	0.0	0.040809	0.0	0.0	0.0	0.312608	0.055969	0.843125	0.104093	1.186478	0.0	0.0	0.037937	0.696863	0.0	5.563525	0.0	0.0	0.457203	0.0	0.0	0.0	0.0	0.0	0.0	0.0	0.0	0.0	0.051353	0.119481	0.0	0.798754	0.0	0.0	0.05308	0.038379	0.026955	0.472225	0.0	0.048525	115.738068	0.0	0.040468	0.44306	32.144398	3.999703	0.066043	13.339717	0.336894	576.562059	0.488207	0.0	0.134471	0.52205	8.372385	62.17554	0.015938	0.0	0.0	0.0	1.190723	0.0	13.332209	0.048913	61.649815	0.10887	1.345856	0.0	0.129504	0.149623	0.310602	25.084874	0.086515	4.134523	5.582082	0.035298	967.797484
SRR17301526_bin.37	0.0	0.0	0.0	0.0	0.0	0.102635	0.0	0.0	0.0	0.0	0.0	0.0	0.0	0.0	0.012551	0.0	0.0	0.0	0.0	0.0	0.0	0.0	0.0	0.0	0.0	0.024129	0.0	0.0	0.052347	0.0	0.0	0.0	0.0	0.0	0.0	0.0	0.0	0.0	0.0	0.0	64.35632	0.0	0.0	0.0	0.0	0.0	0.0	0.0	0.0	0.0	0.0	0.0	0.0	0.0	0.0	0.0	0.044512	0.0	0.0	0.0	0.0	0.0	0.0	0.0	0.0	0.0	0.0	0.0	0.0	0.0	0.0	0.0	0.0	0.0	0.0	0.0	0.0	0.0	0.0	0.0	0.0	0.0	0.0	0.0	0.0	0.0	0.023315	0.0	0.0	0.0	0.0	0.0	0.0	0.0	0.0	0.0	0.0	0.0	0.0	0.0	0.0	0.0	0.0	0.0	0.0	0.0	0.0	0.0	0.0	0.0	0.0	0.0	0.0	0.0	0.017296	0.040491	0.0	0.0	0.0	0.0	0.0	0.0	0.0	0.012378	0.0	0.0	0.0	0.0	0.0	0.0	0.0	0.0	0.033186	0.0	0.0	0.0	0.0	61.942243	0.0	0.0	0.0	0.026527	0.0	0.0	0.0	0.0	0.0	0.0	0.090886	0.0	0.014591	0.0	0.018207	0.0	0.0	0.0	0.0	0.0	0.0	0.0	0.0	0.0	0.0	0.0	0.0	0.068511	0.0	0.0	0.0
SRR17301535_bin.6	0.0	13.875669	0.0	7.68128	7.51591	5.962383	14.279956	3.566128	1.627472	0.0	0.0	2.563666	0.125968	0.0	0.0	0.0	3.902525	1.644558	1.298161	2.742456	2.296944	3.406655	0.0	1.627746	0.0	0.0	0.0	1.542734	0.0	4.176223	0.0	0.0	2.83287	0.0	4.151773	5.786434	5.046131	0.0	0.0	0.759163	4.419717	0.0	0.0	0.0	0.0	0.0	7.796841	14.744837	0.0	4.232512	2.357844	3.499857	5.07005	4.530786	0.0	3.098066	4.970987	1.816526	0.179349	8.74567	0.0	31.64112	1.830257	3.038061	1.041211	7.649648	2.221983	0.0	1.640155	4.647613	0.0	0.0	35.599966	0.0	1.479452	0.0	2.727702	5.348569	0.69743	17.866866	4.09258	9.950339	5.890377	4.939629	0.189945	1.989807	0.0	0.0	7.017606	13.681312	0.0	0.0	2.057651	0.0	0.344377	14.603568	5.920757	11.67111	1.270393	0.0	2.086279	1.126453	0.0	14.108463	7.38901	0.765739	0.0	8.129513	1.081425	2.786105	0.0	7.736222	0.0	8.178745	0.842349	0.0	9.284497	5.96892	0.0	11.066296	0.0	8.235538	8.860258	0.0	0.100781	2.256558	0.0	2.259315	1.26696	0.133636	17.185594	2.380717	0.0	0.0	8.79305	0.0	0.0	4.36168	2.338438	0.0	2.883464	0.0	0.056743	6.85605	0.06942	0.181328	3.990019	1.932349	6.388955	2.113136	0.0	0.0	6.646401	0.0	0.0	4.955517	0.0	0.0	13.118022	0.0	3.239236	7.30921	13.257574	4.785811	1.548864	0.0	0.0	1.729854	0.0
SRR17301526_bin.46	0.0	0.0	0.0	0.0	0.0	0.0	0.0	0.0	0.0	0.0	0.0	0.0	0.0	0.0	0.0	0.0	0.0	0.0	0.0	0.0	0.0	0.0	0.0	0.0	0.0	0.0	0.0	0.0	4.591804	4.771141	0.0	0.0	0.0	0.0	0.0	0.0	0.0	0.009452	0.0	0.0	45.966969	0.0	0.0	0.0	0.0	0.0	0.0	0.0	0.0	0.0	0.0	0.0	0.0	0.0	0.0	0.0	0.0	0.0	0.0	0.070292	0.0	0.0	0.0	0.0	0.0	0.0	0.0	0.0	0.0	0.0	0.0	143.012255	0.0	0.0	0.0	0.0	0.0	0.169181	0.0	0.082441	0.02439	0.0	0.012129	0.0	0.0	0.0	0.0	0.0	0.0	0.0	0.0	0.0	0.0	0.0	0.0	0.0	0.0	0.0	0.0	1.53059	0.038852	0.635965	0.0	0.319792	0.0	0.0	0.0	0.034574	0.0	0.0	0.0	0.0	0.0	0.0	0.0	0.0	0.0	0.0	0.0	0.0	0.0	6.9046545	0.0	0.0	0.098666	0.0	0.0	0.0	0.0	0.0	0.0	0.0	38.764188	0.0	0.0	72.889559	0.0	57.613021	0.223234	0.0	0.159096	5.852373	0.0	0.0	0.098118	0.0	0.079806	0.0	0.0	0.0	0.0	0.0	0.0	0.0	0.0	0.729901	0.0	208.403241	0.0	0.0	0.0	0.0	0.0	0.0	0.0	0.0	0.0	0.0	0.0
SRR9330778_bin.16	58.822643	81.468527	10.573246	9.93452	24.057548	1.462946	0.049752	3.450789	0.03921	0.0	0.384063	2.746017	0.735894	0.018689	2.294125	0.0	0.0	0.0	0.0	0.256309	0.0	0.0	3.884667	96.715822	15.646455	0.161461	4.136612	0.059446	4.198145	11.271027	0.0	0.006932	0.528354	13.938336	16.08527	1.260058	0.282317	0.0	1.251234	0.367973	0.163268	1.567495	0.018065	1.86981	1.618239	0.0	0.634014	0.0	57.510997	27.528281	30.743638	1.668735	0.0	0.157692	0.0	0.025914	0.0	0.029142	23.883726	0.736081	5.15111	0.166206	0.0	0.0	0.025247	0.0	1.245662	0.0	2.742939	2.496484	0.0	0.092339	0.0	0.249238	0.0	0.073438	1.279143	2.183653	4.254689	5.689643	0.453806	6.628435	0.086688	0.017175	19.070797	0.0	0.018654	2.426701	0.480479	0.010175	0.108853	0.0	1.331033	0.005907	0.052855	12.785994	31.093327	0.0	25.438465	0.305373	0.011388	1.295526	4.052231	0.028763	0.173892	0.335811	0.009324	0.0	0.0	0.0	0.0	0.021675	0.764806	0.0	0.0	1.468039	1.121007	0.67217	1.034333	0.60754	39.487094	0.105081	0.704844	3.179448	1.082726	28.045992	0.223069	15.170461	0.055121	0.0	0.105881	0.137584	0.34194	0.075712	0.1305	0.102514	1.546533	0.145241	0.616918	0.312025	0.541348	0.332174	0.0	16.797231	0.145131	0.0	0.139269	0.626181	0.493441	1.563737	0.0	8.116666	0.173199	0.072176	0.009103	0.631613	1.339576	0.026044	0.942408	1.776887	0.444513	0.132946	0.015238	52.257256	0.046768	1.532574	14.559247	13.44089	26.331728
SRR8849251_bin.33	0.0	0.0	3.995407	0.0	0.0	0.0	0.0	0.0	8.324147	0.0	0.441527	0.0	0.0	0.0	0.0	0.0	0.0	0.0	0.0	0.0	0.0	0.0	0.0	0.0	0.0	0.0	0.0	0.0	0.0	0.0	0.0	0.0	0.0	0.0	0.0	0.0	0.0	0.0	0.0	0.0	0.0	0.0	0.0	0.0	0.142959	0.0	0.0	0.0	0.0	0.0	0.0	0.0	0.094342	0.0	0.0	0.0	0.0	0.0	0.0	0.0	0.0	0.0	0.0	0.0	0.0	0.0	0.0	0.0	0.0	0.0	0.0	0.0	0.0	2.439367	0.0	0.0	0.0	0.0	0.0	0.0	0.0	0.0	0.078605	0.0	0.0	0.0	0.0	0.0	0.0	0.0	0.0	0.0	0.0	0.0	0.0	0.0	0.0	0.0	0.0	0.0	0.0	0.0	0.0	0.0	0.0	0.0	0.0	0.0	0.0	0.0	0.0	0.0	0.0	0.0	0.0	0.349421	4.607247	0.0	0.0	0.0	0.0	0.119043	0.0	0.0	0.0	8.826288	0.0	0.0	0.0	0.0	0.0	0.0	12.552351	0.0	0.0	2.238086	0.355238	0.0	0.0	6.954757	0.0	0.179371	0.0	0.0	0.15491	0.0	0.0	0.0	0.0	0.0	17.832511	0.0	0.0	0.762513	0.133602	0.0	0.0	0.895755	0.0	0.0	0.0	0.0	0.0	0.0	0.0	0.495677	0.0	0.0	0.0
SRR8849247_bin.19	0.0	0.0	11.9783155	0.060945	0.474962	0.080685	0.038391	0.0	0.01803	131.813635	0.998832	0.0	0.0	0.028853	4.828162	0.0	0.010915	0.0	0.0	0.0	0.0	0.0	0.088349	0.0	0.0	0.021304	0.0	0.0	0.921849	0.040798	0.197686	0.050239	0.0	0.0	0.015847	0.0	0.252654	0.0	0.0	7.676548	7.832947	0.031885	0.038255	0.0	0.954048	0.0	0.0	0.0	0.0	0.0	0.0	0.0	0.058151	0.0	0.0	0.0	0.0	0.043032	0.050266	0.015233	0.0	0.0	0.0	0.0	0.0	0.0	0.0	0.0	0.0	0.0	0.0	35.916914	0.0	0.472041	0.0	0.0	0.011548	0.016841	0.00565	0.0129725	0.025133	0.0	0.067208	0.0	0.0	0.0	0.221751	0.133933	0.0	0.0	0.038933	0.0	0.0	0.0	0.013802	0.0	0.0	0.009901	0.080402	0.051013	0.409843	0.27637	0.0	0.0	0.01711	0.0	0.018971	0.051607	0.0	0.0	0.016979	0.0	0.0	0.020461	0.022605	0.040131	0.018382	0.0	0.0	0.09136	0.088124	0.118211	0.0	0.0	0.0	5.541661	0.0	0.0	0.0	0.096052	0.0	0.0	52.17657	0.0	0.037074	44.984827	7.545843	9.960363	0.017264	8.350517	0.087407	0.520048	0.060702	0.0	0.037981	0.086146	0.027986	0.0	0.013983	0.026732	15.563394	0.027728	0.94991	0.462011	0.057372	0.050547	0.14412	0.623735	267.702502	0.026936	0.04193	0.048601	0.265326	0.054793	0.021226	6.882697	0.046208	0.0	0.052389
SRR8849289_bin.2	0.041942	0.0	412.713371	0.608305	18.902481	237.362884	159.571181	71.988775	0.03919	116.046564	7.631926	0.226909	0.061981	0.017551	0.054263	0.017	0.005365	0.044718	0.0	0.031416	0.0	0.030976	0.0	0.02309	0.019765	3.478341	0.011595	0.0	0.899498	19.908562	41.382609	0.298066	0.034303	32.717821	62.046605	0.040196	98.007122	119.722839	97.422179	0.17161	0.037755	0.24848	454.49057	0.055805	16.503442	0.008709	0.024084	0.013886	0.105627	0.03661	0.113174	0.008857	0.0204415	0.27287	0.00618	0.034734	0.0	0.0	0.011176	0.376438	0.039128	0.055723	0.019203	0.0	0.0	0.01022	0.007794	0.054638	0.019764	0.017307	0.020632	0.028853	0.014907	5.983316	0.023931	4.271724	3.007338	0.988306	0.01468	0.646921	211.084639	0.079083	1.059642	0.126904	0.018845	0.032281	0.014965	0.027825	0.0	0.002648	0.724196	0.013309	0.005948	0.083664	0.103153	0.063313	0.13492	0.538757	0.704639	3.396236	39.434379	5.105886	7.721413	1.15181	0.039796	0.029377	0.024027	0.021118	0.0	0.068721	257.91979	0.006283	0.021945	24.260032	2.715903	0.117557	0.107377	0.003303	0.052639	0.027088	0.109043	32.344022	0.034047	0.009634	0.290214	73.591753	6.189549	0.0	0.0	0.004042	0.030196	0.0	2.290456	0.044573	0.133671	3.998647	328.950835	0.025937	1.186721	11.468972	2.075258	9.450829	0.0	0.02676	1.82242	4.320117	0.727235	0.136796	15.753035	0.081725	5.56677	112.286261	138.058083	8.88527	0.055904	9.343415499999999	0.008271	291.70729	0.114253	0.040519	0.124058	0.179298	0.474915	0.029663	0.41376	253.996925	0.064071	0.019623	6.711312
SRR8849260_bin.21	0.0	0.0	0.0	0.0	0.0	0.013984	0.0	0.0	0.0	0.0	0.0	0.0	0.0	0.0	0.0	60.246014	0.0	0.0	0.015087	0.012593	0.0	0.0	1.119115	0.0	0.0	0.0	0.0	0.0	0.0	0.0	0.009061	0.0	0.0	0.0	0.0	0.0	0.0	0.0	0.0	0.0	0.0	0.0	0.0	0.0	0.0	0.02991	0.0	0.0	0.0	0.0	0.0	0.229835	0.0	0.0	0.0	0.0	21.268268	0.0	0.0	0.0	0.0	0.0	0.008899	0.0	0.0	0.03271	0.0	0.0	0.0	0.0	0.0	0.018565	0.027648	0.0	0.0	0.036148	0.0	0.0	0.0	0.0	0.0	0.0	0.0	0.0	0.0	0.281843	0.032227	0.0	0.0	0.0	0.038273	0.025872	2.303424	0.0	0.015231	0.0	0.0	0.0	0.0	0.0	0.0	0.0	0.0	0.0	0.0	0.0	0.036696	0.0	0.0	0.004312	0.013441	0.0	0.0	0.009228	0.008267	0.0	0.0	0.0	0.0	0.0	0.0	0.014455	0.0	0.199999	2.333709	0.0	0.0	0.0	0.0	0.0	0.008519	0.0	0.072122	0.0	0.0	15.432073	0.005278	0.015148	0.0	0.959237	0.0	0.0	0.0	0.0	0.0	0.0	0.0	0.0	0.0	0.0	0.0	0.0	0.0	0.0	0.0	0.0	0.0	0.013641	0.0	28.413124	0.0	0.0	0.0	0.0	0.0	0.0	0.0	0.0	0.0
SRR8849247_bin.24	0.137506	0.036484	0.441505	0.037623	0.050618	5.304787	0.163213	0.119968	0.080093	0.129236	6.178664	0.0	0.04392	0.164191	0.171785	0.0	0.100176	0.0	0.027615	0.028371	0.0	0.079452	0.105608	0.025065	0.07553	0.057073	2.151526	0.0	0.414615	0.080976	5.274847	0.028084	0.0	11.063777	0.098672	0.029104	0.118785	0.041792	0.0	0.251264	0.13311	0.679197	0.102861	0.132531	0.163455	0.122037	0.010163	0.026209	0.0	0.0	0.055281	0.0	0.0	0.0	0.0	0.101509	0.018493	0.055632	0.066224	0.190325	0.233284	0.101126	0.0	0.0	0.0	0.0	0.062745	0.025778	0.022373	0.0	0.017062	6.384508	0.0	1.078252	0.975952	0.123387	0.061571	0.037634	0.11892	0.014259	0.110007	0.068513	0.11821	0.022303	0.03989	3.405893	1.62732	2.550359	0.0	0.0	0.208027	0.031462	0.0	0.059805	0.022101	0.070009	0.055534	0.0	0.0	0.058422	0.038116	5.027511	0.248185	0.015821	0.027831	0.0	0.045889	0.0	0.022852	0.0	0.108624	0.0	0.039307	0.096713	0.352098	1.340059	0.092111	0.026799	0.112776	0.018219	0.0	0.149916	0.037071	0.055115	0.0	0.217502	1.694743	0.023155	0.0	0.089572	0.121112	0.0	4.488182	0.139533	0.066434	49.180857	0.221563	0.138938	0.009889	17.033707	0.241856	11.696213	0.068878	0.05334	0.852085	0.08725	0.409712	0.0	2.098548	0.15662	1.988213	0.169577	0.105977	0.559783	3.288939	0.297028	0.199195	1.545848	0.083012	0.041172	0.060272	0.023068	0.0	0.0	0.0	0.380135	6.229209	0.040344	0.347304
SRR8849282_bin.14	0.0243	0.101348	0.08328	0.065491	0.034876	0.063019	0.078978	0.03972	0.114372	0.127617	0.079365	0.139394	4.308637	0.064055	1.057873	0.039163	0.375194	6.127019	0.701126	0.071181	0.017581	0.078012	2.666136	0.212959	0.6773260000000001	0.023481	0.02701	0.0	0.0	87.47753900000001	0.051403	0.134725	16.812213	0.076328	0.11571	1.278255	0.056892	0.043332	1.23062	0.07998	2.151531	0.034642	0.085844	0.077708	0.04482	0.054776	3.04082	3.092594	10.137136	0.123722	0.52581	3.291466	2.079787	21.616267	0.100976	6.325391	0.451623	0.035627	1.236142	4.490597	0.052846	0.378759	4.319597	0.0	0.0	0.088882	0.023968	0.038561	0.075309	8.947918	0.659239	0.102322	2.657604	0.086137	5.404394	0.04954	0.225784	8.342954	5.540259	4.409879	0.07961499999999999	0.053275	0.047877	0.049843	8.510594	1.986269	0.250915	0.055161	0.033652	0.023038	0.098717	0.056274	9.02945	0.084529	0.230788	0.04905	1.159624	27.005928	339.880448	4.730322	0.103725	0.378334	0.031854	1.124795	0.029919	0.012707	0.184329	0.049002	0.007198	9.025568	0.09549	0.090397	0.051083	0.045222	0.048126	0.075735	1.640219	1.643226	0.060669	0.054785	0.024874	6.727853	0.60562	0.020949	3.443513	0.743587	0.067453	0.564923	3.304714	17.980979	18.343937	0.295661	0.108237	0.098305	0.503178	0.0521	0.077049	2.884924	38.112383	0.05215	240.8832805	0.052122	14.964147	0.444495	0.15255	0.048901	0.2683	0.0	0.10144	0.070085	0.046607	0.031559	0.064069	0.046197	0.033376	0.126778	0.022718	0.510529	0.270309	0.092423	0.055273	15.965739	0.116377	2.5696	1.120227	0.818084	0.085691	10.111878	1.021056
SRR8849227_bin.18	0.559519	0.4962175	2.16263	38.714493	14.577525	1.69741	15.045185	0.651809	0.088429	2.671844	9.723931	0.388692	0.527449	0.45197	10.034084	0.424214	0.316559	0.162103	0.251002	34.903124	0.031871	0.514707	0.561049	0.52706	0.954985	1.205862	0.993341	0.0	0.673468	27.554121	2.335348	6.184218	2.814195	46.425168	0.655532	1.437849	0.461283	0.651405	3.515925	2.904712	26.98948	16.131519	2.84072	2.617179	4.694818	20.672684	128.13976499999998	1.517239	6.479579	1.467196	1.435432	0.0	0.022506	1.076167	0.0	5.970796	9.768142	0.0	0.36751	1.136194	4.422122	2.685396	96.166454	797.867434	0.485399	74.971662	22.007396	16.902286	0.138873	0.717577	8.347571	12.732254	0.070962	8.324184	0.367331	3.815861	1.707021	39.90324	0.713057	0.288737	0.820975	4.390362	4.142965	1.31735	1.386975	0.247591	25.153215	23.014068	5.145164	0.0	50.591699	22.751388	76.217216	15.484855	58.487754	0.719217	49.569923	14.447964	6.576344	1.767955	55.937256	1.398573	3.452463	7.679774	4.122325	237.656414	0.114768	42.068204	0.182645	10.984366	72.784849	0.295169	38.542333	17.051049	3.837647	0.876151	1.869145	1.592533	0.982326	17.502406	0.29606	3.663039	2.60449	0.67123	23.256887	2.150266	0.392883	0.724676	2.636194	0.123541	9.935248	0.393164	13.811134	39.807158	15.601086	3.023633	13.484484	27.221009	27.377497	15.368331	2.64437	0.493848	0.0	2.660377	5.441404	2.388788	8.11903	0.424499	10.519686	5.281772	2.639135	3.234616	0.654333	12.250458	0.907508	9.71166	0.799864	1.825785	5.329807	15.037017	12.576472	1.504587	18.443254	0.579563	42.947384	1.804031	0.900919	2.844794	0.04337
SRR8849276_bin.7	0.0	0.0	0.050004	0.029525	0.0	25.209234	0.0	0.0	0.049405	0.0	0.0	0.0	0.0	0.0	0.0	0.0	0.15626	0.0	0.0	0.0	0.0	0.0	0.0	0.0	0.0	0.0	0.0	0.0	0.0	0.0	0.0	0.0	0.0	0.0	3.73982	0.0	0.0	0.0	0.0	0.0	0.064846	0.0	0.0	0.0	0.0	0.025861	0.0	0.0	0.0	0.0	0.0	0.0	0.0	0.0	0.0	0.0	0.0	0.0	0.0	0.0	0.0	0.019733	0.0	0.0	0.0	0.0	0.0	0.0	0.0	0.0	0.0	0.048747	0.0	0.0	0.0	0.0	0.0	0.0	0.015862	0.0	0.0	0.0	0.0	0.0	0.0	0.0	0.108384	0.0	0.0	0.0	0.027791	0.0	0.0	0.0	0.0	0.0	0.0	0.0	0.0	0.0	0.0	0.0	0.0	0.0	0.0	0.0	0.0	0.0	0.0	0.0	0.028078	0.0	0.0	0.02981	0.071075	0.0	0.018665	0.0	0.0	0.0	0.0	0.0	0.0	0.0	0.0	0.0	0.0	0.0	0.0	0.0	0.0	0.0	0.041949	0.0	0.0	0.02643	0.013062	0.071104	0.0	0.026199	0.0	0.017598	0.0	0.0	0.0	0.0	0.0	0.0	0.0	0.031171	0.010172	0.0	0.010804	0.0	0.0	0.0	0.0	0.0	0.0	0.0	0.051096	0.0	0.0	0.0	0.0	0.0	0.009202	0.0	0.0
SRR8849269_bin.39	0.069141	0.0	8.18626	0.113284	1.655805	53.227118	0.082252	0.076726	0.060006	3.834661	2.315137	0.0	0.0	0.045568	0.071155	0.0	0.021	0.0	0.0	0.0	0.0	0.032334	0.0	0.0	0.016861	0.229515	0.093289	0.0	4.876928	0.069949	2.941924	0.059409	0.0	4.763076	37.919923	0.346321	1.203209	0.009827	0.0	4.35361	13.593565	0.454759	0.045491	0.0	1.411305	0.553029	0.0	0.0	0.0	0.083001	0.0	0.0	0.207683	0.192067	0.0	0.0	0.0	0.0	0.0	5.945318	0.077568	0.023957	0.0	0.0	0.0	0.0	0.0	0.0	0.0	0.0	0.457529	1.861042	0.0	9.578076	0.0	0.07682	1.805375	0.042611	0.02316	0.022298	0.083393	0.038169	0.827253	0.0	0.032546	0.0	16.901119	59.155388	0.0	0.0	0.375967	0.0	0.0	0.036503	0.0	0.062097	0.0	0.061344	0.17164	0.878042	0.116703	0.23389	0.713633	0.019113	0.026981	0.0	0.01192	0.0	0.0	0.0	2.316262	0.029227	0.47135	0.019356	8.637129	1.352147	47.348201	0.0	0.030156	0.027347	0.019902	0.139994	0.015641	0.017269	0.0	13.177099	0.0	0.0	0.0	0.0	0.0	0.0	6.49096	0.032763	0.064204	9.682299	24.624572	16.080986	0.025538	32.293428	0.079589	0.914458	0.0	0.009	2.787797	0.0	0.069402	0.0	31.49605	0.852641	45.727792	0.058461	3.081307	7.786925	1.154169	0.350855	0.0	2.465818	66.261639	7.699128	5.170539	0.018081	0.173957	0.0	0.05417	69.689327	0.091864	0.0	0.025021
SRR8849225_bin.5	0.0	0.0	0.0	0.0	0.0	0.0	0.0	0.0	0.0	0.0	0.0	0.0	0.0	0.0	0.0	0.0	0.0	0.0	0.0	0.0	0.0	0.0	0.0	0.0	0.0	0.0	0.0	0.0	0.0	0.0	0.0	0.0	0.0	0.0	0.0	0.0	0.0	0.0	0.0	0.0	0.0	0.0	0.0	0.0	0.0	0.288276	0.0	0.0	0.0	0.0	0.0	0.0	0.0	0.0	0.0	0.0	0.0	0.0	0.0	0.0	0.0	0.0	0.099947	0.0	0.0	0.0	0.0	0.33292	0.0	0.0	0.0	0.0	0.0	0.0	0.0	0.0	0.0	0.0	0.0	0.0	0.0	0.0	0.0	0.0	0.0	0.0	0.0	0.0	0.0	0.0	0.189251	0.0	0.0	0.0	0.0	0.0	0.0	0.0	78.163314	0.0	0.0	0.0	0.0	0.0	0.0	0.0	0.0	0.0	0.068931	0.0	0.0	0.0	0.0	1.607506	0.0	0.0	0.0	0.0	0.0	0.0	0.0	0.0	0.0	0.0	0.0	0.0	0.0	0.0	0.0	0.0	0.0	0.0	0.611254	0.0	0.0	0.0	0.0	0.0	0.0	0.0	0.0	0.0	0.0	0.0	0.0	0.0	0.0	0.0	0.0	0.0	0.0	0.0	0.0	0.0	0.0	0.0	0.0	0.0	0.0	0.0	0.0	0.0	0.0	0.0	0.068298	0.995789	0.0	0.0	0.0
SRR8849213_bin.4	0.352126	2.637927	6.565581	0.241873	1.911578	2.831459	3.314622	6.394107	4.8185945	0.625768	1.488477	11.82997	1.382406	2.891417	0.37376	1.6228745	14.352398	30.514723	23.327325	30.731526	67.021018	17.935722	0.335742	0.797841	3.05505	0.452294	2.696373	129.011348	21.524101	8.425691	1.678631	1.813865	5.198947	2.361172	3.205467	4.118265	2.33942	4.92607	0.68587	0.397542	1.913206	13.658203	12.237899	1.040088	6.054768	12.103766	31.104789	30.955566	16.868924	0.847501	2.321837	11.444523	25.725973	43.386511	12.982081	1.908608	82.07499849999999	0.281594	4.414956	21.447574	7.067196	59.354636	1.798645	5.111378	11.680707	19.637081	3.722777	1.207661	3.210685	39.548286	1.807645	0.723012	100.44776	0.57042	1.16128	4.410937	10.353086	0.607989	44.695952	32.047948	0.9121	8.168274	6.282432	0.251043	3.334112	12.234279	9.475678	1.552904	3.793605	68.2712365	6.019893	84.428409	0.580736	0.9802715	3.475666	11.12207	0.709604	3.342617	1.0590195	13.401746	1.230726	5.597562	0.204251	2.320773	4.0908645	6.929334	1.093232	2.346828	11.395512	62.468536	1.817719	282.600067	1.3891025	4.66286	40.569162	0.893937	3.649853	21.295625	2.275841	10.082116	7.248286	21.791993	33.707705	4.432231	0.887368	1.205541	1.914384	14.438504	21.115071	0.231312	53.70516	13.106233	0.456946	2.286971	20.17719	3.999258	2.422362	1.703402	0.788976	6.161642	24.989613	0.781896	0.948781	3.257303	0.401626	1.371665	0.5291515	0.306519	1.586299	51.50735	0.634579	0.212241	4.767127	0.551341	0.743421	0.425411	0.149603	0.419388	1.112675	7.209483	0.376015	4.307115	2.63353	0.075148	1.177245	5.349553	18.718789	9.140354	0.39511
SRR8849218_bin.28	0.0	0.0	0.0	0.0	0.0	0.0	0.0	0.0	0.0	0.0	0.0	0.0	0.0	0.0	0.0	0.0	0.0	0.0	0.0	0.0	0.0	0.0	0.0	0.0	0.0	0.0	0.0	0.0	0.0	0.0	0.0	0.289826	0.0	0.0	0.0	0.0	0.0	0.0	0.0	0.0	0.0	0.0	0.0	0.0	0.0	0.0	0.0	0.0	0.0	0.0	0.0	0.0	0.0	0.0	0.0	0.0	0.0	0.0	0.0	0.0	0.0	0.0	0.0	0.0	0.0	0.0	5.884202	0.0	0.0	0.0	0.0	0.0	0.0	65.24156049999999	0.0	0.0	0.0	0.0	0.0	0.0	0.0	0.0	0.53416	0.0	0.0	0.0	0.0	0.0	0.0	0.0	0.0	0.0	0.0	0.0	0.0	0.0	0.0	0.0	0.0	0.0	0.0	0.0	0.0	0.0	0.0	0.0	0.0	0.0	0.0	0.0	0.0	0.0	0.0	0.0	0.0	0.0	0.0	0.0	0.0	0.0	0.0	0.0	0.0	0.0	0.0	0.0	0.0	0.0	0.0	0.0	0.0	0.0	0.0	0.0	0.0	0.0	0.0	0.0	0.0	0.0	0.0	0.0	0.0	0.0	0.0	0.0	0.0	0.0	0.0	0.0	0.0	0.0	0.0	2.994417	0.0	0.0	0.0	0.0	0.0	0.0	0.0	0.0	0.0	0.0	0.0	0.0	0.0	0.0	0.0
SRR8849250_bin.35	5.866604	13.339039	1.720296	8.092195	0.745704	0.467476	6.788621	0.020998	0.034423	81.359807	0.230948	0.053327	0.389318	0.018132	13.939126	0.018205	0.055174	0.016399	0.0	0.022901	0.0	0.021952	0.11592	0.0	2.410129	0.013237	0.011774	0.0	1.198115	0.128353	0.026932	0.047427	0.013847	0.383575	52.900874	0.025467	0.12549	0.024591	0.025112	26.124197	4.556081	0.023922	12.596255	0.031102	1.155521	0.01007	0.205672	0.0	0.155465	13.623178	99.561127	3.662665	0.096492	0.788164	0.0	16.685885	0.0	0.042222	22.589363	0.044016	0.043136	0.194427	0.0	0.0	0.0	0.012994	0.008312	0.213386	0.016687	0.0	0.011666	1.851932	0.0	43.281274	0.018818	93.431347	0.463976	0.114346	0.452139	0.611513	21.153822	19.120259	1.622268	0.091591	0.058498	0.010002	0.045102	0.950758	0.0	0.0	0.105005	0.012866	0.0	0.025236	0.958297	0.010232	49.429672	0.037703	0.155183	0.040907	0.042615	6.854394	0.044163	31.893941	4.660855	0.0	0.026025	0.095209	0.0	0.056985	0.038831	0.026268	0.013822	0.009019	9.035514	5.652692	0.017895	0.019489	0.016425	0.015088	0.021538	0.743104	0.014546	0.184872	0.050528	21.463486	0.029696	0.0	0.0	0.015311	15.102883	0.005496	3.935293	6.00444	0.1630105	1.926846	0.035771	6.411262	0.117384	5.362631	0.507976	0.019684	0.518495	22.881274	0.262549	28.955918	0.370144	45.051557	5.374425	0.036478	2.047281	61.605329	0.029132	12.153108	0.046587	6.768725	0.049827	1.716778	0.048447	7.449799	0.121198	0.017187	2.892185	1.8995475000000002	0.072825	37.90817	0.011481	4.066456	0.031199
SRR17301545_bin.19	0.0	0.0	0.0	0.019526	0.0	0.12404	0.0	0.0	0.0	0.0	0.0	0.0	0.0	0.0	0.069171	0.236239	60.010627	0.049863	0.0	0.074485	0.046452	2.31802	0.0	0.0	0.0	0.0	0.0	0.0	0.0	0.031557	0.0	0.0	0.0	1.87135	0.0	0.0	0.0	3.690497	0.0	0.0	0.337379	0.0	0.045815	0.0	0.033912	0.0	0.356531	3.411261	0.0	0.0	0.0	0.0	0.0	0.543215	0.0	0.0	0.061178	0.0	0.0	0.028554	0.0	0.0	0.099529	1.059339	0.0	0.078363	0.0	0.03372	0.024555	78.990796	0.077338	0.040793	0.0	0.0	0.0	1.961111	0.0	0.02147	0.0	0.117451	0.0	0.0	0.094347	0.0	0.0	45.716813	0.0	0.0	0.256883	51.939459	0.1025	0.0	0.063289	0.017048	0.064928	0.0	1.082791	0.347095	0.396647	0.0	0.0	0.0	0.0	0.115771	0.0	0.024101	0.057351	0.088002	517.626639	0.094128	0.882191	0.04051	0.0	0.021016	0.0	0.0	0.0	0.0	0.0	0.0502	0.0	0.077336	0.0	0.0	0.0	0.0	0.0	0.0	0.0	0.0	0.0	0.0	0.0	0.030016	0.0	0.0	0.0	0.292959	0.048598	0.0	0.0	0.0	0.0	0.0	0.0	0.0	0.071959	0.0	0.0	0.0	0.0	0.0	0.0	0.0	0.0	0.092265	0.0	0.0	0.0	0.0	0.241224	0.0	0.011453	0.0	0.092854	0.0	0.0	0.0	0.0
SRR8849237_bin.19	0.426129	0.287097	8.08981	111.971871	3.122082	5.398191	7.922284	0.227625	0.346068	4.973289	4.698715	0.019285	0.187555	0.186788	7.039931	0.32436	0.075589	0.057902999999999996	0.014394	0.122759	0.0	2.795072	0.240481	0.109328	0.033704	0.23305	0.027775	0.0	0.585247	0.671923	11.765834	46.051988	0.477237	13.210688	2.428342	8.468482	4.822419	1.358923	17.259817	1.014776	5.553902	7.260726	2.162936	2.505648	0.958032	46.847149	25.174083	0.03069	6.965682	13.41562	0.704468	10.097394	0.025745	0.046944	0.019857	3.305552	0.029783	0.0	0.151896	0.586779	3.967593	0.384573	0.006281	0.0	0.0	0.00867	0.806903	31.822831	0.164469	0.027586	4.725741	2.170608	1.309204	4.621124	0.509846	56.805828	20.520743	2.052249	0.07511	1.445861	2.875957	0.16192	2.116613	19.395929	0.569729	0.079716	11.978551	4.2954	0.0	0.0	8.238937	2.16576	0.016345	5.110526	1.505179	1.742713	4.219718	2.850154	0.118663	6.372936	1.391486	1.316032	1.380015	14.2655995	4.520018	0.015094	0.087837	18.84253	0.0	7.088748	6.28356	0.10221	4.710866	0.58727	1.786719	1.162019	4.291097000000001	5.19669	7.381868	34.963634	0.6535635	190.989981	0.047142	0.134661	15.9885045	4.53425	0.095144	0.025928	1.823972	0.0	0.091307	1.611167	3.2884	11.261882	0.987269	8.944675	7.018512	5.112954	108.116133	6.711969	10.293559	1.257636	0.0	0.668941	14.751681	3.439387	1.722332	0.674385	6.085983	15.575579	2.97186	1.153511	5.267676	8.868405	0.156775	5.399507	1.759526	16.326259	8.816485	56.117366	3.566191	24.551075	7.7317155	10.809635	0.038173	2.033994	0.684364	0.226544	1.255247
SRR9330774_bin.2	0.320386	3.367674	7.896203	0.092718	0.555695	0.779447	4.260945	2.484159	0.96966	2.157359	0.690398	0.0	0.602857	1.393302	0.354923	0.0	32.599112	0.0	0.069696	0.059301	0.0	2.756669	0.123847	3.931512	0.574504	0.268395	0.906358	36.130897	1.560401	0.0	1.595691	0.167892	0.396707	0.259628	4.119373	0.477763	1.325231	0.996182	0.267038	0.303978	2.696514	0.623904	0.14603	1.57658	1.374987	0.091403	0.308825	0.079779	0.137071	0.172855	4.297119	9.227567	2.794178	0.0	0.0	0.913461	0.06473	0.0	1.337971	0.0	0.32958	7.49211	0.011207	0.0	15.109233	0.0	0.110342	0.049994	0.575999	0.0	0.653578	1.562092	45.581639	0.467079	1.023107	19.639759	4.380386	0.170411	6.458257	1.611437	1.32569	2.795453	1.651859	0.765765	0.093907	4.368251	14.646305	3.697725	0.0	0.0	0.075067	9.978741	0.0	0.942256	2.635924	3.643302	0.0	0.0	0.0	1.213799	0.110541	8.272394	0.121396	5.678394	0.790195	0.0	0.224507	0.0	0.0	0.027955	1.697099	0.083895	0.671884	20.310456	8.868789	0.685496	8.166604	6.250679	1.933404	1.345551	0.17861	0.059722	14.355026	0.734031	0.496524	0.918505	0.125971	5.848704	3.852553	0.0	0.433856	0.688885	0.225291	1.80062	3.656887	1.07716	0.450917	2.759167	0.100766	2.045379	3.455224	0.370927	0.0	6.106819	0.131517	1.176883	0.184655	0.02402	0.354139	7.647641	1.629527	0.048182	1.975563	0.341794	0.215227	0.080021	0.314438	0.192475	2.195634	1.022588	1.225061	1.170325	0.018574	0.0	0.036034	1.063406	3.719236	0.081899	0.264168
SRR8849290_bin.23	0.0	0.0	0.36403	0.00731	0.0	3.069093	0.010666	0.387183	0.086975	1.552612	0.029306	7.060046	0.007212	0.069985	0.771579	0.047814	97.004542	4.113461	0.068024	0.0	0.0	0.01954	0.0	0.0	0.045504	0.0	0.04334	0.0	0.0	0.0	0.067678	0.187225	0.440621	0.0	0.098876	0.0	0.016277	0.014774	0.0	0.058505	0.163813	0.010808	0.050832	0.017712	0.119482	0.007868	0.140814	36.253234	0.0	0.0	0.084426	0.0	0.0	0.030857	0.0	0.0	0.012523	0.110379	0.024049	0.067071	0.0	46.429662	7.923596	0.0	0.0	0.0	0.0	0.0	0.007112	0.0	0.045888	0.374616	0.016734	0.061578	0.088023	0.0	0.190952	0.016026	0.01498	0.011135	0.023981	0.530083	0.480097	0.022214	0.0	3.6307	0.095291	0.008791	0.0	0.0	0.05836	0.063245	0.0	0.016581	0.028189	0.006999	0.010113	0.062474	0.0	7.258049	0.004661	0.0	0.0	0.0	0.020356	0.0	0.560408	0.025205	0.0	0.0	0.299995	0.034796	0.095167	1.975062	0.013416	0.058209	0.172862	0.0	0.006966	0.053959	0.0	0.027159	0.334118	0.0	0.182087	0.2891465	0.0	0.0	0.0	0.0	0.01209	0.0	0.034736	0.086437	22.337127	0.92881	0.150148	0.172062	0.012169	0.093751	0.015136	0.0	0.0	0.378072	0.144438	0.018241	0.288887	0.0	0.296835	2.366681	0.226254	0.035852	0.077508	0.11968	0.213309	0.027068	0.0	0.15286	1.665968	1.493096	0.127392	0.304071	0.160706	0.011053	1.299835	0.468051	7.533243	0.039633	0.0
SRR8849261_bin.5	0.0	0.0	0.0	0.014278	0.169198	0.0	0.0	11.090066	0.0	0.0	0.35459	0.0	0.0	0.0	0.0	0.017866	0.0	0.0	0.0	0.0	0.0	0.0	0.0	0.4887775	0.0	0.0	0.0	0.0	0.0	0.0	0.075041	0.03352	0.0	0.0	0.0	0.0	1.52343	1.705628	0.0	0.525638	0.0	0.0	0.0	0.0	0.0	0.092908	0.041534	0.0	0.0	0.0	0.0	0.0	0.0	0.0	0.0	0.0	0.0	0.0	0.0	0.0	0.0	0.0	16.032927	0.0	0.0	0.0	0.0	0.023524	0.0	0.0	0.0	0.0	0.0	0.0	0.0	0.0	0.0	0.0	0.0	0.0	0.0	0.0	0.0	0.0	0.0	0.535922	0.0	0.0	0.0	0.0	0.102	0.0	0.0	0.0	0.0	0.0	0.0	0.0	0.0	0.0	0.0	0.0	0.0	0.0	0.0	0.0	0.0	0.0	0.314592	0.0	0.022753	0.0	0.0	0.529287	0.0	0.0	0.0	0.0	6.131666	0.0	0.0	0.0	0.0	0.0	0.0	0.0	0.0	0.0	0.0	0.0	0.0	0.0	0.153322	0.029627	0.012798	0.0	0.0	0.0	0.0	0.0	0.0	0.0	0.0	0.0	0.014006	0.0	13.603092	0.0	19.43635	0.0	0.0	0.059943	2.454273	0.0	0.0	0.01723	0.0	0.0	0.0	0.0	122.49455	0.0	0.012342	0.0	0.0	0.0	0.0	0.0	0.0
SRR17301541_bin.19	0.0	0.0	0.0	0.016567	0.475939	0.0	0.0	0.0	0.0	0.0	0.0	0.0	0.0	0.0	0.0	0.016211	0.0	0.0	0.0	0.0	0.111572	0.0	0.0	0.0	0.0	0.0	0.0	0.0	0.0	0.0	0.079099	0.0	0.0	0.09331	0.0	0.0	0.0	0.0	0.059713	0.0	0.0	0.0	0.0	0.0	0.061668	2.099987	0.441642	0.0	0.0	0.0	0.0	0.0	0.0	0.0	0.0	0.0	0.0	0.0	0.0	0.0	0.0	0.074399	5.8206	0.0	0.0	0.0	0.030103	0.55225	0.0	0.0	0.0	0.0	0.0	0.0	0.0	0.0	0.0	0.0	0.0	0.0	0.0	0.0	0.0	0.0	0.0	0.16969	0.057581	0.0	0.0	0.0	3.004119	0.0	0.0	82.191288	0.0	0.05439	0.0	0.0	0.083054	0.0	0.0	0.054354	0.0	0.0	0.0	0.0	0.0	0.676694	2.650346	0.0	0.063358	0.0	0.0	3.39677	0.160869	0.0	0.0	0.0	0.0	0.0	0.0	0.0	0.0	0.0	0.0	0.0	0.0	0.0	0.0	0.0	0.0	0.0	2.770878	0.041811	0.006555	0.0	0.0355115	0.005789	0.0	0.0	0.0	0.051661	0.0	0.0	0.373222	0.0	0.167926	0.0	0.103414	0.0	0.0	0.0	0.027724	0.07192799999999999	0.518162	0.036965	0.0	0.0	0.0	0.0	0.0	0.0	0.058236	0.0	0.0	0.0	0.0	0.0	0.0
SRR8849216_bin.20	0.0	0.0	0.049209	0.028662	0.0	0.04317	16.791509	0.0	0.048908	0.0	2.981066	0.0	0.0	0.020717	0.041794	0.0	0.069878	0.0	0.0	0.0	0.0	0.016932	0.019922	0.0	0.0	0.020317	0.0	0.0	0.0	0.0	0.03865	0.103021	0.02744	0.043353	0.01423	23.599617	0.0	13.585907	0.0	0.038556	0.031795	0.014017	0.023582	0.016786	0.028623	0.007912	0.013003	0.0	0.02958	4.212352	0.039701	0.0	0.0	0.0	0.0	0.027732	0.0	0.0	0.0	0.0	0.02837	0.007565	0.0	0.0	0.0	0.0	1.88279	0.042457	0.018119	0.0	0.033003	1.158688	0.0	14.376345	0.0	0.0	2.423632	0.270692	0.02035	0.04642	0.035124	0.0157	14.047834	23.430912	0.056128	0.017251	0.016678	0.010986	0.0	0.0	0.052221	0.0	0.0	0.033328	0.0	0.009663	0.08759	0.05514	0.036478	0.014389	0.033263	0.365294	0.0	0.015437	0.016891	0.0	0.0	0.0	0.0	0.0	0.029257	0.0	0.0	0.0	0.0	18.044191	0.012959	0.0	0.025075	0.016002	0.054836	0.040801	0.0	0.016257	0.0	0.038611	0.0	0.0	0.0	0.0	0.0	2.894039	0.11226	0.083195	0.037555	0.025586	0.006588	0.034833	0.036938	15.750889	0.226759	0.795733	12.548068	0.0183	0.060027	0.0	0.041571	0.0	0.033466	0.013764	0.032078	0.0	0.025562	10.271638	0.03911	0.046051	0.0	0.044963	0.0	0.038283	0.018506	0.012646	0.024137	0.0	0.016214	10.478231	0.006371	0.0	0.0
SRR8849233_bin.18	0.007272	0.0	1.521539	0.0	0.105373	0.0	0.035375	0.0	0.004004	0.0	1.751951	0.0	0.0	0.0	0.026577	0.0	0.004303	0.0	0.0	0.0	0.0	0.0	0.0	1.242636	0.0	0.0	0.044064	0.0	0.0	0.0	0.011782	0.009904	0.0	0.049612	0.0	0.0	0.028389	0.0	0.0	0.07151	0.00591	0.0	0.01546	0.0	0.006533	0.0	0.0	0.0	0.0	0.038754	0.0	0.0	0.0	0.0	0.0	0.0	0.0	0.0	0.0	0.0	0.020037	0.0	0.0	0.0	0.0	0.0	0.679086	0.016264	0.018176	0.0	0.0	0.024488	0.0	0.057618	0.0	6.728120499999999	0.924534	0.024358	0.0	0.005834	0.00474	0.0	8.36917	0.043230000000000005	33.209921	0.0	0.0	0.156997	0.0	0.0	0.01856	0.007101	0.0	0.034968	0.012565	0.018761	0.057466	0.0	0.0	0.0	0.037099	0.45739	21.451894	0.017955	0.0	0.0	0.006613	0.0	0.0	0.136656	0.024016	0.0	0.0	0.045353	0.041364	28.270729	0.011355	0.0	0.004694	0.0	0.015648	0.034339	0.0020405	0.009558	0.324597	0.016133	0.036592	0.0	0.0	0.0	0.0	0.0	0.08788	0.007385	0.003589	0.08331	0.060523	0.0	0.075814	0.039282	0.365536	0.047144	0.0	0.0	3.899751	0.013818	0.038207	0.0	0.073024	0.010247	1.04178	0.022663	0.003999	0.025116	0.024138	0.021161	0.0	0.020563	0.0	0.541039	0.013011	0.005782	0.0	0.0	0.525475	0.0	0.0	0.0	0.0
SRR8849236_bin.3	0.264991	9.322621	12.478717	0.033737	0.477281	1.646659	14.773448	0.144137	1.192966	1.597282	0.05442	1.279175	0.33825	0.7552	0.15265	0.017068	0.982941	0.764001	2.002942	0.050178	0.0495	0.242222	0.622562	0.626238	0.351896	0.107532	0.969763	27.844117	0.504346	0.155784	50.462981	0.012494	47.705848	0.0	0.241707	0.038722	0.374473	0.168743	11.458166	0.324818	0.105253	0.063986	0.867578	0.059367	0.032792	0.010252	184.402272	8.471648	0.306545	0.443934	155.670283	0.567826	0.163784	0.350113	0.431908	66.82736	1.386486	0.29342	7.251659	2.285865	0.031345	1.826854	0.194796	0.73822	0.430587	0.032867	0.617575	0.0	0.362457	4.057432	2.229967	0.122164	18.531627	0.116209	2.106142	26.502277	0.068132	0.156102	20.946256	0.153395	0.081974	0.295263	0.064269	0.199307	6.281731	0.05104	0.035041	0.133804	0.62688	1.44028	0.026675	0.312964	0.103669	1.598289	0.78037	0.276607	0.798826	0.038999	0.042618	3.062751	2.272809	0.396329	0.054429	0.58138	1.369652	18.751452	0.054132	0.392879	0.130108	6.834732	0.098684	4.140253	0.011798	0.28588	2.793388	0.084877	0.121342	2.546162	1.129043	2.145138	59.875909	0.054386	0.070194	4.80657	4.411896	1.547863	5.64232	24.415964	305.9028	268.651898	1.313499	35.308046	0.026543	0.069713	1.736196	4.229955	0.068021	0.158365	0.48424	0.065476	1.290773	0.015241	54.16665	109.624331	0.045639	0.784543	0.057825	0.149539	0.137837	1.972312	0.265383	0.767897	0.218796	0.043182	0.068852	0.018389	0.50616	0.018756	0.066095	68.407894	0.160544	0.286258	0.026705	0.133382	0.021328	1.10997	0.440018	31.73536	0.293028
SRR8849245_bin.30	0.008772	0.0	0.066452	0.055741	0.032071	0.040909	0.054658	0.033275	0.031755	0.057019	0.034421	0.017661	0.0	0.033728	0.09011	21.448256	0.652342	13.911209	0.012472	0.117587	0.10052349999999999	0.191353	0.099608	0.0	0.017967	0.00802	0.015228	0.0	0.0	4.082992	0.044254	0.089301	0.020845	0.047837	0.028862	0.02146	0.045133	0.024257	0.012967	0.047909	0.056591	0.057056	0.034596	0.026226	0.03479	0.08172	0.094842	14.060902	0.029849	0.029698	0.031022	0.238754	0.132501	0.669576	0.0	0.044068	0.216585	0.0	0.01405	151.225903	0.046789	0.057848	0.062319	0.013718	0.0	5.610716	0.024021	0.075492	0.079643	1.691358	0.052113	0.082103	212.252109	0.038638	0.027752	0.051384	0.049418	0.60827	0.077933	0.0625	0.063187	0.044777	0.045684	0.034694	0.044498	4.089086	0.065465	0.126195	1.31444	0.099082	0.159156	0.057056	0.034425	0.161496	0.500179	0.021232	0.070872	6.6773	0.032776	0.035499	0.034156	0.067418	0.026323	0.414456	0.03555	114.05344	0.118641	0.055769	0.016736	0.179963	0.142071	171.481324	0.077649	0.080784	0.035683	0.050566	0.068715	0.019675	0.029744	0.759375	0.011916	0.105348	0.032391	0.016012	0.061539	0.0353165	0.015158	0.013988	0.055511	0.045355	0.063671	0.0	0.231592	0.187343	0.094811	0.049037	0.049262	0.061498	8.91753	0.052736	0.457358	0.024305	0.169313	0.024227	0.05289	0.014422	0.02266	0.009913	0.89957	0.037694	0.057107	0.019485	0.054131	0.05782	0.033564	0.064161	0.015195	0.086451	0.035313	0.058323	0.066292	0.026941	0.022544	0.009813	0.240279	0.039092	0.019488	0.006491	0.0
SRR17301529_bin.28	0.0	0.218149	0.469542	0.0	0.020375	0.077392	0.081308	0.0	4.00175	0.0	0.0	6.898392	0.031384	0.654784	1.369115	0.111855	21.275199	2.887689	110.601136	2.066708	0.0	2.792385	0.0	0.041163	0.045845	0.0	0.0	18.467729	0.0	0.416162	0.035902	0.112812	0.0	0.0	0.023705	0.0	0.0	0.056458	0.160649	0.0	0.136494	0.0	0.611419	0.0	0.03628	0.056052	1.544507	0.650461	0.20804	0.0	0.099625	0.0	3.645507	0.122032	5.235141	0.0	26.726841999999998	0.0	0.111759	0.545326	0.0	21.674394	15.841046	0.0	0.588861	0.248158	0.716468	0.0	0.405724	9.775784	0.224746	0.696504	10.102214	0.0	0.347097	1.383086	0.192479	0.659994	3.948205	0.381226	0.650744	0.874421	0.0329415	0.0	0.207616	2.319635	0.0	0.198936	4.754970500000001	0.0	0.0	0.147736	0.0	0.090682	0.589687	0.440689	0.032263	1.039977	0.181788	0.0	0.134046	0.0	0.0	0.309982	0.0	0.473975	1.625748	0.0	0.675742	0.0	0.074371	12.81837	0.438603	0.325791	0.223928	0.021287	0.628394	0.0	0.118294	1.422895	1.037727	1.214579	0.640761	0.0	0.172383	0.137023	0.125278	0.083408	0.534587	0.0	1.171774	0.304308	0.0	0.0	2.656569	0.5486595000000001	1.110864	0.15588000000000002	0.335519	0.0	1.632342	0.0	0.0	0.224294	0.0	0.077549	0.0	0.020324	0.0	1.420055	0.020294	0.0	0.0	0.0	0.109148	0.01562	0.0	0.0	0.05279	0.956648	0.159369	0.045256000000000005	0.349029	0.0	0.0	0.021599	2.133763	0.070434	0.0
SRR17301530_bin.5	0.0	0.0	0.0	0.0	0.0	0.0	0.0	0.0	0.0	0.0	0.0	0.0	0.0	0.0	0.0	0.0	0.0	0.0	0.0	0.0	0.0	0.0	0.0	0.0	0.0	0.0	0.0	0.0	0.0	0.0	0.0	0.0	0.0	0.0	0.0	0.0	0.0	0.0	0.0	0.0	0.0	0.0	0.0	0.0	16.731938	0.0	0.0	0.0	0.0	0.0	0.0	0.0	0.0	0.0	0.0	0.0	0.0	0.0	0.0	0.0	0.0	0.0	0.0	0.0	0.0	0.0	0.0	20.171848	0.0	0.0	0.0	0.0	0.0	1.518812	0.0	0.0	0.202683	0.0	0.0	0.0	0.0	0.0	0.182137	0.0	0.0	0.0	0.0	0.0	0.0	0.0	0.0	0.0	0.0	0.0	0.0	0.0	0.0	0.0	0.0	0.0	0.0	0.0	0.0	0.0	0.0	0.0	0.0	0.0	0.0	0.0	0.0	0.0	0.0	0.0	0.0	6.711557	0.0	0.0	0.0	0.0	0.0	0.0	0.0	0.0	0.0	0.0	0.0	0.0	0.0	0.0	0.0	0.0	0.0	0.0	0.0	0.0	0.0	0.0	0.0	0.0	0.0	0.0	0.0	0.0	0.0	0.0	0.0	0.0	0.0	0.0	3.757275	0.0	0.0	1.631325	0.0	0.0	0.0	0.0	0.0	0.0	0.0	0.0	0.0	0.0	0.0	0.0	0.0	0.0	0.0
SRR8849282_bin.3	0.60171	11.193126	42.393365	0.419045	83.065727	3.077556	28.501626	9.006419	36.5096	0.0	0.058952	70.863365	0.0	1.038394	0.143069	42.254749	218.97534	0.132795	78.730661	49.29775	0.048917	0.082176	0.378764	2.356581	0.207951	0.0	0.180116	0.163339	1.642761	297.639148	23.004675	0.169143	70.063366	0.061931	0.270222	1.911058	1.130107	0.158879	4.863485	0.326838	0.769026	229.826635	6.855679	14.136618	5.243836	1.816055	153.941096	0.150222	0.426163	0.271445	5.392902	31.070492	103.007286	42.64825	29.29938	38.38229	0.125323	0.0	1.681778	565.390274	4.81843	20.421629	20.922573	11.655842	0.0	217.832059	15.402896	0.061796	32.724642	102.497866	34.606659	19.534787	0.069211	4.144393	3.813081	24.778861	50.097538	65.788017	48.23276	68.359441	26.175698	15.960773	22.781277	12.372791	0.0	237.775974	0.437245	0.253424	445.751776	226.428368	1.006523	4.821252	0.296646	96.56293	0.387726	7.532984	24.211171	0.150792	2.861414	2.530972	51.077601	9.435354	55.346945	283.511004	18.625848	0.054967	285.503842	124.151039	1084.938279	0.518928	7.675543	0.099441	157.244719	82.429093	6.351657	0.586255	88.665262	6.412308	11.729302	50.913185	24.454396	5.364574	67.720083	0.280371	17.843804	4.916629	0.734384	4.747974	0.508478	0.0	40.224742	0.0	0.186631	60.795258	193.016662	2.039974	0.349316	0.614947	33.804331	1.721653	0.724295	0.446531	0.0	17.847735	38.189992	1.158791	96.790363	1.787912	38.896522	0.044836	1.95398	56.101983	2.700899	12.626003	24.164117	289.738121	0.219338	10.356034	0.265441	4.581939	163.271808	1.867433	154.129526	6.951774	528.074811	197.885887	0.027338	0.419443	0.0
SRR8849267_bin.15	1.466192	11.108896	30.982767	0.038059	0.094161	5.201412	1.080768	2.794109	5.297487	3.701505	5.259728	0.014762	2.183549	15.038565	0.28156	0.02032	0.26861	0.026528	0.057613	0.044433	0.0	0.145054	0.013623	11.674788	0.349277	3.184019	4.124654	0.0	1.218698	0.117672	2.810722	0.751804	0.1867	6.402056	8.912969	0.101948	0.733762	0.477268	0.031013	0.357963	0.468805	0.6764	2.856822	0.129402	8.747078	2.376418	0.01858	0.04277	0.02026	0.567207	0.115641	0.008495	0.183545	0.127845	0.0	0.083162	0.037331	0.0	0.024693	0.11703	55.834928	0.120225	0.022761	0.0	0.007156	0.0	0.127757	0.13444	0.049593	0.050872	0.268073	44.090028	0.043245	13.97629	0.086601	0.688059	2.2323	0.055979	0.13569	0.05959	9.336574	0.182114	6.723414	0.059684	0.147876	0.120963	14.441212	0.485646	0.009488	0.013532	2.453978	0.095059	0.012517	0.125587	0.037478	0.093976	0.218346	0.024045	0.067009	0.700638	0.311267	0.768887	0.747415	0.030349	8.008331	0.0	0.043418	0.124929	0.024536	0.043722	0.41762	0.069071	0.067081	0.169189	9.571884	2.407497	0.30806	0.061238	0.29883	0.057932	0.028633	0.321346	0.160664	0.192501	0.079315	17.975839	7.121645	0.079598	0.033998	0.0	0.105019	0.042177	63.827852	38.747157	0.146283	167.872926	8.006342	0.504439	0.052955	13.279812	0.362511	8.149938	0.0	0.091811	1.354363	0.058499	0.461012	6.519728	13.566626	87.736245	20.809159	2.086687	1.358307	13.30621	0.291356	0.317497	0.815887	5.299066	22.457854	9.974769	7.763456	0.06821	0.088032	0.00932	0.02809	13.939846	37.396083	0.162043	0.036853
SRR17301518_bin.1	0.0	0.0	0.0	0.0	0.0	0.0	0.0	0.0	0.0	0.0	0.0	0.0	0.0	0.0	0.0	0.0	0.0	0.614206	1.893723	0.0	29.745749	0.0	0.0	0.0	0.0	0.0	0.0	0.0	0.0	0.0	0.0	0.0	0.0	0.0	0.0	0.0	0.0	0.0	0.0	0.0	0.0	0.0	0.0	0.0	0.0	0.0	0.0	0.0	0.0	0.0	0.0	0.0	0.0	0.0	2.504969	0.0	1.495118	0.0	0.0	0.0	0.0	0.0	15.192274	0.0	0.0	0.0	0.0	0.0	2.283232	1.86606	0.0	0.0	0.0	0.0	0.0	0.0	0.0	0.0	0.0	0.0	0.0	0.0	0.0	0.0	0.0	0.228093	0.0	0.0	0.0	0.0	0.0	0.0	0.380153	0.0	0.275278	0.0	0.0	0.0	0.0	0.0	0.0	0.0	0.0	0.0	0.0	0.0	1.105745	0.0	0.73603	0.0	0.061345	74.085361	0.1712	1.361327	0.0	0.0	0.0	0.0	0.0	0.0	0.0	0.365223	0.0	0.0	0.0	0.0	0.0	0.0	0.0	0.0	2.423171	0.0	0.0	0.0	0.404597	0.0	0.0	0.0	0.0	0.0	0.0	0.0	0.0	0.0	0.0	0.0	0.0	0.0	0.0	0.0	0.0	0.0	0.0	0.0	0.0	0.0	0.0	0.0	0.0	0.0	0.0	0.0	0.0	0.0	0.0	0.0	0.0	0.0	0.0
SRR8849222_bin.32	0.20284	6.715517	0.40632	0.0	0.052001	0.270266	0.108452	0.255337	0.2373045	0.349853	0.489912	2.44166	0.166143	0.7027055	0.251051	0.0	0.532879	0.0	0.074794	4.670499	0.0	0.504468	0.101346	5.576363	0.227116	0.200845	3.138151	0.0	0.097647	0.17323	0.143463	0.041413	7.783011	0.104806	0.216021	0.124173	0.172969	0.56916	0.088642	0.185728	0.449827	0.195473	0.246939	0.041085	0.126447	0.096526	3.079214	0.105659	0.175307	0.10917	5.42511	0.400985	0.054234	0.090565	0.0	0.070406	17.734646	0.0	2.351234	0.039163	1.997203	11.883054	0.0	0.0	0.0	0.035922	0.175526	0.048833	0.563208	0.692883	1.925804	0.235384	37.223108	0.357265	0.0	11.969014	0.122724	0.630389	5.617422	7.747972	0.255592	0.120199	1.699927	0.024418	0.233489	0.39202	0.291721	0.189366	0.0	0.0	0.122286	0.07023	0.0	0.079604	4.556556	2.275696	0.0	1.857551	0.0	1.16132	0.585863	4.791539	0.08551149999999999	23.093767	14.979105	0.0	0.20929	0.0	2.79063	0.0	0.156763	0.0	7.004595	0.942232	0.786487	0.288116	0.779548	18.918753	0.166912	16.094511	0.349528	0.103064	0.197964	0.17798	0.500094	1.63543	0.332689	0.022326	0.0	0.0	21.368941	1.412828	0.328078	0.603127	1.364819	0.296093	0.294641	0.356799	0.310303	0.297382	27.165526	0.26304	0.0	8.41813	0.265471	1.959289	0.074045	0.054551	0.04335	2.065595	0.170852	0.092529	0.20492	0.141016	0.069731	0.038957	0.115752	0.114437	0.249209	0.81598	0.100459	0.033108	0.020152	0.035087	1.067448	0.256087	0.400821	2.041496	0.092915
SRR8849273_bin.5	0.025351	0.0	2.094623	0.028983	0.107637	3.015678	0.026055	0.730447	36.401411	0.482598	0.266995	0.0	0.146978	0.510837	0.525994	0.036636	0.338851	0.021796	0.011633	2.051375	0.0	24.810099	0.0	0.018606	0.049302	0.028411	0.082565	0.0	0.041645	0.007814	0.804727	0.188567	0.4003155	0.841068	5.804044	0.062242	0.69488	0.071238	0.0	0.040442	3.688063	0.037833	0.04486	0.060124	0.89443	0.243787	0.032449	0.048122	0.798711	0.061352	0.494467	0.0	0.0	0.039994	0.0	0.0	24.576287	0.0	0.0	0.02436	0.153712	0.578363	0.0	0.0	0.0	0.0	0.025355	0.010503	0.0	0.020386	0.023643	3.550414	1.097955	0.158052	0.0	0.300017	0.440218	0.014734	2.312649	1.067074	1.360322	2.210853	1.340756	0.005168	0.0	3.993946	0.730305	7.901991	0.007799	0.0	2.647176	0.043789	0.0	2.167469	36.054457	0.064765	0.01328	0.017171	0.0	0.75116	0.760708	0.110631	0.068441	0.016664	0.586757	0.0	6.507887	0.0	0.035512	0.009528	0.593236	0.006631	2.118472	15.3189	5.643011	0.199041	8.611875	0.101701	0.035617	0.016583	0.009755	0.079251	0.479269	0.050583	0.022883	0.397578	0.048997	0.0	0.027683	0.0	0.105846	0.224789	0.543546	2.015761	0.048546	1.142566	0.344729	2.403575	0.019494	0.153126	0.043997	0.113968	0.0	1.354931	0.123987	0.145611	0.089457	0.0	1.128706	0.694585	0.644557	0.232877	0.812463	0.179274	0.382167	0.218173	0.0119	0.0997045	1.255015	1.067204	0.934965	0.03654	0.019801	0.0	0.012744	0.707819	0.453568	0.38206	0.0
SRR8849276_bin.28	0.0	0.0	0.050286	0.0	0.0	20.641975	0.0	0.0	0.0	0.0	0.0	0.0	0.0	0.0	0.0	0.0	0.0	0.0	0.0	0.0	0.0	0.0	0.0	0.0	0.0	0.0	0.0	0.0	0.0	0.0	0.0	0.0	0.0	0.0	0.0	0.0	0.0	0.0	0.0	0.0	0.170903	0.0	0.0	0.0	0.0	0.0	0.0	0.0	0.0	0.0	0.0	0.0	0.0	0.0	0.0	0.0	0.0	0.0	0.0	0.0	0.0	0.0	0.0	0.0	0.0	0.0	0.0	0.0	0.0	0.0	0.0	0.2864055	0.0	0.0	0.0	0.0	0.0	0.0	0.0	0.0	0.0	0.0	0.0	0.0	0.0	0.0	0.0	0.0	0.0	0.0	0.0	0.0	0.0	0.0	0.0	0.0	0.0	0.0	0.0	0.0	0.0	0.0	0.0	0.0	0.0	0.0	0.0	0.0	0.0	0.0	0.0	0.0	0.0	0.0	0.083751	0.0	0.0	0.0	0.0	0.0	0.0	0.0	0.0	0.0	0.0	0.0	0.0	0.0	0.0	0.0	0.0	0.0	0.394573	0.0	0.0	0.015982	0.0	0.109035	0.0	0.0	0.0	0.0	0.0	0.0	0.0	0.0	0.0	0.0	0.0	0.0	0.034932	0.0	0.0	0.0	0.0	0.0	0.0	0.0	0.0	0.0	0.0	0.0	0.0	0.0	0.0	0.0	0.0	0.0	0.0
SRR9330774_bin.4	0.125371	0.116473	0.044071	0.0	0.0	0.170957	0.0	0.836712	0.023469	0.0	0.05685	0.054615	0.123529	0.09283	0.0348	0.0	0.008987	0.0	0.0	0.0	0.0	0.0	0.129308	0.041975	2.109569	0.02407	0.103238	94.721159	0.346146	0.0	0.011165999999999999	0.0	0.012174	0.0	0.028249	0.0	0.821949	0.053069	0.0	0.130679	0.070138	0.038466	0.012416	0.009989	0.025821	0.021158	0.0	0.0	0.05685	0.039295	0.030294	0.128413	0.024361	0.0	0.04891	0.0	0.036548	0.038725	0.037025	0.187537	0.026213	0.012629	0.0	0.0	0.033217	0.0	0.454382	0.0	0.011507	0.0	0.0	0.023684	0.0	0.605148	0.023343	0.030569	0.0	0.007486	0.0	0.028378	0.012688	0.062798	0.040403	0.009941	0.190646	0.0	0.059225	0.068953	0.0	0.0	0.014924	0.076106	0.0	0.027105	0.0	0.032236	0.015782	0.0	0.066174	0.051328	0.022733	0.126151	0.0	0.010276	0.061986	0.0	0.0	0.0	0.0	0.0	0.016753	0.03951	0.0	0.0	0.150641	0.022471	0.02484	0.0	0.114715	0.0	0.0	0.052003	0.0	0.110655	0.0	0.0	0.513767	0.083851	0.065284	0.05855	0.043758	0.05774	0.0	0.0	0.012347	0.0362	0.04966	0.104925	0.0	0.080447	0.041988	0.013946	0.105511	0.014356	0.018672	0.384025	0.0	0.0	0.349133	0.032595	0.045696	0.027215	0.559927	0.154116	0.0	0.0	0.164027	0.017981	0.006779	0.011428	0.011839	0.021578	0.008059	0.0	0.0	0.133673	0.048992	0.030632	0.191453
SRR8849235_bin.27	0.0	0.456273	0.0	0.0	0.0	0.0	0.0	0.0	0.0	0.0	0.029579	0.0	0.0	0.0	0.0	0.0	0.0	0.0	0.0	0.0	0.0	0.0	0.0	0.0	0.0	0.0	0.0	0.0	0.0	0.0	0.0	0.0	0.0	0.0	0.0	0.0	0.0	0.0	0.0	0.0	0.0	0.0	0.562459	0.498676	0.0	0.0	0.453493	0.0	0.0	0.0	0.0	0.0	0.056769	0.0	0.0	0.0	0.0	0.0	2.384795	0.0	0.0	0.0	0.0	0.0	0.0	0.0	0.0	0.296941	0.0	0.149729	0.0	0.086566	0.0	0.026992	0.0	0.0	0.011226	0.026714	0.0	0.0	2.88953	0.0	0.0	0.0	27.151273	0.0	0.0	0.0	0.0	0.0	0.0	0.0	0.0	0.0	0.0	0.0	16.839017	0.0	0.011249	0.0	0.0	0.205735	0.0	0.014501	0.0	0.0	0.0	0.0	0.0	26.284813	0.096603	0.0	0.0	0.0	0.0	0.011911	0.0	0.0	0.0	0.0	0.0	66.548316	0.0	0.0	4.07987	0.0	0.0	0.0	0.0	0.0	0.0	0.0	0.036722	0.0	0.064179	1.871587	0.0	0.0	0.194501	0.0	0.109398	0.0	0.0	0.0	0.038287	0.0	0.161209	0.0	0.0	0.0	12.590331	0.047155	0.0	0.013613	0.007548	0.13556	0.0	0.0	0.0	0.0	0.0	0.0	0.0	0.0	0.0	4.005426	0.0	0.0	0.0
SRR8849245_bin.36	0.013903	0.213472	0.074626	0.414547	0.025901	1.050017	0.06773	0.016319	0.09862	0.043429	0.055756	0.059793	0.145111	0.679152	0.054884	0.114502	0.279347	0.053592	0.400359	0.019445	0.014474	1.757917	0.225966	0.146308	0.40534	0.021238	0.020138	36.436116	0.0	11.048183	0.046445	0.030593	0.019736	0.062895	0.061542	0.025485	1.404836	0.097894	2.199014	0.102019	4.224435	0.023105	0.045056	0.021232	0.033133	0.048713	0.034142	0.040133	0.106165	0.78368	0.7431	0.129542	0.027115	89.689271	0.0	0.018806	0.036215	0.0	0.0	56.929685	0.063558	0.236008	0.027152	0.0	0.0	0.020763	0.011368	0.040349	0.025962	12.642721	6.678503	0.05177	0.078454	0.109876	0.012264	0.036912	0.073182	1.307981	0.056423	15.808353	0.110817	0.028379	0.029492	0.021114	0.057194	0.062068	1.14774	0.319938	0.0	0.010549	0.04932	0.027885	0.075575	0.554992	0.800428	1.641448	0.070403	0.019437	0.056748	4.822756	1.745931	0.253384	0.125148	0.030341	0.025318	0.0	0.469668	4.931359	0.0	0.046176	0.090225	0.077324	0.031451	0.056272	0.135632	0.958687	0.079315	1.701067	0.026486	0.020829	0.017126	0.12044	0.145426	0.165659	8.935319	2.783333	0.146433	0.012663	0.0	2.170675	0.303545	0.05494	0.101885	0.566999	0.354459	0.056787	0.050282	6.486903	7.805114	0.058848	30.339682	0.020977	0.015594	1.459526	0.083012	0.413493	0.05602	0.244558	0.380759	0.511681	0.054587	0.020624	1.635456	0.067099	0.028448	0.049151	0.053182	0.084933	0.97674	0.096845	1.248704	6.811816	0.126235	0.019945	4.584341	0.033074	14.230102	0.015419	0.0
SRR8849257_bin.35	14.120305	0.02758	0.184051	0.080515	0.04807	0.065288	73.543394	0.094936	0.054978	31.091454	1.091135	0.052148	9.759748	0.074256	0.040725	6.035209	0.018815	0.021543	0.0	7.104688	0.051734	0.050355	14.664576	0.014323	8.707234	0.036601	0.034175	0.0	0.017676	18.750801	0.09411	0.098996	0.038476	0.297433	48.017281	41.587388	64.753213	92.81727	0.057469	13.746181	8.393994	4.857196	16.81323	0.035076	15.209231	0.032998	0.087671	0.014364	0.295395	47.985099	203.855098	0.178806	0.487111	78.550147	0.042307	290.877716	0.0	0.0	0.027044	0.528297	0.071666	5.197531	0.338822	0.0	0.011795	0.188184	0.063285	0.131682	0.154252	0.035032	0.325866	0.064536	0.015542	0.322612	58.001882	0.089272	21.596668	3.843871	0.070183	114.521865	22.927667	41.844152	0.074306	0.085552	0.254262	3.988739	0.036322	0.150377	9.145573	0.012302	1.279499	0.028456	0.026996	0.067989	8.900612	23.6267	263.278145	593.314051	0.014696	0.034692	29.094286	6.611297	154.611252	110.821738	30.222058	0.668398	0.024828	0.053959	0.004988	0.983842	0.485016	0.037296	0.034085	0.034437	0.019927	0.214281	45.961526	0.034177	0.060925	0.129287	1.373391	1.794017	83.206321	4.524476	322.287778	74.672374	0.058929	4.703953	10.564975	0.0	0.043006	18.76772	0.094304	0.06441	6.251974	0.054364	8.489432	7.663281	9.189357	56.742802	0.67303	31.53917	0.0	35.69569	44.801354	0.090158	85.434562	0.080524	78.321534	0.153646	31.104411	3.547784	29.515256	0.088326	0.057635	1.745845	0.061566	0.291355	0.030458	2.188662	2.647234	0.247838	0.149311	0.036087	0.222438	0.103309	0.019306	13.494077	0.039679
SRR9330801_bin.12	0.370527	0.232374	0.0	0.0	0.0	0.0	0.0	0.109641	0.0	0.0	43.106651	0.022096	0.194297	631.003394	0.0	0.0	0.0	0.0	0.0	0.0	0.0	0.0	0.031289	0.119983	0.180642	490.849911	0.153845	0.171025	74.012445	0.125659	0.0	0.0	0.0	12.496716	0.0	0.0	0.0	0.0	0.0	0.110403	11.659475	0.0	0.0	0.0	0.0	0.0	0.0	0.0	0.042915	0.0	0.0	0.0	0.0	0.0	0.0	0.0	0.0	0.0	0.087819	0.0	0.0	0.0	0.0	0.0	0.149928	0.0	0.0	0.903377	0.0	0.0	0.0	1.786959	0.067486	0.0	0.0	0.0	0.0	0.083028	0.0	0.03807	0.0	0.0	0.0	0.366446	0.133806	0.0	0.0	1.428889	0.0	0.0	0.0	0.0	0.0	0.0	0.0	0.0	0.12755	0.0	0.0	0.0	0.0	0.139794	201.838494	0.0	0.0	0.0	0.0	0.0	0.0	0.0	0.016779	0.0	6.546023	0.0	0.0	0.040343	0.0	0.0	0.0	0.0	0.0	0.049025	0.0	64.265125	0.0	0.0	0.206079	0.113702	0.134303	0.032195	0.0	0.220574	0.209553	0.0	0.011001	0.0	1.275226	30.255435	0.0	0.0	0.045969	122.878128	0.0	0.0	0.030205	0.009794	0.048913	0.0	0.121366	0.0	0.0	426.387889	0.0	0.0	2.168143	0.029946	0.072245	0.0	0.0	0.0	0.0	0.0	0.0	0.0	0.0	0.022673	0.0	0.189201	306.700783
SRR8849226_bin.43	0.0	0.0	0.037819	0.193492	1.072252	0.070645	0.0	0.026632	0.012834	0.0	0.0	0.0	0.0	0.0	0.0	0.079555	0.0	0.0	0.0	0.028409	0.225611	0.0	0.0	0.0	0.0	0.0	0.020885	0.0	0.021775	0.0	0.360822	0.0	0.0	0.252718	0.0	0.0	0.020319	0.046608	0.025652	0.0	0.037653	0.0	0.0	0.0	0.201622	1.048154	0.670269	0.0	0.040271	0.0	0.0	0.0	0.0	0.0	0.0	0.0	0.0	0.0	0.0	0.0	0.0	0.498547	3.321223	0.0	0.0	0.0	0.039647	0.59661	0.0	0.0	0.0	0.0	0.0	0.0	0.0	0.0	0.0	0.0	0.0	0.0	0.0	0.0	0.0	0.0	0.0	0.747292	0.196393	0.112274	0.0	0.0	2.36155	0.035215	0.0	0.0	0.0	0.109911	0.008144	0.0	0.100316	39.337182	0.035149	0.093401	0.0	0.0	0.0	0.0	0.070464	1.718423	9.691558	0.0	0.306718	0.0	0.148031	5.51663	0.334138	0.0	0.0	0.0	0.045102	0.0	0.0	0.090121	0.0	0.0	0.0	0.0	0.0	0.019061	0.0	0.0	0.059737	0.0	3.575103	0.161113	0.248009	0.0	0.233131	0.053843	0.0	0.0	0.0	0.062493	0.0	0.0	0.773547	0.0	0.433119	0.029728	0.112207	0.0	0.0	0.019933	0.046273	0.131348	0.735001	0.293805	0.064435	0.0	0.0	0.0	0.033792	0.0	0.322763	0.207883	0.053349	0.0	0.212473	0.0	0.032493
SRR8849210_bin.2	0.0	0.0	0.0	0.0	0.0	0.0	0.0	0.0	0.0	0.0	0.0	0.0	0.0	0.0	0.0	0.0	0.0	0.0	0.0	0.0	0.0	0.0	0.0	0.0	0.0	0.0	0.0	0.0	0.0	0.0	0.0	0.0	0.0	0.0	0.0	0.0	0.0	0.0	0.0	0.0	0.0	0.0	0.0	0.0	0.0	0.0	0.0	0.0	0.0	0.0	0.0	0.0	0.0	0.0	0.335423	0.0	0.0	0.0	0.247133	0.0	0.0	0.0	0.065504	0.0	0.0	0.0	0.092216	0.0	0.0	0.0	0.0	0.0	0.0	0.0	0.0	0.0	0.0	20.093529	0.0	0.0	0.0	0.0	0.0	0.0	0.0	0.0	0.0	0.0	0.0	0.0	0.0	0.0	0.0	0.0	0.0	0.0	0.0	0.0	0.0	0.0	0.0	0.0	0.0	0.0	0.0	0.0	0.0	0.0	0.0	0.0	0.0	0.0	0.0	0.295383	0.0	0.0	0.0	0.0	0.0	0.0	0.0	0.100368	0.0	0.0	0.0	0.0	0.0	0.0	0.0	0.0	0.0	0.0	0.0	0.0	0.0	0.0	0.0	0.0	0.0	0.0	0.0	0.0	0.0	0.0	0.0	0.0	0.04852	0.0	0.0	0.0	0.0	0.0	0.0	0.0	0.0	0.16295	0.0	0.0	0.0	0.0	0.0	0.0	0.0	0.0	0.0	0.0	0.0	0.0	0.0
SRR17301534_bin.45	0.009777	0.047379	0.469523	0.154438	0.314438	0.301635	0.031157	0.098667	0.091153	1.759281	0.117661	0.0	0.031942	3.111835	1.283997	0.005865	0.120804	0.010413	0.061422	0.024457	0.0	1.214066	0.0	0.009874	0.245415	0.078824	0.087442	0.0	0.0	0.0	0.624912	0.016942	0.0	0.053898	0.341334	0.152164	0.643548	2.112645	0.0	0.193785	0.207479	0.09487	0.975711	0.053411	0.279433	0.03172	0.0	0.02606	0.0	0.196231	0.0	0.019433	0.014988	0.019895	0.0	0.0	0.068792	0.0	0.0	0.015062	0.827474	0.110144	0.0	0.0	0.0	0.0	0.024465	0.0	0.019569	0.0	0.0	52.930395	0.074306	0.468501	0.0	0.061984	0.047589	0.0	0.099698	0.034965	0.055765	0.030035	0.071111	0.0	0.011769	0.074456	0.351726	0.494413	0.0	0.0	0.088451	0.050603	0.0	0.018463	0.00943	0.081594	0.0	0.0	0.0	0.102003	0.044024	0.111856	0.272296	0.005346	0.05699	0.0	0.023514	0.0	0.0	0.0	0.059835	0.0	0.027739	0.061088	0.905991	0.557823	0.053938	0.025857	0.073338	0.026433	0.013692	0.043618	0.051456	0.107386	0.0	1.169112	0.126237	0.017531	0.0	0.0	0.123838	0.0	0.316184	0.082997	0.042504	0.115957	0.210121	0.167895	0.0	0.333379	0.065453	0.03868	0.0	0.037651	0.023406	0.0	0.0	0.0	0.231958	1.779861	0.287962	0.020265	0.735403	0.407434	0.081197	0.015879	0.137123	0.095934	12.541994	0.44065	0.200107	0.035019	0.02288	0.0	0.0	0.2919	1.243602	0.016471	0.0
SRR8849250_bin.29	4.043242	0.008821	8.113807	0.061915	3.30085	3.311131	0.081261	0.0	0.024864	2.818545	1.471445	0.01528	0.007842	26.652704	189.537306	0.025965	0.017819	0.014826	0.0	0.045789	0.016671	0.033782	0.022758	0.020455	0.01953	0.749784	0.010006	0.0	0.347405	0.186202	51.913773	0.055224	0.007369	0.088036	11.906399	0.17806	30.007602	8.602507	0.011366	0.689685	0.054223	0.023828	0.448973	0.01114	24.679939	0.029343	0.053193	0.006587	0.023313	0.162946	0.075549	0.026779	0.095176	0.181566	0.0	2.48602	2.851603	0.0	0.014949	0.067539	0.576958	0.023225	0.02542	0.0	0.0	0.012695	3.97987	0.052567	0.048699	0.009277	0.051038	19.971559	0.014539	3.871891	0.0	0.013567	15.968561	0.109878	75.362676	0.068562	8.501297	0.022145	0.682398	0.052904	4.724295	0.059375	0.300898	2.768089	0.0	0.0	0.450083	7.371302	0.0	10.293994	0.049353	12.698619	4.343424	0.036338	0.014135	0.029544	8.747272	0.766643	2.381182	0.227593	12.199971	0.0	0.836764	0.058696	0.0	0.079542	0.147369	0.02721	0.031025	0.020005	18.455496	131.672329	0.047237	0.008949	0.048241	0.013253	0.158032	0.204041	6.37845	3.441984	0.045715	16.099172	0.016021	0.0	0.0	0.008953	0.031392	0.004824	1.172569	2.633006	0.053221	0.063912	0.565491	0.041913	0.48565	12.582749	0.383767	0.030093	0.0	0.016199	0.4351	8.829614	0.41963	10.080345	4.52824	0.028311	9.574088	43.293677	15.942128	1.979263	0.020618	0.185217	0.031951	1.587988	0.03937	3.450894	16.374582	0.013267	0.025501	0.032566	0.053583	0.218976	0.014132	0.007182	0.009766
SRR8849281_bin.28	4.100477	5.015134	82.384099	0.119147	0.686533	0.690714	10.321762	4.654774	0.072695	108.605188	1.311931	175.61445	28.599361	11.490277	2.571974	0.085224	99.630073	29.725779	0.147348	0.991685	0.324628	0.0	7.812632	8.373552	87.460884	2.06059	366.125632	0.441044	460.234556	1.742536	9.408086	4.802126	391.591404	0.831337	49.63324	31.511072	0.898308	2.454766	1.221217	1.484878	59.969425	0.671278	4.286304	3.559917	3.056393	0.141253	98.280847	0.133275	8.206302	235.569373	3.071363	6.848118	5.919737	2.134172	10.647949	75.947273	326.372378	31.556343	544.785795	3.394317	4.982765	597.290149	0.352082	1.230826	7.049905	1.72654	3.788956	0.0	88.459597	78.183782	0.344975	17.229249	21.68187	15.658185	5.853907	51.717106	12.474181	2.379202	0.109815	84.199967	24.541049	2.692565	184.692123	306.643548	6.338763	3.149044	1.562355	7.138962	2.848529	0.072719	1.24555	6.117896	8.907218	5.524783	0.260662	43.619994	4.013706	10.982941	13.203949	3.667973	4.844691	14.307917	49.308408	3.827861	4.950958	0.090628	9.247448	1.694836	0.739523	92.296683	0.412252	3.218938	0.13541	0.287237	1.039353	7.491613	5.112294	29.831211	2.266583	53.734576	2.634785	8.910715	2.351604	119.004298	32.993881	2.479665	2.235393	6.127147	66.016247	0.840818	8.966371	303.990719	1.165755	1.165604	0.735872	43.820321	0.412737	72.988901	0.981936	0.804383	16.407388	1.991699	4.747639	1.36624	0.957087	56.945808	2.010632	38.617052	1.292967	120.114717	3.893963	92.073254	0.978408	7.984285	0.102051	2.319657	17.639288	0.107431	0.391447	18.978218	1.773986	0.212791	9.347013	0.056882	0.159966	2.095399	73.852447	17.065985	79.894066
SRR17301547_bin.42	0.0	0.0	0.0	0.0	0.0	0.0	0.0	0.0	0.0	7.511951	1.583433	0.0	0.0	0.0	0.76753	0.0	0.0	0.056532	0.0	0.0	0.0	0.0	0.0	0.0	0.0	0.0	0.0	0.862273	2.447889	0.0	0.0	0.0	0.0	0.0	0.0	0.0	26.532267	0.0	0.0	0.077865	0.0	0.405044	0.0	0.0	0.935587	0.0	0.0	0.0	301.713201	0.0	0.0	0.0	0.0	0.0	0.162904	0.0	0.0	0.0	0.0	0.0	0.0	0.0	0.0	0.0	0.0	0.0	0.0	0.0	0.0	0.032952	0.0	0.0	0.0	0.0	0.0	0.0	0.609506	0.170741	0.0	0.0	0.0	0.0	0.0	0.0	0.0	0.0	3.788835	62.625825	0.0	0.0	7.719332	0.0	0.0	4.088056	0.0	0.0	0.0	0.0	0.0	2.882835	0.0	0.0	1.135134	0.0	0.0	0.0	0.0	0.0	0.0	0.0	0.056287	0.037573	0.0	0.041943	0.0	0.0	0.0	0.0	0.0	0.0	0.0	0.111531	2.02001	0.0	0.0	0.0	0.0	0.0	0.0	0.0	0.0	0.0	7.289709	0.0	0.0	0.0	7.141599	0.0	0.063272	4.729346	0.0	3.781842	0.0	0.0	16.627467	0.210099	11.234441	0.0	3.75623	0.0	0.015725	0.0	59.378763	0.0	0.0	0.0	0.0	0.0	0.0	0.0	0.0	0.0	126.065306	0.0	0.0	0.0	0.0	0.0	0.0
SRR8849249_bin.7	0.0	0.0	0.0	0.0	0.0	0.0	0.0	0.0	0.0	0.0	2.045529	0.0	0.0	0.0	0.0	0.0	0.0	0.0	0.0	0.0	0.0	0.0	0.0	0.0	0.0	0.0	0.0	0.0	0.0	0.0	0.0	0.0	0.0	0.0	0.0	0.0	0.0	0.0	0.0	0.0	0.0	0.0	0.0	0.0	0.068831	0.0	0.0	0.0	0.0	0.0	0.0	0.0	0.0	0.0	0.0	0.0	0.0	0.0	0.0	0.0	0.0	0.0	0.0	0.0	0.0	0.0	0.022987	0.0	0.0	0.0	0.0	0.016618	0.0	0.262017	0.0	0.0	0.283812	0.0	0.0	0.0	0.0	0.0	0.05661	0.0	0.0	0.0	0.0	0.0	0.0	0.0	0.0	0.0	0.0	0.0	0.0	0.0	0.0	0.0	0.0	0.0	0.0	0.0	0.0	0.0	0.0	0.0	0.0	0.0	0.0	0.0	0.0	0.0	0.0	0.0	0.0	0.0	0.0	0.0	0.0	0.0	0.0	0.012289	0.0	0.0	0.0	0.385949	0.0	0.0	0.0	0.0	0.0	0.0	0.981438	0.0	0.0	0.0	0.0	0.0	0.0	0.1082965	0.0	0.0	0.0	0.0	46.594385	0.0	0.142798	0.0	0.0	0.0	0.04056	0.021958	0.0	0.2813465	0.0	0.0	0.869528	0.028943	0.0	0.0	0.0	0.0	0.01946	0.0	0.0	0.0	0.0	0.0	0.0
SRR17301534_bin.65	0.0	0.0	0.110807	0.0	0.786449	1.096141	0.021102	0.0	0.052657	0.0	0.080806	0.0	0.0	0.051663	0.476924	0.0	0.042918	0.0	0.0	0.0	0.0	0.179403	0.0	0.0	0.260959	0.0	0.023237	0.0	0.0	0.112545	1.73506	0.0	0.0	0.0	0.041653	0.0	0.0	0.109262	0.0	0.0	0.098826	0.124663	0.02071	0.0	0.112191	0.0	0.0	0.0	0.0	0.0	0.0	0.0	0.0	0.0	0.0	0.0	0.0	0.0	0.0	0.418019	1.089221	0.083799	0.0	0.0	0.0	0.0	0.01673	0.0	0.0	0.0	0.0	28.088568	0.0	0.252829	0.0	0.0	0.02899	0.0	0.043326	0.0	0.036237	0.0	0.119747	0.0	0.0	0.050177	1.553509	0.075223	0.0	0.0	0.762316	0.0	0.0	0.0	0.0	0.0	0.0	0.0	0.0	0.025912	0.0	0.0	0.0	0.0	0.0	0.0	0.0	0.0	0.0	0.0	0.064312	0.0	0.0	0.032308	0.944511	0.469437	0.0	0.0	0.0	0.0	0.0	0.197833	0.036486000000000005	0.032299	0.0	3.16836	0.0	0.0	0.0	0.0	0.023089	0.0	14.158893	0.061363	0.011144	0.135806	0.054926	0.072192	0.0	1.265609	0.0	0.18504	0.0	0.011353	0.0	0.0	0.0	0.0	0.0	0.053384	3.466079	0.094493	0.041862	1.114269	4.587521	0.310763	0.0	1.726134	0.0	2.222081	0.021369	0.0	0.0	0.0	0.0	0.93361	0.044004	0.082354	0.0
SRR8849199_bin.13	1.162371	0.0	0.021123	0.022756	0.04505	0.024234	0.044071	0.0	10.841309	0.0	0.071996	0.0	0.0	0.24594	0.0488705	0.0	0.0	0.0	0.0	0.0	0.0	0.0	0.0	0.0	0.0	0.0	0.0	0.0	0.0	0.0	0.728741	0.02569	0.0	0.088986	0.0	0.0	0.0	0.0	0.0	8.692312	0.0	0.141033	0.592258	0.0	0.0	0.0	0.0	0.0	0.0	0.0	0.0	0.0	0.03541	0.0	0.0	0.0	0.0	0.0	0.0	0.0	2.484495	0.0	0.0	0.0	0.0	0.0	0.0	0.026314	0.0	0.0	0.0	6.464061	0.0	0.084303	0.0	43.8382795	0.912718	0.013813	0.0	2.091617	0.0	0.0	0.018554	0.0	0.0	0.0	2.354435	4.611715	0.0	0.0	0.072513	0.0	0.0	0.040248	0.019522	0.0	0.027106	0.026404	0.0	0.0	0.060849	0.584599	5.146604	0.012179	0.0	0.0	0.0	0.0	0.0	2.257873	0.031091	0.0	0.0	0.0	1.350039	34.777151	0.016875	0.0	0.0	0.588128	0.03212	0.106891	0.0	27.78887	0.0	0.0	0.714949	0.0	0.0	0.0	0.0	0.0	1.049313	0.6544	0.022026	2.650771	0.033594	0.0	0.0	0.024437	0.281097	0.011203	0.0	0.0	8.21813	2.129271	0.036395	0.0	2.76214	0.0	2.149069	0.023036	0.018827	0.039694	0.0	0.021125	0.830655	0.565975	0.0	0.0	0.011703	0.0	0.0	0.0	0.0	0.742131	0.0	0.0	0.0
SRR9330775_bin.15	0.0	0.0	0.0	0.0	0.0	0.0	0.0	0.0	0.0	0.0	0.0	0.020096	0.0	0.0	0.0	0.016031	0.098807	0.0	2.164933	0.0	0.0	0.0	0.0	0.0	0.0	0.0	0.746098	3.039472	40.631749	0.0	0.0	0.0	0.0	0.0	0.0	0.145391	0.0	0.0	0.0	0.0	0.052009	0.0	0.123637	0.0	2.943945	0.0	0.0	0.0	0.0	0.0	0.0	0.0	0.0	0.0	0.0	0.0	1.032325	0.0	0.0	0.0	0.0	0.0	0.0	0.0	0.0	0.0	0.0	0.0	0.0	0.0	1.570906	0.0	0.0	0.0	0.0	0.0	0.0	0.009298	0.0	0.0	0.063889	0.0	0.0	0.0	0.0	0.54305	0.37344	0.0	0.0	0.0	0.0	0.110089	0.0	0.036985	0.0	0.0	0.0	0.0	0.0	0.0	0.0	0.448371	2.202501	0.0	0.0	0.0	0.0	0.0	0.0	0.0	0.197022	0.0	0.0	0.0	0.049626	0.091549	0.227576	0.0	0.0	0.0	0.0	0.0	0.0	6.826676	0.0	0.0	0.025392	0.487064	0.0	0.057585	0.0	0.0	0.060061	0.0	0.0	0.010723	0.0	0.113939	0.074732	0.0	22.464414	5.126733	0.0	0.0	0.0	0.0	0.0	0.0	0.0	0.0	0.0	0.389844	0.0	0.0	0.0	0.0	0.0	0.0	0.0	0.0	0.0	0.0	0.0	0.0	0.0	0.0	0.0	0.0	0.0
SRR8849252_bin.6	2.666468	24.561975	0.118551	104.757904	38.938603	15.211928	143.791596	0.083738	1.7980615	27.133608	1.001333	0.021244	0.51397	4.24935	0.365474	0.105774	0.193499	0.091311	0.016459	0.297282	0.055617	0.187882	5.819621	2.938225	8.324841	0.029852	6.107036	0.0	2.761929	0.434185	0.157032	0.29694	0.723509	2.33621	33.111922	8.62037	8.162192	1.752998	6.795095	13.153704	16.112402	8.990718	0.35559	0.932759	20.958615	50.74179	204.930818	0.082031	34.794794	20.44659	0.081806	0.0	0.065959	0.193384	0.0	3.013555	0.054933	0.0	0.0	3.998276	8.24379	18.625328	0.040261	0.016791	0.03382	0.064058	7.698028	1.597741	0.119517	0.032451	85.690345	55.762833	0.068757	30.832093	4.078946	42.637757	24.695429	5.796092	0.468847	73.014656	6.143318	17.924498	10.055644	0.116767	1.675964	0.175593	73.275143	18.492585	0.019448	0.0	15.3007365	0.10765	0.0	56.431602	6.837293	31.160328	0.224059	0.083464	5.132923	4.5304905	0.471823	10.464702	1.27204	0.145414	21.726541	0.080493	0.178318	7.959466	0.0	0.13744	42.977956	0.455941	0.125717	8.782197	0.681018	3.019285	0.102972	16.342103	0.106304	24.931189	7.886059	0.99503	0.047796	0.260402	14.099954	7.885003	14.788177	10.265318	8.451611	0.0	51.80299	0.028016	2.283055	0.733111	0.863014	8.066282	1.627961	22.409296	14.994758	1.34295	0.706864	0.157729	0.0	0.065505	16.210242	8.446069	3.185462	1.981253	9.096067	0.148079	3.988059	0.474373	11.959421	49.943159	0.483953	24.469963	0.05357	8.256136	48.869901	0.927326	7.619087	2.261189	9.100364	0.280029	17.27051	0.248097	0.051822	0.172946	0.0
SRR8849275_bin.45	11.441058	0.0	0.025528	0.011231	0.0	0.723909	30.957932	0.0	0.0	0.0	0.113228	0.0	0.0	0.0	1.389824	0.0	0.0	0.0	0.0	0.0	0.0	0.0	0.24642	0.452604	0.0	0.083629	29.284877	0.0	0.0	0.0	0.0	0.0	0.0	0.0	0.978394	0.0	0.0	0.0	0.0	7.78447	0.0	0.0	0.227583	0.0	0.0	0.0	0.0	0.0	0.0	0.0	0.0	0.0	0.0	4.870244	0.0	0.0	0.0	0.0	0.0	0.0	0.0	0.0	0.0	0.0	0.0	0.640909	0.0	0.0	0.853423	0.0	0.0	0.271836	0.0	0.022912	0.955528	0.0	0.01276	0.021704	0.0	0.0	1.365142	0.0	0.065595	10.028222	1.342779	0.0	0.0	0.0	0.0	0.0	0.017217	0.392925	0.0	0.788915	0.0	0.293119	0.019737	0.0	0.0	0.0	0.816716	0.446824	0.053656	0.0	0.0	0.0	0.122547	0.0	0.0	43.85276	0.0	0.0	0.0	0.0	0.0	0.061762	0.0	0.0	0.0	0.0	0.0	0.036276	0.0	0.474827	12.359788	0.0	4.0692	0.021148	0.0	0.0	0.0	0.0	0.287255	0.0	0.24715	0.0	0.0	0.0	0.35979	0.548334	0.709867	1.863819	0.0	0.0	0.068777	0.0	0.013651	0.0	2.185988	0.0	0.043636	0.179388	0.0	0.019611	0.0	0.442137	0.0	0.036892	0.0	0.01255	0.200591	0.0	0.013228	0.0	0.0	0.0	0.0	0.0	0.0
SRR17301561_bin.12	0.0	0.0	0.0	0.0	0.0	0.0	0.0	0.0	0.0	0.0	0.0	0.0	0.0	0.0	0.0	0.0	0.0	0.0	0.0	0.0	0.0	0.0	0.0	0.0	0.0	0.0	0.0	0.0	0.0	0.0	0.0	0.0	0.0	0.0	0.0	0.0	0.0	0.0	0.0	0.0	0.0	0.0	0.0	0.0	0.0	0.0	0.0	0.0	0.0	0.0	0.0	0.0	0.0	0.0	0.0	0.0	0.0	0.0	0.0	0.0	0.0	0.0	0.0	0.0	0.0	0.0	0.0	0.0	0.0	0.0	0.0	0.0	0.0	0.0	0.0	0.0	0.0	0.0	0.0	0.0	0.0	0.0	0.0	0.0	0.0	0.0	0.0	0.0	0.0	0.0	0.0	0.0	0.0	0.0	0.0	0.0	0.0	0.0	0.0	0.0	0.0	0.0	0.0	0.0	0.0	0.0	0.0	0.0	0.0	0.0	0.0	0.0	0.0	0.0	0.0	0.0	0.0	0.0	0.0	0.0	0.0	0.0	0.0	0.0	0.0	0.0	0.0	0.0	0.0	0.0	0.0	0.0	69.118259	0.0	0.0	0.0	0.0	0.0	0.0	0.0	0.0	0.0	0.0	0.0	0.0	0.0	0.0	0.0	0.0	0.0	0.0	0.0	0.0	0.0	0.0	0.0	0.0	0.0	0.0	0.0	0.0	0.0	0.0	0.0	0.0	0.0	0.0	0.0	0.0
SRR8849272_bin.13	0.0	0.0	0.113344	0.0	0.0	0.0	0.0	0.0	0.023386	43.303229	4.063286	0.0	0.0	0.0	0.0	0.0	0.0	0.0	0.0	0.0	0.0	0.0	0.0	0.0	0.0	0.0	0.0	0.0	0.550966	0.0	0.0	0.0	0.0	6.471502	0.0	0.0	6.483386	0.0	0.0	0.0	0.04545	0.0	0.0	0.021801	1.269348	0.0	0.0	0.0	0.0	0.0	0.0	0.0	0.0	0.0	0.0	0.0	0.0	0.0	0.0	0.286685	0.0	0.0	0.0	0.0	0.0	0.0	0.0	0.0	0.0	0.0	0.0	0.041701	0.0	0.0	0.0	0.0	0.665319	0.0	0.0	0.0	0.0	0.0	0.0	0.0	0.0	0.0	0.0	0.0	0.0	0.0	0.265104	0.0	0.0	0.0	0.0	0.0	0.0	0.0	0.0	0.0	0.0	0.0	0.0	0.0	0.0	0.0	0.0	0.074381	0.0	0.0	0.0	0.0	0.0	0.0	1.058391	0.0	0.0	0.0	0.0	0.0	0.0	0.0	0.0	0.0	0.0	0.0	0.0	0.0	0.0	0.0	0.0	0.0	61.973893	0.0	0.0	0.184517	5.171282	0.045763	0.0	0.063734	0.0	0.0	0.0	0.0	0.573876	0.0	0.0	0.0	0.0	0.0	0.159668	0.0	19.775549	0.044131	0.0	0.0	0.0	0.041045	0.0	0.0	0.0	0.0	0.0	0.0	0.0	0.021806	0.0	0.0	0.0
SRR17301550_bin.8	0.0	0.0	0.0	0.0	0.0	0.0	0.0	0.0	0.0	0.0	0.0	0.0	0.0	0.0	0.0	0.0	0.0	0.0	0.0	0.0	0.0	19.632693	0.0	0.0	0.0	0.0	0.0	0.0	0.0	0.0	0.0	0.0	0.0	0.0	0.035162	0.0	0.0	0.0	0.0	0.0	0.0	0.0	0.0	0.0	0.0	0.610897	0.0	0.0	0.0	0.0	0.0	0.0	0.0	0.0	0.0	0.0	0.0	0.0	0.0	0.0	0.0	0.0	0.0	0.0	0.0	0.053521	0.0	0.0	0.0	0.0	0.0	0.0	0.0	0.0	0.0	0.0	0.0	0.0	0.0	0.0	0.0	0.937481	0.0	0.0	0.0	0.0	0.0	0.2150685	0.0	0.0	0.0	0.0	0.0	0.0	0.0	0.0	0.0	0.0	0.0	0.0	0.0	0.0	0.0	0.0	0.0	0.0	24.215999500000002	0.0	0.0	0.0	0.0	56.271825	0.0	0.0	0.063416	0.363979	0.0	0.0	0.0	0.0	0.0	0.0	0.0	0.0	0.0	0.0	0.0	0.0	0.0	0.0	0.0	0.0	0.0	0.0	0.0	0.0	0.0	0.0	0.0	0.0	0.0	0.0	0.0	0.0	0.0	0.0	0.0	1.179204	0.0	0.0	0.493028	0.0	0.0	0.0	0.0	0.0	0.0	0.0	0.0	0.0	0.0	0.0	0.0	0.0	0.0	0.0	0.0	0.0	0.0
SRR8849277_bin.33	0.0	0.014022	0.0	0.127894	63.758832	0.022177	0.0	0.0	0.0	0.0	1.063493	0.075655	0.0	0.0	27.801811	0.023922	0.219594	0.045813	0.13158	0.085767	0.171131	0.006166	0.020195	0.416507	0.0	0.005547	0.177414	0.63211	0.021496	0.015916	0.077136	0.0	0.241796	0.0	0.016374	0.0	0.0	0.837459	0.0	0.292053	0.092198	0.0	1.883352	0.029798	0.021361	0.0	0.193017	1.486554	0.0	0.482861	0.020092	0.0	0.177642	0.0	0.22431	0.014986	0.036956	0.004713	0.087699	0.007197	0.067853	0.012895	0.078762	0.037419	0.0	0.643476	0.035098	0.344452	0.092523	159.658223	0.0	0.06217	0.965017	0.0	0.19236	0.0	0.02228	0.01091	0.032261	1.253948	0.0	0.017169	4.338216	0.0	0.042486	0.121482	0.006102	0.012493	0.01474	0.060259	0.029573	0.0	0.083158	0.0	0.071446	0.002291	0.016513	0.510892	0.0225	0.01083	1.096549	0.155839	0.0	0.028377	0.162201	5.741709	0.012842	0.85815	0.1554815	0.22891	0.044453	2.047509	0.0	3.251002	0.012331	0.0	0.0	0.065706	0.0	0.88816	0.084622	0.312596	0.037559	1.557829	6.942666	0.0	0.059342	0.013041	0.0	0.047535	0.0	0.031975	0.244005	0.0	0.012832	0.023387	0.0	0.140252	1.181539	0.021214	0.090356	0.356302	0.01258	0.02854	0.0	0.007088	0.008152	0.0	0.038446	0.00646	0.729013	0.005118	0.0	0.0	0.009436	0.473591	0.01795	0.368113	0.014084	0.0	0.003065	0.002413	0.048289	0.0	0.024652	0.0	1.131177	0.020336	0.018622
SRR9330799_bin.4	0.0185535	0.0	0.021065	0.0	0.0	0.008997	0.009941	0.0	0.013679	0.0	0.0	0.0	0.0	0.011173	0.0	0.498636	0.073316	0.0	0.0	0.0	0.0	0.488665	0.506151	0.011347	0.008248	0.027628	0.0	0.0	0.012517	0.684784	0.0	0.0	0.0	0.0	0.015154	0.0	0.0	0.0	0.0	0.0	0.019547	0.006862	0.0	0.0	0.010931	0.0	0.0	0.0	0.036	0.0	0.070374	0.0	0.0	0.0	0.0	0.0	0.0	0.0	0.0	0.059298	0.031486	0.539743	0.0	0.0	0.0	0.0	0.0	0.0	0.0	0.015266	0.0	0.014796	0.0	0.011644	0.0	0.0	0.012055	0.186469	0.01403	0.0	0.0	0.0	0.0	0.0	0.012178	0.009381	0.0	0.0	0.0	0.0	0.011558	0.0	0.0	0.0	0.018939	0.003831	0.0	0.0	0.0	0.006484	0.009359	0.0	0.0	0.0	0.0	0.0	0.0	0.0	0.0	0.0	0.026786	0.0	0.093596	0.048725	0.030558	0.008047	0.0	0.0	0.007396	10.712905	0.0	0.0	0.004904	0.015363	0.0	0.0	0.013681	0.008545	0.0	0.0	0.0	51.636961	0.009923	0.0	0.011711	0.009547	0.013689	0.014189	0.0	0.005047	0.0	0.0	0.0	0.069765	0.01041	0.012582	0.0	0.0	0.0	0.016033	0.007802	0.0	0.006677	0.005044	0.008474	0.0	0.0	0.012283	0.00531	0.0	0.0	0.024724	0.010788	0.0	1.538406	0.0	0.002378	0.0	0.0
SRR8849270_bin.9	0.585644	0.0	1.830917	2.288658	0.0	1.723378	0.057667	4.073242	4.138396	0.725591	0.765949	25.01568	0.914026	0.0	0.019083	0.0	0.0	0.0	0.0	0.494794	0.0	0.0	0.038541	0.0	1.184655	0.232196	2.182616	0.0	0.251902	0.017952	0.008979	0.0	0.0	15.234719	1.805391	0.0	2.316718	3.092255	0.0	0.064515	4.93621	9.166299	0.0	2.622475	0.0	0.0	0.524683	0.0	12.295833	0.019087	0.0	0.0	0.0	0.0	0.061053	4.065631	0.0	0.0	0.0	0.020664	0.0	0.0	0.0	0.0	1.173457	0.0	0.0	14.660822	0.007045	0.0	0.0	0.0	0.013295	0.162232	0.0	1.41867	0.0	0.03301	7.95737	0.094135	6.689984	6.09461	0.025614	0.009813	2.592042	0.018102	0.066008	0.0	0.0	0.0	0.116135	0.0	0.0	0.181153	0.0	3.48007	0.0	0.0	12.915174	2.458841	0.013018	2.547111	0.0	0.013214	7.777551	0.0	0.0	3.975407	0.0	0.019266	0.0	0.0	0.0	0.018808	0.442233	0.0	0.007149	0.0	0.0	0.0	0.0	0.015898	0.0	0.0	6.943848	0.043777	5.154895	0.007226	0.0	1.581145	9.284815	0.0	0.0	0.252452	0.054279	0.571758	0.0	6.608556	0.154395	0.131172	3.247923	8.047879	0.0	0.0	0.009357	0.0	8.96301	0.0	7.018116	0.0	0.672226	2.812755	3.036915	0.219705	0.033226	4.339332	0.0	0.010929	0.0	0.008574	1.402633	0.0	0.026747	0.0	0.024327	1.674304	0.0	0.013198	0.0
SRR8849268_bin.35	0.0	0.011371	0.047337	0.008892	0.013185	0.056084	0.01953	0.026139	0.055445	0.039938	0.054829	0.0	0.008491	0.042294	0.025695	0.0	0.197943	0.004614	0.010273	0.009523	0.0	0.102502	0.0	0.0	0.015129	0.0	0.009952	0.0	0.007332	2.191422	0.147603	0.013907	0.006367	0.019545	0.453832	0.0	0.027674	0.018353	0.007813	0.03216	0.106695	0.010286	0.021845	0.012346	0.027282	0.053748	0.003572	0.013277	0.006214	0.0	0.007109	0.0	0.0	0.0	0.0	0.0	0.033989	0.0	0.0	0.053869	0.049028	5.442476	0.0	0.0	0.0	0.0	0.010297	0.009633	0.0	0.0	0.006188	0.065653	0.032827	0.121062	0.0	0.0	0.017555	0.089571	0.069208	0.04493	0.043296	0.015198	0.039994	0.0	0.006864	0.038791	0.043999	0.044962	0.0	0.0	0.069906	0.018602	0.004467	0.014096	0.020152	0.022155	0.0	0.0	0.0	0.77353	0.031092	0.090161	0.005438	0.192081	0.013613	0.0	0.04116	0.0	0.0	0.0	0.042343	0.009654	0.04342	0.197846	0.118551	0.399493	0.047211	0.011883	0.002284	0.00586	0.0	1.874048	0.032996	0.010197	0.057619	0.030011	0.008627	0.0	0.0	0.0	0.043791	0.0	0.056508	0.049597	0.048982	0.068042	0.036875	0.118166	0.196625	0.041928	0.039975	0.013532	0.0	0.011662	0.059439	0.006385	0.067168	0.0	0.015571	0.061587	0.024315	0.006506	0.046246	0.161188	0.009676	0.665155	0.0	102.72	0.067445	0.029989	0.063751	0.007908	0.031907	0.0	0.00231	0.023821	0.032496	0.0	0.0
SRR17301530_bin.14	0.210548	0.15334	3.853549	6.881741	6.187762	4.061313	7.072859	2.717605	0.979059	6.324696	2.12476	0.014971	0.0	0.080716	0.100441	0.038515	0.057026	0.024539	0.035708	7.329446	0.0	0.047745	0.638804	0.097663	0.185826	0.836836	1.302167	0.0	0.329041	0.375723	1.495174	0.119416	3.73884	9.069593	3.401035	7.051569	5.574436	0.037153	7.020788	0.654104	1.34724	17.938599	4.915793	1.030321	6.151221	14.621421	16.663481	0.0	0.035348	5.911965	1.413984	0.0	0.038902	0.053089	0.0	0.054915	0.04008	1.838685	0.0	0.483533	0.0631	3.585815	0.010218	0.024961	0.0	0.0	4.68815	38.654551	0.023521	0.0	0.03691	11.897404	0.029853	20.066945	0.0	3.461711	2.442415	22.383395	0.016073	1.183406	6.467126	5.891752	6.526769	2.81607	0.023994	0.033202	12.241962	8.822487	0.024503	0.0	6.75309	6.165544	0.0	34.164654	10.462768	0.028251	7.92602	1.929913	0.462251	1.963133	10.924217	1.708214	3.238636	38.537027	2.056319	14.611925	0.048206	12.678239	0.0	0.040686	4.399545	0.067315	21.187093	4.341827	3.17433	2.842365	9.056952	2.135025	2.684812	3.093134	0.009168	43.219184	0.023212	0.295487	3.961494	4.414016	0.037354	0.323774	0.0	0.0	0.040894	0.0	15.968179	37.431561	0.073401	3.439179	7.661646	1.409449	1.108318	3.551496	0.101296	1.747805	0.0	1.353165	3.076732	0.015948	3.978714	0.526573	4.032274	10.118296	9.52533	0.751292	13.015491	26.828799	0.029148	2.72561	1.126848	21.57575	11.838415	14.852115	3.102258	2.190938	0.048324	0.766116	0.012918	3.661199	0.028801	0.302644	0.0
SRR8849230_bin.10	4.240007	3.684542	3.616901	113.5722685	2.734647	2.517505	52.540098	20.473448	0.038072	43.525625	0.195645	0.008234	14.467751	0.467216	0.481399	0.040168	0.015035	0.011488	0.01683	0.054382	0.008103	1.573703	0.0	15.202264	1.08542	0.025995	3.039948	0.0	1.773139	0.622926	18.146467	0.058392	12.819461	12.250942	12.527607	13.206572	4.972043	22.747846	0.165147	2.58552	17.419094	43.489952	1.869383	2.06587	3.174647	82.705331	9.772177	0.080929	18.985628	0.378116	2.475386	0.022965	39.719306	0.145094	0.010047	26.167168	78.694925	0.0	0.457602	9.026728	0.156229	0.224867	0.03337	0.0	16.547876	1.90857	20.865575	1.276224	24.605284	0.038142	0.185404	0.054232	0.044142	0.883358	0.0142	34.773158	1.216502	2.609172	58.226008	15.863448	79.603363	0.082333	0.269424	4.016823	18.072925	0.061855	0.057636	43.670774	0.006744	0.020789	0.207202	32.745448	0.055487	0.076657	0.221209	5.028524	3.267096	71.754992	0.039831	3.60316	1.134346	3.367374	0.048928	1.123547	27.107926	0.019324	0.068689	2.23492	0.017168	86.856207	0.142101	0.030807	0.018632	0.100426	0.113287	4.780889	32.418472	7.848187	32.4748	0.072611	14.681809	21.401465	3.561833	0.043375	24.976686	28.390124	1.21736	0.027156	0.032403	0.0	369.788192	7.977739	0.209447	0.334569	0.330481	4.167691	3.987137	15.396993	1.495674	2.515733	0.764776	0.877878	0.0	8.265007	8.812973	0.944808	0.855832	2.394754	0.167957	0.29936	0.794603	1.651249	7.087154	1.389146	11.283114	4.370514	3.925304	4.206062	62.681314	1.645469	2.587059	0.665056	5.845493	0.270059	0.106871	5.280502	0.031033	0.126408	0.214816
SRR17301526_bin.12	4.051325	0.934369	3.032331	0.437644	4.844837	2.329552	1.843988	8.343563	4.303548	4.545226	6.505707	0.0	2.377838	4.906625	14.89526	0.011933	0.076727	0.0	0.0	1.322148	0.0	0.017192	0.349358	3.405056	2.170871	15.8368885	7.315907	0.0	2.840687	0.253034	8.048153	15.93039	11.305659	8.419715	3.136464	6.640656	4.449334	10.407199	0.0	4.087502	40.164371	4.5909955	1.715598	4.145139	8.298854	2.57555	0.0	0.0	2.756694	3.167128	14.370701	0.0	0.0	0.0	0.0	10.756736	0.0	0.0	9.500812	0.043387	12.223139499999998	0.379173	0.0	0.0	0.0	7.743578	5.912984	3.803086	6.506619	0.0	33.702764	0.9106	0.0	8.80921	2.946806	11.278567	1.511127	0.278674	0.029818	12.702121	4.025958	2.437203	3.281782	8.510495	21.025013	0.019323	1.876269	1.185315	0.0	0.0	5.917546	0.0	0.0	3.654746	0.030286	4.620108	18.632524	0.044684	0.06911	0.963992	5.991489	7.027143	8.40216	4.02107	0.639981	0.0	0.552191	1.539657	0.0	0.020659	2.054639	0.030434	1.938482	0.233121	0.790937	24.9751595	0.056198	0.877536	4.202954	5.272591	0.116978	3.600594	4.191577	10.058669	13.635599	17.772678	9.118963	0.0	0.0	0.0	0.028075	0.37856	7.677972	4.388777	0.328355	1.284051	1.404478	58.917334	0.2120395	3.977723	0.267586	9.31895	0.0	3.678451	7.152781	0.0	4.887434	4.233324	10.723005	1.756925	1.752067	4.229296	2.369185	3.2676245	0.037128	30.273056	2.584235	2.254783	1.021518	2.894405	14.462993	3.130586	0.044602	0.227199	0.038083	14.76604	0.044361	0.25714	0.0
SRR8849203_bin.2	0.0	0.0	0.0	0.0	0.0	0.0	0.0	0.0	0.0	0.0	0.0	0.0	0.0	0.0	0.0	0.0	0.0	0.0	0.0	0.0	0.0	0.0	0.0	0.0	0.0	0.0	0.0	0.0	0.0	0.0	0.0	0.0	0.0	0.0	0.0	0.0	0.0	0.0	0.0	0.0	0.0	0.0	0.0	0.0	0.0	0.0	0.0	0.0	0.0	37.331447	0.0	0.0	0.0	0.0	0.0	0.0	0.0	0.0	0.0	0.0	0.0	0.0	0.0	0.0	0.0	0.0	0.0	0.0	0.0	0.0	0.0	0.0	0.0	9.854648	0.0	0.0	0.0	0.0	0.0	4.656099	0.0	0.0	0.772951	0.0	0.0	0.0	0.0	0.0	0.0	0.0	0.0	0.0	0.0	0.0	0.0	0.0	0.0	0.0	0.0	0.0	0.0	0.0	0.0	0.0	0.0	0.0	0.0	0.0	0.0	0.0	0.0	0.0	0.0	0.0	0.0	0.0	0.0	0.0	0.0	0.0	0.0	0.0	0.0	0.0	0.0	0.0	0.0	0.0	0.0	0.0	0.0	0.0	0.0	0.0	0.0	0.0	0.0	0.0	0.0	0.0	0.0	0.0	0.0	0.0	0.0	0.0	0.0	0.0	3.762757	0.0	0.0	2.993898	0.0	6.366341	0.0	0.0	0.0	0.0	0.0	0.0	0.0	0.0	0.0	0.0	0.0	0.0	0.0	0.0	0.0
SRR17301530_bin.2	0.023494	0.0	14.728583	0.059092	0.435233	0.173919	0.890192	0.286063	0.450822	0.299188	0.17654	0.0	0.0	0.118233	16.143669	0.0	0.052364	0.0	0.0	0.0	0.0	0.437821	0.0	0.0	0.023783	0.011979	0.048728	0.0	0.013944	0.0212	0.450221	0.082408	0.0	0.0	0.400678	0.285059	0.448864	0.140064	0.0	0.043704	0.09539	4.340847	2.455673	0.027654	8.907485	0.032087	0.0	0.0	0.0	0.155984	0.0	0.0	0.0	0.0	0.0	0.174739	0.0	0.0	0.0	0.033733	1.551848	0.021059	0.017543	0.0	0.0	0.0	0.268198	36.859116	1.173311	0.0	0.216388	0.355975	0.0	0.275916	0.40727	0.237423	0.142802	0.015349	0.044941	0.056932	0.188069	2.202765	0.17583	0.0	0.033228	0.047452	6.713613	0.537023	0.0	0.0	0.357152	0.0	0.0	2.284202	0.035147	0.157124	0.060951	0.0	0.0	0.286678	0.0	0.143873	1.496932	0.0	0.946988	0.0	0.735503	0.0	0.0	0.048619	2.796398	0.035748	0.040978	0.414804	5.322442	0.094527	5.479906	0.0	2.045252	0.0	0.0	0.039395	0.017427	0.018665	0.0	0.178215	0.014614	0.061051	0.0	0.0	0.029031	0.0	2.912514	0.046097	0.032362	1.051396	0.129664	0.090125	0.0	0.222482	0.020096	2.980961	0.0	0.01793	2.143931	0.0	0.024749	0.289528	0.324347	0.622384	0.44063	0.061776	0.6911	0.424004	0.051951	0.352984	0.119595	0.678387	1.61974	0.168681	0.350453	0.840968	0.0	0.0	0.0	0.141969	0.035322	0.12985	0.0
SRR8849212_bin.4	3.941339	0.498465	2.463164	1.043717	1.933129	1.516766	4.960808	4.636901	3.702353	0.0	5.120065	0.0	2.874996	11.246438	5.530087	0.0	0.059027	0.0	0.0	0.0	0.0	0.266783	0.500792	1.579836	5.0456	4.04607	0.499283	0.0	0.624687	0.108502	5.885888	18.641186	1.270294	4.828208	1.927479	6.010719	5.014884	5.457885	0.0	2.697145	1.468636	0.996937	2.261148	11.913492	1.860102	1.456513	0.115145	0.0	0.897866	1.92556	3.697478	0.0	1.353854	0.0	0.0	11.463124	0.0	0.0	2.5718	1.128085	4.852573	0.041608	0.0	0.0	0.0	0.0	1.921865	10.09999	0.555474	0.0	8.000356	1.075821	0.0	12.150401	4.762527	11.049035	1.600061	34.710416	9.795355	28.962532	4.911181	2.862064	4.800909	9.763977	5.926903	0.154651	0.344221	0.199412	0.0	0.0	0.377672	0.0	0.163051	0.205058	0.780861	0.539343	23.890642	1.669466	0.0	0.941217	17.382244	7.379491	7.263074	6.327798	2.995376	0.0	0.0265	2.811856	0.0	5.780018	0.12611	0.0	0.50137	0.124704	0.154823	4.264672	0.317673	0.514154	3.9834	6.059886	17.169692	0.402079	2.801265	4.041325	6.729503	4.728458	2.518765	0.364018	0.0	0.128699	5.560929	1.50381	1.360645	0.370238	0.5677	0.585646	1.470882	1.615765	1.569794	6.790245	12.489203	3.501105	0.0	2.860464	8.672706	2.071322	4.30262	2.795956	4.024526	0.990227	2.02875	1.791305	2.151964	8.133255	1.127323	2.079983	2.397482	0.569542	0.747362	0.0726	1.619023	4.585701	3.44953	7.872212	0.0	1.927153	0.718634	0.329339	1.672366
SRR8849211_bin.43	3.535028	0.0	17.59171	0.41986	136.096893	330.943803	107.928123	487.913763	0.050755	460.486729	0.290505	0.110122	186.18872	0.0	1.989652	9.80256	0.0	0.0	0.0	20.795147	0.0	0.0	0.0	0.035346	51.158552	0.0	0.016107	0.0	2.59779	7.149916	156.760009	0.161369	0.035919	0.032887	97.673283	0.185442	0.0	0.427714	0.060364	26.272094	178.347189	43.747015	162.141745	258.355151	0.0	0.027631	0.028344	0.0	0.365551	0.0	0.060628	0.088748	0.0	323.055106	0.0	142.056571	0.0	0.0	0.0	0.180024	459.69536	128.516528	0.016768	0.0	0.0	0.0	0.0	0.0	0.0	0.249693	0.608701	0.0	0.115671	95.562522	222.19489	0.014879	62.688978	35.012919	18.800131	1.078883	235.952855	44.610152	12.916114	0.066528	0.0	0.709054	0.0	0.0	0.0	0.0	0.0	0.0	0.0	24.158244	0.019403	0.015081	284.873345	0.470079	1.307838	19.82907	0.243072	24.374892	0.0	0.854894	0.051599	0.017833	0.572179	0.406609	0.027578	0.026888	0.025907	0.0	0.0	377.19141	79.528482	0.015371	0.070002	81.653267	117.80557	0.032705	0.081357	15.647669	248.937476	0.029177	0.541509	11.990156	0.0	40.046195	0.050916	3.933119	0.0	0.0	104.480763	3.677671	0.6142	0.049466	0.0435	217.614554	0.526628	149.314489	1.449147	275.115144	0.156633	0.021572	0.817206	9.198329	192.83705	370.839549	107.629367	0.133375	0.622731	0.083616	0.148325	133.36093	0.197013	3.769077	0.0	132.667056	36.134767	0.033119	88.889869	309.573987	1.343137	0.273173	0.469226	509.249776	282.767451	0.0	0.0
SRR8849252_bin.21	10.493901	5.760864	6.017817	0.040302	0.0	1.280685	0.044952	0.320088	0.027001	1.269734	0.2655	0.0	3.71807	0.120274	0.0	0.0	0.0	0.0	0.0	0.0	0.0	0.0	0.0	1.152549	0.0	0.036168	0.0	0.0	0.0	0.0	0.088633	0.0	0.0	1.559238	0.222491	0.0	0.417961	0.0	0.0	0.0	0.117949	0.117249	0.085163	0.0	0.0	0.0	0.0	0.0	0.0	0.77251	0.74277	0.0	0.0	0.0	0.0	0.246492	0.0	0.0	0.0	0.102732	0.0	0.0	0.0	0.0	0.0	0.0	0.0	0.042884	0.0	0.0	0.310021	0.525807	0.0	29.656135	0.0	0.0	0.024618	0.0	4.910265	0.0	0.274034	0.0	2.424614	0.0	0.0	0.0	0.158972	3.992703	0.0	0.0	0.0	0.0	0.0	2.791984	0.0	0.46583	0.0	0.0	0.0	0.069673	0.0	0.0	0.289471	0.0	0.0	0.0	0.0	0.0	0.0	0.0	0.0	0.0	4.555423	7.961924	0.149563	0.081716	0.0	0.0	0.0	0.0	0.0	0.0	0.0	0.0	0.0	0.293568	0.0	0.0	0.0	0.0	0.0	0.0	1.057885	0.0	0.0	2.289057	2.189577	0.168934	0.0	0.574908	0.0	0.035641	0.0	1.043398	0.469338	0.0	0.025123	0.263082	0.0	0.0	0.584036	0.248966	0.836194	23.575936	0.0	0.0	0.0	0.520111	0.714035	0.0	0.077411	0.0	0.0	0.0	0.0	0.206177	0.0	0.0	0.0
SRR8849255_bin.5	0.0	0.0	0.0	0.0	0.0	0.0	0.0	201.947431	0.0	0.0	0.0	0.0	0.0	0.0	0.0	0.0	0.0	0.0	0.0	0.0	0.0	0.0	0.0	0.0	0.0	0.0	0.0	0.0	0.0	0.0	0.0	0.0	0.0	0.0	0.0	0.0	0.0	0.0	0.0	0.0	0.0	0.0	0.0	0.0	0.0	0.0	0.0	0.0	0.0	0.0	0.0	0.0	0.0	0.0	0.0	0.0	0.0	0.0	0.0	0.0	0.0	0.0	0.0	0.0	0.0	0.0	0.0	0.0	0.0	0.0	0.0	0.0	0.0	0.0	0.0	0.0	0.0	0.0	0.0	0.0	0.0	0.0	0.0	0.0	0.0	0.0	0.0	0.0	0.0	0.0	0.0	0.0	0.0	0.0	0.0	0.0	0.0	0.0	0.0	0.0	0.0	0.109456	0.0	0.0	0.0	0.0	0.0	0.0	0.0	0.0	0.0	0.0	0.0	0.0	0.0	0.0	0.0	0.0	0.0	0.0	0.0	0.0	0.0	0.0	0.0	0.0	0.0	0.0	0.0	0.0	0.0	0.0	0.0	0.0	0.0	0.0	0.0	0.0	0.0	0.0	0.03862	0.0	0.0	0.0	0.0	0.0	25.487379	0.0	0.0	0.0	0.0	0.0	0.0	0.0	0.0	0.0	0.0	0.0	0.0	0.0	0.0	0.0	0.0	0.0	0.0	0.0	0.0	0.0	0.0
SRR8849247_bin.46	0.013925	0.17725	0.065808	0.014623	0.021041	0.050515	0.048253	0.049218	0.047447	0.050976	0.027656	0.002196	0.005189	0.021345	0.031883	0.009573	0.387634	0.010773	0.047207	0.016462	0.0	0.064911	0.0	0.009395	0.032496	0.004178	0.025076	0.008133	1.005079	0.007856	0.021901	0.014499	0.0138705	0.037257	0.044268	0.035491	2.296312	0.079471	0.011705	0.018348	0.04226	0.012463	0.027603	0.007369	0.070477	230.837812	0.01299	0.013926	0.022629	0.022118	0.013079	0.039112	0.0	0.017942	0.006042	0.52738	0.014268	0.0	0.015509	0.0	3.834779	0.138765	0.008809	0.0	0.0	0.01417	0.010746	0.003572	0.008165	0.006141	0.014341	0.058178	0.016298	0.045231	0.0	6.61713	0.050295	0.023108	0.049097	5.157199	0.039848	0.017461	0.027197	0.015519	0.01808	0.035053	199.227997	0.059701	0.011711	0.0	0.063569	0.045411	0.0	0.045077	0.032939	7.435021	0.015126	0.0	0.005259	10.990264	0.026415	0.062324	0.014836	0.014494	0.017471	0.0	0.0284	0.033012	0.008123	0.004162	0.057404	0.874412	0.024576	0.086387	0.196788	0.918005	0.068883	12.689478	0.037508	0.0056855	0.017591	0.067887	0.049332	0.162678	0.011501	0.081506	0.005178	0.008814	11.135899	0.0	0.053537	0.0	0.873011	0.039566	0.040816	47.553077	0.038668	0.057167	3.366308	0.032759	23.121445	0.028671	0.0	0.019632	0.038365	0.0	0.1452	0.0	9.008947	0.038598	0.031179	0.021323	2.468471	0.043232	0.009563	0.019687	0.017247	0.029852	0.033137	0.035489	0.055111	0.027003	0.041941	0.0918	0.00723	0.245784	0.04085	0.008018	0.0
SRR8849215_bin.9	0.0	0.0	0.029071	0.074361	0.513037	0.04074	0.0	0.0	0.0	0.0	0.0	0.0	0.0	0.0	0.0	0.080833	0.0	0.0	0.0	0.035946	0.121936	0.0	0.0	0.0	0.0	0.0	0.0	0.0	0.01981	0.0	0.222172	0.0	0.0	0.062015	0.0	0.0	0.035004	0.016553	0.046116	0.0	0.02734	0.0	0.0	0.0	0.068225	0.564797	0.328832	0.0	0.0	0.0	0.0	0.0	0.0	0.0	0.0	0.0	0.0	0.0	0.0	0.0	0.0	0.219811	3.799244	0.0	0.0	0.0	0.057621	0.343456	0.0	0.0	0.0	0.0	0.0	0.0	0.0	0.0	0.0	0.026389	0.0	0.0	36.979178	0.0	0.0	0.0	0.0	0.273897	0.185001	0.035637	0.0	0.0	2.621535	0.0	0.0	0.0	0.0	0.035487	0.0	0.0	0.08056	0.0	0.0	0.080841	0.0	0.0	0.0	0.0	0.023832	1.810497	7.186518	0.0	0.166987	0.0	0.024867	4.612169	0.265654	0.0	0.0	0.0	0.019692	0.0	0.0	0.013355	0.0	0.0	0.0	0.0	0.0	0.0	0.0	0.0	0.019484	0.0	2.3896	0.125913	0.369346	0.0	0.099871	0.0	0.0	0.0	0.0	0.107938	0.0	0.0	0.34307	0.0	0.318047	0.021083	0.135273	0.0	0.0	0.021264	0.044479	0.09763	0.549292	0.356064	0.036566	0.0	0.012377	0.0	0.006766	0.0	0.03999	0.0	0.053378	0.0	0.076633	0.0	0.0
SRR8849236_bin.12	1.11561	0.543461	15.016868	92.601953	10.494945	5.812688	13.976342	9.045052	22.358826	14.877531	2.132248	0.030809	1.112788	2.186317	0.309142	0.049707	0.335491	0.260015	0.018272	0.579861	0.025695	0.395985	0.0	0.827201	2.76693	0.029922	0.134	0.36972	0.650885	0.535813	71.581685	98.121846	0.252037	6.753824	0.514694	11.149527	5.474036	66.042212	8.225958	1.094887	4.674373	25.106644	3.681904	11.560264	0.631114	62.185565	103.518285	0.019221	0.414534	30.330939	0.794993	100.916056	0.195443	0.100724	0.0	9.006054	0.045844	0.0	0.0	11.616942	9.936919	8.752242	0.031723	0.019402	0.0	0.0	3.112033	27.898053	0.555444	0.027087	118.520128	0.552831	0.0	11.003329	0.0	5.59861	25.580662	2.051303	0.104645	0.463861	5.282449	4.362396	6.30791	37.851531	1.436762	0.132384	91.091004	7.752193	0.026686	0.0	147.742919	0.228755	0.0	78.750194	0.74298	19.086597	0.26935	0.056922	0.054432	33.475183	11.55024	3.266826	13.951889	0.141753	10.50078	0.0	0.252052	39.857335	0.113179	0.109087	35.958914	0.562614	5.908718	12.659633	17.588039	29.073669	0.714881	0.312211	44.517358	0.03197	68.386238	7.417504	4.784742	0.130768	2.586792	34.044753	0.177257	0.040944	0.0	0.0	0.183623	0.416987	34.713978	18.095249	1.439356	25.812582	10.058786	2.861291	0.288722	7.548949	0.254761	12.535287	0.0	2.017387	60.18076	0.52003	9.431391	8.012092	28.977927	90.910286	91.775333	5.235735	10.865839	25.24488	13.050131	26.541804	1.068866	26.676773	13.223609	0.749169	43.569995	0.745136	13.744815	0.121669	0.042127	7.067576	0.108149	0.034003	0.0
SRR8849251_bin.15	0.0	0.0	0.071923	0.0	0.0	0.0	0.0	0.0	0.0	9.225026	103.220179	0.0	0.0	0.0	0.231713	0.0	0.0	0.0	0.0	0.0	0.0	0.0	0.0	0.0	0.0	0.0	0.0	0.0	0.0	0.0	0.0	0.0	0.0	0.825314	0.19543	0.0	0.131717	0.0	0.0	0.0	0.0	0.0	0.0	0.0	0.0	0.0	0.0	0.0	0.0	0.0	0.0	0.0	0.110741	0.0	0.0	0.0	0.0	0.0	0.0	0.0	0.0	0.0	0.0	0.0	0.0	0.0	0.0	0.0	0.0	0.0	0.0	0.30708	0.0	0.712805	0.0	0.0	0.108945	0.016386	0.0	0.0	0.0	0.0	0.075639	0.0	0.0	0.0	0.0	20.364939	0.0	0.0	0.0	0.0	0.0	0.0	0.0	0.0	0.0	0.0	0.0	0.0	0.0	0.069893	0.016808	0.0	0.0	0.0	0.0	0.0	0.0	0.0	0.063504	0.0	0.0	0.0	0.0	0.015004	0.0	0.0	0.0	0.0	0.0	0.013575	0.0	0.0	0.0	0.340561	0.0	0.0	0.0	0.0	0.0	0.0	7.290455	0.0	0.0	0.03287	0.0	0.0	0.0	5.782867	0.0	11.321074	0.0	0.0	0.168953	0.0	0.0	0.0	0.0	0.0	27.13324	0.017379	0.210032	0.676175	0.0	0.00491	0.0	0.22174549999999998	1.964088	0.0	0.729265	0.0	0.0	0.0	0.0	0.191587	0.0	0.0	0.0
SRR9330778_bin.4	0.0	0.0	0.0	0.0	0.0	0.0	0.0	0.0	0.0	0.0	0.236096	0.290861	0.0	0.0	0.0	0.0	0.013988	0.0	0.0	0.020173	0.0	0.0	0.050099	58.810964	0.074022	0.0	0.257469	0.059526	0.034342	0.0	0.055471	3.039055	0.093157	0.089777	0.0	0.0	0.0	0.0	0.0	0.055857	0.019453	0.0171	0.71258	0.0	0.101805	0.0	0.082302	0.085051	0.130297	0.0	222.237618	257.744969	440.493464	0.070826	0.0	0.0	0.0	0.008902	0.03602	0.429782	0.099606	1.787099	0.054208	24.520812	0.0	0.358189	4.789151	0.0	0.0	0.0	0.0	0.0	0.0	0.0	0.0	0.0	0.019048	0.02978	0.122601	10.287	0.142837	0.0	0.111898	0.321851	0.069369	0.0	0.0	0.0	0.081148	0.0	0.008711	0.21324	0.0	0.0	0.0	0.0	0.0	0.544204	0.0	0.0	43.839193	1.920343	0.072777	0.0	0.093391	952.2863	0.0	0.0	0.0	0.0	0.230395	52.046555	0.0	253.10428	0.0	0.0	0.115846	0.033419	0.0	0.106158	10.010715	0.255074	0.0	157.367081	0.055936	0.415448	0.107658	0.019276	0.106142	0.036948	0.0	0.036168	0.0	0.0	0.084252	0.0	0.0	0.009573	0.312804	0.039313	1.32429	0.092901	0.0	384.446567	0.027025	0.713751	0.019671	0.0	0.343958	0.218846	0.0	334.869285	0.0	0.019676	0.0	0.027556	0.091125	0.0	0.083089	0.0	0.110999	0.008897	0.042626	0.0	0.0	0.0	0.0	25.648874	0.034801
SRR8849290_bin.19	0.0	0.0	0.105525	0.0	5.990272	0.0	0.0	0.0	0.0	0.0	0.0	0.0	0.910874	0.0	0.0	0.0	0.0	0.0	0.0	0.0	0.0	0.0	0.0	0.0	0.0	0.0	0.0	0.0	0.0	0.0	0.0	0.0	0.0	0.0	0.0	0.0	0.0	0.0	5.661638	0.0	0.0	0.0	2.423731	0.0	0.0	0.0	0.0	0.0	0.0	0.0	0.0	0.0	0.0	0.0	0.0	0.0	0.0	0.0	0.0	0.0	8.54791	30.963707	0.0	0.0	0.0	1.067537	0.0	0.0	0.0	0.0	0.213157	0.0	0.0	0.0	0.0	0.0	1.71855	0.0	0.0	0.0	0.0	0.0	0.0	0.0	0.0	1.307318	0.0	0.0	0.0	0.0	0.0	0.0	0.0	0.82521	0.0	0.0	0.0	0.0	0.0	0.0	0.0	0.045597	0.0	0.0	0.0	0.0	0.0	0.0	0.0	0.0	0.0	0.0	0.0	0.0	0.0	0.0	0.0	0.0	0.0	0.0	0.0	0.0	5.874208	0.0	0.0	0.0	0.0	0.0	0.0	0.0	23.268117	0.0	0.0	0.0	0.035926	0.0	0.0	0.0	0.0	0.0	0.0	0.0	0.0	0.0	0.0	0.0	0.088612	0.0	0.0	0.0	0.0	0.0	0.0	0.0	0.0	0.0	0.0	0.0	0.0	0.0	0.0	0.0	0.02133	0.0	0.0	0.0	0.0	0.0	0.0
SRR17301522_bin.1	2.55162	0.22456	0.299052	0.78835	1.200757	3.340941	0.957601	1.927472	0.401795	4.803311	0.532423	0.869493	0.463436	0.29443	20.438242	0.212157	207.510685	60.423911	0.0	158.4831	0.049547	38.703408	0.49895	0.30653	0.294074	0.218586	1.430688	0.0	0.141355	2.935397	0.556088	24.790166	0.509089	1.396976	0.750276	1.97909	1.834314	0.167201	15.191244	8.822706	1.859411	2.654013	9.479866	0.572549	9.208277	3.576526	16.006455	42.929129	3.807958	1.073986	0.470951	0.060704	0.588293	1.028736	0.0	2.324218	0.072935	0.0	0.103485	3.209724	18.109609	4.873091	0.154755	0.027463	0.0	0.239967	3.263017	1.276531	17.819417	0.08637	22.249487	10.375008	0.104416	0.688559	1.539563	1.483964	2.70903	5.372015	0.485149	9.481789	7.07614	1.573017	0.418958	0.267366	0.725874	3.632069	11.279957	54.342856	0.080961	0.0	85.710967	74.573673	2.869117	92.895158	2.237871	4.163525	0.712641	1.565846	0.519452	0.504337	6.672539	0.768337	0.290006	0.743698	0.823812	9.846471	44.727918	4.22771	0.0	0.385502	6.149378	0.183999	11.084797	37.645835	2.025932	0.349474	10.18194	0.267177	0.40061	0.034514	1.318532	15.560756	2.271316	0.116319	0.484083	0.38836	0.118624	0.355542	0.3995	0.0	4.557537	0.132262	39.435843	32.544946	17.269015	1.535475	0.223901	1.871864	1.421969	1.369525	0.403172	0.412018	0.0	0.479429	5.346414	1.029025	7.837923	0.960068	1.536156	0.804218	0.629449	0.652673	11.03708	0.688827	0.573547	20.826717	1.358633	6.565624	1.451766	0.431474	3.60994	1.303822	15.308828	0.254887	10.471319	0.899734	0.571918	1.362451	1.482203
SRR8849256_bin.30	0.0	0.0	4.199263	0.0	0.0	0.0	0.142139	0.0	0.085026	1.963243	0.0	0.0	3.027536	3.544689	0.113318	0.0	0.0	0.0	0.0	0.0	0.0	0.175501	0.0	0.555457	0.231171	0.0	0.0	0.0	0.0	0.0	0.18251	0.0	0.0	0.42018	1.082246	0.0	0.59279	0.2186	0.0	0.470115	0.067834	0.0	2.670833	0.0	0.030472	0.0	0.0	0.0	0.0	0.0	0.0	0.0	0.0	0.0	0.0	0.0	0.0	0.0	0.0	0.0	0.0	2.967986	0.0	0.0	0.0	0.0	0.0	0.0	0.0	0.0	0.0	0.06571	0.0	0.0	0.067413	0.0	0.063787	0.0	1.648575	0.0	1.709956	0.0	0.200168	0.0	0.0	0.034984	0.0	0.088895	0.0	0.0	0.0	0.0	0.0	0.13338	0.0	1.284591	0.0	0.0	0.0	0.030483	0.0	0.0	0.0	0.0	0.0	0.0	0.057952	0.0	0.0	0.0	0.0	0.0	0.0	0.234503	0.134855	0.0	1.964423	0.0	0.0	0.0	0.0	0.0	0.151068	0.0	0.0	0.0	0.0	0.0	0.0	0.0	0.0	0.0	0.0	2.147361	0.026234	3.435484	0.021322	0.0	0.0	0.355784	0.0	0.0	0.0	0.0	0.0	0.0	0.0	0.0	0.189155	24.11066	0.0	0.083024	2.096611	0.0	0.0	0.0	0.0	1.14461	0.0	0.465493	0.11213	0.0	0.0	0.0	0.0	0.486881	0.0	0.964693	0.0
SRR17301553_bin.28	0.0	0.0	5.649436	0.0	0.536768	0.083064	0.033035	0.0	3.69064	16.569302	15.125848	0.0	0.0	13.44438	6.468412	0.0	0.03963	0.0	0.0	0.0	0.0	0.0	0.0	0.0	0.0	0.111412	0.986317	0.0	0.496603	0.258673	0.0	0.0	0.0	17.225822	2.723572	11.268395	0.0	0.0	0.973333	0.0	0.136903	5.505663	13.48959	2.0123355	32.736044	310.344491	0.0	0.0	0.0	0.0	0.0	0.0	0.0	0.0	0.0	0.90299	0.0	0.0	0.0	0.0	0.0	0.0	0.0	0.0	0.0	0.0	0.0	0.0	0.0	0.0	0.0	2.216419	0.0	2.123064	0.0	11.3846365	1.727387	0.0	0.0	0.29933	7.084647	12.842291	0.382118	0.0	0.0	70.204913	0.173944	2.552344	0.0	0.0	27.599026	0.0	0.0	8.852298	0.0	0.0	0.0	0.0	0.0	3.145104	0.0	0.376828	0.0	0.0	0.0	0.0	0.0	0.0	0.0	0.0	0.096924	0.0	0.0	0.0	33.536212	1.128112	0.0	0.0	13.180201	0.0	0.0	0.308739	0.0	0.0	0.0	5.881865	0.0	0.0	0.0	0.0	0.0	0.0	2.623761	0.0	0.027719	4.135363	19.265857	0.063305	0.0	1.528974	0.103928	20.798324	0.0	0.0	2.534367	0.0	0.365369	0.0	0.0	0.061566	2.001358	1.318973	0.093387	3.432343	1.544338	0.873708	0.830874	2.713655	1.140356	0.0	0.0	0.0	0.0	0.0	0.0	2.604823	0.0	0.0	0.0
SRR17301522_bin.27	0.0	0.0	0.0	0.0	0.0	0.0	0.0	0.0	0.0	0.0	0.0	0.0	0.0	2.729887	0.0	0.0	0.0	0.0	0.0	0.0	0.0	3.597888	0.0	0.0	0.0	0.0	0.0	0.0	0.0	0.0	0.0	0.0	0.0	0.0	0.0	0.0	0.0	0.0	0.0	0.0	0.0	0.0	0.0	0.0	0.0	0.0	0.0	25.590195	0.0	0.0	0.0	0.0	0.0	0.0	0.0	0.0	0.0	0.0	0.0	0.0	0.0	0.0	0.0	0.0	0.0	0.0	0.0	0.0	0.0	0.0	1.952229	8.010743	10.004022	0.0	0.0	0.0	0.0	0.0	0.0	0.0	0.0	0.0	0.0	0.0	0.0	0.661259	0.0	8.115016	0.0	0.0	0.0	19.309028	0.0	0.0	0.0	0.0	0.0	0.0	0.0	0.0	0.0	0.0	0.0	0.0	0.0	0.0	0.0	0.0	0.0	0.0	0.0	0.0	0.0	0.0	0.0	2.219804	0.0	0.0	0.0	0.0	0.0	0.0	0.0	0.0	0.0	0.0	0.0	0.0	0.0	0.0	18.933588	0.0	0.0	0.0	0.0	0.0	0.0	0.0	0.2723275	0.0	7.975853	0.0	0.0	0.0	0.0	0.0	0.0	0.0	0.0	0.0	0.0	0.0	0.0	0.0	0.0	0.0	0.0	0.0	0.0	0.0	0.0	0.0	0.0	0.0	0.0	0.0	0.0	0.0	0.0
SRR8849268_bin.45	0.0	0.0	0.0	0.0	0.125986	0.212719	0.0	0.0	0.0	0.0	0.295591	0.0	0.0	0.0	0.0	0.051326	0.0	0.0	0.0	0.0	0.0	0.0	0.0	0.0	0.0	0.0	0.0	0.0	0.0	0.732525	0.085616	0.0	0.0	0.0	0.0	0.0	0.0	0.011832	0.0	0.0	0.0	0.0	0.0	0.0	0.0	0.122318	0.016822	0.0	0.0	0.0	0.0	0.0	0.0	0.0	0.0	0.0	0.0	0.0	0.0	0.015937	0.0	0.0	0.869929	0.0	0.0	0.0	0.0	0.028622	0.0	0.0	0.0	0.0	0.0	0.0	0.0	0.0	0.0	0.13968	0.0	0.0	0.0	0.0	0.0	0.0	0.0	0.625449	0.026009	0.0	0.0	0.0	0.104575	0.0	0.0	0.0	0.0	0.0	0.0	0.0	0.011663	0.344985	0.005243	0.105166	0.0	0.110676	0.0	0.0	0.0	0.045928	0.244015	0.0	0.0	0.0	0.041021	0.73922	0.0	0.0	0.0	0.0	0.0	0.0	0.0	0.657341	0.0	0.0	0.028912	0.0	0.0	0.0	0.0	0.0	0.044875	0.0	0.18182	0.118969	0.00615	0.0	0.014319	0.0	0.063874	0.0	0.0	0.194912	0.0	0.0	0.142615	0.0	0.471103	0.0	0.059231	0.0	0.0	0.005867	0.005574	0.019391	0.010085	0.218336	0.0	48.925988	0.0	0.0	0.0	0.0	0.0	0.0	0.0	0.0	0.0	0.0	0.0
SRR8849211_bin.30	1.760268	0.035611	2.632405	0.185056	2.540888	3.702271	0.135476	0.0	2.551339	0.750807	4.982199	0.023894	23.803438	0.31421	0.482914	1.286239	0.075761	0.879675	0.0	0.090032	0.016992	0.101258	0.270621	0.009769	0.149307	0.211592	0.078503	0.0	0.01224	0.140413	1.239817	3.278697	0.022198	1.648857	1.496711	13.156368	12.822213	0.095434	1.209523	0.828864	0.127026	0.053413	0.449522	0.037213	1.051436	0.048563	0.101353	0.038842	0.043115	85.436867	6.968564	4.134771	0.010361	0.026359	1.370605	13.736175	0.888208	0.0	1.410674	0.325971	2.23749	0.077478	0.039451	0.0	0.0	0.028222	56.582177	32.808402	0.07751	0.023926	0.064171	0.908842	0.034181	0.109015	0.199954	0.092612	51.910463	0.247227	5.592211	1.665377	0.07966	0.095865	4.066359	0.031752	2.581105	0.077897	0.784837	2.554287	0.0	0.0	0.161092	0.047926	0.0	0.153379	0.052281	0.470135	39.375813	12.52631	0.058069	4.879859	6.147973	210.183128	0.528618	3.829226	0.043152	2.223327	0.550386	0.20894	0.0	383.458	0.217758	0.039878	0.145969	7.510117	1.234027	69.031106	10.542006	0.010567	2.001429	0.035241	0.058857	31.708273	0.082584	1.015962	0.314321	0.155392	0.502857	0.520356	0.0	0.0	0.044131	0.711709	8.667505	0.266744	1.126694	0.145004	82.839608	0.108548	1.19128	0.540014	0.359909	0.744214	0.0	5.990879	0.187321	1.353702	1.220233	0.062889	7.459612	0.060992	0.811849	0.616141	5.374229	0.091809	0.039323	0.345409	0.477252	0.103387	0.074616	145.345539	0.628405	1.296987	0.112873	0.044367	3.942225	0.048651	0.015551	0.130917	0.099345
SRR8849277_bin.29	0.0	0.0	0.0	0.031037	32.179659	0.0	0.0	0.0	0.0	0.0	0.0	0.0	0.0	0.0	0.0	0.0	0.0	0.0	0.0	0.0	0.0	0.0	0.0	0.0	0.0	0.059603	0.0	0.0	0.0	0.0	0.0	0.0	0.0	1.025878	0.0	0.0	0.0	0.0	0.0	0.0	0.010723	0.0	0.0	0.0	0.0	0.0	0.0	0.0	0.0	0.0	0.0	0.0	0.0	0.0	0.017021	0.0	0.0	0.0	0.0	0.0	0.0	0.0	0.0	0.0	0.0	0.0	0.0	0.0308	0.0	0.0	0.0	0.0	0.0	0.0	0.0	0.0	0.0	0.0	0.0	0.0	0.0	0.0	0.0	0.0	0.0	0.0	0.0	0.0	0.0	0.0	0.0	0.0	0.0	0.0	0.0	0.0	0.0	0.0	0.0	0.0	0.0	0.0	0.0	0.0	0.0	0.0	0.0	0.0	0.0	0.0	0.0	0.0	0.0	0.0	0.0	0.0	0.0	0.0	0.0	0.0	0.0	0.0	0.0	4.523524	0.0	0.0	0.0	0.0	0.0	0.0	0.0	0.0	0.060528	0.0	0.0	0.0	0.064655	0.0	0.0	0.0	0.0	0.025433	0.0	0.0	0.0	0.0	0.0	0.0	0.015215	0.0	0.0	0.0	0.0	0.0	0.0	0.0	0.0	0.0	0.0	0.0	0.0	0.0	0.0	0.0	0.0	0.0	0.0	0.0	0.0
SRR9330779_bin.12	0.031286	0.041381	2.097588	0.062397	2.820949	36.385131	15.453539	17.553041	0.008667	0.0	0.05683	0.0	0.207694	0.046161	1.217004	0.0	0.417986	0.390044	0.0	0.062026	0.0	1.570395	0.08439250000000001	0.042014	47.1107	0.03754	0.024674	0.046449	14.025432	0.006945	6.4100719999999995	0.0	0.0	0.0	0.0	0.0	0.0	0.0	0.0	0.392246	0.0	1.736738	1.423568	0.0	0.0	0.0	0.0	0.0	0.037651	0.0	0.0	0.0	0.087757	0.0	0.0	18.033178	0.0	0.034734	0.045571	0.0	10.663599	10.117606	0.0	0.041391	0.039551	0.20791	0.0	0.0	0.0	1.626669	0.0	2.14858	0.057703	1.730526	44.255577	27.237873	0.266608	0.002269	0.0	0.079163	24.648937	8.585802	0.017278	0.0	20.687015	0.183215	0.0	0.0	0.0	0.330892	0.008868	0.0	0.009306	0.024846	0.00654	0.0	2.851326	0.022467	1.825596	0.383579	0.015512	0.560135	17.818174	0.0	0.0	0.0	0.0	0.024001	0.191586	0.0178	0.0	0.0	0.0	0.169349	0.0	0.0	0.0	0.0	0.0	0.0	0.009521	1.76764	0.883699	78.899173	0.873133	4.1012775	0.103952	294.392448	26.304948	0.067608	0.014892	8.636581	0.408197	0.211729	0.008877	0.0	7.622675	0.0	0.0	0.0	0.177823	6.970969	0.041833	0.0	0.019073	31.705523	3.28679	0.0	0.0	0.0	10.595297	0.002638	0.0	0.224791	0.0	0.086972	0.106249	0.11271	0.0	0.0	1.266492	0.065897	0.039652	0.050538	0.028984	7.657785	0.0	0.064469	0.036875
SRR8849253_bin.47	0.0	0.0	0.0	0.0	0.0	0.0	0.0	0.0	0.0	0.0	0.0	0.0	0.0	0.0	0.0	0.0	0.0	0.0	0.0	0.0	0.0	0.0	0.026715	0.0	0.0	0.0	0.0	0.0	0.0	0.0	0.0	0.0	0.0	0.0	0.0	0.0	30.07525	0.0	0.0	0.048168	0.0	0.0	0.0	0.0	0.0	0.0	0.0	0.0	0.0	0.0	0.0	0.0	0.0	0.0	0.0	0.0	0.0	0.0	0.0	0.0	0.0	0.0	0.0	0.0	0.0	0.0	0.0	0.0	0.0	0.0	0.0	0.0	0.0	0.0	0.0	0.0	0.0	0.0	0.0	0.0	0.0	0.0	0.0	0.0	0.0	0.0	0.0	0.0	0.0	0.0	0.0	0.0	0.0	0.0	0.0	0.0	0.0	0.0	0.0	0.0	0.0	0.0	0.0	0.0	0.0	0.0	0.0	0.0	0.0	0.0	0.0	0.0	0.0	0.0	0.0	0.0	0.0	0.0	0.0	0.0	0.0	0.0	0.0	0.0	0.0	0.0	0.0	0.0	0.0	0.0	0.0	0.0	2.146472	0.0	0.0	0.0	0.0	0.0	0.0	0.0	0.0	0.0	0.0	0.0	0.074593	0.016478	0.0	0.0	0.0	0.0	0.0	0.017315	44.787101	0.0	0.0	0.0	0.023132	0.0	0.0	0.0	0.0	0.0	0.0	0.0	0.0	0.0	0.0	0.0	0.060493
SRR8849266_bin.26	0.0	0.0	0.0	0.0	0.0	0.0	0.0	0.0	0.0	0.0	0.0	0.0	0.0	0.0	0.0	0.0	0.0	0.0	0.0	0.0	0.0	0.0	0.0	0.0	0.0	0.0	0.0	0.0	0.0	0.008578	0.0	0.0	0.0	0.0	0.0	0.0	0.0	0.0	0.0	0.0	0.0	0.0	0.0	0.0	0.0	0.0	0.0	0.0	0.0	0.0	0.0	4.972346	0.0	0.0	0.0	0.0	0.0	0.0	0.0	0.0	0.067922	0.0	0.0	0.0	0.0	0.0	0.0	0.0	0.0	0.0	0.0	0.0	0.0	0.0	0.0	0.0	0.0	0.0	0.0	0.0	0.0	0.0	0.0	0.0	0.0	0.0	211.989573	0.0	0.0	0.0	0.153427	0.0	0.0	0.0	0.0	0.0	0.0	0.0	0.123353	0.0	0.0	0.0	0.0	0.0	0.0	0.0	0.0	0.0	0.0	0.0	0.0	0.937126	0.0	0.0	0.0	0.0	0.0	0.0	0.0	0.0	0.0	0.0	0.0	0.0	0.0	0.0	0.0	0.0	0.0	0.0	0.0	0.0	0.0	0.0	0.0	0.0	0.0	0.0	0.0	0.0	0.0	0.0	0.0	0.0	0.0	0.0	0.026469	0.0	0.0	0.0	0.0	0.0	0.0	0.0	0.0	0.0	0.0	0.608856	0.0	0.0	0.0	0.0	0.041778	0.0	0.011368	34.066367	0.0	0.041218	0.0
SRR8849217_bin.7	0.0	0.014856	29.771949	42.641228	0.017535	27.455598	0.047413	0.0	0.005898	0.0	6.231006	0.006499	0.0	0.0	105.059316	0.409322	0.162328	0.175577	0.0	0.259229	0.016419	0.027269	1.970055	0.0	0.0	0.604054	1.760866	0.0	0.0	0.061101	0.036441	0.573052	0.008631	0.066644	0.025951	0.0	163.817599	0.011634	112.03246	0.065566	0.099657	0.076203	0.294774	0.007149	0.0	0.0	0.0	0.0	60.257763	0.0	0.0	0.0	0.0	0.0	0.054697	0.0	0.125484	0.00866	0.012506	0.174682	0.0	0.028402	0.054505	0.23019	0.0	0.0	0.0	0.07736	0.0	0.077788	254.454357	178.02268	0.026017	0.040533	0.0	0.0	0.013228	0.545483	0.0	0.150107	65.50518	0.018631	52.264108	0.0	0.021919	0.109806	0.0	0.497981	0.433332	0.0	0.110435	0.009132	0.0	0.055436	1.59572	0.013592	85.865413	0.020407	0.0	0.010893	0.107285	0.341661	0.06221	0.040071	26.88481	0.089401	0.231693	0.0	0.0	0.147704	0.262064	0.0	277.714303	0.907786	0.289881	35.950471	0.00663	0.0	0.0	0.0	0.070119	0.262582	0.012453	9.666803	1.364188	0.047333	0.056518	0.0	0.0	0.011981	0.0	0.0	12.328058	0.019738	520.03322	0.63003	12.103225	0.043637	0.983044	0.107937	0.173546	0.00978	4.083499	0.0	103.637064	0.024467	1.404857	0.039451	76.215446	0.016668	0.029812	0.060042	156.414987	0.044975	0.0	1.892663	0.023646	0.205011	0.004009	0.168785	29.522951	0.047361	0.081082	0.0	0.031833	0.065598	0.009442	15.901763	0.020689
SRR17301535_bin.17	0.0	0.27304	0.471116	0.097962	0.301065	0.112712	0.075093	0.0	0.264476	1.061201	0.581616	0.0	0.0	0.128791	37.514253	62.85248	0.102269	0.082844	0.056809	1.349973	0.0	0.034636	1.724088	0.0	1.226273	0.032374	0.075155	0.0	0.044488	0.304594	0.382935	0.060901	0.0	0.148548	0.036301	0.26426	0.062329	0.0	0.0	2.86526	5.853159	4.14251	0.025444	0.056955	14.637205	3.898541	21.863305	0.6397	0.0	0.201074	0.0	0.0	0.398878	0.0	0.0	0.315168	0.353335	0.0	0.390267	0.263668	1.05321	0.050568	0.056532	0.074573	0.0	1.021371	1.018272	0.561678	0.098252	3.599303	9.573242	1.055051	50.486957	0.056544	0.268523	0.320428	0.12613	0.29705	0.032978	0.912426	0.325086	0.033611	0.05917	0.074625	0.45683	0.90121	4.125034	3.047981	0.162397	0.0	57.596736	1.02146	2.946743	8.467441	0.244273	0.020194	0.043552	0.882281	0.0	0.054734	1.352896	0.0	0.204601	1.942614	0.104182	34.228328	98.461646	1.301584	0.0	55.086143	3.35229	0.03934	76.380838	15.96943	1.08594	0.743206	0.033129	0.083693	0.241986	0.045984	0.043857	0.357759	0.14637	0.0	0.0	1.05834	0.0	0.0	0.835349	0.108593	0.344704	0.0	10.252331	5.390643	0.435718	0.137217	0.055089	6.479292	0.590016	0.096361	0.056934	0.033936	0.0	0.0	0.131974	0.599905	1.074364	0.0	0.336331	0.556428	0.071557	0.182388	0.078416	0.050927	0.061602	0.455561	1.227361	0.143049	0.591683	0.34028	0.315698	0.064822	1.16155	0.025705	0.27946	0.143563	0.0	0.061479	1.016268
SRR8849233_bin.6	0.838832	0.297966	23.368254	0.574409	28.382844	1.448111	0.22288	0.138378	1.387275	0.350556	5.774933	0.014002	0.044979	0.558009	0.263424	0.068868	0.086378	1.444049	0.020557	0.248043	0.084154	0.415328	0.023114	0.543822	0.501262	0.140143	0.213133	0.0	5.054215	0.090343	24.755968	0.356824	0.043172	0.509902	0.094122	0.899064	1.007453	2.494994	0.170753	1.157632	0.159378	0.422976	0.190632	0.084572	0.115804	48.915457	0.286515	0.067572	0.068771	0.29576	0.220692	0.043503	0.038039	0.041811	0.015153	0.93895	0.037129	0.010972	0.025148	0.074899	0.095245	0.159322	0.007013	0.0	0.00492	0.033069	0.293099	0.205742	0.099523	0.039321	0.107413	51.885907	0.013093	5.559039	0.047859	0.610021	0.290348	0.411576	0.211526	0.161131	1.100336	0.118912	3.638173	0.206983	1.485939	1.658137	0.77882	4.305096	0.029029	0.0	1.655528	0.175125	0.040336	22.145106	1.647115	52.976163	5.393138	0.248978	0.066716	0.07948	0.221673	0.454586	39.585004	0.206029	0.101161	0.036282	0.117676	0.235742	0.015543	0.233132	2.107624	0.084231	0.53475	7.240865	18.858102	80.092769	20.469203	0.050351	1.969055	0.080232	0.187291	14.459909	0.071122	8.355942	0.183806	0.15787	0.106592	0.010295	0.0	0.0	0.140978	0.00857	0.376832	0.577704	3.908787	0.103684	1.804792	0.162253	0.367704	142.942866	0.244126	1.747229	0.019479	0.216859	2.03065	0.142343	0.406283	1.888743	45.672069	0.19783	3.371681	0.097042	1.208861	7.245536	0.963487	26.302611	0.134297	0.297678	19.063573	3.1954	0.191105	7.594978	0.286987	0.049136	0.08923	1.889536	0.045456	0.221239	0.237983
SRR17301542_bin.2	0.0	0.0	0.0	0.0	0.0	0.0	0.0	0.0	0.0	0.0	0.0	0.0	0.0	0.0	0.0	11.49671	0.0	0.0	0.0	0.0	0.0	0.0	0.17649	0.0	0.0	0.0	0.0	0.0	0.0	0.0	0.0	0.0	0.0	0.0	0.0	0.0	0.0	0.0	0.0	0.0	0.0	0.0	0.0	0.0	0.0	0.0	0.0	0.0	0.0	0.0	0.0	0.120597	0.0	0.0	0.0	0.0	4.533759	0.0	0.0	0.0	0.0	0.0	0.0	0.0	0.0	0.0	0.0	0.0	0.0	0.0	0.0	0.0	0.0	0.0	0.0	0.0	0.0	0.0	0.0	0.0	0.0	0.0	0.0	0.0	0.0	0.019213	0.0	0.0	0.0	0.0	0.0	0.0	103.494	0.0	0.0	0.0	0.0	0.0	0.0	0.0	0.0	0.0	0.0	0.0	0.0	0.0	0.0	0.0	0.0	0.0	0.0	0.0	0.0	0.0	0.0	0.0	0.0	0.0	0.0	0.0	0.0	0.0	0.0	0.0	0.250454	0.0	0.0	0.0	0.0	0.0	0.0	0.0	0.0	0.0	0.0	2.550333	0.0	0.0	0.0	0.121619	0.0	0.0	0.0	0.0	0.0	0.0	0.0	0.0	0.0	0.0	0.0	0.0	0.0	0.0	0.0	0.0	0.0	0.0	0.0	0.0	0.0	0.0	0.0	0.0	0.0	0.0	0.0	0.0	0.0
SRR8849262_bin.34	0.0	0.0	0.015691	0.087204	0.833037	0.095324	0.0	0.027167	0.00883	0.0	0.0	0.0	0.0	0.0	0.010551	0.023547	0.0	0.0	0.0	0.030559	0.058915	0.0	0.0	0.0	0.0	0.0	0.0	0.0	0.0191	0.0	0.370982	0.006139	0.0	0.066791	0.0	0.0	0.056255	0.026342	0.019226	0.0	0.02939	0.0	0.0	0.0	0.121259	1.445984	0.236581	0.0	0.0	0.0	0.0	0.0	0.0	0.0	0.0	0.0	0.0	0.0	0.0	0.0	0.0	0.070523	2.482753	0.0	0.0	0.0	0.066988	0.507027	0.0	0.0	0.0	0.0	0.0	0.0	0.0	0.0	0.0	0.0	0.0	0.0	0.0	0.0	0.0	0.0	0.0	0.324235	0.122028	0.054291	0.0	0.0	0.777128	0.029661	0.0	0.0	0.0	0.052212	0.0	0.0	0.114499	0.0	0.0	0.147711	0.0	0.0	0.0	0.0	0.0	1.051744	5.000525	0.0	0.128472	0.0	0.0	4.58991	0.239004	0.0	0.0	0.0	0.043053	0.0	0.0	0.036412	0.0	0.0	0.0	0.0	0.0	0.0	0.0	0.0	0.03366	0.0	2.828892	0.106557	0.063906	0.0	0.068753	0.0	0.0	0.0	0.0	0.157512	0.0	0.0	0.327405	0.0	0.596242	0.039915	0.235892	0.0	0.0	0.014314	0.084956	0.030605	0.421625	0.352313	0.039345	0.0	0.057924	0.0	0.071203	68.666576	0.029126	0.040618	0.12557	0.0	0.029313	0.0	0.0
SRR9330782_bin.11	0.0	0.0	10.013474	0.028799	0.728658	7.719409	5.033023	2.487805	0.0	4.074823	0.480571	0.003681	0.0	0.0	0.0	0.0	0.0	0.0	0.0	0.0	0.0	0.0	0.0	0.0	0.0	0.102556	0.0	0.0	0.020628	0.88107	1.323967	0.020708	0.0	1.221978	2.958766	0.0	2.0077	3.377305	0.0	73.985912	0.0	0.014993	14.593808	0.0	0.790893	0.0	0.0	0.0	0.0	0.0	0.0	0.0	0.0	0.0	0.0	0.0	0.0	0.0	0.0	0.007089	0.0	0.0	0.0	0.0	0.0	0.0	0.0	0.011181	0.0	0.0	0.0	0.0	0.0	0.212012	0.0	0.178285	0.109395	0.049886	0.0	0.041737	5.756816	0.0	0.037066	0.0	0.0	0.0	0.0	0.00928	0.0	0.0	0.042151	0.0	0.0	0.014491	0.0	0.0	0.022232	0.02742	0.011333	0.151146	1.295202	0.298709	0.211882	0.064152	0.0	0.0	0.0	0.0	0.0	0.0	7.858283	0.0	0.0	1.325389	0.106717	0.00965	0.010037	0.0	0.0	0.0	0.0	1.641977	0.0	0.0	0.0	2.161222	0.12651	0.0	0.0	0.0	0.0	0.0	0.151203	0.01561	0.009931	0.133618	12.992945	0.0	0.070987	0.353191	0.139413	0.277626	0.0	0.0	22.148902	0.110894	0.136895	0.0	0.388102	0.0	0.223398	3.204458	2.612864	0.301814	0.0	0.419847	0.0	13.174932	0.0	0.0	0.0	0.007804	0.027244	0.0	0.018925	7.655957	0.0	0.0	0.22116
SRR8849208_bin.35	0.894794	0.68674	163.561888	0.080925	0.512496	27.662445	42.968294	1.333979	0.035364	0.0	0.548604	0.159913	0.723387	45.889124	40.175431	0.01704	0.036967	0.020345	0.0	0.0	0.0	0.056686	397.568171	0.454269	0.419908	0.730837	0.302137	0.294287	0.931435	0.050271	11.648393	0.044498	189.107774	0.0	111.33305	0.0	5.347984	0.175405	0.0	1.138252	0.225117	1.812617	81.492297	0.101983	0.050913	0.0	0.05647	34.130544	0.314822	0.455467	0.185236	2.538377	0.402946	1.19257	0.277691	0.049446	0.632816	0.185872	32.510952	0.202497	0.03836	0.059404	0.0	0.009703	0.325248	0.587048	0.57513	0.0	0.034089	0.06317	0.0	0.022436	0.210498	37.750077	0.165856	134.015229	0.018755	0.095391	0.0	0.484302	0.094215	21.043846	0.597023	0.317072	1.211898	2.374774	1.160589	3.337302	0.032007	0.0	0.391783	0.08985	0.0	0.157375	0.0	0.057513	0.05038	0.026781	0.563594	22.83574	0.095945	9.465066	40.833704	0.105566	0.188078	0.0	0.0	0.0	0.0	0.06278	0.058882	0.143887	12.585566	0.110844	0.022036	24.130887	0.203731	0.029369	0.111917	0.030367	0.064757	0.113846	0.044062	227.543591	0.0	0.244363	0.715761	0.397906	0.409308	1.071551	0.128294	1835.846658	0.345117	2.284265	0.096288	8.61963	2.179534	0.525476	0.135896	0.048186	0.29155	0.254749	0.271818	0.130468	0.063412	0.196012	0.023429	0.055096	7.10955	0.178479	52.639037	102.974877	6.866926	5.139503	0.0	0.053915	0.215212	0.163338	13.018798	0.06896	0.318414	1.093319	0.068594	0.054802	0.019773	2.929826	19.045812	0.301907	0.241221
SRR8849257_bin.30	0.0	0.0	0.0	0.033035	37.314113	0.0	0.0	0.0	0.0	0.0	0.153383	0.0	0.0	0.0	0.0	0.021947	0.0	0.0	0.0	0.0	0.0	0.0	0.01899	0.0	0.0	0.006277	0.0	0.0	0.026254	0.123674	0.0	0.0	0.0	0.504759	0.0	0.0	0.0	0.0	0.0	0.149429	0.084942	0.0	0.0	0.0	0.0	0.0	0.0	0.0	0.023021	0.0	0.0	0.0	0.0	0.0	0.0	0.0	0.0	0.010606	0.013807	0.00543	0.0	0.0	0.0	0.0	0.0	0.0	0.0	0.026635	0.0	0.0	0.0	0.0	0.014477	0.0	0.0	0.0	0.020179	0.017063	0.0	0.015364	0.0	0.004842	0.0	0.0	0.0	0.0	4.738414	0.0	0.0	0.0	0.0	203.230762	0.0	50.141984	0.0	0.0	0.0	0.0	0.0	0.048429	0.007868	2.295741	0.0	0.00726	0.016764	0.0	0.0	0.0	0.0	0.023294	0.629328	0.025493	0.0	0.0	0.0	0.048512	0.0	0.0	0.0	0.0	0.0	0.189294	0.0	2.227206	92.823537	0.0	0.0	0.0	0.0	0.024625	0.0	0.0	0.121089	0.0	0.006021	0.0	0.033484	0.120449	0.0	0.0	0.55636	0.12747	0.0	0.0	0.017258	0.012757	0.017288	0.0	76.664441	0.0	0.0	0.0	0.0	0.0	0.0	0.026977	0.024987	5.947352	3.265829	0.0	0.010092	0.0	0.0	0.0	0.0	0.00934	0.0	0.0	0.0
SRR9330786_bin.2	0.0	0.0	0.0	0.0	0.0	0.0	0.0	0.0	0.0	0.0	0.0	0.0	0.0	0.0	0.0	0.0	0.0	0.0	0.0	0.0	0.0	0.0	0.0	0.0	0.0	0.0	0.0	0.0	0.0	0.0	0.0	0.0	0.0	0.0	0.0	0.0	0.0	0.0	0.0	0.0	0.0	0.0	0.0	0.0	0.0	0.0	0.0	0.0	0.0	0.0	0.0	0.0	0.0	0.0	0.0	0.0	0.0	0.0	0.0	0.0	0.0	0.0	0.0	0.0	30.269617	0.0	0.0	0.0	0.0	0.0	0.0	0.0	0.0	0.0	0.0	0.0	0.0	0.0	0.0	0.0	0.0	0.0	0.0	0.0	0.0	0.0	0.0	0.0	0.0	0.0	0.0	0.0	0.0	0.0	0.0	0.0	0.0	0.0	0.0	0.0	0.0	0.0	0.0	0.0	0.0	0.0	0.0	0.0	0.0	0.0	0.0	0.0	0.0	0.0	0.0	0.0	0.0	0.0	0.0	0.0	0.0	0.0	0.0	0.0	0.0	0.0	0.0	0.0	0.0	0.0	0.0	0.0	0.0	0.0	0.0	0.0	0.0	0.0	0.0	0.0	0.0	0.0	0.0	0.0	0.0	0.0	0.0	0.0	0.0	0.0	0.0	0.0	0.0	0.0	0.0	0.0	0.0	0.0	0.0	0.0	0.0	0.0	0.0	0.0	0.0	0.0	0.0	0.0	0.0
SRR9330779_bin.3	0.0	0.0	13.54011	0.057123	0.410005	1.199649	3.410921	3.049518	2.017834	11.932108	2.185664	0.0	18.518552	0.0	0.316429	0.0	0.0	0.0	0.0	0.0	0.0	64.389321	0.137878	0.0	29.462854	0.619534	1.430177	0.0	0.681532	0.0	0.754338	0.194781	4.117671	2.72189	6.111402	0.107036	6.174905	3.960199	0.0	0.0	1.836527	0.0	14.453901	0.0	0.754135	0.0	0.0	0.0	0.0	0.0	0.0	0.0	0.0	0.0	0.0	0.0	0.0	0.0	0.0	0.742849	0.0	1.605779	0.0	0.0	0.0	0.367598	0.0	0.0	0.0	0.0	2.17067	0.0	4.389721	0.956326	0.917809	0.0	0.995555	0.0	0.0	0.110698	9.199873	8.649678	1.073337	0.0	1.6441	0.0	0.841676	16.152154	0.0	0.0	2.283077	3.373303	0.0	1.804771	0.0	9.228506	0.461606	0.0	0.152923	0.0	0.0	1.461126	0.396936	0.0	16.904096	0.0	0.0	0.0	0.0	0.0	18.180921	0.0	2.001555	0.0	10.897323	0.204902	0.030179	0.0	0.0	0.0	0.0	0.0	3.190398	10.066641	0.0	7.916579	0.0	3.427978	0.0	0.0	10.273166	0.0	0.0	6.297284	33.35001	13.095918	0.0	2.058052	0.0	0.0	0.0	0.0	0.0	0.0	0.153617	0.0	0.083768	1.295898	3.577618	0.0	12.974643	1.672722	12.203428	0.889794	0.0	0.169881	0.0	0.403762	6.618366	0.0	4.59894	1.545168	0.027182	0.0	0.0	22.515925	13.638875	0.0	0.714638
SRR8849252_bin.26	0.123377	0.0	0.036557	0.040383	0.711542	2.4024245	1.272417	0.0	4.785554	0.436308	2.197591	0.0	60.650424	0.320281	6.038237	0.034648	0.036179	0.0	0.0	0.0	0.0	3.691947	0.037102	0.0	0.0	9.517861	0.0	0.0	1.425071	0.082906	0.729875	0.303553	0.014425	0.950187	0.465549	5.80874	2.8699	6.49907	0.020664	9.68946	1.488611	0.099894	0.043881	0.024553	7.194676	0.024251500000000002	0.021983	0.0	0.032806	0.037643	0.0	0.0	0.0	0.0	0.0	0.0	0.0	0.0	0.0	0.191665	0.063024	0.019099	0.0	0.0	0.0	0.0	0.265507	0.045191	0.422229	0.0	0.037714	0.053579	0.0	124.903917	0.0	1.248396	0.329332	0.035733	0.015204	0.031512	2.950128	0.014422	16.601521	0.0513	0.029001	0.014209	16.680277	56.407215	0.0	0.0	1.359116	0.028099	0.0	0.084397	0.047278	1.438178	0.506253	0.020355	0.009806	1.388526	0.09015	0.531486	0.186332	0.047963	0.0	0.0	0.024139	0.063171	0.0	0.046396	40.87597	0.083287	0.042268	0.359441	7.715771	5.874895	0.020205	0.0	0.039951	0.023465	0.016629	0.157992	0.0	1.8658135	0.0	7.652636	0.166509	0.0	0.0	0.0	0.0	0.0	15.733019	0.097239	0.065442	8.080767	2.331074	2.282809	0.029327	3.6851304999999996	0.067973	0.364846	0.0	0.025625	1.19499	0.193702	0.052025	0.0	6.124293	8.877356	5.623418	0.046348	2.475522	144.443576	0.010604	0.113643	0.037117	3.312835	36.340812	0.039078	0.027317	0.021124	0.044232	0.0	0.028019	5.024242	0.0	0.0	0.0
SRR8849214_bin.30	0.482403	2.849547	0.121646	0.01374	0.181189	0.056719	3.252295	0.0	0.008362	0.060142	0.058748	0.0	0.409416	3.081641	3.788648	0.237246	0.006772	0.003236	0.0	0.00826	0.0	0.0	0.0	0.0	0.016185	0.0	0.016092	0.0	0.021635	1.975036	0.133977	0.010488	0.0	0.10828	0.178758	0.067851	0.036291	0.07728850000000001	7.250541	0.016716	0.0	0.355498	0.867356	0.007686	0.011339	0.045533	0.046428	0.0	0.042844	5.255667	2.485598	4.854659	43.342997	1.099243	0.0	0.0	0.013528	0.0	0.0	0.036818	0.16265249999999998	0.122138	0.0	0.0	0.0	0.009916	11.4286745	0.039423	0.029553	0.044157	7.036327	5.440565	0.0	0.127683	3.111278	0.096392	0.10731	0.117003	0.026494	0.852515	0.697358	29.301011	2.952186	3.835925	0.531477	2.323599	0.016852	0.069177	0.0	0.0	2.572101	0.0	0.0	1.266208	0.011011	1.305232	0.831681	0.024936	0.014723	0.023312	9.013939	0.185463	0.410664	65.00454	0.300349	0.005443	6.200124	0.022883	0.0	0.069223	4.526985	0.01704	0.473956	8.781746	0.792593	3.295204	0.018622	2.918245	0.054176	5.704803	0.3678995	0.397202	0.038539	0.052255	1.898414	0.231701	0.041264	0.20856	0.0	0.0	0.03874	4.88136	6.943357	0.357378	0.239557	0.453661	0.056255	0.009269	20.167969	0.227331	1.473954	0.0	0.0	1.018777	1.083623	0.010884	0.116202	0.459144	1.003999	0.040291	0.198513	5.05946	0.031016	0.067203	9.339204	0.164784	0.679932	2.535171	0.041681	0.535852	0.022366	0.015053	0.068287	0.0	0.011378	2.693674	0.0	1.950929	0.0
SRR8849260_bin.13	0.211883	0.0	2.766885	4.326472	2.553056	2.638808	3.408617	7.616646	10.349345	3.507711	1.413297	0.0	0.0	0.758692	0.0	0.0	0.0	0.0	0.0	1.386859	0.0	0.0	0.0	0.134743	2.227705	0.0	0.0	0.0	0.087256	0.086939	2.764575	0.0	0.0	1.175808	1.865553	1.732299	0.449715	0.555714	0.361277	0.0	2.36046	5.420213	6.402518	0.0	0.04172	0.0	3.099219	0.0	0.0	0.0	0.0	0.0	0.0	0.0	0.0	0.0	0.0	0.0	0.0	0.56663	3.035459	0.032193	0.0	0.0	0.0	0.0	4.109186	0.558738	0.0	0.0	4.009162	11.224669	0.0	1.747712	2.185587	0.442261	4.913824	0.0	0.0	0.0	2.944429	0.0	4.728975	0.386732	0.0	0.0	0.739727	4.634495	0.0	0.0	3.132178	0.0	0.0	0.0	11.403457	0.313518	2.517855	0.0	0.0	4.828427	4.900556	0.0	2.04069	0.0	0.0	0.0	0.0	0.0	0.0	0.0	9.02345	0.0	4.896339	28.776971	0.0	0.63879	4.204499	1.319159	0.878963	0.0	0.0	0.10451	0.0	0.064636	0.490254	2.438349	0.051874	0.0	0.0	0.0	0.0	0.0	4.822226	6.065703	14.710484	0.292973	1.239885	1.583127	0.0	0.649386	0.0	1.426845	0.0	0.0	7.481053	0.0	0.0	1.409291	3.057541	10.689747	3.673669	4.878349	0.682416	3.008122	0.088171	19.036742	2.881612	6.267512	19.238532	19.844581	2.919095	3.730746	0.030558	0.0	0.0	9.138247	0.0	0.158767	0.0
SRR17301532_bin.19	0.0	0.0	32.775273	0.11129	0.189885	0.0	0.0	0.0	0.0	0.0	1.521755	0.606266	0.0	0.0	0.0	0.042466	0.0	0.0	0.0	0.0	0.0	0.0	0.0	0.0	0.0	0.0	0.0	0.0	0.0	0.0	4.502217	0.147392	0.0	0.0	0.0	6.2069	0.0	25.118226	0.0	0.0	0.0	0.0	2.674252	0.0	0.0	0.0	0.0	0.0	14.106919	0.0	0.0	0.0	0.0	0.0	0.0	0.0	0.0	0.0	0.0	0.0	0.0	0.162696	0.0	0.0	0.0	116.77758	0.0	0.0	0.0	0.0	0.208996	0.078391	0.0	0.76561	0.0	0.20784	4.430796	0.270116	8.288736	1.732699	2.656816	51.137206	0.238474	0.960178	0.169554	0.0	0.0	30.062142	0.0	0.0	0.0	0.0	0.0	0.0	0.0	0.069313	0.0	0.0	0.0	0.152395	0.260123	0.211034	0.319938	1.234267	0.936643	0.0	0.0	0.0	0.0	23.954463	0.232873	0.217304	0.0	0.0	0.0	0.380199	0.181908	0.0	0.32773	0.0	0.0	0.120554	0.0	0.0	7.202142	29.754299	0.0	0.0	0.0	0.0	0.42718	0.0	0.280996	0.0	69.266437	8.984824	0.0	0.0	0.617258	0.118092	0.0	0.0	0.0	0.07475	0.936757	0.0	17.127296	0.0	0.0	0.0	5.902898	0.0	0.161335	1.007959	0.327151	41.13812	0.0	0.165444	0.0	0.31718	0.0	0.177631	24.166745	0.0	5.88633	1.719385	15.682793	0.0	0.0
SRR8849273_bin.42	0.082031	0.066969	0.462084	0.096523	0.10073	0.3363	0.324985	1.499269	14.262673	0.918988	0.131017	335.613672	0.366034	0.769761	0.266112	1.182478	120.651796	1.260578	465.39406	1.83872	299.986186	4.965643	0.28296	0.292112	1.906046	0.334351	0.352149	1.368091	0.0	9.768165	0.218287	3.384109	2.195423	0.152936	1.229841	0.484391	0.452172	0.422088	0.139455	0.10637	3.056049	0.0	1.915706	1.038138	0.133669	5.572261	0.080035	6.794927	0.974865	0.137674	0.769448	3.833758	4.064322	21.932777	0.0	0.160682	21.434616	0.729336	0.983748	14.570769	0.099413	15.66408	14.130438	0.0	0.306865	9.414642	0.385139	0.0	3.619727	2.337832	1.47704	3.469541	23.905473	0.0	5.694251	0.864421	1.89738	0.309693	4.686895	2.236776	3.912849	2.117722	0.432437	0.034594	1.475711	1.087973	0.855973	0.090937	18.768318	19.004121	0.284282	1.246387	52.646141	0.699621	2.71396	0.736123	0.435594	0.457695	100.214752	1.424585	0.557275	0.845027	0.0	6.31905	0.413048	1.486821	2.308209	0.0	6.356957	0.0	0.218082	36.675389	1.207818	0.66873	0.562044	0.093763	1.835292	4.848226	1.834652	3.018831	0.108581	3.216928	6.296339	1.275728	0.0	1.013447	0.234183	0.397624	3.270738	1.786284	10.932345	0.296525	0.0	0.094139	2.775004	0.966956	0.199492	3.819583	15.258164	0.137557	27.126649	0.0	8.077954	1.365128	0.104429	0.834894	0.354126	0.09021	0.598438	3.244418	0.666125	0.079798	0.706144	0.0	0.750878	0.04881	0.116441	0.919822	0.560434	4.903839	0.154749	1.902992	0.0	0.037305	0.253982	0.296053	2.317845	1.712368	0.110178
SRR8849213_bin.37	0.262073	2.016503	5.340013	1.1039	0.15026	2.651401	1.527974	1.661534	0.610948	3.109539	1.384213	6.009489	110.735193	5.773881	12.724932	0.469218	42.075617	4.184377	50.933699	25.246476	0.0	55.25604	0.095394	1.495176	1.765822	0.192838	1.045318	0.0	0.940155	0.58855	6.075956	1.708286	5.758615	1.40706	4.212964	1.41578	1.488339	1.189304	0.785239	1.15574	23.131734	0.214993	2.21459	0.512198	4.237733	57.641514	12.075012	7.241242	0.499481	1.112958	0.956269	1.213598	12.234951	7.699935	9.930413	0.384039	166.016398	32.081793	0.040668	0.182793	1.867732	26.792458	10.819618	0.014404	0.0	5.487434	0.993563	0.068152	2.898421	5.930349	5.655362	7.03858	76.956014	0.662529	0.674807	2.789423	2.646049	0.130342	32.538031	0.143702	7.86361	8.604312	4.84404	0.051743	0.968512	64.330344	10.040035	17.723974	1.853907	19.629598	9.268284	51.619662	0.570142	4.972949	1.858697	5.184485	0.33494	1.124057	1.517804	3.361547	2.210526	0.520939	0.217568	35.899259	6.223866	0.231942	25.534034	0.140789	0.604522	0.090997	1.137292	0.129145	20.043523	157.584155	45.69108	0.660795	8.879082	23.797642	4.661504	9.091083	0.0	4.836326	6.549544	0.592838	0.476394	1.392127	4.270538	0.46921	2.546987	0.180768	75.860284	2.795559	1.969237	13.021431	39.013884	25.34247	7.935934	17.907776	0.802033	1.971826	8.823887	0.416195	0.230498	3.138779	0.77113	0.388136	0.948438	0.410962	6.967684	46.216096	3.248533	0.56066	2.74093	1.297815	1.658807	0.459962	0.202644	3.868081	13.726791	8.368524	5.212562	2.44791	0.326512	0.011626	1.936383	0.980961	4.530668	1.456668	0.257611
SRR8849228_bin.25	0.045257	0.064305	21.044424	0.031235	1.685173	28.535718	0.025162	2.127702	4.077967	43.920506	1.041595	0.017237	0.061298	19.706023	43.18594	0.189984	0.004574	0.008689	0.0	0.0	0.0	0.003546	3.348428	67.232681	0.136555	0.02479	23.247251	0.034152	0.834111	0.076715	2.44981	0.018408	0.007323	1.913157	12.955334	15.048412	4.63648	6.584777	0.003663	64.421748	0.014942	22.21194	23.671408	6.17803	4.760542	0.0	0.027389	0.011504	0.100559	16.421204	0.040725	0.009654	0.153358	0.132662	0.019497	0.0	0.0	13.898739	14.294996	0.056691	12.40123	0.025471	0.013741	0.003864	0.020461	0.009369	10.300653	0.006171	0.005359	0.021707	0.006997	0.019036	0.005336	4.256579	11.772278	0.106886	0.010373	0.157529	0.005921	1.179972	26.343069	7.81684	17.63735	0.015864	0.043759	32.242097	21.920624	55.668051	0.0	0.0	0.892217	9.758038	0.004895	0.010113	0.01747	30.300638	0.147877	0.046842	0.125163	5.611452	19.680822	10.63297	0.013915	0.053432	0.037267	0.0	0.007174	0.049311	0.013577	0.055675	0.028368	0.106345	0.0	0.005824	0.108512	2.997428	9.216634	0.030641	0.554926	0.010972	0.004972	4.080141	0.011296	0.050324	1.225577	10.539379	49.921716	0.048122	0.034977	0.101446	0.020497	0.175222	7.90193	17.148646	14.240402	48.789882	0.024617	0.030827	0.175749	14.256651	8.89679	0.311072	0.111711	0.016106	1.829528	0.063763	0.373673	5.817462	14.268393	0.023071	7.130341	0.028617	5.456111	1.860448	0.002396	0.290461	30.378369	2.388898	0.0	0.00828	3.88801	2.955758	0.078011	0.008257	0.068812	66.24985	0.036504	0.148345	0.54904
SRR8849211_bin.21	0.072714	81.696497	22.797726	0.030664	0.0	0.102642	0.068901	0.0	0.024492	38.864248	42.525602	0.035707	0.008667	53.854539	0.021744	0.008605	0.030953	0.0	0.0	0.0	0.016285	20.224022	0.0	0.022739	4.956409	0.006979	0.040352	0.0	1.12287	0.552861	0.02977	0.038305	0.0	55.162381	2.050561	10.137189	0.0	0.008851	0.0	0.0	2.979203	0.0	35.643417	0.027115	0.04287	0.0	0.0	0.034813	0.0	0.0	0.0	0.0	0.0	0.0	0.0	0.01163	0.0	0.0	0.0	0.125687	25.328019	0.01468	0.004673	0.0	1.284356	0.0	0.0	0.036991	0.0	0.012629	0.012745	0.048576	0.027988	0.042281	0.0	0.0	57.727742	0.265353	37.900621	0.091436	0.018802	0.074426	0.040684	0.023059	0.016115	0.025941	55.943007	0.027394	0.0	0.0	0.054436	0.0	0.0	73.632862	36.523775	31.621183	0.152515	0.008775	0.0	0.007071	5.980351	0.658089	0.0	0.739293	0.0	0.0	0.01075	0.016202	0.0	0.068398	11.762386	0.155872	0.0	19.733918	0.0	4.23803	73.113227	0.042944	0.01102	0.0	0.0	0.143733	0.028703	0.327457	0.0	0.112177	0.0	0.016307	0.0	0.0	82.240613	0.033186	5.316651	0.019824	0.052459	0.042117	8.348749	3.876611	1.383509	2.68407	0.18455	2.341225	0.0	0.009249	0.147111	1.36426	0.457875	0.020877	0.54399	0.0	0.016825	19.45658	0.010248	0.029474	0.0	0.217704	0.0	0.048328	0.011904	0.0	0.009722999999999999	0.0	0.001724	0.035516	0.023823	0.75845	0.0	0.018617	11.689526
SRR8849279_bin.3	72.456274	0.192341	37.676858	0.158091	0.694993	27.062743	2.037148	7.930729	9.323098	20.632709	3.971483	11.32686	11.059297	53.603205	76.40931	0.12852	1.636273	0.012537	0.0	0.818375	0.0	4.586161	21.294172	0.165708	0.087848	10.450232	19.53726	0.066086	19.798483	0.066983	3.570357	0.326929	7.566558	0.288089	21.030443	6.658288	5.615412	12.872817	2.087719	27.507799	0.885654	7.07799	0.277041	2.342998	13.965939	0.758028	2.533441	8.05756	0.0	22.851076	19.513993	16.46584	22.483133	0.117928	3.25877	7.091695	0.029673	21.664145	12.418115	0.142336	7.563899	0.657248	0.013881	0.0	0.052159	0.0	44.303207	0.035447	10.01461	0.038422	3.226317	16.998794	0.045111	4.441859	0.982214	24.490307	2.66852	0.123411	0.0	2.177795	17.220081	5.690168	10.602225	1.551742	26.785888	14.013221	9.77827	33.215424	0.767208	0.0	2.75895	3.431901	0.0	1.538504	3.714905	18.018419	0.0	7.206349	2.587461	11.027068	0.048962	7.887631	1.304612	0.093837	9.072338	0.0	0.0	0.0	0.018803	0.051316	0.107647	0.058946	7.518549	83.532481	0.599997	18.787838	13.759448	0.0	2.737569	2.193539	3.024154	0.108067	0.15538	65.148294	1.927054	18.531624	32.440768	206.112964	0.346053	0.08243	47.031243	0.137089	2.331899	14.545007	20.675634	26.273223	8.06019	0.819299	0.226035	13.842823	3.741682	1.707644	0.167234	14.355536	3.662525	0.124797	0.114549	2.468991	3.994896	25.918686	6.640322	3.358975	12.244044	2.320717	1.38763	0.38466	20.29196	0.591702	5.865985	6.933071	4.16759	1.621171	0.03918	0.035242	0.065922	3.237233	9.92796	16.507778	14.00424
SRR17301529_bin.34	0.076106	0.178366	0.595888	0.0	0.062847	0.275462	0.108037	0.549029	0.147342	0.339855	0.21149	0.0	1.648963	0.489469	0.40269	0.0	0.240682	0.037832	0.146259	0.079709	0.0	0.282208	0.0	0.068896	0.112001	0.057506	0.208703	0.0	0.074746	0.022884	0.140727	0.046398	0.023923	0.13528	0.990276	0.047733	0.195681	0.470845	0.019252	0.1391	1.07299	0.400578	0.462921	0.025099	0.314235	0.177285	0.025414	0.592265	0.053024	0.038044	1.906571	0.101869	0.078095	0.048132	0.0	0.0	42.777577	0.0	0.227202	0.0	0.705524	0.22339	0.011066	0.0	0.0	0.016936	0.08336	0.021988	0.095628	0.0	0.096992	0.306535	0.110351	0.392578	0.039013	0.240358	0.086451	0.016315	1.091002	0.04917	0.133011	0.108334	0.119634	0.0	0.900417	0.827528	0.76731	0.228471	0.021141	0.0	0.207288	12.967909	0.0	0.067653	0.038155	0.723712	0.0	0.0	0.0	0.226258	0.080754	0.160811	0.064532	0.039568	0.091243	0.0	0.062981	0.0	0.043918	0.0	0.198512	0.022913	0.115834	0.122514	3.73726	0.179147	0.206172	0.062413	0.333669	0.083099	0.080064	0.056766	0.194072	0.131057	0.0	0.566673	0.103086	0.042488	0.020871	0.0	0.35752	0.032727	1.164809	0.242055	5.331083	0.427898	0.193964	0.868625	0.016838	0.503407	0.175409	0.105953	0.0	2.538368	0.06747	0.06155	0.008799	0.04507	0.261323	17.032313	0.347961	0.055162	0.268413	0.264639	0.267461	0.009983	0.052668	0.338704	0.158085	1.193929	0.805858	0.067987	0.0	0.0	0.056245	0.560537	0.636011	0.062632	0.088137
SRR8849237_bin.1	0.0	0.0	0.04691	0.176319	0.731031	0.021956	0.0	0.0	0.049575	0.031534	0.0	0.0	0.0	0.0	0.0	0.169847	0.0	0.0	0.0	0.012407	0.786837	0.0	0.0	0.0	0.0	0.0	0.019595	0.0	0.021989	0.0	0.621957	0.0	0.0	0.277648	0.0	0.0	0.121433	3.695804	0.080354	0.0	0.072434	0.0	0.0	0.0	0.30611	2.885513	0.954838	0.0	0.017229	0.0	0.0	0.0	0.0	0.0	0.0	0.0	0.0	0.0	0.0	0.0	0.0	0.294289	5.626138	0.0	0.0	0.0	0.084445	1.415249	0.0	0.0	0.0	0.0	0.0	0.017946	0.0	0.0	0.0	0.013815	0.0	0.0	0.0	0.0	0.0	0.0	0.0	0.453772	0.061088	0.064908	0.0	0.0	5.285266	0.017337	0.0	0.0	0.0	0.116231	0.0	0.007851	0.12378	0.0	0.0	0.118036	0.0	0.0	0.0	0.0	0.072257	0.710962	6.524601	0.0	0.336716	0.0	0.058154	4.387807	0.60665	0.0	0.0	0.0	0.0189	58.535611	0.0	0.1014	0.005005	0.0	0.0	0.0	0.0	0.010911	0.0	0.0	0.077221	0.0	4.95552	0.224612	0.562223	0.0	0.326828	0.082583	0.0	0.0	0.0	0.181035	0.0	0.0	0.543883	0.0	1.188445	0.020912	0.136415	0.0	0.0	0.057676	0.148575	0.115798	0.905812	0.508787	0.153248	0.0	0.012288	0.0	0.034745	0.0	0.122097	0.048746	0.658635	0.0	0.153564	0.0	0.325115
SRR17301540_bin.10	0.0	0.0	0.0	0.0	0.0	0.0	0.0	0.0	0.0	0.0	0.0	0.0	0.0	0.0	0.0	22.253342	0.0	0.0	0.0	0.091077	0.0	3.929861	0.0	0.0	0.0	0.0	0.0	1.00685	0.0	0.0	0.0	0.0	0.0	0.0	0.0	0.0	0.0	0.0	0.0	0.0	0.179116	0.05458	0.0	0.0	0.0	0.0	0.0	0.0	0.0	0.0	0.0	0.0	0.0	0.0	0.0	0.0	0.0	0.0	0.0	0.085583	0.519709	0.0	0.673554	0.0	0.0	0.0	0.0	0.0	0.0	0.0	0.0	0.0	0.0	0.0	0.0	0.0	0.0	0.0	0.0	0.0	0.0	0.0	0.0	0.0	0.0	0.0	0.0	0.0	0.0	0.0	0.0	0.0	0.0	0.0	80.25162	0.0	0.0	0.0	0.0	0.0	0.0	0.0	0.0	0.0	0.0	0.0	0.0	0.0	0.0	0.0	0.0	0.0	0.0	0.0	0.811894	0.0	0.0	0.0	0.0	0.0	0.0	0.0	0.0	0.0	0.0	0.0	0.0	0.0	0.0	0.0	0.0	0.0	0.0	0.0	0.0	0.0	0.0	0.145933	0.0	0.493618	0.0	0.0	0.0	0.0	0.0	0.0	0.0	0.0	0.0	0.0	0.0	0.0	0.0	0.0	0.0	0.0	0.0	0.0	0.0	0.0	0.0	0.037871	0.0	0.0	0.0	0.0	0.0	0.0	0.0
SRR8849213_bin.44	13.770149	5.086896	23.742308	9.861901	8.210816	6.444101	118.925145	12.616096	18.421038	20.926661	6.917407	2.277785	26.640728	42.943578	6.403532	0.432466	0.132992	0.012365	0.00986	4.490749	0.04354	16.964342	0.035675	4.642485	2.393835	5.575602	0.032983	0.0	0.428163	0.565638	4.029069	2.597963	0.029444	8.034942	80.634869	11.894099	32.924002	330.065347	0.417634	10.94889	297.04829	0.958543	9.919378	79.113452	0.463483	4.084354	0.078872	0.028137	0.133457	3.310326	1.463828	12.07284	69.531291	4.517016	0.0	6.308908	510.484155	0.034866	0.03048	0.947955	35.827378	0.434578	0.0	0.0	3.356569	22.93293	42.021993	0.781636	0.263472	0.107674	0.211259	5.991369	0.023806	0.263961	1.756826	10.296698	8.891052	1.267592	31.173392	11.386193	22.780114	71.242178	2.007855	5.858736	1.556971	1.686923	0.09178	124.212949	0.0	0.0	7.928647	0.050384	0.0	65.659553	0.492243	9.281534	13.043422	0.125807	0.159464	0.198322	15.745654	17.861785	21.456749	2.715955	0.040142	0.014437	5.716439	0.341482	0.046178	3.619136	0.647753	160.330291	1.268778	2.871156	54.59319	6.314134	17.989096	0.947283	16.981875	0.045415	0.040921	1.020832	24.045213	24.367425	0.106342	133.783176	17.565627	4.241426	0.033461	0.016081	0.040987	0.652176	0.385273	27.555889	1.5421	8.110664	7.629651	287.180371	0.386809	34.860008	0.206904	25.833699	0.020327	1.331751	5.376374	12.985271	0.556434	13.009924	79.34472	16.588206	65.180381	1.630271	18.279118	0.254587	8.794997	1.201065	8.404334	1.764669	33.39362	37.484032	0.779249	7.010857	1.01059	0.038775	0.204248	5.74435	0.045093	0.343608	0.645083
SRR8849251_bin.58	0.0	0.0	0.0	0.0	0.725928	0.0	0.0	0.0	0.0	0.0	0.0	0.0	0.0	0.0	0.0	0.0	0.0	0.0	0.0	0.0	0.0	0.0	0.0	0.0	0.0	0.0	0.0	0.0	0.0	0.0	0.149474	0.0	0.0	0.0	0.0	0.0	0.0	0.0	0.0	0.0	0.0	0.0	0.0	0.0	0.0	0.971867	0.205785	0.0	0.0	0.0	0.0	0.0	0.0	0.0	0.0	0.0	0.0	0.0	0.0	0.0	0.0	0.0	1.435845	0.0	0.0	0.0	0.0	0.356678	0.0	0.0	0.0	0.0	0.0	0.0	0.0	0.0	0.0	0.0	0.0	0.0	0.0	0.0	0.0	0.0	0.0	0.163217	0.0	0.0	0.0	0.0	1.629724	0.0	0.0	0.0	0.0	0.0	0.0	0.0	0.033426	0.0	0.0	0.0	0.0	0.0	0.0	0.0	0.0	1.807491	1.963672	0.0	0.0	0.0	0.0	4.157096	0.258453	0.0	0.0	0.0	0.0	0.0	0.0	6.6e-05	0.0	0.0	0.0	0.0	0.0	0.0	0.0	0.0	0.0	0.0	2.032886	0.0	0.0	0.0	0.108624	0.0	0.0	0.0	0.0	0.01978	0.0	0.0	0.309635	0.0	0.098813	0.0	0.033555	0.0	19.218702	0.0	0.0	0.039417	0.342079	0.0	0.036813	0.0	0.0	0.0	0.0	0.0	0.034951	0.0	0.0	0.0	0.0	0.0	0.0
SRR8849226_bin.12	0.037505	0.024763	0.679422	0.016281	0.049762	0.276584	0.127784	0.622905	0.188192	1.219009	0.024008	6.684139	0.019802	0.342588	0.127628	0.019035	0.947591	0.077049	66.084755	0.068366	0.010331	0.185069	0.025189	0.049982	0.165022	0.017131	0.031044	0.739583	0.032563	0.029252	0.069407	0.029701	0.660469	0.034654	0.252985	0.014841	0.047748	0.033598	0.021948	0.025794	0.274466	0.009469	0.209517	0.013351	0.077393	0.052253	0.055272	0.861762	0.017677	0.050721	0.065345	0.172502	0.13069	0.18062	0.317922	0.035781	0.450401	0.012423	0.005383	0.048664	0.027709	13.813909	4.848035	0.0	0.008131	0.150271	0.261863	0.001856	0.138545	0.407285	0.152089	10.239176	1.895276	0.047151	0.031827	0.126204	0.441673	0.055308	0.235964	0.124918	0.045207	0.266989	0.08341	0.00869	0.049091	1.001907	0.184551	0.038516	0.121149	11.008314	0.076018	0.066864	0.012279	0.087959	0.177553	0.106819	0.041056	0.038082	0.02161	43.520067	0.029941	0.193993	0.055772	0.018805	0.150268	21.985921	1.633354	0.017647	0.194413	0.01221	0.147855	0.672641	0.1293705	0.082899	5.628405	0.042262	0.142785	1.293086	0.260713	0.067808	0.041618	0.250116	1.43678	0.013609	0.005967	0.029611	0.026138	0.0	0.018447	0.0	1.01375	0.006106	0.024006	0.151781	0.141248	0.031413	0.144424	0.246503	0.036594	0.055169	0.089043	0.008265	0.0	0.118819	0.044179	0.023088	0.02581	0.057831	0.092182	1.502248	0.044769	0.027421	0.124962	0.035091	0.041106	0.027803	0.011589	0.061667	0.169925	0.934156	0.289489	0.010217	0.069948	0.114333	0.037085	0.190041	6.389684	0.014112	0.006192
SRR17301515_bin.12	0.62067	0.1077575	0.831349	9.394603	2.897923	2.373753	3.227371	1.341356	0.949062	0.348856	0.306568	13.953489	0.0	1.55083	4.076657	31.917444	27.160041	28.087273	0.683691	6.447767	1.711574	0.732212	0.094457	0.158382	0.252542	0.0	0.588192	2.6609274999999997	10.713582	15.042479	3.431957	1.850886	0.465186	0.838659	0.110996	0.0	0.437049	3.845511	0.300849	0.119321	3.862171	3.014826	0.073995	0.566234	1.258786	6.2393055	5.328358	151.79914	0.74691	1.324228	0.365212	0.899154	0.421087	1.605584	7.121749	1.268761	0.428287	0.0	0.0	14.446695	1.1027719999999999	0.669746	32.001797	1.927619	0.0	34.673093	0.189016	2.579023	2.954766	21.287917	14.9850085	1.11175	1.119632	0.394326	0.682582	0.15485	1.550122	5.404477	0.23298	17.407815	1.040326	0.489119	1.47724	0.16341	0.399114	4.46763	6.016911	2.868011	14.170611000000001	70.251929	44.627148	0.8209785	32.292485	5.029452	8.957574	1.733614	9.111366	1.648608	5.279151	0.242379	7.287779	4.141994	0.529395	251.85023	3.443948	1.755362	3.823528	8.8244395	20.85427	3.5625795	9.959903	2.279707	1.1924795	2.087671	1.327043	0.725011	1.078018	0.273863	0.714231	30.184933	2.257409	20.736851	4.127312	0.345945	1.020268	0.452228	0.0	1.553633	0.0	0.0	1.403858	0.086015	1.705369	8.347186	0.092665	1.237395	0.804702	2.981024	5.265997	0.066121	0.547654	3.185212	0.290915	0.718245	6.804772	0.0	7.32461	2.452688	5.55407	0.476855	8.159953	1.931843	0.892973	0.3648855	1.183435	4.954527	1.35289	0.949589	0.444465	1.101143	2.675749	0.93101	4.287957	0.204424	36.963696	1.555857	0.416157	0.9885094999999999	0.0
SRR17301557_bin.3	0.0	0.0	0.0	0.0	0.0	0.0	0.0	0.0	0.0	0.0	0.0	0.0	0.0	0.0	0.0	0.0	0.0	0.0	0.0	0.0	0.0	0.0	0.0	0.0	0.0	0.0	0.0	0.0	0.0	0.0	0.0	0.0	0.0	0.0	0.0	0.0	0.0	0.0	0.0	0.0	0.0	0.0	0.0	0.0	0.0	0.169184	0.0	0.0	0.0	0.0	0.0	0.0	0.0	0.0	0.0	0.0	0.0	0.0	0.0	0.0	0.0	0.0	0.0	0.0	0.0	0.0	0.0	0.0	0.0	0.0	0.0	0.0	0.0	0.0	0.0	0.0	0.0	0.0	0.0	0.0	0.0	0.0	0.0	0.0	0.0	0.0	0.0	0.0	0.0	0.0	0.182304	0.0	0.0	0.0	0.0	0.0	0.0	0.0	0.0	0.0	0.0	0.0	0.0	0.0	0.0	0.0	0.0	0.0	0.0	0.0	157.094251	0.0	0.0	1.240309	0.0	0.0	0.0	0.0	0.0	0.0	0.0	0.0	0.0	0.0	0.0	0.0	0.0	0.0	0.0	0.0	0.0	0.0	0.303907	0.0	0.0	0.0	0.0	0.0	0.0	0.0	0.0	0.0	0.0	0.0	0.0	0.0	0.0	0.0	0.0	0.0	0.0	0.0	0.0	0.0	0.0	0.0	0.0	0.0	0.0	0.0	0.0	0.0	0.0	0.0	0.0	0.0	0.0	0.0	0.0
SRR8849248_bin.23	53.771107	176.482921	2.702851	0.040815	0.493674	32.134432	2.209279	17.009849	0.716774	0.031166	10.644851	0.006879	12.558957	71.594799	5.605123	0.072384	0.018189	0.013298	0.0	0.014564	0.0	0.057785	0.082184	116.414346	45.436896	5.350185	25.287356	0.084892	3.068039	0.084843	0.883029	0.008864	9.939351	8.086736	9.201291	0.017617	2.844468	0.973089	0.164424	2.35564	28.542892	7.564231	0.085109	0.203479	8.8328235	0.047043	0.0	0.015549	0.0	4.859688	26.149577	0.049602	0.075323	0.302334	1.902747	5.06405	0.010818	5.55198	1.018065	0.023099	16.606735	18.804026	0.0	0.015854	0.052282	0.0	9.704021	0.0	0.0	0.027528	1.238816	20.267359	0.041133	2.863378	6.959801	1.647405	0.039876	0.03766	27.550773	0.178631	39.248034	10.444459	11.775424	0.0	0.070847	0.02998	0.508886	0.021802	0.021083	0.0	2.113895	0.026642	0.0	5.74904	0.019507	18.024603	1.026651	0.020057	0.112052	2.263809	0.021182	9.302472	9.922505	0.079615	6.228678	0.0	0.0	0.0	0.0	0.029379	3.518893	0.0	18.711754	0.280593	0.028399	3.311928	15.272948	0.006743	0.017315	0.879977	0.021804	0.073171	0.023924	34.570277	1.03815	1.733357	10.042913	0.082898	0.050214499999999995	0.053454	0.011233	17.078148	0.062739	25.221506	22.877825	39.621198	6.805939	27.226403	0.223359	1.738207	0.143772	0.786193	0.074676	28.107940499999998	0.4366	0.086279	0.166323	0.019415	6.24741	0.175689	6.295536	0.268979	8.903747	1.018683	0.304944	0.49771	2.148045	0.500617	6.477436	0.03756	1.940346	1.168665	0.035373	0.015479	0.041536	11.918324	0.342388	0.12386	8.167796
SRR8849227_bin.2	0.378425	2.375989	55.872395	1.46571	0.436791	0.094119	11.006886	0.059147	0.633897	1.470413	3.462743	0.385057	0.091733	2.411818	56.240235	58.077415	0.099734	129.333501	0.0	7.058977	0.043944	45.230111	0.843415	1.429035	1.080709	0.0	0.647448	0.309346	1.074709	22.735571	14.698415	60.496927	6.116478	0.930125	15.301921	0.423159	0.835144	7.262949	0.147846	7.191582	5.086825	5.583635	6.335469	1.024479	8.688346	0.509165	69.232178	48.705918	10.816459	9.323898	4.146089	5.544206	1.938726	0.127121	0.0	11.801973	7.598582	0.234922	1.418959	0.340419	107.437453	5.249595	4.269203	539.291516	0.725285	20.227	54.391794	26.324486	43.492074	1.497066	159.525316	23.864746	0.071711	2.879122	10.171544	40.794489	0.421938	144.639954	51.187104	39.286525	7.056542	11.058818	1.422269	0.815606	7.285678	28.399408	7.691944	45.666	126.214637	0.0	13.349908	0.033069	40.731943	97.922707	17.235787	0.515662	12.414001	70.917977	3.964394	0.098813	25.456184	3.053809	1.614485	75.952231	0.999487	0.095508	35.085825	18.79946	0.123654	0.280776	19.150233	12.802712	42.631778	11.475039	7.833747	59.627172	23.106074	30.891728	2.676646	4.714151	56.697467	66.64179	0.068032	0.16157	3.702493	14.013048	0.083775	1.725875	4.879776	2.424417	44.724151	1.239028	39.262495	64.226096	56.204512	1.737173	0.26952	5.809969	185.572346	2.365984	5.138159	0.057763	5.706711	2.894878	38.412423	4.101998	3.478452	0.2341	0.711241	61.0931	1.001237	8.364704	0.590515	1.55727	0.475881	55.842983	4.884304	1.979887	0.151914	15.208841	1.142409	0.304995	26.441915	8.68787	19.482525	2.249029	8.345981	2.007942	2.587577
SRR17301540_bin.8	0.0	0.0	0.0	0.0	0.0	0.0	0.0	0.0	0.0	0.0	0.0	0.0	0.0	0.0	0.0	0.0	0.0	0.0	0.0	0.0	0.0	0.0	0.0	0.0	0.0	0.0	0.0	0.0	0.0	0.0	0.0	0.0	0.0	0.0	0.0	0.0	0.0	0.0	0.0	0.0	0.0	0.016976	0.0	0.0	0.0	0.0	0.0	0.0	0.0	0.0	0.0	0.0	0.0	0.0	0.0	0.0	0.0	0.0	0.0	0.0	0.0	0.0	0.0	0.0	0.0	0.0	0.0	0.0	0.0	0.0	0.0	0.031189	0.0	0.0	0.0	0.0	0.010499	0.0	0.0	0.0	0.0	0.0	0.0	0.0	0.0	0.063496	0.0	0.0	0.0	0.0	0.0	0.0	0.0	0.0	21.686765	0.0	0.0	0.0	0.0	0.0	0.0	0.0	0.0	0.0	0.0	0.0	0.052799	0.0	0.0	0.0	0.0	0.0	0.0	0.072054	0.019392	0.0	0.0	0.0	0.0	0.0	0.0	0.0	0.066289	0.0	0.0	0.0	0.0	0.0	0.0	0.0	0.0	0.0	0.087913	0.0	0.0	0.0	0.0	0.0	0.0	0.0	0.0	0.0	0.0	0.0	0.0	0.0	0.0	0.0	0.0	0.0	0.0	0.0	0.0	0.0	0.0	0.0	0.0	0.0	0.0	0.0	0.0	0.0	0.0	0.0	0.0	0.0	0.0	0.0	0.0
SRR8849235_bin.34	0.0	0.0	0.434664	2.381457	0.0	0.0	0.0	0.0	0.0	0.0	0.0	0.0	0.0	0.0	0.0	6.470343	0.0	0.249487	0.0	0.0	0.0	0.0	0.0	0.0	0.0	0.0	0.0	0.0	0.0	0.041424	0.0	0.0	0.0	0.0	0.0	0.0	0.0	0.0	0.0	0.0	0.0	0.0	0.0	0.0	0.0	0.0	0.0	0.0	0.0	0.0	0.0	0.0	0.0	0.0	0.0	0.0	0.0	0.0	0.0	0.0	0.0	0.0	0.0	0.0	0.0	0.0	0.0	0.0	0.0	0.0	0.0	0.0	0.0	0.0	0.0	0.0	0.0	0.0	4.235942	1.10722	0.0	0.0	0.0	0.0	0.207566	0.0	0.0	0.0	0.0	0.0	0.0	0.0	0.0	0.0	0.385463	0.0	0.0	0.0	0.0	0.0	0.0	0.0	0.0	0.0	0.94765	0.0	0.0	0.0	0.0	0.0	0.0	0.0	0.0	0.0	0.0	0.0	0.0	0.0	0.0	17.676238	0.0	27.46645	0.0	0.0	0.0	0.0	0.0	0.0	1.446854	0.0	1.243476	0.0	0.0	0.0	0.0	0.0	0.0	0.0	0.0	0.0	0.0	0.0	0.0	0.0	0.0	0.0	0.0	0.0	0.0	0.0	0.0	0.0	0.0	0.0	0.0	0.0	0.0	0.0	0.0	0.0	0.027443	0.0	0.39367	0.0	0.789721	0.0	0.0	0.0	0.0
SRR8849246_bin.39	0.013901	0.0	4.5989535	0.298774	1.13314	5.99431	0.05469	1.767905	1.700681	2.151414	0.130711	0.0	0.0	0.291937	0.060372	0.0	6.035494	0.0	0.0	0.0	0.0	2.682379	0.0	0.0	0.418654	0.043575	0.049278	0.0	0.501917	0.057401	0.185239	0.028848	0.0	2.353568	0.516303	1.682259	3.666465	0.940476	0.986475	0.721813	3.214783	0.359634	0.044261	0.168713	1.213762	0.884705	0.0	0.02245	0.174332	0.0	0.0	0.0	0.0	0.0	0.0	0.0	0.018395	0.0	0.0	0.0637525	0.074384	0.067818	0.012961	0.0	0.0	0.0	0.018802	0.0	0.0	0.0	0.014649	0.193377	0.0	0.107071	0.0	0.266423	2.080045	0.01444	5.707679	0.089226	5.596241	2.242566	0.034582	0.0	0.0	0.042508	0.163424	5.653825	0.0	0.0	0.864248	0.030366	0.0	0.040724	2.788896	1.073755	0.0	0.0	0.0	0.118637	0.069541	0.09096	0.054822	0.023551	3.298955	0.0	0.168895	0.0	0.0	0.0	0.362046	0.0	0.050572	0.106344	10.332706	0.718639	4.224968	0.042153	0.021192	0.008123	0.0	0.10839099999999999	5.788549	0.12941	0.0	1.990817	0.123496	0.054859	0.0	0.0	0.11322	0.0	0.411028	2.254229	64.416033	4.235737	3.5468325	3.630268	0.035265	0.144989	0.065669	2.434033	0.0	0.021212	0.9775	0.0	0.181662	0.081009	0.037187	0.118841	4.353983	0.024144	4.121286	0.077226	0.031103	0.9342035	0.0	0.485218	2.629064	0.065422	2.604762	1.85927	0.030771	0.0	0.363283	1.1103035	0.069601	0.169141	0.0
SRR8849253_bin.49	0.0	0.0	0.0	0.130735	0.0	0.0	0.022485	0.0	0.304762	0.0687745	26.568259	0.0	0.0	2.230423	18.245755	0.0	0.0	0.0	0.0	0.0	0.0	0.0	0.0	0.0	0.0	0.0	0.0	0.0	0.0	0.487843	0.069682	0.064375	0.0	138.776514	42.462911	3.528621	340.283001	0.018198	0.0	0.0	0.0	0.0	0.0	0.0	0.0	0.0	0.0	0.0	0.0	0.0	0.0	0.0	0.0	0.181415	0.0	0.0	0.0	0.0	0.0	0.439085	0.0	0.0	0.0	0.0	0.0	0.0	0.0	0.0	0.0	0.0	0.0	0.0	0.0	38.796974	0.0	0.0	0.019188	0.095052	0.0	0.0	0.0	0.0	4.723692	0.0	0.0	0.0	0.0	731.050962	0.0	0.0	0.095311	0.0	0.0	0.0	0.0	0.0	0.190078	0.0	0.0555095	0.296555	0.207654	0.0	0.0	0.025924	0.0	0.0	0.0	0.0	0.0	0.0	3.635102	0.0	0.0	0.0	0.0	1.916599	0.0	0.0	0.0	0.032964	0.022527	0.478255	0.0	0.0	0.0	1.081348	0.0	0.0	0.0	0.0	0.0	0.0	0.2653685	0.0	0.0	6.236949	0.0	0.0	0.064402	121.76818	0.0	2.579139	0.0	0.0	0.479723	0.0	0.043782	0.0	0.0	0.0	0.302546	0.097998	452.491844	41.226657	0.008579	0.203939	0.0	38.50298	428.517121	0.0	239.9090005	0.0	0.198308	0.0	0.0	12.781428	0.0	0.0	0.0
SRR17301519_bin.19	0.119319	0.0	0.0	0.641506	0.0	3.03346	0.0	0.0	0.0	0.396367	0.0	0.0	0.0	0.0	0.0	0.0	0.0	0.0	0.0	0.0	0.0	47.940405	0.0	0.0	1.061062	0.0	0.0	0.0	0.0	0.0	0.0	0.0	0.0	0.0	0.0	0.0	0.0	0.0	0.0	0.0	0.541978	0.0	0.054715	0.0	1.929257	0.0	0.0	0.0	0.0	0.0	0.36992	0.0	0.0	0.0	0.0	0.0	0.0	0.0	0.0	0.0	0.0	0.0	0.0	0.0	0.0	0.0	0.0	0.0	0.0	0.0	0.0	0.0	0.0	0.0	0.0	0.0	1.483549	0.0	3.930904	0.0	0.0	0.0	0.0	0.0	0.0	0.0	0.0	0.0	0.0	0.0	0.0	0.0	0.0	0.0	0.0	0.0	0.365395	0.0	0.0	0.0	0.0	0.0	0.0	0.0	0.0	0.0	0.0	0.0	0.0	0.0	0.0	0.0	0.0	6.01109	0.0	0.0	0.0	0.0	0.0	0.0	0.0	0.0	1.95874	0.044596	0.0	0.0	1.748473	0.0	0.0	0.0	7.910615	0.152558	0.0	0.0	0.0	0.0	0.0	0.351238	0.0	0.0	0.0	0.0	0.0	1.134115	0.0	0.0	0.0	0.0	0.0	0.0	3.240512	0.0	0.0	0.0	0.0	0.0	0.0	0.0	0.0	0.0	0.0	0.0	0.0	0.0	0.0	0.483263	0.0	0.0	0.0
SRR17301528_bin.5	2.156913	0.0	0.045177	0.0	0.0	0.052059	0.0	0.0	0.144788	0.0	0.0	0.033132	0.211202	0.060575	0.127845	0.0	0.0	0.0	0.0	0.0	0.0	0.772896	0.292618	0.0	3.596915	0.0	0.302887	0.0	0.339721	0.0	0.0	0.18093	0.0	0.0	0.198321	0.0	0.180066	0.904941	0.0	0.413491	0.0	0.0	0.0	0.045997	0.0	0.0	0.127467	0.0	0.0	0.18004	0.0	0.0	0.0	0.0	0.0	0.0	0.068111	0.0	0.0	0.0	47.760607	2.566246	0.0	0.0	0.0	0.0	0.030734	0.0	1.141598	0.0	0.0	0.218552	0.0	0.628959	0.0	0.776547	0.0	0.0	0.0	0.0	0.0	0.0	0.355977	0.0	0.43432	0.177028	0.192927	0.296885	0.032575	0.0	0.0	0.0	0.0	0.0	0.0	0.343603	0.05744	0.0	0.06924	0.054801	0.0	0.0	0.0	0.0	0.0	0.0	0.0	0.0	0.0	0.0	0.281998	0.0	0.062111	0.046147	0.422999	0.0	0.0	0.0	1.731485	0.0	0.0	0.479117	0.0	0.168713	0.0	1.497473	0.0	0.315449	0.0	0.0	0.0	0.0	0.0	0.0	0.016124	0.310753	0.19902	0.0	0.0	0.0	0.158905	0.0	0.0	0.022498	0.0	0.0	0.058836	0.0	0.048194	0.060547	0.025729	0.299459	0.236436	0.44668	0.0	0.0	0.0	0.0	0.0	0.928235	0.385502	1.010602	0.0	0.0	0.0	0.571794	0.150029	0.243703	0.0
SRR8849211_bin.11	0.165552	0.64671	0.089084	0.050729	0.231773	1.136344	0.05617	0.0	1.0837365	2.324942	0.27387	0.0	0.259864	0.04854	1.7800705	0.0	0.0	0.0	0.0	0.541131	0.0	0.0	0.0	0.071157	0.095751	0.0	0.0584355	0.159323	0.057995	0.07671	4.535796	3.479222	0.0	0.21580100000000002	2.300678	0.0	0.597841	0.874131	1.361415	0.508739	0.037917	0.302331	0.460127	0.249102	0.9774700000000001	0.0	0.0	2.967797	0.0	0.0	0.0	0.0	0.0	0.0	8.767994	0.0	0.062335	0.0	2.947798	0.243959	0.584594	0.0	0.0	0.0	0.0	0.0	0.395357	8.961935	0.0	0.081613	0.02105	1.378842	0.0	7.983082	0.0	2.458236	18.654618	7.70768	3.201516	1.222785	2.043131	0.461635	0.614664	0.0	0.946152	5.2974785	0.167589	0.661452	0.0	1.599702	0.12207950000000001	0.0	0.0	0.596268	0.616134	1.198777	10.815498	0.073404	0.0	7.0278605	0.362035	1.181745	0.191505	3.415724	1.359903	0.0	0.0	0.0	0.0	3.446407	3.27229	0.0	0.193023	0.076906	0.0	10.125196	4.304094	0.0	0.129403	0.050807	0.0	0.205001	0.100023	1.637594	0.120934	5.073245	0.173035	0.0	0.0	0.0	0.454657	0.536483	1.112802	0.314932	0.22390700000000002	4.172918	0.0	0.063015	0.043233	18.712566	0.3641	0.043918	0.0	0.0	0.758225	0.0	0.223343	0.091299	0.087181	0.8660675	0.084337	0.0	0.098235	5.04921	0.362647	0.418556	2.392186	0.283162	0.0	0.126088	0.101836	0.0	0.030177	0.0	0.482141	1.283329	0.0	0.277554	0.592005
SRR8849247_bin.5	0.150492	1.371794	0.090102	0.153668	18.919969	0.020393	0.084886	0.0	0.037238	0.040542	0.061477	0.025019	0.0	0.019034	0.105583	1.292116	181.888553	48.606877	0.025252	0.1319	0.100144	0.403818	5.040577	0.0	0.038656	0.0	0.0	12.132632	0.0	323.120422	0.057078	0.096982	0.033351	0.039704	0.025216	0.0	0.064437	0.01608	0.007744	0.101939	0.058585	0.05002	0.244862	0.028226	0.060562	0.078712	0.28637	0.076049	0.108527	0.029122	1.031539	0.078389	0.025898	0.0	0.024846	0.172654	66.980649	0.034967	9.104135	121.528246	0.035211	0.062437	4.683244	0.016655	0.0	0.056493	0.019682	0.063138	120.797293	34.573415	0.127935	0.068598	125.40559	0.040168	0.049158	0.047932	0.075917	0.698042	0.577419	0.224932	0.023519	0.021439	0.071794	0.628138	3.678679	12.905973	0.125107	0.161991	0.113655	12.72955	0.230886	0.22912	1.750046	0.111121	2.082213	0.028794	0.06809	12.476441	0.028229	0.030827	0.10333	0.286778	0.029734	0.114796	0.026124	0.029403	18.736861	0.176782	0.017397	1.668633	0.255328	384.877572	0.329022	0.087598	0.042757	0.05382	0.044018	0.018681	0.032158	0.057412	0.007029	0.305617	0.039002	0.0	0.072027	0.068724	0.0	0.0	0.0	1.358601	0.104174	0.0	0.15333	0.698589	37.599812	49.921907	0.053822	0.093253	177.793103	0.056115	21.249685	0.006659	1.576328	1.528814	0.155527	0.032273	0.577787	0.0	0.772082	0.033465	0.359143	0.025894	0.049023	0.043028	0.028211	0.097249	0.032202	0.395181	0.039008	0.06007	0.049996	0.023159	0.499188	0.0	0.078251	0.0	0.013114	0.0	0.025858
SRR17301534_bin.7	0.0	0.0	0.0	0.0	0.0	0.0	0.0	21.304946	0.0	0.0	16.277469	0.0	0.0	0.0	0.613866	0.0	1.213901	0.0	0.0	0.0	0.0	0.0	0.0	0.0	0.0	0.0	5.95319	0.0	0.0	0.0	0.0	0.0	0.0	0.0	0.0	0.0	13.138792	11.36754	0.0	0.0	21.197741	0.0	0.028751	0.0	0.0	44.111000000000004	0.838156	0.0	0.0	0.0	0.0	0.0	0.0	0.0	0.0	0.0	0.065516	0.0	0.0	0.0	22.684373	0.0	0.0	0.0	0.0	0.0	0.0	0.0	0.0	0.0	0.0	27.870997	0.0	0.0	0.0	0.0	0.0	0.0	0.0	0.0	0.0	0.063081	0.0	0.0	0.0	1.451201	1.990055	0.0	0.0	0.0	14.990234	116.633732	0.0	0.026693	0.0	0.0	0.0	0.0	0.0	0.0	0.0	5.65238	0.0	0.0	0.0	0.0	0.194472	0.0	0.0	0.0	0.0	0.0	0.0	0.0	0.0	0.0	0.0	0.0	0.0	0.0	0.0	0.0	0.0	0.0	1.017931	0.096127	3.218034	0.0	0.0	0.0	0.0	0.0	5.130657	0.0	0.0	0.0	0.0	27.642125	0.0	0.0	0.0	3.389934	0.0	0.0	0.0	0.0	0.0	0.0	0.228106	17.208719	0.0	2.770404	21.552422	0.0	2.684367	0.01932	0.0	0.229635	0.412455	0.0	0.026819	0.0	0.0	0.0	0.0	0.0	0.0	0.0	0.03101
SRR17301540_bin.9	0.0	0.0	0.218828	0.138368	0.337937	0.27076	0.0	0.412032	0.0	0.421603	0.0	0.0	0.088031	0.0	5.970951	0.331209	0.31997	0.0	0.0	0.0	0.0	0.0	0.0	0.206906	0.372808	0.0	0.0	0.0	0.0	0.0	0.290338	0.520008	0.975086	0.755085	1.20717	0.0	0.290397	0.034224	0.20241	0.0	0.264478	2.961203	0.374298	0.0	1.571987	0.0	2.467712	8.672718	0.669299	0.190695	0.0	0.0	0.0	0.0	0.0	0.109118	0.306288	0.0	0.0	0.264114	0.653081	0.217421	0.0	0.0	0.0	0.0	0.600991	0.266741	7.919345	0.0	1.953895	4.108304	0.0	0.460321	0.0	0.0	0.156972	0.0	0.0	1.229498	0.303218	0.228333	0.722674	0.028842	0.0	19.122143	0.910661	3.576889	0.0	0.0	3.44995	0.468577	0.0	8.118469	20.364756	0.0	0.0	0.0	0.043912	1.696667	0.0	0.0	0.0	0.0	0.250864	0.0	0.0	0.392815	0.0	0.0	2.58982	0.0	7.418887	0.0	0.564011	0.299574	0.597652	0.0	0.074964	0.867972	0.0	0.0	0.0	0.0	0.0	0.308089	0.0	0.0	0.0	0.0	0.0	0.0	5.716737	18.465236	9.160113	0.704642	0.820158	0.257761	0.0	0.082729	0.0	0.153956	0.0	0.0	0.409536	0.0	0.094965	0.038269	0.342759	0.688593	0.201817	0.110923	0.897814	0.883435	0.246692	0.344486	0.103437	2.211007	0.815829	0.0	0.284262	0.212274	0.0	0.0	0.051716	0.227083	0.0	0.0	0.0
SRR17301548_bin.36	0.0	0.0	1.671394	0.019497	0.0	13.409783	0.7227075000000001	0.0	0.018463	0.0	0.161211	0.0	0.0	0.0	0.537266	0.0	0.0	0.0	0.0	0.0	0.0	0.0	0.0	0.0	1.937881	0.0	0.0	0.0	0.0	0.249417	1.251553	0.0	0.0	0.839346	0.021694	0.0	0.426071	0.0	0.0	0.0	4.539561	0.128749	0.0	0.0	1.04585	0.0	0.0	0.0	0.0	0.0	0.0	0.0	0.0	0.0	0.0	0.0	0.0	0.0	0.0	0.032779	0.0	1.872988	0.0	0.0	0.0	0.0	0.0	0.0	0.0	0.0	0.0	0.862897	0.0	0.605304	0.0	0.0	0.42777	0.0	0.015091	0.0	2.640783	0.0	0.080937	0.0	0.0	0.0	34.008395	0.866077	0.0	0.0	0.311521	0.0	0.0	0.0	0.0	0.0	0.0	0.0	0.0	0.083819	0.110149	0.0	1.299716	0.01473	0.0	0.0	0.0	0.0	0.0	0.0	0.100505	0.157384	0.0	88.719251	0.060596	0.157897	0.0	0.0	0.0	0.0	0.0	0.135374	0.0	0.167885	0.089821	0.225332	0.0	0.0	0.0	0.0	0.0	0.0	1.189621	0.0	0.0	0.032515	0.294051	5.45063	0.014634	0.212615	0.0	0.225161	0.0	0.0	0.3040115	0.0	0.0	0.0	0.0	0.0	0.598945	0.245123	1.305203	0.759452	0.0	0.05383	0.0	7.48435	0.01392	0.0	0.0	0.0	0.0	0.0	0.0	0.023182	0.0	0.0	0.0
SRR8849275_bin.13	14.177604	143.678188	7.135438	0.186504	64.856925	4.993346	41.201191	0.028726	31.315266	40.10845	0.184342	0.132931	0.060964	0.071538	0.062218	244.500444	0.29226	0.162102	0.011987	0.08307	0.103279	10.697567	0.105858	15.203432	0.292264	0.202413	20.617441	0.068537	84.561608	1.726801	41.741597	0.136069	113.551706	2.291129	0.0379	28.234184	46.362287	0.066009	6.893193	0.071471	15.69209	0.044804	40.003211	4.727438	2.269055	25.110415	0.021707	0.023232	58.949636	9.662159500000001	28.112457	0.042781	0.017893	0.014948	0.055456	0.673002	8.941288	0.032667	2.934753	260.522626	32.141308	116.49857	0.052397	0.352209	7.80668	149.299415	0.0	34.022431	0.0	0.089901	0.085793	0.059764	0.091561	31.15191	0.014253	0.0	62.648534	4.004091	244.989405	0.29671	45.316752	14.060825	65.425168	4.786784	0.057685	0.146908	0.006332	0.114069	0.578168	0.016125	32.940166	122.13762	0.019142	297.526146	231.064321	28.420101	45.965696	2.531892	159.017693	15.957173	39.400988	0.904654	18.61944	0.568879	0.019209	49.995704	52.178209	0.068194	0.047757	0.048801	33.07281	0.00862	360.43422	151.136207	29.322626	9.700636	107.637947	0.041911	0.051421	0.01669	0.031121	23.24725	28.028956	34.105471	0.080125	12.407644	7.984495	2.139077	0.022276	0.052319	135.019204	44.689944	88.33663	0.024995	30.06779	73.787652	0.097543	14.577658	68.452462	5.006117	21.893803	5.488242	0.077745	30.832458	0.402197	22.578103	0.770482	0.041867	85.046901	112.292457	1.481238	50.248563	68.359396	38.862293	0.055108	105.186113	0.180254	47.002093	23.880707	16.164756	105.704605	114.870587	0.697969	0.105833	540.625058	29.901456	0.039583	29.067849	0.179648
SRR9330791_bin.26	0.05499	15.779291	81.903998	0.25765	0.083714	0.0851665	0.212248	0.078837	0.097031	15.397427	0.194299	0.088955	0.019286	67.15192	0.253966	6.942366	0.555652	0.223136	0.087097	0.175157	0.07266	5.499611	0.0	0.022028	0.085428	0.649549	0.051334	0.0	35.539008	1.451585	0.113248	0.357343	8.566525	0.161459	9.685496	0.14882	10.036668	22.315105	46.147841	2.703125	23.497596	0.136906	11.511234	0.100535	40.247282	0.128463	0.301941	0.081337	6.251333	0.04111	0.075326	0.0	12.547811	0.152169	0.0	0.062393	0.079956	0.0	0.0	0.337622	24.330282	4.27295	0.231758	0.04364	1.180788	0.090458	8.080291	0.283863	0.097145	0.078591	0.250138	0.248166	0.100556	0.197666	0.0	2.438684	5.295206	0.76179	92.9082215	0.23355	22.133205	0.939047	0.1188035	0.103127	23.470572	0.216783	0.273147	96.700741	0.141587	0.010349	0.728387	0.101289	0.074441	65.4825	0.462374	0.077636	35.113731	101.300538	0.017375	0.271116	82.298052	0.502884	14.988862	72.167424	11.123002	0.108018	0.079777	162.440288	0.022823	236.921915	39.254982	0.30402	73.177689	0.179845	75.848337	48.422139	43.761008	0.044495	12.154915	0.084368	34.314124	1.538617	0.089868	5.653487	12.436723	0.159732	0.0	0.032411	0.0	0.0	0.196913	0.029768	1.412027	0.438113	29.502126	0.141236	14.935698	23.895736	3.054884	5.152833	0.311533	0.072922	0.0	0.081153	5.721998	0.07627	0.736594	0.059744	0.277779	31.596852	18.800313	0.07843	10.944361	0.175455	0.059384	0.76953	2.756054	24.911288	0.136802	0.156545	0.520008	18.227644	0.153758	0.065698	0.084854	0.09342	0.067151	0.022176	0.0
SRR17301525_bin.13	0.0	0.0	0.0	0.0	0.121682	0.0	0.0	0.0	0.0	0.0	0.0	0.0	0.0	0.0	0.0	0.0	0.0	0.0	0.0	0.0	0.0	0.0	0.0	0.0	0.0	0.0	0.0	0.0	0.0	0.0	0.040178	0.0	0.0	0.0	0.0	0.0	0.0	0.0	0.0	0.0	28.663884	0.0	0.0	0.0	0.051434	1.974087	0.139412	0.0	0.0	0.0	0.0	0.0	0.0	0.0	0.0	0.0	0.0	0.0	0.0	0.0	0.0	0.0	1.981672	0.0	0.0	0.0	0.0	0.4641175	0.0	0.0	0.0	0.0	0.0	0.0	0.0	0.0	0.0	0.0	0.0	0.0	0.0	0.0	0.0	0.0	0.0	0.0	0.0	0.0	0.0	0.0	0.956163	0.0	0.0	0.0	0.0	0.0	0.0	0.0	0.0	0.0	0.0	0.0	0.0	0.0	0.0	0.0	0.0	0.0	0.291304	0.0	0.0	0.0	0.0	4.442831	0.041703	0.0	0.0	0.0	0.0	0.0	0.0	0.0	0.0	0.0	0.0	0.0	0.0	0.0	0.0	0.0	0.0	0.0	2.452905	0.0	0.0	0.0	0.0	19.112645	0.0	0.0	0.0	0.0	0.0	0.0	0.0	0.0	0.038778	0.0	0.0	0.0	0.0	0.0	0.0	0.0	0.132822	0.0	0.0	0.0	0.0	0.0	0.0	0.0	0.0	0.0	0.0	0.0	0.0	0.0	0.0
SRR8849252_bin.40	0.211056	0.0	0.223013	0.089964	0.041535	0.14255	0.227246	0.0	0.157494	0.075978	2.00576	0.0	0.027486	0.072608	0.083639	0.011399	0.072317	0.0	0.0	0.0	0.0	0.042264	0.0	0.0	0.046791	0.021577	0.043624	0.0	6.099507	0.032171	4.174128	0.058775	0.0	0.091265	0.145091	0.0	0.318202	0.041428	0.0	0.082227	0.114028	1.484013	0.047185	0.023839	0.097065	0.064818	0.0	0.0	0.0	0.03456	0.039764	0.0	0.0	0.0	0.0	0.0	0.0	0.0	0.0	0.147916	0.492539	0.038128	0.0	0.0	0.0	0.0	0.024033	0.084107	0.028091	0.0	0.016703	0.364689	0.0	35.887663	0.0	0.042325	3.856552	0.086177	0.031461	0.047409	0.100781	0.030068	3.738579	0.022675	0.0	0.039942	0.278734	0.212914	0.0	0.0	7.382386	0.019231	0.0	21.241348	0.023366	0.154398	0.051289	0.0	0.0	0.058256	0.018032	0.084543	22.493968	0.038051	0.032309	0.0	0.025105	0.0	0.0	0.0	0.259688	0.0	0.042855	0.048409	0.327012	0.074291	0.059314	0.0	0.035397	0.021139	0.0	0.091294	0.047767	0.0	0.0	0.215222	0.0	0.0	0.0	0.0	0.0	0.0	7.901977	0.081675	0.050425	1.995434	17.082448	0.121079	0.068189	2.561801	0.05561	8.356099	0.0	0.037879	109.734125	0.0	0.279613	0.0	0.106794	2.339701	0.214688	0.029216	0.455762	40.613259	64.971074	0.204464	0.047377	0.408922	0.062046	0.037249	0.072643	0.031322	0.081421	0.0	0.0	0.45579	0.063739	0.0	0.047584
SRR8849267_bin.17	1.599879	48.692213	1.212795	1.983574	1.501662	9.550761	76.002983	2.168042	9.669187	14.214187	2.0286975	0.037535	0.051675	10.993626	82.4514	8.015489	0.231311	0.064313	0.035529	14.111796	0.047915	0.17795	0.145454	0.710208	4.164439	0.279158	0.904132	0.0	2.433917	0.487849	15.302811	29.895953	4.417274	4.059841	15.363683	6.739845	9.062684	10.505745	6.555645	4.230931	2.740518	40.493721	63.3282085	2.019406	18.475889	0.173354	15.597647	0.107517	0.099155	7.158526	1.640364	7.795406	0.148339	0.166008	0.0	2.121595	0.134763	0.012676	0.081643	2.806392	2.940523	2.561162	0.042861	0.022444	0.018473	0.086336	6.168286	5.021301	234.175085	0.060866	49.186823	4.122221	0.048596	21.539174	5.624899	4.282273	2.77837	0.356184	0.117003	18.540823	20.68806	10.157968	17.308321	35.173263	1.664691	0.137863	8.560062	6.131062	0.057358	0.0	20.27652	80.4763	0.049285	15.971655	0.379308	111.193898	7.499148	0.385244	0.065197	5.425991	34.568564	1.064992	9.805071	24.475337	11.310226	0.055514	0.112957	1.422661	0.0	0.11596	20.027966	0.107883	27.079323	20.060855	14.090589	42.51348	12.348723	3.438893	1.176244	0.139208	0.141198	5.948617	0.118268	0.835757	2.928396	70.983591	4.51927	0.433093	0.016129	0.0	0.165539	0.199154	3.958002	33.766732	1.429288	10.734608	7.563123	2.190616	4.72058	5.852204	3.458884	3.764744	0.042728	6.212611	81.906054	3.180221	5.788305	4.936752	63.593321	9.546263	33.086799	6.741846	14.011734	36.516721	16.965242	34.043378	0.595637	3.77501	16.659001	6.08314	14.28634	8.40897	2.803768	0.05614	0.12968	2.587021	87.520573	0.613921	0.046833
SRR17301519_bin.42	10.324181	10.749092	130.134661	293.736728	327.228272	137.980883	48.066078	108.131973	45.26572	46.805991	18.197492	0.182703	41.181622	202.430259	13.664766	70.425263	0.236397	0.197917	0.164365	1014.0000130000001	0.16987	99.948346	0.698064	42.57145	22.880234	0.2188	7.187815	0.10793	1.526958	81.341031	458.217275	155.62017	408.677605	32.881295	73.334551	17.926545	43.285632	63.605149	132.727557	38.921709	29.005558	155.597943	158.926685	26.018463	154.340756	0.392882	5.763444	0.097862	138.953434	35.295493	49.711082	195.320326	346.178594	385.734711	0.087659	46.609672	0.04273	0.053605	9.721178	246.529522	8.542669	21.310133	0.129313	0.215764	0.85087	0.4131305	22.891422	106.986719	32.833837	0.194569	30.966338	1.216449	0.527331	58.00287	0.132103	26.66746	23.980234	16.584594	43.476432	145.496255	197.685301	31.050713	53.617364	64.377409	1.052971	57.674015	23.231227	10.627258	67.453151	0.03637	59.500649	255.104512	0.089292	154.903285	138.903637	113.720537	129.734869	63.797841	0.6024795000000001	90.85679	44.9893735	71.165059	196.700866	69.97329049999999	32.139659	0.310034	144.070849	182.633205	82.411157	0.56178	18.37378	64.803655	264.813053	8.661415	49.087526	101.60144	231.731795	152.190296	61.627826	105.843207	438.987775	547.011065	2.602366	1.724931	12.729328	140.623254	2.525852	18.622227	23.4277845	0.08786	0.188146	6.246272	70.5247295	37.84322	9.669855	22.95138	14.792595	23.148751	13.220265	74.120957	12.102596	24.333142	0.109926	77.023912	131.661541	14.986063	116.783715	143.043263	52.891302	98.536976	68.53812	102.78829	43.450184	88.943692	155.484601	114.103755	7.589313	58.64065	22.359021	191.306331	100.624478	36.522781	247.415079	3.374311	1728.211255	189.160363	741.787539	6.376642	14.552767
SRR9330783_bin.2	0.0	0.0	0.674089	0.0	0.0	0.080842	0.0	1.630942	0.116419	0.549136	3.063785	0.0	0.400203	0.059213	0.288007	0.0	0.0	0.0	0.0	0.1269285	0.0	0.0	26.627307	0.0	0.083579	0.311694	0.0	0.0	43.036872	0.0	0.0	0.0	4e-06	0.0	5.208328	6.074806	0.0	0.185125	0.0	0.538718	0.0	0.124831	0.4070225	1.232361	0.0	0.0	0.0	0.0	0.0	0.0	0.222715	0.0	0.0	0.0	0.0	0.0	0.0	0.0	0.0	0.0	1.366199	0.0	0.0	0.0	0.0	0.0	0.0	0.0	2.822408	0.0	0.0	1.363298	0.365631	0.0	0.169286	0.0	0.180653	0.0	0.0	0.0	0.119892	0.130634	1.2408845	0.0	0.42288950000000003	0.0	0.221603	2.2488405	0.0	0.0	0.36358100000000004	0.0	0.0	0.0	0.0	0.0	0.0	0.0	0.0	0.062618	0.0	0.38	0.0	0.0	1.020031	0.0	0.0	0.0	0.0	0.0	0.0	0.0	0.0	0.0	0.0	0.83007	0.0	0.0	0.60978	0.0	0.0	0.0	0.143889	0.070515	0.0	0.0	0.0	0.264986	0.0	0.0	0.474619	0.0	0.195808	0.0	0.538348	0.996344	5.732903	0.0	0.0	0.207038	0.0	0.0	0.083513	0.023417	0.0	0.0	0.0	0.0	1.334724	0.239034	0.15225	0.0	0.38411649999999997	0.0	0.0	0.0	1.523622	0.0	0.0	0.0	0.0	0.0	0.0	0.0	0.0	1.243993	1.13536	0.0	4e-06
SRR8849231_bin.15	0.0	0.004533	0.025289	0.008989	0.002068	0.014201	149.979733	0.0	0.017546	0.008706	0.036164	0.005294	0.0	0.030614	0.007885	0.0	0.050021	0.0	0.0	0.011424	0.0	0.007511	0.0	0.0	0.0	0.0	0.003874	0.0	0.008918	0.010613	0.011599	0.00375	0.011832	0.006348	0.005682	0.195277	0.01377	0.008286	0.0	0.021603	0.011993	0.003249	0.007867	0.0	0.013281	0.0	0.002894	0.003387	0.0	0.0	0.00811	0.0	0.004845	0.0	0.0	0.0	0.006908	0.0	0.0	0.012862	0.007198	0.017938	0.0	0.0	0.0	0.004381	0.0	0.007372	0.002114	0.016852	0.0	0.018505	0.0	0.028506	0.0	0.012886	0.011763	0.0	0.016008	0.01037	0.008959	0.0108	0.011524	0.0	0.0	0.012103	0.026017	0.016595	0.0	0.006811	0.007788	0.0	0.0	0.007014	0.680241	0.012829	0.017869	0.0	0.0	0.012931	0.002688	0.0	0.005146	0.0	0.0	0.0	0.006709	0.0	0.0	0.0	0.008605	0.0	0.0	0.028747	0.025241	0.008871	0.025923	70.04617	0.027935	0.0	0.0	0.021882	0.007379	0.014465	0.0	0.027961	0.0	0.0	0.0	0.0	0.003465	0.0	0.089352	0.009214	0.03321	0.018911	0.018827	0.013696	0.0	0.014245	0.012151	0.010958	0.0	0.031211	0.038682	0.0	0.084259	0.0	0.013401	0.011951	0.021835	0.017484	0.03332	0.03729	0.003793	0.006056	0.003954	0.14238	0.016519	0.016887	0.005659	0.005877	0.00979	0.0	0.0	0.032524	0.013649	0.003691	0.0
SRR17301520_bin.2	0.0	0.0	0.165159	0.0	0.0	0.0	0.0	0.0	0.0	0.0	0.0	0.0	0.0	0.0	0.0	0.0	0.0	0.0	0.0	0.0	0.0	321.927393	0.0	0.0	0.0	0.0	0.0	0.0	0.0	0.0	0.0	0.0	0.0	0.0	0.796101	0.0	0.0	0.0	0.0	0.0	0.0	0.0	0.0	0.0	0.0	19.39964	0.848026	0.0	0.0	0.0	0.0	0.0	0.0	0.0	0.0	0.0	0.0	0.0	0.0	0.0	0.608719	0.0	0.0	0.0	0.0	1.176559	0.0	0.0	0.0	0.0	0.0	0.134364	0.0	0.397528	0.0	0.0	0.0	0.0	0.0	0.18506	0.0	14.310395	0.0	0.0	0.0	0.0	0.303252	0.0	0.0	0.0	0.0	0.0	0.0	0.0	0.0	0.0	0.0	0.0	0.0	0.0	0.0	0.0	0.0	0.0	0.0	0.0	375.956562	0.0	0.0	0.0	0.0	0.0	0.0	0.199802	0.0	0.0	0.0	0.0	0.0	0.0	0.0	0.0	0.0	0.0	1.823892	0.0	0.0	0.0	0.0	0.0	0.0	0.0	0.0	0.0	0.0	0.0	0.0	0.179845	0.0	0.0	0.0	0.0	0.0	0.0	0.0	0.0	0.0	0.0	0.0	0.0	7.457393	0.0	0.0	0.507204	0.0	0.0	0.0	0.0	0.0	0.0	0.0	0.0	0.0	0.0	0.0	0.0	0.0	0.0	0.270808
SRR9330776_bin.17	0.0	0.859743	0.0	0.0	0.0	0.0	0.0	0.0	0.0	0.535091	0.0	0.0	0.0	0.0	1.287074	0.0	0.0	0.0	0.0	0.0	0.0	0.0	0.0	0.0	1.824052	24.0256805	0.349401	0.0	2.808303	0.0	0.0	0.0	0.0	0.0	1.411132	0.0	0.0	0.8780224999999999	0.243247	0.0	1.101582	0.0	5.064757500000001	0.0	0.0	0.0	0.0	0.0	0.0	0.0	0.0	0.0	0.0	0.0	0.0	0.0	0.0	0.0	0.0	0.0	0.0	0.0	0.0	0.0	0.0	0.0	0.0	0.0	0.0	0.0	0.0	0.0	0.362438	0.0	0.087643	1.433331	0.0	0.0	0.0	0.0	0.0	1.922418	0.123953	0.0	1.844488	0.0	1.0113045	0.503066	0.0	0.0	0.0	1.4451995	0.0	0.172556	0.0	0.0	0.0	0.0	0.0	0.0	0.0	0.0	0.0	0.0	0.0	0.0	0.20650449999999998	0.0	0.0	0.0	0.4215335	0.0	0.0	0.0	0.837046	0.180112	3.1262965	0.0	0.360022	0.0	0.0	0.0	0.0	0.0	0.0	7.10165	0.0	0.0	0.0	0.0	0.0	0.0	0.0	0.098384	0.0	0.0	0.0	1.374671	0.0	0.0	0.657468	0.080986	0.0	0.0	0.0	0.0	0.0	0.0	0.0	0.382521	2.113	0.06875300000000001	0.141854	0.0	0.0	0.0	0.216598	0.266583	0.0	0.0	0.0	0.0	0.0	0.0	0.0	0.0	1.407181	0.0	0.0
SRR8849281_bin.15	29.658955	3.117534	0.279782	1.168439	109.416759	127.130885	3.920883	0.823667	0.137868	7.675954	29.260518	0.778865	3.532224	0.723834	12.924204	36.262531	0.11993	0.29991	0.012279	47.799965	432.270451	12.217964	25.705233	0.368865	2.621114	9.994913	17.755179	0.018117	1.386444	2.091477	18.16259	49.158604	81.446323	250.391742	84.51224	119.196916	95.118774	18.658091	46.145852	2.443804	24.910268	4.304616	36.132136	1.363297	23.292537	3.804011	137.074033	0.138604	72.081343	0.911926	136.499016	66.225978	0.309223	161.512401	0.121202	284.241484	0.128998	0.145432	82.302936	5.104678	2.365062	69.921933	0.070801	0.042015	0.054393	0.13202	135.941933	72.84389	11.109049	2.779385	104.570678	2.661203	0.139802	7.042699	110.073161	176.11433	88.427695	95.798373	2.564236	14.500469	19.204308	105.001399	155.644769	9.889987	15.142363	33.86015	9.396743	10.478386	0.100628	0.021029	25.028841	44.364556	0.106258	19.948662	0.470744	116.838763	51.006831	407.04034	6.670925	18.60553	189.428315	231.329047	89.796028	125.615733	70.794821	0.083022	0.938613	41.082418	0.0	43.583614	85.9967	38.76842	33.675886	1.298355	1.362794	2.466323	63.253204	17.799673	32.987516	137.262015	255.968138	3.614931	0.222846	4.1304	392.46849	1.349575	8.124577	6.653611	5.511031	0.038189	108.130499	4.908271	0.298353	9.596353	0.760683	5.467874	21.372395	21.544541	60.93774	222.552853	100.433296	21.720586	26.818603	124.965823	120.826951	0.491654	31.304176	13.733533	227.075166	1.284045	54.628735	3.964217	67.825701	9.260365	16.628224	40.189821	3.432265	11.733402	3.008098	54.38969	24.123385	181.199489	31.364423	47.349148	5.495864	1.933231	0.063136	0.112206	3.386169
SRR8849284_bin.5	0.0	0.0	0.0	0.0	0.0	0.0	0.0	0.0	0.0	0.0	0.0	0.0	0.0	0.0	0.0	0.0	0.0	0.0	0.0	0.0	0.0	0.0	0.0	0.0	0.0	0.0	0.0	0.0	0.0	0.0	0.0	0.0	0.0	0.0	0.0	29.536714	0.0	0.0	0.0	0.0	0.0	0.0	0.0	0.0	0.0	0.0	0.0	0.0	0.0	0.0	0.0	0.0	0.0	0.0	0.0	0.0	0.0	0.0	0.0	0.0	0.0	0.0	0.508814	0.0	0.0	0.0	0.0	0.0	0.0	0.0	0.0	0.0	0.0	0.0	0.0	0.0	0.0	0.0	0.0	0.0	0.0	0.0	0.0	0.0	0.0	0.191645	0.0	0.0	0.0	0.0	0.0	0.0	0.0	0.0	0.0	0.0	0.0	0.0	0.0	0.0	0.0	0.0	0.0	0.0	0.0	0.0	0.0	0.0	0.031842	0.0	0.0	0.0	0.0	0.094156	0.0	0.0	0.0	0.0	0.0	0.0	0.0	0.0	0.0	0.0	0.0	0.0	0.0	0.0	0.0	0.0	0.0	0.0	0.0	0.0	0.0	0.0	0.0	0.0	0.0	0.0	0.0	0.0	0.0	0.0	0.0	0.0	0.269329	0.0	0.113297	0.0	0.0	0.038262	0.0	0.0	0.0	0.0	0.0	0.0	0.0	0.0	0.0	0.0	0.0	0.0	0.0	0.0	0.0	0.0	0.0
SRR17301545_bin.7	0.0	0.0	0.273586	0.094088	0.158693	0.096707	0.041067	0.0	0.300416	0.0	0.0	4.721715	0.0	0.0	0.067046	0.126421	50.334087	1.747289	16.734451	1.451893	28.078279	8.387099	0.0	0.222446	0.0	0.0	0.338235	0.210134	0.0	0.716185	0.12839	0.046636	0.20696	0.0	0.0	0.0	0.0	0.0	0.0	0.0	0.085289	0.0	0.26732	0.0	0.104469	0.0	1.225596	10.307822	0.156692	0.0	0.0	0.436451	0.716367	1.552613	22.450294	0.0	53.179368	1.563047	0.309656	18.756546	0.07533	1.297372	31.764177	2.966582	0.0	1.762977	0.12983	0.0	1.092224	1.890697	0.307381	0.320538	9.240921	0.0	0.0	0.0	0.175543	0.241803	0.244545	1.47821	0.123855	0.086759	0.191257	0.0	0.070416	1.552334	0.040792	0.076962	5.887485	86.538562	0.289013	1.205756	0.720334	0.232597	5.501939	0.077738	0.044502	0.92783	0.546188	0.0	0.850039	0.0	0.0	3.750404	0.040907	27.572221	2.500635	0.091086	0.681502	14.733118	0.464038	13.123584	1.82472	1.295828	0.339395	0.0	0.239862	0.122853	0.0	0.412443	0.309858	1.662631	0.198856	0.0	0.0	0.0	0.0	0.065593	0.070396	0.111811	1.137016	0.077914	0.0	0.698825	2.293854	3.840552	0.0	0.092577	4.626909	0.0	0.460331	0.0	0.081869	0.0	0.0	0.0	0.242262	0.0	0.162137	1.313984	0.0	0.0	0.073111	0.0	0.0	0.0	0.0	0.145779	0.0	0.299851	0.0	0.0	0.304403	0.0	0.065959	0.046592	0.043051	0.479034	0.0
SRR8849282_bin.11	0.030604	0.083148	0.135084	0.006243	0.033905	0.03749	0.202229	0.123619	0.71782	0.058646	0.0	0.148288	0.083557	0.461191	0.096863	0.069537	0.278884	0.058387	1.345338	0.025924	0.044505	0.054707	0.045292	0.0	0.366687	0.106517	0.124409	0.0	0.10086	91.704633	0.112733	0.527351	0.324464	0.0	0.006882	0.038717	0.0	0.02515	0.101436	0.099042	0.718197	0.0	0.0	0.173168	0.01238	53.388397	0.165529	0.214158	0.656466	0.850967	0.0	0.0	0.0	0.167025	0.05253	0.0	0.231665	0.0	0.0	0.128841	0.011662	0.180388	0.227636	0.060094	0.080272	0.305436	0.788742	0.088688	0.020209	0.0	0.0	0.0	0.018179	0.128356	0.079526	0.673906	0.047127	0.394729	0.605343	0.085781	0.118342	0.144706	0.507906	0.142096	0.0	0.532627	5.600322	0.0	0.134753	0.060556	0.395007	0.017212	0.034896	0.024589	0.030641	0.0	0.045321	0.0	0.774374	0.204973	0.0	0.114134	0.0	0.04453	0.395956	0.0	0.034542	0.0	0.0	95.738689	2.013055	0.031699	0.0	0.0	0.012838	0.307547	0.345401	0.489863	0.036889	0.27659	0.0	0.099242	0.0	0.147036	0.200647	0.327092	0.095145	0.0	0.138229	0.0	0.756985	0.0	0.0	0.075498	0.086413	0.0	0.0	0.746073	0.031616	0.0	0.140478	0.01706	0.098555	0.0	0.438324	0.0	0.033138	0.0	0.083774	0.0	0.22114	0.12716	0.005048	0.052708	0.0	0.012326	0.0	0.068954	0.017987	0.243494	0.056788	0.017373	0.028461	0.094743	0.059875	0.022767	0.608983	0.206361	0.096018
SRR17301534_bin.44	0.078568	0.0	0.110883	0.0	0.0	0.049397	0.0	0.0	0.0	1.471643	0.356476	0.0	0.0	1.018358	0.0	0.0	0.0	0.0	0.0	0.0	0.0	0.0	0.0	0.0	0.0	0.0	0.0	0.0	0.0	0.0	0.06073	0.0	0.0	1.85183	0.0	0.0	0.0	0.0	0.0	0.395477	1.21984	0.0	0.242326	0.0	0.0	0.0	0.0	0.0	0.0	0.0	0.0	0.0	0.0	0.0	0.0	0.0	0.0	0.0	0.0	0.0	0.0	0.0	0.0	0.0	0.0	0.0	0.0	0.0	0.0	0.0	0.0	29.345991	0.0	1.149032	0.0	0.0	0.031962	0.0	0.0	0.0	0.0	0.0	0.053449	0.0	0.0	0.0	0.043185	0.294661	0.0	0.0	0.0	0.0	0.0	0.613794	0.0	0.0	0.0	0.0	0.0	0.0	0.0	0.0	0.0	0.0	0.0	0.0	0.0	0.0	0.0	0.0	0.803448	0.0	0.0	0.0	0.0	0.195981	0.0	0.295602	0.0	0.0	0.0	0.0	0.0	0.0	0.0	1.064321	0.0	0.0	0.0	0.0	0.0	0.0	0.152389	0.0	0.0	0.0	0.102932	1.505615	0.0	0.219685	0.0	0.0	0.0	0.0	0.0	0.034109	0.0	0.0	0.0	0.767231	0.217586	0.049409	0.0	0.5891365	0.0	0.0	0.0	0.211398	0.0	0.965161	0.0	0.0	0.0	0.0	0.0	0.432548	0.02127	0.0	0.0
SRR8849263_bin.5	0.0	0.0	0.0	0.0	0.0	0.0	0.0	0.0	0.0	0.0	0.0	0.018642	0.0	0.0	0.004833	0.0	0.028959	0.005501	0.009563	0.018721	0.239218	0.0	0.0	0.0	0.0	0.0	0.006794	0.0	0.0	0.0	0.0	0.0	0.004147	0.0	0.004184	0.0	0.0	0.040618	0.0	0.026671	0.005677	0.0	0.022654	0.009231	0.005744	0.0	0.486935	0.15205	0.0	0.035378	0.0	0.0	0.021422	0.0	0.016993	0.0	0.0	0.0	0.0	0.0	0.0	0.055918	0.005161	0.005885	0.0	0.0672	0.0	0.03757	0.0	0.388748	0.0	0.022475	0.105318	0.0	0.0	0.0	0.0	0.0	0.0	0.102569	0.0	0.0	0.0	0.0	0.02027	0.0	0.0	0.0	0.0	0.015671	0.0	0.0	0.0	0.0	0.090813	0.0	0.0	0.0112	0.0	0.0	0.149914	0.0	0.0	0.0	0.015921	7.378332	0.0	2.586838	0.006616	0.015991	0.0	0.0	0.0	0.093042	0.0	0.0	0.0	0.010183	0.0	0.017938	0.007238	0.005876	0.0	0.0	0.09207	0.0	0.0	0.0	0.0	0.0	0.0	0.0	0.01282	0.0	0.0	0.0	0.0	0.010716	0.11352	0.006979	0.0	0.027604	0.0	0.005159	0.0	0.0	0.0	0.0	0.0	0.0	0.055008	0.0	0.0	0.0	0.0	0.030294	0.0	0.0	0.0	0.0	0.0	0.0	31.697828	0.0	0.0	0.0	0.007721	0.0	0.0
SRR8849270_bin.12	0.0	0.03763	0.023026	0.0	0.092425	0.0	0.0	0.5278	0.021924	0.363797	0.0	115.17583	0.0	0.197659	0.043655	0.39453	20.765462	3.647594	65.96511	0.289248	0.070349	2.796723	0.0	0.0	0.429876	0.0	0.053883	0.0	0.0	5.336976	0.03355	0.063409	0.053419	0.0	0.096743	0.0	0.0	1.008346	0.01764	0.0	1.596589	0.0	0.039904	0.042542	0.048864	0.044412	2.500553	0.545668	0.769586	0.0	0.197176	0.089929	4.026319	0.605065	0.0	0.0	8.392823	0.024369	0.073262	0.219081	0.058105	4.605951	12.062049	0.0	0.0	2.845817	0.149986	0.0	0.0	3.785284	0.368133	1.395175	7.138763	0.0	0.338503	0.0	0.417149	0.260924	2.68546	1.727361	0.833065	0.8600125000000001	0.272491	0.0	0.116099	1.176277	0.011829	0.029867	6.328568	4.26485	0.025218	0.502108	0.394735	0.623306	0.6850565	21.180529	0.072157	0.116262	0.813657	1.972547	0.1267895	0.0	0.0	0.0	0.0	0.0	0.923782	0.0	1.22509	0.0	0.191074	0.031436	0.097823	0.238016	1.295302	0.035473	0.300925	1.4836624999999999	0.682366	1.582859	0.0	5.60879	1.330561	0.050063	0.0	0.091701	0.133698	0.206909	0.114264	0.0	0.875006	0.0	0.0	0.271072	5.876978	0.094875	0.0	2.198036	0.334081	0.0	6.737861	0.0	0.098763	0.311592	0.037472	0.807871	0.087766	0.120221	0.028362	0.376922	0.030295500000000003	0.045465	0.062797	0.0	0.0	0.025841	0.0	0.038494	0.845974	1.027276	0.0	0.069619	0.016257	0.0	0.16573	0.016709	0.8860945	0.0	0.0
SRR8849281_bin.19	1.937615	3.090331	33.557879	126.013758	62.698593	6.562943	4.61319	10.902641	27.624272	4.966043	16.132698	0.039626	1.445241	9.041102	9.481765	0.335711	0.256295	0.256844	0.101947	47.377935	0.069038	0.343343	0.387304	2.683707	20.587823	8.986157	4.69507	0.0	5.722125	0.90636	64.116411	107.475108	26.510796	33.942655	5.706408	23.741564	7.98335	9.84716	41.516557	2.425888	51.244222	29.823508	3.50012	6.447954	32.650445	239.000501	0.388089	0.149689	5.142763	12.337151	0.070229	0.022621	0.097767	0.106772	0.039876	8.308486	0.097255	0.025283	0.270684	2.632583	64.354669	67.540896	0.185774	0.049972	0.544247	0.134636	7.172314	8.648567	0.124184	0.19503	32.338539	0.162494	0.118734	13.78767	14.785216	11.985447	16.090999	29.566011	63.04201	0.229674	10.400405	0.40895	4.862889	17.173494	3.414638	0.208576	23.392545	37.961926	0.07176750000000001	0.036047	72.392726	1.074248	0.153924	46.907083	0.252707	27.52684	20.388136	16.370925	4.499224	21.12014	0.264732	10.937485	12.421818	31.582094	16.781479	0.170198	0.209803	52.716772	0.049246	0.32963	27.162339	0.345465	10.404175	9.582609	30.386363	5.323087	14.007704	3.938298	9.433632	15.978522	11.713533	140.811429	0.072066	10.763778	22.215513	2.086986	4.752017	0.970166	0.0	0.0	0.216237	5.264585	25.259099	36.605268	3.145767	17.910024	7.450225	54.110442	156.622295	5.725456	16.990982	6.845476	0.0	0.10243	36.812862	3.391804	5.717467	2.095585	21.722795	14.676843	13.57041	2.659114	12.696435	19.272709	0.105668	83.357734	3.330948	12.072961	16.148163	53.82913	35.639702	36.739637	48.003796	0.140786	247.139882	12.166166	4.775128	1.51632	0.019356
SRR17301535_bin.22	0.0	0.0	0.032407	0.036465	0.029192	0.032183	0.037559	0.0	0.060193	0.042935	0.0	0.0	0.0	0.023821	0.054809	0.041443	88.422254	0.0	0.0	0.020914	0.0	0.348299	0.0	0.0	0.020842	0.0	0.0	0.0	0.0	0.0	0.028906	0.068847	0.019513	0.038315	0.028316	0.0	0.0	0.022999	0.011658	0.0	0.046999	0.032783	0.028328	0.0	0.037406	0.037035	0.123303	0.0	0.0	0.0	0.0	0.0	0.0	0.0	0.0	0.0	0.052951	0.0	0.0	0.030845	0.025984	0.039784	0.0	0.0	0.0	0.113719	0.017339	0.034801	0.01929	0.0	0.029455	0.058576	53.618944	0.042178	0.0	0.034474	0.066296	0.010398	0.011792	0.037505	0.023824	0.013442	0.021258	0.015265	0.0	0.214355	0.043888	0.096836	0.0	0.0	0.141067	0.0	0.0	0.088618	0.10612	0.030185	0.042955	0.0	0.0	0.015783	0.032176	0.0	0.0	0.011247	0.014094	0.0	0.082994	0.025201	0.016513	0.0	0.088459	4.578555	0.033101	0.048417	0.049765	0.020212	0.035669	0.0	0.021059	0.01566	0.0	0.06111	0.069113	0.0	0.0	0.046516	0.0	0.0	0.0	0.0	0.057469	0.0	0.161268	0.10814	0.075547	0.035541	0.038214	0.059436	0.054423	0.056731	0.0	0.017201	0.0	0.018836	0.0598	0.0	0.0	0.0	0.049784	0.01802	0.055444	0.016483	0.040249	0.023713	0.01723	0.02806	0.0	0.037166	0.02476	0.047780500000000004	0.045231	0.0	0.0	0.0	0.0	0.019977	0.0	0.0	0.0
SRR8849222_bin.9	0.966467	0.510319	0.0	0.0	2.511317	0.125755	0.0	0.0	0.104049	0.186028	0.641681	0.639512	0.0	2.355973	0.242404	3.406065	0.0	0.242482	0.0	0.186084	0.938456	0.0	0.0	0.0	0.621228	0.0	14.747745	0.564592	14.464128	0.0	0.920346	12.420856	0.0	1.049997	0.0	0.0	0.0	1.650394	1.255148	0.407982	0.160219	0.125564	0.0	0.0	5.262912	0.332314	1.336325	3.989615	0.0	0.70442	0.0	1.617428	3.26284	0.845811	55.875947	0.0	0.987382	0.0	0.984002	0.0	1.510641	0.0	0.0	1.816878	0.0	143.909286	0.470053	0.0	0.0	31.054375	0.287542	0.0	0.0	0.192965	0.0	0.0	0.14262	11.945831	0.139189	25.496502	0.0	0.0	0.486193	0.0	0.533801	0.0	0.0	0.0	4.830621	11.014736	0.277027	0.0	0.0	0.0	0.133224	0.0	17.485026	0.099995	0.0	0.138997	1.082924	4.554718	0.766067	15.85933	0.739611	0.0	0.0	6.817193	0.0	0.184068	0.0	1.078653	0.0	0.0	0.0	4.033769	0.0	0.0	0.0	2.840472	10.654556	1.266151	0.0	10.140586	1.050418	0.722586	6.158408	1.255513	0.0	0.0	0.0	6.545542	3.737268	0.0	0.0	0.0	0.169991	0.0	0.0	0.0	0.0	0.837937	0.0	0.0	0.927909	0.0	4.101213	0.797228	16.687276	0.0	2.04694	9.326498	0.0	0.167519	0.434114	2.658037	12.589807	0.0	0.0	0.0	3.280904	0.0	0.38097	0.0	0.0	0.103185	0.0	0.145415	0.149348
SRR8849280_bin.7	0.168981	0.106538	1.093777	7.279115	7.839384	3.580916	12.129395	1.668717	1.789296	1.763007	1.534886	0.019052	0.10607	0.076143	17.991678	4.849038	0.202581	0.032465	0.016381	0.066513	0.0	0.384858	0.083427	0.07048	0.104481	0.032032	0.00612	0.0	0.061299	5.878175	2.511172	29.180525	4.699049	3.376896	0.550603	2.932875	3.233499	1.238653	0.060096	3.554484	3.278558	8.403228	6.626992	0.479535	4.203716	0.088926	3.09177	0.032788	1.62575	2.522374	1.191985	0.0	0.021043	0.0	0.0	0.837378	0.01243	0.0	0.166522	2.147026	4.981344	1.131	0.027348	0.0	0.0	0.038193	2.321087	4.046059	1.339899	0.024212	6.146931	2.766826	0.017855	1.530494	0.79494	3.447404	6.335151	1.873729	0.609333	18.854235	16.313299	1.022527	1.634746	4.417633	0.244316	1.0112	3.834148	3.700813	0.0	0.0	10.488196	0.058324	0.0	10.862858	0.148633	13.249603	8.41511	3.421785	0.021805	3.591391	4.006503	1.307335	2.917382	0.144462	2.801306	0.0	2.139258	1.280435	0.0	0.136682	7.156042	0.04172	3.022031	1.880726	1.264819	2.306988	5.489889	0.899777	5.041441	0.036663	0.022727	2.17354	10.21309	0.093911	1.074107	2.224987	0.008759	0.0	0.0	0.0	9.463554	0.0	3.453031	10.413223	10.003043	2.563494	5.091547	2.607452	5.166982	2.690766	0.671338	1.721927	0.683237	3.553294	23.140487	0.497783	0.813486	1.751096	4.392395	3.895081	6.626944	0.170043	6.583145	3.423655	1.061696	9.018552	0.899096	14.065961	6.739428	4.849286	1.985547	2.868757	0.061291	0.197625	0.037387	2.5011	9.339833	0.070696	0.148014
SRR8849280_bin.10	0.0	0.0	0.021494	0.031912	0.82794	0.050343	0.0	0.0	0.015872	0.0	0.0	0.0	0.0	0.0	0.0	0.1300815	0.0	0.0	0.0	0.195899	0.113973	0.0	0.0	0.0	0.029694	0.0	0.017351	0.0	0.017255	0.0	0.283783	41.591259	0.0	0.203465	0.0	0.0	0.0	0.026976	0.071094	0.0	0.07358	0.015955999999999998	0.0	0.0	0.080105	0.661831	0.305974	0.0	0.0	0.0	0.0	0.0	0.0	0.0	0.0	0.0	0.0	0.0	0.0	0.0	0.0	0.109294	4.232161	0.0	0.0	0.0	0.070526	0.419281	0.0	0.0	0.0	0.0	0.0	0.0	0.0	0.0	0.0	0.0	0.0	0.0	0.0	0.0	0.0	0.0	0.0	1.440702	0.103401	0.06187	0.0	0.0	1.67748	0.030137	0.0	0.0	0.0	0.055153499999999994	0.0	0.0	0.132332	0.0	0.0	0.26864	0.0	0.0	0.0	0.0	0.051392	0.630591	8.86257	0.0	0.374961	0.0	0.119471	5.832183	0.274842	0.0	0.0	0.0	0.02255	0.0	0.0	0.04304	0.0	0.0	0.0	0.0	0.0	0.012038	0.0	0.0	0.043661	0.0	3.1332	0.197688	0.351991	0.0	0.163675	0.063883	0.0	0.0	0.0	0.080117	0.0	0.0	0.41408	0.0	0.199853	0.052456	0.058873	0.0	0.0	0.018455	0.052595	0.110919	0.972153	0.066774	0.0	0.0	0.0	0.0	0.0	0.0	0.085199	0.0	0.027683	0.0	0.028945	0.0	0.011859
SRR8849284_bin.3	0.0	0.0	0.0	0.0	0.0	0.0	0.0	0.0	0.0	0.0	0.0	0.0	0.0	0.0	0.0	0.0	0.0	0.0	0.0	0.0	0.0	0.0	0.0	0.0	0.0	0.0	0.0	0.0	0.0	0.0	0.0	0.0	0.0	0.0	0.0	266.991242	0.0	0.0	0.0	0.0	0.0	0.0	0.0	0.0	0.0	0.0	0.0	0.0	0.0	0.0	0.0	0.0	0.0	0.0	0.0	0.0	0.0	0.0	0.0	0.0	0.0	0.0	0.0	0.0	0.0	0.0	0.0	0.0	0.0	0.0	0.0	0.0	0.0	0.0	0.0	0.0	0.0	0.0	0.0	0.0	0.0	0.0	0.0	0.0	0.0	0.0	0.0	0.0	0.0	0.0	0.0	0.0	0.0	0.0	0.0	0.0	0.0	0.0	0.0	0.0	0.0	0.0	0.0	0.0	0.0	0.0	0.0	0.0	0.0	0.0	0.0	0.0	0.0	0.0	0.0	0.0	0.0	0.0	0.0	0.0	0.0	0.0	0.0	0.0	0.0	0.0	0.0	0.0	0.0	0.0	0.0	0.0	0.0	0.0	0.0	0.0	0.0	0.0	0.0	0.0	0.0	0.0	0.0	0.0	0.0	0.0	0.0	0.0	0.0	0.0	0.0	0.0	0.0	0.0	0.0	0.0	0.0	0.0	0.0	0.0	0.0	0.0	0.0	0.0	0.0	0.0	0.0	0.0	0.0
SRR17301517_bin.8	0.35937	1.035297	17.234019	12.546674	15.586496	10.490806	16.004083	1.486204	5.267295	9.081656	8.798767	0.0	1.96557	0.084326	20.864968	79.456197	0.110726	17.788693	0.084469	40.871555	0.0	10.729854	1.093271	1.082632	0.546021	0.111835	1.382256	0.0	0.118024	32.84915	2.709013	30.354757	10.901241	7.288919	2.219472	5.099531	6.614673	6.4187085	6.069473	6.864106	9.815659	3.180007	4.159008	4.246298	6.9013325000000005	14.478383	7.659797	83.4522	5.956915	29.284326	6.396153	11.678295	1.594835	4.896805	5.671716999999999	6.498844	11.966175	1.815738	0.240708	71.023013	6.868067	8.492046	0.48746	0.065072	0.0	24.620344	1.670008	4.329446	29.628616	1.747063	32.883426	53.022476	0.06373	2.967654	7.654581	1.486784	16.839992	2.911253	9.302571	6.396251	14.388155	2.722071	8.408318	8.095801	2.105141	88.573592	23.036279	8.847331	0.102214	0.0	22.357598	19.114094	3.849756	58.895387	210.817868	7.259649	12.160779	7.26981	0.316539	7.465365	5.877038	6.394808	3.061801	8.559898	5.414571	0.182047	65.832102	4.610981	0.0	59.271184	105.247299	0.115701	61.480605	45.151497	3.754038	3.097222	23.298047	2.766917	1.840541	9.016115	1.872689	42.923654	4.86477	0.100376	1.559975	6.940656	0.142372	0.36476	0.834971	0.0	26.96341	0.116026	21.806381	92.050498	10.375488	4.367796	3.564263	9.636636	80.02483	3.290068	3.675336	1.729244	0.996602	11.365935	14.169506	6.2719515	2.411589	1.759685	13.72284	4.270056	12.768351	0.724927	11.523121	6.849491	7.267587	13.706731	2.711828	7.206229	93.408065	15.283046	5.922116	7.452527	0.820592	0.164568	6.727704	4.426331	3.941044	6.015381	0.717604
SRR8849287_bin.9	0.00304	0.0	0.016141	0.010402	0.002926	0.009225	0.018625	0.0	0.053521	0.0	0.011449	0.0	0.003623	0.0	0.10836	0.008208	0.0	0.0	0.0	0.084294	0.0	0.041483	0.0	0.011006	0.0	0.011671	0.0	0.0	0.01345	0.017009	0.037043	0.01782	0.0	0.051372	96.384385	0.005487	0.142961	0.034939	0.361101	0.0	0.025241	0.002176	0.005521	0.034805	0.0	0.002295	0.0	0.0	0.010537	0.008103	0.005417	0.0	0.004356	0.433173	0.0	0.0	0.06886	0.0	0.0	0.005225	0.018559	0.004518	0.0	0.0	0.0	0.0	0.0	0.013257	0.0	0.0	0.12087	0.628999	0.0	0.112796	0.0	0.107095	0.01573	0.021175	0.005397	0.029342	0.003254	0.003615	0.015542	0.008833	0.003417	0.007475	0.00498	0.288655	0.0	0.0	0.026413	0.00227	0.0	0.031686	1.735123	0.005081	0.0	0.0	0.0	0.015071	0.003602	0.019241	0.360833	0.0	0.004068	0.0	0.058452	0.0	0.0	0.0	0.484072	0.0	0.016899	0.810242	0.021724	0.215608	0.008675	0.0	0.0	0.001719	0.0	0.015595	0.0	0.052535	0.0	0.058843	0.003616	0.00429	0.0	0.0	0.003189	0.0	0.119781	0.146664	0.128731	0.477516	0.179376	0.017081	0.006899	0.114818	0.019906	0.013794	0.0	0.004095	0.082195	0.003178	0.007603	0.0	0.028312	0.016882	0.076247	0.0	0.127314	0.102554	0.015506	0.027698	0.0	0.235158	0.002205	0.109441	0.011218	0.049579	0.014413	0.0	0.003367	0.006229	0.006651	0.0	0.0
SRR8849243_bin.17	0.185655	0.059186	1.190519	0.024148	0.079246	0.191929	0.092562	0.152551	0.087247	9.431075	0.711695	0.0	0.036668	0.172452	0.288699	0.0	0.141752	0.0	0.0	0.0	0.0	0.036229	0.0	0.051717	0.079319	0.075846	0.201845	0.0	0.351022	0.76756	0.072981	0.017974	0.0	0.101817	0.146592	0.0	0.089491	0.071417	0.0	0.168267	0.2644655	0.206918	0.10488	0.051379	0.851334	0.042205	0.0	0.076893	0.0	0.0	0.053844	0.0	0.0	0.0	0.0	0.085277	0.02464	0.0	0.0	0.047025	0.20998	0.101445	0.0	0.0	0.0	0.0	0.055269	0.011239	0.039117	0.0	0.024917	0.72062	0.0	1.257204	0.0	0.0853	0.083165	0.050922	0.122123	0.047679	0.138319	0.033692	0.136878	0.0	0.026205	0.140638	0.532624	0.246197	0.0	0.0	0.298161	0.011456	0.0	0.048152	0.008936	0.107195	0.014769	0.0	0.0	0.184363	0.047872	0.953828	0.12458	0.055097	0.03104	0.0	0.091591	0.051275	0.0	0.0	0.118848	0.0	0.073767	0.098603	0.674811	0.178312	0.100453	0.015031	0.115017	0.0	0.0	0.970202	0.036092	0.10512	0.035349	0.333652	0.101199	0.023612	0.0	0.0	0.104906	0.0	21.817246	0.111999	0.109815	1.402862	0.443778	0.245727	0.050193	46.059681	0.300959	0.179716	0.0	0.049031	0.110709	0.0	0.076872	0.0	0.073072	0.194953	1.549059	0.059358	0.139954	0.900038	0.179429	0.160809	0.117631	16.959993	0.106157	0.089686	0.091294	0.010017	0.0	0.0	0.0	0.256673	0.173703	0.055399	0.0
SRR17301534_bin.9	14.609995	49.051742	14.531937	0.02821	3.13964	8.195862	6.826647	3.019059	10.931714	12.9734	2.283843	7.640048	13.519671	75.426281	2.281466	0.087315	0.37344	55.813766	1.864232	10.600966	5.362496	0.457317	107.527613	2.603523	11.060341	1.620981	63.591655	4.655048	31.634861	0.477823	9.188195	0.99916	2.995661	0.5096315	1.724967	0.826562	15.31587	13.702162	11.760671	26.859054	2.10986	15.535392	39.251833	2.361194	13.037201	5.703091	0.968364	0.316049	34.314577	68.571141	4.879412	7.832208	36.694602	32.227863	651.378751	43.058766	2.019759	44.811582	3.157342	2.858899	26.264266	29.991205	3.981777	5.290713	0.34285	16.019606	74.652533	0.04632	2.739374	160.16734350000002	1.345737	64.348637	0.991559	10.654949	1.78274	89.985759	8.021748	2.253658	1.523336	12.836412	11.425355	34.949294	17.437534	29.522951	15.236255	42.199316	4.425775	6.13968	1.220741	1.457628	9.296033	44.748767	0.629836	11.16458	0.141426	35.184296	19.543215	2.013191	87.117672	92.35054	61.391572	12.8423	17.58192	1.559915	1.886333	0.11821	5.793868	0.12815949999999998	22.994469000000002	3.048707	11.855622	0.431061	12.303091	0.525344	0.326676	16.291554	2.164618	5.470297	2.350752	44.242334	16.535042	30.301098	19.498616	95.867554	0.696436	20.941965	16.62356	37.6750245	5.6949	21.924249	49.037582	3.101508	3.639634	6.031745	65.617172	6.131547	1.323175	2.578208	0.539101	22.487709	31.053588	0.7212	2.607887	2.397894	2.815406	8.091306	2.492173	3.904909	2.110002	3.877006	3.981599	18.754715	20.4571	4.437429	3.284053	0.6291905	18.428488	5.424065	2.415928	0.952092	3.637968	10.186392	0.260924	0.202802	0.376987	11.689272	75.789419	2.210603	23.535515
SRR8849243_bin.54	0.008817	0.0	0.095976	0.0	0.005058	0.035915	0.013706	0.020801	0.033324	0.074934	0.931625	0.0	0.008857	0.040866	0.022306	0.0049	0.190808	0.003971	0.003424	0.016266	0.0	0.017602	0.016177	0.0	0.00483	0.006632	0.010448	0.0	0.031832	0.014093	0.023497	0.006464	0.0	0.061282	0.042448	0.0	0.027557	0.024763	0.0	0.076021	0.072619	0.007093	0.035866	0.017434	0.025367	0.024225	0.0	0.015081	0.0	0.0	0.012306	0.0	0.0	0.0	0.0	0.0	0.0	0.005721	0.004655	0.0	0.013396	0.024128	0.0	0.0	0.0	0.0	0.022661	0.0072	0.005513	0.0	0.002668	0.067105	0.0	0.071599	0.0	0.0	0.053831	0.087341	0.023458	0.070066	0.017575	0.01767	0.020033	0.00233	0.0	0.020105	0.050445	0.04428	0.005121	0.0	0.037554	0.009138	0.006873	0.021868	0.032332	0.009128	0.027722	0.0	0.0	0.007871	0.0	0.0	0.02064	0.002409	0.00462	0.0	0.00549	0.004545	0.0	0.003901	0.048601	0.0	0.007693	0.073083	0.099528	0.050905	0.031559	0.021192	0.013714	0.002492	0.0	0.019528	0.032684	0.004355	0.01738	0.050418	0.0	0.0	0.0	0.02554	0.025271	0.0	0.287537	0.053838	0.053592	0.221575	0.0566	0.057265	0.008807	93.852314	0.015153	0.022381	0.010005	0.017233	0.042086	0.031078	0.102917	0.005758	0.005483	0.027798	0.038191	0.004198	0.045482	0.0477	0.018923	0.025702	0.037895	0.03376	0.041429	0.027304	0.013526	0.0	0.003868	0.0	0.0	0.06806	0.01225	0.0	0.017269
SRR8849200_bin.25	17.171415	0.265493	76.403097	14.070546	240.21301	274.9243	48.066801	14.405193	203.251157	157.336456	19.490001999999997	0.113248	0.993585	1.774936	0.47633	0.076539	0.044901	0.0	0.0	0.2785205	0.0	0.0	0.0	22.600374	76.9636	0.367855	8.1650975	0.0	4.308383	3.3426985	7.266705	158.8748555	0.0	120.294228	17.827228	48.6359445	128.819406	26.491749	85.7379475	23.744686	0.116404	428.196858	37.568509	16.222896	7.100116	0.060653	0.232777	0.0	43.020446	155.098327	185.658052	22.477407	0.0	0.0	0.0	0.368907	0.0	0.0	0.0	8.270062	128.913103	10.841152000000001	0.0	0.0	0.0	0.0	23.209670000000003	227.929712	0.0	0.0	23.395724	5.772794	0.0	95.598233	0.0	66.967134	198.69966349999999	149.9563205	0.6590425	1.951129	64.19041	79.1794685	108.865163	19.364234	0.0	0.0231025	26.307663	17.642985	0.0	0.0	11.152438	0.091223	0.0	32.619483	51.163894	35.756155	1.103327	0.694815	0.2069585	180.64637	123.7301465	52.599707	26.967278999999998	56.643858	211.980333	0.0	0.071511	63.507383	0.0	0.0	65.466021	0.2277	0.0	2.369925	142.3805725	43.10555	1.840564	0.123021	87.80996	0.161913	0.356551	7.1875325	357.443222	0.74673	14.956172	17.907256	1.426858	8.143674	0.0	0.0	0.0	2.568711	27.7157	78.2635165	27.741745	12.181635	128.838283	0.0	1.791338	104.019872	2.666656	64.8767775	0.0	286.810626	59.5554845	15.402927	239.72108450000002	84.2464375	58.871821	35.186944	16.747573	10.2270895	156.019972	147.664051	13.895899	58.293428	15.88497	36.997097	181.611635	307.08997	225.91680300000002	24.881963	77.048589	29.085277	0.314358	60.435324	0.0	0.6938825	2.935615
SRR8849263_bin.4	0.0	0.0	0.0	0.0	0.337084	0.102025	0.0	0.0	0.0	0.0	0.0	0.0	0.0	0.0	0.0	0.0	0.0	0.0	0.0	0.0	0.0	0.0	0.0	0.0	0.0	0.0	0.0	0.0	0.0	0.0	0.0	0.0	0.0	0.0	0.0	0.0	0.0	0.0	0.0	0.0	0.0	0.0	0.0	0.0	0.0	0.304547	0.143066	0.0	0.0	0.0	0.0	0.0	0.0	0.0	0.0	0.0	0.0	0.0	0.0	0.0	0.0	0.0	0.242364	0.0	0.0	0.0	0.0	0.36063	0.0	0.0	0.0	0.0	0.0	0.0	0.0	0.0	0.0	0.0	0.0	0.0	0.0	0.0	0.0	0.0	0.0	0.0	0.0	0.0	0.0	0.0	0.23489	0.0	0.0	0.0	0.0	0.0	0.0	0.0	0.026684	0.0	0.0	0.0	0.0	0.0	0.0	0.0	0.0	7.538282	0.635428	0.0	0.0	0.0	0.0	1.877231	0.050082	0.0	0.0	0.0	0.0	0.0	0.0	0.0	0.0	0.0	0.0	0.0	0.0	0.0	0.0	0.0	0.0	0.0	1.292115	0.0	0.0	0.0	0.045882	0.0	0.0	0.0	0.0	0.0	0.0	0.0	0.24639	0.0	0.0	0.0	0.0	0.0	0.0	0.0	0.0	0.0	0.49833	0.0	0.0	0.0	0.0	0.0	0.0	0.0	60.574798	0.0	0.0	0.0	0.0	0.0	0.0
SRR8849283_bin.16	0.0	0.0	0.0	0.0	0.0	0.239479	0.0	0.0	0.0	0.0	0.0	0.0	0.0	0.0	0.0	0.0	0.0	0.0	0.0	0.0	0.0	0.0	0.0	0.0	0.0	0.653564	0.0	0.0	0.0	0.0	19.289615	0.0	0.0	0.0	0.0	0.0	0.0	0.0	0.0	0.0	0.0	0.0	0.0	0.0	0.0	0.0	0.0	0.0	0.0	0.0	0.0	0.0	0.0	0.0	0.0	0.0	0.0	0.0	0.0	0.0	0.0	0.0	0.0	0.0	0.0	0.0	0.0	0.0	0.0	0.0	0.0	0.0	0.0	0.0	0.0	0.0	0.0	0.0	0.0	0.0	0.0	0.0	0.0	0.0	0.0	0.0	0.0	0.0	0.0	0.0	0.0	0.0	0.0	0.0	0.0	0.0	0.205354	0.0	0.0	0.0	0.0	0.193097	0.0	0.0	0.0	0.0	0.0	0.0	0.0	0.0	0.0	0.0	0.0	0.0	0.0	0.0	0.0	5.075653	0.0	0.0	0.0	0.0	0.0	0.0	0.0	16.855269	0.0	0.0	0.0	0.0	0.0	0.0	32.137567	0.0	0.0	16.473114	0.0	0.0	0.0	0.0	0.0	2.948263	0.0	0.0	0.0	0.0	0.0	0.0	0.0	0.0	0.0	0.0	0.0	0.0	0.0	0.286144	0.0	0.0	0.0	0.0	0.0	0.0	0.0	0.0	0.0	0.0	0.0	0.0	0.0
SRR8849286_bin.10	0.0	0.0	0.0	0.0	0.0	0.0	0.0	0.0	0.0	0.0	0.0	0.0	0.0	0.0	0.0	0.0	0.0	0.0	0.0	0.0	0.0	0.0	0.0	0.0	0.0	0.0	0.0	0.0	0.0	0.0	0.0	0.0	0.0	61.462323	0.0	0.0	0.0	0.0	0.0	0.0	0.0	0.0	0.0	0.0	0.0	0.0	0.0	0.0	0.0	0.0	0.0	0.0	0.0	0.0	0.0	0.0	0.0	0.0	0.0	0.0	0.0	0.0	0.0	0.0	0.0	0.0	0.0	0.0	0.0	0.0	0.0	0.0	0.0	0.0	0.0	0.0	0.0	0.0	0.0	0.0	0.0	0.0	0.0	0.0	0.0	0.0	0.0	0.0	0.0	0.0	0.0	0.0	0.0	0.0	0.0	0.0	0.0	0.0	0.0	0.0	0.0	0.0	0.0	0.0	0.0	0.0	0.0	0.0	0.0	0.0	0.0	0.0	0.0	0.0	0.0	0.0	0.0	0.0	0.0	0.0	0.0	0.0	0.0	0.0	0.0	0.0	0.0	0.0	0.0	0.0	0.0	0.0	0.0	0.0	0.0	0.0	0.0	0.0	0.0	0.024428	0.0	0.0	0.0	0.0	0.0	0.0	0.0	0.0	6.25513	0.0	0.0	0.0	0.0	0.0	0.0	0.0	0.0	0.0	0.0	0.0	0.0	0.0	0.0	0.0	0.0	0.0	0.0	0.0	0.0
SRR17301533_bin.30	0.044193	0.0	1.767861	0.0	0.071989	0.217575	0.0	0.0	0.0	3.006339	0.222663	0.0	0.0	1.171157	0.930763	0.0	0.0	0.0	0.0	0.0	0.0	0.0	0.0	0.0	0.0	0.0	0.0	0.0	0.946158	0.0	0.0	0.0	0.0	0.691202	0.201103	0.520375	0.132656	0.013958	0.0	0.0	0.0	0.0	0.0	0.0	0.0	0.0	0.0	0.0	0.0	0.807099	0.0	0.0	0.0	0.0	0.0	0.0	0.0	0.0	0.0	0.0	0.402629	0.0	0.0	0.0	0.0	0.0	46.690543	0.0	0.0	0.0	0.0	0.053734	0.0	0.048636	0.0	0.0	2.073613	0.0	0.0	1.659245	0.745914	0.0	0.023232	0.0	0.0	0.0	0.0	10.824347	0.0	0.0	0.158916	0.0	0.0	0.568668	0.0	0.0	0.0	0.0	0.0	0.0	0.238901	0.0	0.034911	0.0	3.76998	0.0	0.423292	0.0	0.0	0.0	0.0	0.0	0.0	1.826796	0.030318	0.142774	0.0	0.0	0.070524	0.0	0.0	0.0	8.250233	0.0	0.0	0.12481	0.0	0.0	0.0	0.0	0.0	0.0	0.855191	0.0	0.0	0.0	0.0	0.0	0.055437	0.089703	0.0	0.0	0.0	0.0	0.101576	0.0	0.130616	0.0	0.341594	0.0	0.159803	0.500104	0.335975	0.052588	0.0	0.021186	0.0	0.223828	0.0	0.0	0.03281	0.0	0.0	0.0	0.0	0.475686	0.0	0.0	0.0
SRR17301513_bin.13	0.0	0.0	0.0	0.0	0.0	0.0	0.0	0.0	0.0	0.0	0.0	0.0	1.855249	0.0	0.0	43.56265	4.1644745	0.0	0.0	0.0	0.0	0.0	0.0	0.0	0.0	0.0	0.0	0.0	0.0	0.0	0.0	0.0	0.0	0.0	0.0	0.0	0.0	0.0	0.0	0.0	0.0	0.0	0.0	0.0	0.0	0.0	0.0	7.809429	0.0	0.0	0.0	0.0	0.0	0.0	0.0	0.0	0.0	0.0	0.0	0.3891285	0.0	0.0	0.0	0.0	0.0	0.0	0.0	0.643678	0.0	0.0	0.0	0.0	0.0	0.0	0.0	0.0	0.0	0.0	0.0	0.0	0.0	0.0	0.0	0.0	0.0	0.0	0.0	0.0	0.72471	0.0	7.002547	0.0	0.0	0.0	0.0	0.0	0.0	0.0	0.0	0.0	0.0	0.0	0.0	0.0	0.02944	0.0	3.417092	0.0	0.0	0.0	0.0	0.0	0.0	0.0	0.0	0.0	0.0	0.0	0.0	0.0	0.0	0.0	0.0	0.0	0.0	0.0	0.0	0.0	0.0	0.0	0.0	0.0	0.0	0.0	0.0	0.0	0.0	0.0	0.0	0.0	0.0	0.0	0.0	0.0	0.0	0.0	0.0	0.0	0.0	0.0	0.099505	0.0	0.0	0.0	0.106666	0.0	0.0	0.0	0.0	0.0	0.0	0.0	0.0	0.0	0.0	0.0	0.0	0.0	0.0
SRR17301519_bin.26	0.0	0.0	0.031024	0.017516	0.0	0.0	0.033498	1.543347	0.031674	0.0	0.0	0.0	0.651523	0.0	0.018451	0.020217	0.0829	8.041225	0.0	0.0	0.0	74.169188	0.0	0.0	1.251916	0.0	0.0	0.0	0.0	0.0	0.022804	0.0	0.0	0.0	0.018063	0.0	6.733292	0.429933	0.0	1.111763	0.0	0.0	0.0	0.0	0.0	0.030562	0.0	0.0	0.227646	0.0	0.0	0.967304	0.0	0.009658	0.0	0.0	0.714299	0.0	0.0	0.0	0.0	0.03228	0.0	0.0	0.0	0.0	0.0	0.0	0.0	0.0	0.273519	0.020768	0.0	0.02722	0.870536	0.0	0.063177	0.0	0.0	0.0	0.0	0.0	0.010631	0.0	0.0	0.01424	0.035801	0.035565	0.0	0.0	0.064193	0.0	0.0	0.046699	0.0	0.021258	0.035451	0.0	0.0	0.0	0.018427	0.0	0.0	0.0	0.0	0.0	0.027551	0.0	0.0	0.0	0.046166	0.0	0.0	0.025197	0.0	0.024896	0.020178	0.0	0.0153	0.0	0.0	0.055585	0.124419	0.0	0.0	0.0	0.0	0.0	0.0	0.0	0.016289	0.0	0.090902	0.067726	0.0354	0.029908	0.026888	0.0	0.051652	0.030729	0.0	0.0	0.0	0.00715	0.061064	0.261961	0.01129	0.0	0.021924	0.266541	0.036831	0.0	8.098419	0.035575	0.0	0.024965	0.0	0.040061	0.0	0.028241	1.158403	0.0	0.0	0.0	0.0	0.0	0.0	0.0	0.0
SRR8849258_bin.30	0.0	0.0	0.0	0.0	0.0	0.0	0.0	0.0	0.0	0.0	133.6539435	0.029512	0.0	0.0	0.0	0.032463	0.029851	0.0	0.0	0.0	0.0	0.0	0.0	0.0	0.0	0.0	0.0	0.0	0.0	0.0	0.0	0.0	0.0	0.0	0.0	5.426606	0.0	174.325745	0.0	0.0	0.0	0.0	0.0	0.0	0.0	0.0	0.0	0.0	0.0	0.0	0.0	0.0	0.0	0.0	0.09471	0.0	0.0	0.0	0.0	0.0	0.0	0.0	0.0	0.0	0.0	0.0	0.0	0.0	0.0	0.0	0.0	0.0	0.0	0.0	0.0	0.0	0.0	0.0	0.0	0.0	0.0	0.0	0.0	0.0	0.0	0.0	0.0	0.0	0.0	0.0	98.294996	0.026971	0.0	0.0	0.0	92.397772	0.033804	0.0	0.0	0.0	0.0	0.071942	0.0	0.0	0.0	0.0	0.0	0.0	0.0	0.0	0.075032	0.0	0.0	0.0	0.0	0.0	0.0	0.0	0.0	0.0	0.0	0.178715	0.0	0.0	0.0	0.0	0.0	0.0	0.0	0.0	0.0	0.0	0.0	0.0	15.84728	0.0	305.885704	0.0	0.0	0.0	0.0	0.0	0.0	0.0	0.019537	0.0	0.0	0.0	0.0	0.0	0.0	0.0	0.0	0.0	0.087936	66.596388	0.0	0.0	0.0	0.0	0.0	0.029906	0.0	0.0	0.0	0.0	0.0	0.0	0.0
SRR8849213_bin.39	0.0	0.0	0.021703	0.004162	0.0	0.015961	0.018378	0.0	0.01334	0.015455	0.029906	0.0	0.0	0.0	0.012946	0.014512	0.502107	0.004188	0.0	0.010377	0.0	6.662926	0.0	0.096572	0.0	0.0	0.0	0.0	0.0	0.110351	0.011402	0.0	0.00618	0.0	0.016542	0.0	0.044835	0.009806	0.008788	0.0	0.019901	0.0	0.004648	1e-06	0.005893	0.010003	0.0	0.0	0.111763	0.0	0.0	0.0	0.0	0.123594	0.0	0.0	0.0	0.0	0.0	0.017397	0.016572	5.997241	0.0	0.0	0.007254	0.0	0.004972	0.0	0.0	0.0	0.0	0.057111	0.0	0.028433	0.0	0.0	0.014188	0.071977	82.73388299999999	0.012096	0.015243	0.00739	0.013728	0.0	0.0	0.010453	0.0	0.022647	0.0	0.022015	0.024161	0.009891	0.0	0.014894	0.097745	0.015858	0.018264	0.0	0.0	0.0	0.01857	0.0	0.0	0.147784	0.004527	0.0	0.029396	0.010896	0.0	0.0	0.019656	0.036234	1.183855	0.0	0.019695	0.007156	0.020449	0.0	0.014024	0.067339	0.0	0.02327	0.009729	0.0	0.0	0.021406	0.0	0.0	0.0	0.0	0.008253	0.0	0.045255	0.026769	0.021173	0.028209	0.021104	0.02794	0.346082	0.011023	0.036548	0.004527	0.015213	0.006326	0.022131	0.0	0.057154	0.0	0.0	0.042427	0.016669	0.0	0.03336	0.012194	0.0	0.020047	0.0	0.025211	0.007936	0.039733	0.010706	0.0	0.019863	0.012935	0.018617	0.009881	0.02112	0.0	0.0
SRR8849240_bin.29	0.0	0.0	0.048433	0.0	0.0	0.033579	0.034992	0.0	0.04827	0.0	0.0	0.0	0.0	0.0	0.016719	0.0	0.132107	0.0	0.034534	0.0	0.0	0.195689	0.0	0.0	0.022594	0.0	0.0	0.0	0.0	0.016789	0.048201	0.012348	0.321091	0.0	0.051825	0.0	0.0	0.014489	0.0	0.0	0.098195	0.013771	0.025599	0.0	0.025519	0.0	0.0	0.0	0.0	0.0	0.0	0.0	0.0	0.0	0.0	0.0	0.0	0.0	0.0	0.028048	0.036255	0.025895	0.0	0.0	0.0	0.0	0.0	0.0	0.027743	0.066058	0.011392	0.032722	1.554346	0.044943	0.0	0.0	0.295018	0.139126	0.022929	0.036269	0.024236	0.017616	0.015373	0.036849	0.056307	0.137676	0.527914	0.018819	0.0	0.0	0.039867	0.0	0.0	0.030091	0.0	0.007011	0.064614	0.0	0.826663	0.0	0.009921	0.0	0.0	0.02439	0.0	0.0	0.371055	0.0	3.464461	0.0	0.044176	0.022793	0.0	0.029579	0.01995	0.031358	1.394745	0.138812	0.029295	0.368944	0.015129	14.476778	1.011632	0.0	0.0	0.0	0.0	0.0	1.775372	0.0	12.414165	0.0	0.054935	0.118948	0.078982	0.01909	0.02372	0.065754	2.501076	0.036924	42.716717	0.0	0.0	0.00565	0.058259	0.0	0.06822	0.0	0.011413	0.026196	0.019749	0.0	0.021534	0.030592	0.022807	0.022368	0.0	0.037659	0.0	1.44753	0.083596	4.518908	0.0	0.0	0.1069	0.011024	0.030597	0.0	0.0
SRR9330800_bin.15	0.073993	0.058944	0.0	0.0	0.0	0.0	0.0	0.0	0.0	0.0	78.072204	0.0	198.949366	0.025976	0.0	0.0	0.0	0.0	0.0	0.0	0.0	0.0	0.101744	0.029724	0.034272	132.767948	0.032105	0.040678	0.032258	0.023461	0.0	0.0	0.0	0.0	0.0	0.0	34.907168	0.0	29.058257	95.514038	0.017884	0.0	0.023192	0.0	0.0	0.0	0.0	0.0	0.0	0.0	0.0	0.0	0.0	0.0	0.0	0.0	0.0	0.048667	0.211793	0.039848	0.0	0.0	0.0	0.0	0.019996	0.0	0.0	45.757026	0.0	0.0	0.0	0.0	0.0	9.030947	0.0	0.0	0.022322	0.034465	0.0	0.00983	0.0	0.0	4.937412	0.0	0.0392965	0.0	0.0	0.0	0.0	0.0	11.370886	0.0	0.0	0.0	0.0	0.0	0.0	0.0	0.0	24.810059	0.047801	0.981978	0.0	0.0	22.024361	0.0	0.0	0.0	0.0	0.0	0.01036	63.80946	0.0	0.0	0.0	0.0	0.0	0.0	0.0	0.0	0.0	0.018101	0.0	0.063977	0.0	0.045231	0.609441	0.070391	0.034198	0.100532	0.0	0.040545	0.0	0.0	0.0	1.805809	0.0	0.0	0.024475	0.0	0.321222	0.0	0.0851	0.0	0.11253	0.061763	0.009078	0.0	0.961389	0.0	0.0	0.019468	23.056129	1.004656	1.915532	0.011134	123.914935	0.029397	0.0	0.0	0.0	6.126817	0.143813	0.049881	0.664125	0.0	0.0	114.06785	0.092468
SRR17301537_bin.8	0.0	0.0	1.754841	0.0	0.439968	0.13444	3.509132	0.172318	0.195553	0.296102	0.0	0.0	0.0	0.0	0.0	0.0	0.0	0.0	0.0	13.489905	0.0	0.0	0.0	0.0	0.0	0.0	0.0	0.0	0.0	0.0	0.278566	0.035017	0.0	0.168097	0.301869	0.0	0.0	0.0	0.0	0.234448	3.422298	14.657425	0.529304	0.0	0.0	2.660595	0.0	1.931416	0.0	0.0	0.0	0.0	0.0	0.0	0.0	0.0	0.0	0.0	0.0	0.0	0.0	10.584699	0.0	0.0	0.0	0.0	0.0	0.0	0.0	0.0	20.055334	0.0	0.0	0.0	0.0	0.0	0.0	0.0	0.0	0.0	0.0	0.356538	0.0	0.0	0.0	0.0	0.807101	8.805387	0.0	0.0	1.926913	0.0	0.0	0.0	0.59785	0.0	0.0	0.0	0.0	0.052912	0.0	0.0	0.0	0.0	0.0	0.0	0.0	0.0	0.0	0.0	1.061783	0.0	0.0	0.938577	2.225926	0.574415	0.0	0.0	0.0	0.0	0.0	0.0	0.0	0.0	0.0	0.100394	0.0	0.0	0.0	0.0	2.102925	0.0	1.994422	0.0	0.0	0.266329	0.0	2.161463	0.0	0.471237	0.0	0.0	0.0	0.0	0.116816	0.0	1.045406	0.3612	0.346315	1.429474	0.851737	0.0	0.0	0.0	0.387425	0.0	0.0	3.447375	0.410963	0.145272	0.0	0.0	0.08448	0.0	0.0	1.99924	0.0	0.0	0.0
SRR8849226_bin.9	8.838007	10.755382	123.950601	257.741216	4.654237	112.323779	36.815668	2.49985	0.226397	420.666975	42.108915	0.561428	7.993171	17.857863	0.157146	211.094411	0.232535	96.50262	0.062464	32.229041	0.098427	109.67322	0.268102	48.530101	48.024012	4.22891	3.600698	0.036561	6.362136	385.582345	0.246249	0.604166	0.213431	339.913341	47.760993	1015.782537	379.728468	244.146901	344.393579	315.163551	138.040894	39.098922	61.344966	5.271347	67.311443	151.810218	5.863325	0.067314	832.141163	811.285466	365.27199	0.184385	0.333404	51.065953	0.876119	34.304074	84.548377	0.040803	0.076691	290.565425	31.135082	23.873911	0.41832	0.382395	2.529678	0.064047	22.460776	323.848183	0.03821	0.251455	167.015231	20.301566	0.614476	336.502479	79.728315	12.85678	730.961501	113.266507	916.981583	82.751654	194.927362	441.337692	82.467767	288.291606	0.067837	0.218122	90.491559	14.018955	0.62929	0.032969	1.433005	103.925511	9.900809	44.106953	938.714307	207.202666	953.481106	86.153893	489.125767	61.95759	268.711475	552.874803	389.315259	165.763688	91.163125	0.102573	0.196699	466.371803	0.042464	1.180056	94.287402	0.511373	433.360449	9.924151	32.177842	21.423111	21.20106	152.333731	0.190942	237.241235	272.358576	200.010178	1165.441994	84.352366	570.312873	473.758715	1.740912	20.56555	4.070269	0.038412	0.103353	32.14154	3.815985	150.451079	13.134659	251.526811	808.286032	120.168141	501.118628	7.380149	77.941627	335.279547	15.243527	482.198437	695.059414	3.021015	35.05065	511.297537	497.042938	375.621923	0.967744	1003.675932	390.67153	272.542931	1001.410611	455.840412	30.01704	34.280824	276.501	107.168889	422.849054	1129.536526	1.720949	0.304499	35.502642	320.482792	1508.763885	0.259507	10.547232
SRR17301532_bin.10	0.0	0.043604	0.0	0.0	0.0	0.0	0.0	0.0	0.0	0.0	0.0	0.0	0.0	0.0	0.0	0.860975	0.0	0.0	0.0	0.0	0.0	5.709078	0.0	0.0	0.0	0.0	0.0	1.088152	0.0	0.0	0.0	0.0	0.0	0.0	0.628944	0.0	0.0	0.0	0.0	0.0	0.0	0.0	0.0	0.0	0.0	0.25834	0.033155500000000004	0.0	0.0	0.0	0.0	0.0	0.0	0.0	0.0	0.0	0.0	0.540886	0.0	0.0	0.0	0.0	0.035845	0.0	0.0	35.255159	0.0	0.0	0.0	0.0	0.0	0.053393	0.0	0.0	0.0	0.0	0.0	0.0	0.260658	0.0	0.0	0.0	0.0	0.0	0.0	0.0	0.0	0.0	0.0	0.0	0.089655	0.0	0.0	0.0	0.084428	0.0	0.0	0.0	0.0	0.0	0.0	0.0	0.0	0.0	0.0	0.0	0.468869	0.0	0.0	0.101415	0.0	0.0	0.0	0.0	0.0	0.0	0.0	0.0	0.0	0.0	0.0	0.0	0.0	0.046005	0.0	0.0	0.0	0.0	0.0	0.0	0.0	0.570594	0.102609	0.0	0.0	0.0	0.0	0.0	0.0	0.0	0.0	0.0	0.0	0.0	0.0	0.0	0.0	0.0	0.0	0.0	0.0	0.0	0.0	0.0	0.031847	0.04234	0.0	0.0	0.0	0.0	0.0	0.0	0.0	0.0	0.0	0.0	0.0	0.0	0.0
SRR8849271_bin.26	0.0	0.0	0.0	0.0	0.0	0.0	0.0	0.0	0.0	0.0	103.602337	0.0	0.0	0.0	0.0	0.0	0.0	0.0	0.0	0.0	0.0	0.0	0.0	0.0	0.0	0.0	0.0	0.0	0.0	0.0	0.0	0.0	0.0	0.0	0.0	0.0	0.0	0.0	0.0	0.0	0.0	0.0	0.0	0.0	0.0	0.0	0.0	0.0	0.0	0.0	0.0	0.0	0.0	0.0	0.0	0.0	0.0	0.0	0.0	0.0	0.0	0.0	0.0	0.0	0.0	0.0	0.0	0.0	0.0	0.0	0.0	0.0	0.0	0.0	0.0	0.0	0.0	0.0	0.0	0.0	0.0	0.0	0.0	0.0	0.0	0.0	0.0	0.0	0.0	0.0	0.0	0.0	0.0	0.0	0.0	0.0	0.0	0.0	0.0	0.0	0.0	0.061078	0.0	0.0	0.0	0.0	0.0	0.0	0.0	0.0	0.0	0.0	0.0	0.0	0.0	0.0	0.0	0.0	0.0	0.0	0.0	0.0	0.0	0.0	0.0	0.0	0.0	0.0	0.0	0.0	0.0	0.0	0.0	0.0	0.0	0.0	0.0	0.0	0.0	0.0	0.0	0.0	0.0	0.0	0.0	0.0	0.0	0.0	0.0	0.0	0.0	0.0	0.0	0.0	0.0	0.0	0.0	0.0	0.0	0.0	0.0	0.0	0.0	0.0	0.0	0.0	0.0	0.0	0.0
SRR9330793_bin.2	0.0	0.0	0.007893	0.0	0.0	0.010061	0.0	0.0	0.005179	0.0	0.0	0.0	0.0	0.0	0.0	0.0	0.01196	0.0	0.0	0.0	0.0	0.0	0.040997	0.0	0.0	0.0	0.0	0.0	0.0	0.009554	0.0	0.0	0.0	0.012093	0.0	0.0	0.0	0.0	0.0	0.046769	0.014123	0.0	0.0	0.0	0.012665	0.0	0.0	0.0	0.0	0.0	0.0	0.0	0.0	0.0	0.0	0.0	0.0	0.10043	80.29308	0.0	0.0	0.0	0.0	0.0	0.0	0.0	0.0	0.0	0.0	0.0	0.0	0.004089	0.0	0.0	0.0	0.0	0.0	0.0	0.0	0.0	0.0	0.0	0.0	0.0	0.0	0.0	0.0	0.005988	0.0	0.004832	0.0	0.0	0.0	0.0	0.006958	0.0	0.0	0.0	0.0	0.0	0.003711	0.0	0.0	0.0	0.0	0.0	0.0	0.0	0.0	0.0	0.0176	0.0	0.0	0.0	0.0	0.004131	0.0	0.0	0.0	0.0	0.0	0.0	0.0	0.0	0.0	0.0	0.0	0.0	0.0	0.022141	0.0	0.0	0.01847	0.0	0.0	0.0	0.0	0.030867	0.0	0.0	0.0	0.0	0.044505	0.0	0.0	0.026084	0.0	0.0	0.009241	0.004537	0.0	0.0	0.007666	0.004081	0.0	0.003616	0.027999	0.009863	0.0	0.0	0.0061	0.0	0.0	0.0	0.0	0.0	0.0	0.0	0.254599
SRR8849233_bin.44	0.911123	0.0	0.024418	0.0	7.75236	0.0	7.081245	0.0	0.0	0.0	4.51765	0.0	0.0	7.017141	1.841021	0.0	0.018913	0.0	0.0	0.0	0.0	0.0	0.0	0.0	0.0	0.0	0.0	0.0	0.0	0.21838	64.056524	0.007824	0.0	0.0	8.572651	0.186341	0.017209	0.0	0.0	60.010413	0.022971	0.0	0.510548	0.0	0.0	0.0	0.0	0.0	0.0	0.0	0.0	0.0	0.0	0.02351	0.0	0.0	0.0	0.0	0.0	0.023109	8.580623	0.0	0.0	0.0	0.0	0.0	0.0	0.0	0.0	0.0	0.0	0.0	0.0	0.485527	0.0	2.744382	8.101914	0.033671	0.0	22.848545	0.0	0.0	0.037559	0.017474	0.0	0.0	0.0	0.0	0.0	0.0	0.0	0.011268	0.0	0.0	0.007574	1.034562	0.434786	0.0	0.0	0.116287	25.463549	2.035552	5.871887	0.015207	0.0	0.0	0.0	0.0	0.0	0.0	9.86647	0.0	0.0	0.0	0.010248	58.611982	0.008184	0.0	0.0	0.0	0.036151	0.262084	0.0	0.820855	0.0	38.086633	6.686481	0.0	0.0	0.0	0.0	0.0	1.02103	0.0	0.022817	0.733136	0.0	0.0	0.009627	23.454006	0.463117	0.0	0.0	0.0	1.771374	0.0	0.089308	6.068567	0.0	0.0	2.822805	24.954545	0.0	0.31807	0.0	0.112322	0.0	10.463969	0.0	2.504886	0.0	0.0	0.0	0.0	0.0	0.544566	0.00716	0.0	1.013173
SRR8849213_bin.30	3.784483	0.236335	0.862396	1.154347	18.669993	1.366586	6.521411	2.216294	1.022007	5.014255	2.778338	0.003069	0.240714	4.676915	10.735031	0.0	0.089933	3.702318	0.0	1.402601	0.0	0.0	0.885446	1.5874	0.482763	7.62153	6.296934	0.0	3.312156	1.471762	0.625311	6.557018	0.011462	1.461234	1.775425	0.652742	0.692582	2.52848	1.879484	5.171534	0.31395	0.887973	1.644412	0.712238	0.494462	1.366838	2.15434	0.099918	5.519059	7.954176	3.162741	1.188443	0.734083	0.067854	0.0	1.277853	0.233623	0.0	0.330575	2.183393	13.361949	0.133739	0.0	0.0	0.0898	0.0	1.050935	0.421144	1.207749	0.0	0.756016	0.162271	0.0	12.122917	0.207902	9.645404	0.541688	1.632305	34.986481	1.776529	2.53017	2.878642	1.082085	11.078734	8.240298	0.01935	0.0743	0.086429	0.167287	0.0	2.704102	0.031606	0.032346	0.405349	0.05166	2.254591	1.356252	56.258804	1.017383	0.074992	12.961932	2.026722	4.886165	0.513134	1.588225	0.0	0.155082	1.096292	0.0	1.969473	0.085721	0.0	0.13623	0.037215	0.069473	7.934166	7.962354	0.424613	2.815892	0.13173	16.48289	1.123672	0.314757	5.124309	2.691679	5.858714	4.241087	0.193777	0.268912	0.0	0.318365	4.14783	0.919453	0.529416	0.476702	0.16241	0.208553	0.245344	3.015133	2.912128	2.932499	2.113645	12.079568	1.102925	7.572379	0.798125	0.980318	2.829038	1.565273	0.789378	1.316661	2.401351	0.33702	3.539024	0.085967	1.416758	2.947037	0.163355	0.167427	2.318198	0.233321	0.418138	1.124059	0.317474	0.024922	2.682454	0.676233	0.326454	0.069851
SRR17301529_bin.26	0.0	0.0	0.155135	0.0	0.077054	0.18691	0.0	0.07017	0.020447	0.0	0.0	0.0	0.0	0.10435900000000001	0.257832	0.0	0.143858	0.0	106.48628	0.0	0.0	1.547178	0.0	0.025416	0.05817	0.0	0.0	0.0	0.0	0.0	0.062002	0.0	0.0	0.0	0.253292	0.0	0.0	0.0	0.0	0.030821	0.027523	0.0	0.185667	0.0	0.054908	0.044705	0.0	0.0	0.0	0.030391	0.04048	0.200101	5.801454	0.0	0.0	0.0	36.373222	0.0	0.0	0.009383	0.0	9.336729	0.0	0.0	0.0	0.0	0.684717	0.0	0.0	0.047522	0.130702	0.058368	110.965353	0.0	0.0	0.0	0.240075	0.035245	0.011217	0.0	0.0	0.15368	0.072761	0.0	0.038626	1.18771	0.13864	0.061812	0.0	0.0	0.0861005	0.0	0.0	0.523673	1.444719	0.164299	0.057351	0.0	0.0	0.170412	0.0	0.0	0.0	0.0	0.0	0.0	0.0	0.0	1.39968	0.0	0.345026	0.0	1.964342	0.094405	0.36449	0.009643	0.685066	0.0	0.21769	0.008518	0.0	0.627175	0.76489	0.0	0.0	0.201169	0.0	0.0	0.156857	0.0	0.0	0.0	0.0	0.081161	32.814443	0.225345	0.0	0.030405	0.61842	0.015503	0.719291	0.0	0.0	0.187053	0.013532	0.047349	0.017814	0.041539	0.124208	1.433473	0.06913	0.108884	0.085737	0.0	0.029818	0.034721	0.0	0.0	0.336573	0.88007	0.460018	0.065248	0.020581	0.0	0.013903	0.013308	13.552234	0.150438	0.0
SRR8849211_bin.47	0.0	0.0	0.0	0.0	0.0	0.0	0.0	0.0	0.0	0.0	0.0	0.0	0.0	0.0	0.0	0.0	0.0	0.0	0.0	0.0	0.0	0.0	0.0	0.0	0.0	0.0	0.0	0.0	0.0	0.0	0.0	0.0	0.0	0.0	0.0	0.0	0.0	0.0	0.0	0.0	0.0	0.0	0.0	0.0	0.0	0.0	0.0	0.0	0.0	0.0	0.0	0.0	0.0	0.0	0.0	0.0	0.0	0.0	0.0	0.0	0.0	0.0	0.0	0.0	0.0	0.0	0.0	0.0	0.0	0.0	0.0	0.0	0.0	0.0	0.0	0.0	18.347733	0.0	0.0	0.0	0.0	0.0	0.0	0.0	0.0	0.0	0.0	0.0	0.0	0.0	0.0	0.0	0.0	0.0	0.0	0.0	0.0	0.0	0.0	0.0	0.0	0.112176	17.182684	0.0	0.0	0.0	0.0	0.061508	0.0	0.0	0.0	0.0	0.0	0.0	0.0	0.0	0.0	0.0	0.0	0.0	0.0	0.0	0.0	0.0	0.0	0.09645	0.0	0.0	0.0	0.0	0.0	0.0	55.070058	0.0	0.0	0.0	0.0	0.0	0.0	0.0	0.0	0.0	0.0	0.0	0.0	0.0	0.0	0.0	0.0	0.0	7.635416	0.0	0.0	0.0	0.0	0.0	0.0	0.0	0.0	0.0	0.0	0.0	0.0	0.0	0.0	0.0	0.0	0.0	0.0
SRR8849231_bin.10	38.772971	0.414423	58.159234	0.089904	0.702236	3.791003	0.341363	8.613977	18.597593	6.944023	0.599389	5.429466	260.036619	19.532327	2.604453	1.207881	0.196317	0.009037	0.0	0.982759	0.0	237.896228	6.635782	0.752116	0.497449	4.240937	136.618858	0.197415	97.000209	0.257803	1.730178	0.393543	0.31209	9.86853	7.973428	2.220039	1.046331	11.843373	15.021744	89.974078	4.034038	23.525192	53.645111	1.534877	6.69945	1.533432	0.049393	0.114992	0.448343	4.001091	0.398438	0.537455	3.558921	0.130078	4.869709	4.697802	0.073847	3.425639	3.231302	3.912221	2.481159	10.343346	0.027689	0.010182	0.117773	0.0	16.905914	0.006483	0.192465	0.05885	0.030637	8.452087	0.051756	14.881298	37.282959	2.435227	12.896067	0.231394	9.660777	3.2613	8.412851	53.326273	72.81094	5.72762	0.659314	15.722582	0.490209	0.619109	1.284613	0.039433	2.602537	17.807853	0.01825	0.682464	0.106396	27.047209	1.400676	0.042864	0.603782	9.801856	0.030685	10.383772	3.173687	0.087167	59.982829	0.018572	0.094124	0.489194	0.010593	0.062849	0.130867	0.016008	2.299921	39.258419	0.074848	4.467712	13.030661	147.890032	41.970897	0.070605	0.078125	0.292514	19.48687	2.582044	0.120042	6.598858	19.070553	59.984048	0.232037	1.093009	0.184182	501.088304	0.636285	47.570299	21.912244	37.402839	0.348008	3.775958	0.284524	3.27777	36.58647	0.533833	0.569874	0.226018	1.227245	0.625722	1.213572	12.193314	22.600603	114.646116	6.320805	0.335548	1.933149	9.08528	0.117131	0.17414	13.576927	7.385427	0.271127	62.125934	0.582598	4.206461	0.058238	0.043983	0.145322	7.633259	1.649116	65.955521	0.738224
SRR9330788_bin.15	0.63924	0.385096	2.733337	0.010314	0.014915	0.800382	9.47566	7.91935	2.104022	0.990461	3.696363	0.495098	47.527173	0.670048	2.596094	0.0	0.146156	0.048324	0.064422	0.416589	0.038202	0.044977	24.707898	13.938719	0.507605	0.081424	0.528331	0.232982	16.081132	0.011098	10.851976	0.00952	0.319336	0.623607	3.770449	0.149275	0.326309	8.309537	0.087958	0.261019	0.162746	0.449601	22.395328499999998	1.020928	0.05941	0.0	0.831666	0.308436	0.191726	32.026678	0.58528	25.82473	11.059795	0.198379	1.868967	4.160394	0.674058	0.187744	0.260511	0.238222	3.223075	3.620064	0.0	0.028694	2.63162	0.030406	0.817724	0.0	57.947058	0.200613	0.563292	0.104272	0.180651	7.574207	5.29606	0.956869	0.043529	0.133867	0.020301	3.232826	2.562564	3.637232	8.91916	13.673993	1.772982	0.111888	0.043946	0.735658	0.018825	0.018014	0.260907	0.31629	0.116335	0.168002	0.0	5.506392	0.053327	0.050747	0.223568	0.632705	0.140482	1.121185	4.164747	0.074048	0.586562	0.0	0.186383	0.0	0.08275	0.090447	0.351119	0.085782	0.688089	0.374128	3.910328	0.14982	0.4937	0.134483	60.593776	0.20816	0.03346	0.051145	0.136962	0.191669	0.0	2.288683	0.524151	0.52092	0.648523	0.650809	0.129658	1.904218	0.0	0.975848	0.148227	3.330513	0.11677	0.363156	0.019465	0.377411	0.485494	0.078198	2.87936	0.358714	2.290665	70.348657	0.021659	0.081744	0.122523	1.036062	0.945918	8.371582	0.380704	3.663031	0.037071	0.034277	0.502748	0.090229	0.131586	6.132937	0.188373	1.736787	0.003654	0.014177	0.008155	0.764224	9.546701	0.051033	1.387239
SRR8849228_bin.9	0.131149	0.365351	13.645975	280.085589	14.167569	5.984392	41.509502	31.105974	8.922935	0.817293	6.388817	4.321269	0.073367	0.84599	26.810056	64.238721	0.21141	0.06289	0.021187	32.908188	0.030381	0.008928	1.880686	0.0	0.304966	0.128016	0.574817	0.0	0.099154	0.802755	22.134288	129.821997	8.470567	0.03402	27.946387	4.689452	9.593728	72.683503	22.052049	2.266906	9.730114	5.175918	9.985466	19.299974	2.506362	0.006966	54.35045	41.01476	33.791645	21.730653	8.229944	0.0	0.101704	23.89392	0.078205	12.444065	0.027792	2.158608	0.0	11.142007	7.235773	1.618035	0.124921	0.089787	0.0	4.203825	7.396058	1.960413	35.725728	19.08104	25.165622	32.980902	0.044755	13.527742	14.457952	107.084241	36.723289	227.190462	43.21138	97.873125	33.209614	19.412302	50.391645	14.058547	1.463087	0.094909	6.414011	61.81549	48.187313	0.040254	7.11687	0.030387	0.033895	12.943894	20.496333	62.049352	99.283121	43.513134	5.768343	11.359906	75.548841	18.408273	11.818871	381.26744	88.769364	76.973731	18.440765	18.725361	0.072857	49.373088	47.172305	24.858063	95.648782	9.385486	3.538102	15.854014	40.85976	34.321972	96.187767	28.737797	35.910031	67.135514	47.070916	0.177425	17.256287	69.23987	0.141728	0.107169	5.329189	0.088075	56.777956	1.08667	5.2481415	12.749509	40.810176	44.670148	7.867419	6.029558	228.539513	16.008643	18.393033	0.187818	0.0	20.655602	60.517824	1.31094	1.996481	2.714377	29.713421	64.747793	30.771046	18.603675	24.497631	22.293349	5.483366	80.685905	2.325013	43.659435	161.933658	19.169318	33.452423	47.254155	10.653591	7.151038	0.924665	23.135427	10.882313	1.5449535	0.809123
SRR17301519_bin.20	0.0	0.387764	0.630528	0.0	0.0	0.429673	0.44852	0.136001	1.022976	0.126995	0.0	0.0	0.104367	0.0	0.0	0.0	7.127638	0.662884	0.591792	0.0	0.0	26.761592	0.0	0.233992	1.308058	0.0	0.106005	0.0	0.0	0.0	0.035466	0.199629	0.0	0.221343	0.324729	0.0	0.081235	0.0	0.064718	0.0	0.762716	0.0	0.283915	0.0	0.0	0.0	0.02373	4.985334	1.243918	0.0	0.0	0.0	0.705022	0.0	0.0	0.0	1.129084	0.838759	0.0	3.345311	0.0	0.401326	0.041732	0.0	0.0	0.0	0.164524	0.0	0.076946	0.0	0.237019	1.086343	12.424666	0.068753	0.259133	0.923589	0.295722	0.0	0.55673	0.0	0.128108	0.252674	0.30174	0.0	0.0	0.356496	0.085133	3.16681	0.409548	0.0	0.039892	3.372	0.0	1.056187	0.879705	0.636879	0.0	0.0	0.0	0.310507	0.030729	0.182034	0.0	0.0	0.263473	0.0	1.061856	0.0	1.252558	0.0	0.364815	3.079128	0.09981	5.197455	0.505458	0.05167	0.538991	0.0	0.124619	1.215662	0.0	0.793297	0.929647	0.0	0.0	0.058161	0.0	0.326391	0.0	0.0	2.371562	0.0	0.069006	0.258707	4.943283	0.041191	0.343761	0.616616	0.0	0.282703	0.0	0.042204	0.0	0.126473	0.0	0.0	0.0	0.0	0.209734	0.549468	0.238372	0.03689	0.235199	0.11322	0.202779	0.0	0.0	0.119992	0.552594	3.143318	0.546296	0.125825	0.0	0.0	0.0	0.177634	0.0	0.5374	0.0
SRR8849235_bin.25	0.0	0.0	0.043477	0.040005	0.023037	0.052026	0.066262	0.0	0.04671	0.051617	0.050005	0.0	0.0	0.028472	0.105468	0.825564	0.315028	17.947643	0.019502	0.07036	25.5403705	1.149758	0.0	0.0	0.006302	0.0	0.0	0.206401	0.0	0.171787	0.01713	0.083851	0.0315635	0.0	0.034589	0.0	0.0	0.011574	0.026492	0.045232	0.04736	0.028144	0.032367	0.018786	0.04972	0.079585	0.113435	3.070587	0.0	0.020434	0.0	0.0	0.0	0.923328	0.0	0.0	0.168914	0.0	0.517832	1.847144	0.031273	0.047686	0.068796	0.0	0.0	0.096922	0.021659	0.084557	0.072763	0.022743	0.07348	0.107268	0.250946	0.04835	0.0	0.033015	0.062154	0.097658	0.377001	0.072799	0.022201	0.036924	0.048648	0.035946	0.198246	6.559429	0.0875355	0.126675	0.234641	476.572094	0.168263	0.056371	0.01344	0.13544	2.08147	0.031716	0.042003	0.310412	0.0	0.01952	0.058362	0.0	0.02608	0.053626	0.017893	56.372171	10.210137	0.103078	0.0	0.084582	0.211345	26.179166	0.053597	0.106234	0.027452499999999998	0.044204999999999994	0.036766	0.0	0.042498	12.221487	0.0	38.892073	0.022154	0.0	6.043799	0.086313	0.0	0.173232	1.487769	1.368448	11.962302	0.105951	0.192177	0.218702	0.089948	0.036601	0.032585	0.08219950000000001	120.21324	0.048899	10.424142	0.0	1.813796	0.020546	0.087231	0.0	0.042126	0.0	0.052993	0.047593	0.070189	0.010397	0.04086	0.059502	0.030904	0.065057	0.0	0.050989	0.040289	0.045284	0.034006	0.017177	0.029824	0.0	1.820448	0.025478	0.015093	0.0	0.0
SRR8849213_bin.36	89.506566	346.48767	36.868285	0.147401	1.689855	7.628954	12.19914	5.256294	30.77624	6.21862	2.963026	476.703642	30.435772	74.265713	78.960714	0.884473	5.620772	119.179396	1.31216	17.281533	205.279019	17.948693	29.809088	49.69348	165.573114	22.089534	128.146718	73.889744	15.139034	6.643658	15.253123	1.203113	117.37056	5.252722	10.365157	15.053799	16.829196	53.863268	15.564359	29.622097	14.18232	26.884403	43.743462	6.84804	18.411725	9.725033	16.754667	11.319148	42.318317	31.089693	180.926982	103.304389	313.14488	87.918477	74.204858	34.205033	33.076062	287.765576	137.519826	75.69784	6.6643	7.955127	0.054879	437.48627	0.264515	16.218507	142.547713	0.127342	43.497013	117.391032	3.694104	2.273985	25.547452	4.77485	28.05525	44.580613	35.918129	3.088741	150.107605	24.122078	29.086873	87.542722	27.854166	14.471466	260.583817	17.209279	3.773663	17.81816	89.112464	122.728177	1.107474	108.999962	0.034308	26.31136	2.819517	70.915833	17.420977	93.048576	41.389006	27.408356	163.004614	69.794241	58.421681	28.668604	51.677218	6.008499	3.924489	2.01274	23.314491	82.724918	33.366109	8.895681	8.850699	4.42755	8.224835	16.5917	13.86123	254.438147	58.019048	139.847357	24.030296	13.011965	118.66436	47.9711	27.599472	25.61351	46.561122	322.724033	103.252717	17.884275	26.104491	47.786289	2.367946	15.034709	29.45945	5.613904	9.503286	18.087411	2.743969	12.937183	76.693564	4.261772	65.845645	88.25553	5.510596	147.455643	3.332921	10.665552	3.342102	108.440278	8.173925	24.205601	13.745609	2.153358	1.19007	0.583032	12.804494	0.466388	8.464499	42.855254	5.012124	5.477115	0.811434	0.182535	0.396428	20.101058	5.311339	119.350986	22.008909
SRR8849263_bin.2	0.0	0.894279	0.123175	0.0	0.07149	0.156182	0.0	0.0	0.0	0.0	0.063739	0.0	0.0	0.0	0.0	0.0	5.301003	0.624729	0.0	0.0	0.0	0.0	0.0	0.0	0.0	0.0	0.0	0.0	0.636443	0.518512	0.164379	0.151294	0.0	10.62057	0.029361	0.0	0.0	0.07921	0.0	0.0	0.154282	42.697027	0.0	14.825937	0.105598	0.665486	0.264828	0.0	3.32026	0.91564	9.57469	0.0	0.0	0.0	0.0	0.0	0.0	0.0	0.0	0.0	0.0	0.207397	0.0	0.0	0.0	0.0	0.042724	0.665419	4.866126	0.0	0.0	0.157024	0.0	0.157212	0.0	0.0	1.456767	0.080756	0.0	19.104758	14.395059	0.0	0.082359	15.203827	0.0	0.0	0.0	0.0	0.642131	0.095114	0.0	0.0	0.0	0.0	0.0	0.0	0.0	0.0	0.0	0.042048	0.0	0.221331	11.925021	0.0	0.0	0.0	0.0	0.178822	0.0	0.266455	0.102425	0.0	0.0	0.069878	0.0	0.0	0.0	0.0	0.14814	0.0	0.0	0.826401	0.0	0.0	6.608	0.0	0.0	0.0	0.0	0.0	0.0	0.0	0.44584	0.463011	0.0	0.129567	6.030557	0.109401	0.0	0.142008	0.171979	7.113117	0.0	15.366843	13.334264	0.0	3.162101	9.356382	0.035588	0.0	18.513869	0.0	0.113123	0.256067	0.019847	6.464936	0.0	2.006521	0.760778	0.0	10.936275	0.099708	16.510788	0.0	0.0	0.046068	9.142709	0.0	0.0
SRR17301534_bin.39	0.0	0.0	0.0	0.0	0.0	0.0	0.0	0.241464	0.0	0.0	0.0	0.0	0.0	0.0	0.0	0.041165	0.0	0.0	0.0	0.0	0.0	0.0	0.0	0.0	0.0	0.0	0.0	0.0	0.0	0.0	0.0	0.0	0.0	0.163939	0.0	0.0	0.0	0.0	0.0	0.0	0.367794	0.0	0.0	0.0	0.0	0.0	0.0	0.0	0.0	0.0	0.0	0.0	0.0	0.0	5.782327	0.0	0.0	0.0	0.0	0.0	0.0	0.0	0.0	0.0	0.0	0.052848	0.0	0.0	0.0	0.0	0.0	27.395133	0.0	0.0	0.0	0.0	0.0	0.0	0.0	0.0	0.172046	0.0	0.0	0.0	0.0	0.0	0.734781	0.0	0.0	0.0	0.401088	0.0	0.0	0.0	0.0	0.0	0.0	0.0	0.0	0.0	0.0	0.0	0.0	0.0	0.0	0.0	0.02386	0.0	0.0	0.0	0.0	0.0	0.0	0.0	1.240771	0.049242	0.0	0.0	0.0	0.0	0.0	0.0	0.0	0.0	0.0	0.0	0.0	0.0	0.0	0.0	0.0	0.0	0.247982	0.0	0.0	0.0	0.0	0.290187	0.017192	0.0	0.0	0.0	0.0	0.0	0.0	0.0	0.0	0.0	0.0	0.0	0.0	0.02442	0.0	0.0	0.140974	0.0	0.0	0.0	0.0	0.0	0.0	1.272691	0.0	0.0	0.0	0.0	0.0	0.0	0.0
SRR17301538_bin.11	0.0	0.0	0.063911	0.0	0.0	0.0	0.0	0.0	0.0	0.0	0.0	0.041524	0.0	0.099679	0.0	0.0	0.197025	0.0	0.0	0.077813	0.0	0.0	0.0	0.0	0.0	0.0	0.0	0.0	0.0	0.0	0.0	0.0	0.054567	0.0	0.0	0.0	0.0	0.0	0.0	0.0	0.0	0.0	0.0	0.0	0.072487	0.0	0.0	0.0	0.0	0.0	0.0	0.0	0.0	0.0	0.0	0.0	0.35301	0.0	0.252661	0.366674	0.0	0.0	49.214181	0.0	0.0	2.885564	0.0	0.0	0.0	0.0	0.0	0.0	1.996288	0.0	0.0	0.0	0.0	0.071151	0.0	0.074893	0.0	0.0	0.0	0.0	0.0	0.0	1.047777	0.16892	0.948004	0.0	0.0	0.0	0.0	0.086807	0.196606	0.0	0.0	0.0	0.0	0.0	0.0	0.878369	0.0	0.146015	0.0	0.0	1.7374	1.008745	0.0	0.060669	0.0	0.498803	0.0	0.222815	0.0	0.045569	0.0	0.0	0.0	0.0	0.060493	1.418438	0.0	0.615734	0.0	0.0	0.0	0.0	0.0	0.0	0.0	0.0	0.840637	0.0	0.0	0.0	0.0	0.0	0.0	0.0	0.0	0.0	0.0	0.0	0.0	0.0	9.594497	0.0	0.102468	0.0	0.189787	0.049398	0.0	0.0	0.0	0.0	0.0	0.0	0.0	0.0	0.0	0.0	0.014325	0.0	0.0	0.0	0.0	0.0	0.0
SRR17301546_bin.15	0.0	0.0	0.0	0.0	0.0	0.0	0.0	0.0	0.0	0.0	0.0	0.0	0.0	0.0	0.0	0.256065	1.003134	0.02479	0.0	0.029501	0.0	1.86028	0.0	0.0	0.0	0.0	0.0	0.0	0.0	0.030708	0.0255125	0.0	0.0	0.0	0.0	0.0	0.0	0.072835	0.0	0.0	0.238892	0.0	0.159408	0.0	0.0	0.0	0.426897	0.215979	0.0	0.0	0.0	0.0	0.0	0.0	0.030184	0.0	0.0	0.0	0.0	0.0	0.0	0.0	0.084954	0.758023	0.0	0.074936	0.0	0.0	0.0	3.01042	0.023903	0.028565	0.0	0.0	0.0	0.0	0.0	0.0	0.0	0.089322	0.0	0.0	0.036302	0.0	0.0	1.336644	0.0	0.0	27.816267	0.23396	0.13037100000000001	0.0	0.043715	0.0	0.126317	0.0	0.943036	0.231637	0.37237	0.0	0.0	0.0	0.0	0.152361	0.0	0.0	0.06593	0.0436915	14.62352	0.0	1.04396	0.0	0.0	0.0	0.0	0.0	0.0	0.0	0.0	0.022149	0.0	0.086206	0.0	0.0	0.0	0.0	0.0	0.0	0.0	0.0	0.0	0.0	0.0	0.060122	0.0	0.0	0.0	0.222363	0.022269	0.0	0.0	0.0	0.0	0.0	0.0	0.0	0.085629	0.0	0.0	0.0	0.0	0.0	0.0	0.0	0.0	0.059985	0.0	0.0	0.0	0.0	0.212893	0.0	0.0	0.0	0.048564	0.0	0.0	0.0	0.0
SRR17301543_bin.10	0.051252	0.103953	0.364046	1.28944	0.248006	0.273501	6.314302	0.0	0.036025	0.0	4.841572	0.0	0.0	0.0	23.833096	0.040568	0.050105	0.038894	0.926683	0.030203	0.0	0.0	0.0	0.22785	0.162368	0.050873	0.0	0.0	0.086555	0.025142	0.382346	6.055652	0.880273	2.809902	0.774902	2.217016	0.849169	0.390556	0.0	2.911849	0.035132	2.278894	1.616596	1.046762	1.019038	0.115332	5.308847	0.0	1.082286	0.0	0.755882	0.0	0.322885	1.0423	0.0	0.0	0.0	0.0	0.0	0.047955	0.050974	8.6788	0.0	0.0	0.0	0.0	0.81794	6.724941	0.028864	0.0	2.579341	0.06844	0.0	4.213649	0.238763	1.620645	2.249758	0.243903	2.443828	0.087618	0.260667	0.27161	4.904906	2.787405	2.477988	0.050137	24.948345	13.365996	0.0	0.0	4.337293	34.186543	0.0	2.6158	0.089633	0.0	1.276841	0.0	0.0	0.489328	0.069292	0.679491	0.222865	10.716065	1.331446	0.0	0.035107	16.582269	0.0	0.041225	0.186578	0.12068	7.097852	0.973977	1.056498	5.760329	0.030097	0.0	0.96756	0.0	0.0	0.218788	0.0	0.02609	4.457001	2.555719	0.0	0.160164	0.0	0.0	0.0	0.0	10.01509	7.273397	0.088743	0.153653	1.072537	0.055215	3.682629	0.657244	0.036901	0.050978	0.0	0.961988	0.079819	0.0	0.895006	0.697658	0.035933	1.149002	1.867573	0.848279	0.55152	8.631143	2.670163	0.400933	0.995107	0.102369	0.543688	0.033801	0.650979	0.683787	2.593068	0.774568	0.0	0.182201	0.271413	0.383057	0.0
SRR9330779_bin.26	0.0	0.0	0.018644	0.00977	5.128708	0.0	0.011721	9.133739	0.022159	3.711015	0.0	0.0	0.0	0.353183	0.0	0.51597	124.451028	0.0	0.0	0.0	0.0	0.477677	0.525507	0.026556	36.8757525	0.038299	0.0	0.0	1.044013	0.0	2.708013	0.0	0.0	0.0	0.023523	0.0	0.0	0.0	0.0	0.0	3.458225	0.0	0.0	0.0	6.37424	0.015175	0.0	0.0	0.084397	0.092138	0.0	24.755999	0.0	0.0	0.0	0.0	0.014469	0.0	0.0	0.0	0.0	25.0801115	0.0	0.0	0.0	0.0	0.0	0.028139	0.0	0.0	0.021962	7.455902	0.0	0.0	0.0	0.0	1.645496	0.0	0.0	0.0	0.015253	0.013305	0.0	0.0	0.0	0.021746	6.954726	0.0	0.0	0.019951	0.260966	0.016692	0.0	0.0	0.0	0.0	0.0	0.0	0.0	0.0	1.398913	0.046299	0.0	0.0	0.0	0.0	4.351447	0.0	0.03933	0.0	3.894303	0.025364	2.903964	0.020004	49.655505	0.507594	15.834674	0.0	0.0	0.0	0.0	0.0	5.645679	0.279269	0.0	15.368977	0.11485	0.0	0.0	0.0	0.0	0.0	0.025696	0.0	0.016389	0.028165	0.0	7.397126	0.0	0.020116	0.033485	0.0	0.0	0.0	0.036698	0.207023	0.162894	0.0	0.0	0.040126	0.019898	0.0	0.0	0.018258	0.0	0.00976	0.103086	0.006958	0.018457	0.0	0.011207	6.208497	0.014323	0.0	0.0	0.0	0.012583	0.0	0.0
SRR9330778_bin.6	1.807262	0.259236	0.167989	0.002641	0.018046	0.963176	0.343773	0.756297	0.219597	0.69363	0.168616	0.189994	1.265749	1.288637	5.729513	0.006748	0.075231	0.0	0.0	0.055771	0.0	0.444404	0.637121	70.587642	0.242379	0.260761	0.458475	0.020894	2.748631	0.003732	0.131142	0.012085	0.44834	0.260585	0.377802	0.291836	0.188302	0.313608	0.081812	2.587265	0.91596	0.192271	6.07924	0.063725	0.404319	0.029314	0.034173	0.11853	0.00898	0.501447	0.435463	0.822067	0.580296	0.00774	0.255521	0.126885	0.034941	0.309957	0.385206	0.021015	1.186286	5.061444	0.0	0.0	0.0	0.0	1.49909	0.0	0.205441	0.016595	0.155367	0.705872	0.03204	0.246996	0.178435	0.436154	0.271792	0.015105	0.036115	0.11254	0.451295	1.556403	0.334371	0.040897	0.376635	0.420368	0.230817	0.992679	0.008611	0.0	0.220717	0.122112	0.0	11.831022	0.069297	0.644414	0.003184	0.109671	0.096218	0.323154	0.0	0.238784	0.970808	0.008495	0.278903	0.0	0.0	0.0	0.0	0.0	0.088254	0.0	0.332353	3.658132	18.128504	0.674305	0.355424	0.0	0.086436	0.415749	0.034603	0.012198	0.773415	5.307008	0.039471	0.971557	0.924346	3.747708	0.015747	0.0	0.917253	0.112905	0.176071	1.207245	0.577927	0.892592	0.965048	0.798443	0.022998	0.307093	0.285228	0.053368	0.0	0.302333	0.088112	0.025312	0.015157	0.031777	0.230564	1.029534	0.31536	0.263248	0.380558	0.113811	0.037389	0.015393	0.623113	0.06324	0.599218	0.549366	0.287682	0.151435	0.003157	0.0	0.0	0.341258	0.421323	0.865003	0.464102
SRR17301540_bin.18	0.0	0.0	0.0	0.0	0.050346	0.0	0.0	0.0	0.0	0.0	0.0	0.125411	0.0	0.0	0.0	0.132755	0.0	0.0	0.0	1.152116	0.135656	0.0	0.0	0.0	0.0	0.0	0.0	0.0	0.0	0.0	0.0	0.0	0.196826	0.0	0.0	0.0	0.0	0.0	0.0	0.0	0.0	0.0	0.0	0.0	0.0	0.0	0.412282	0.0	0.0	0.0	0.0	0.0	0.0	0.0	0.101077	0.0	0.189536	0.0	0.0	0.0	0.0	0.0	0.0	0.0	0.0	0.289746	0.0	0.0	0.0	0.0	0.0	0.23645	0.0	0.0	0.0	0.0	0.0	0.0	0.0	0.0	0.0	0.0	0.0	0.0	0.0	0.076023	0.099357	0.0	0.438241	0.484955	0.0	0.0	0.0	0.0	22.8416	0.0	0.0	0.0	0.0	0.0	0.0	0.0	0.0	0.0	0.0	0.0	1.621943	0.0	0.0	0.0	0.0	0.234937	1.469685	1.110172	0.0	0.0	0.0	0.0	0.0	0.0	0.0	0.0	0.0	0.0	0.0	0.0	0.0	0.0	0.0	0.0	0.0	0.0	0.0	0.0	0.0	0.0	0.0	0.0	0.0	0.0	0.0	0.0	0.0	0.0	0.0	0.0	0.0	0.0	0.0	0.0	0.0	0.0	0.0	0.0	0.0	0.0	0.0	0.0	0.0	0.0	0.106795	0.0	0.0	0.0	0.0	0.0	0.0	0.0	0.0
SRR8849251_bin.2	0.181502	15.547419	0.900435	0.022117	10.600177	0.650106	0.007095	0.0	4.054458	3.790822	0.000277	0.02007	0.0	0.0	0.027119	47.095821	0.07657	0.019743	0.0	0.0	0.024291	1.849843	0.0	2.393898	0.029109	0.016933	3.146709	0.0	5.225654	0.291269	5.392026	0.021777	15.972748	0.253044	0.017332	1.97122	0.635371	0.027724	0.552166	0.0	1.312487	0.0	5.328185	0.524579	0.441195	2.707794	0.0	0.0	8.280913	1.626092	2.023299	0.0	0.152789	0.0	0.0	0.073951	1.676605	0.0	0.560005	35.583342	5.594387	8.632714	0.014521	0.041201	0.771431	34.328783	0.0	3.680091	0.0	0.032127	0.009904	0.091127	0.0	3.012177	0.0	0.0	7.193304	0.390969	18.174749	0.067991	6.111316	2.507538	7.746534	1.046938	0.0	0.02417	0.0	0.018127	0.055831	0.0	5.808143	28.287778	0.0	44.257907	30.918538	1.617306	5.167303	0.213426	12.066302	1.617105	2.766749	0.090001	3.305294	0.073548	0.0	9.509278	7.354071	0.075405	0.018184	0.021345	4.134315	0.0	27.751437	19.277045	4.8959	1.659879	21.435624	0.006212	0.0	0.0	0.0	3.340355	4.453012	1.993015	0.0	1.269852	1.16731	0.271423	0.0	0.0	29.070539	5.752936	298.616576	0.033281	2.820701	11.6895	0.016299	1.03186	11.924909	0.467226	3.694784	0.39173	0.0	2.471911	0.062933	2.046676	0.125575	0.010844	7.956002	11.50371	110.393638	6.376691	0.659575	5.07771	0.006128	16.165662	0.012798	8.347083	2.401544	2.390956	19.582836	13.111699	0.085714	0.008495	57.992648	3.646259	0.018358	3.696674	0.0
SRR8849264_bin.5	0.052864	0.0	1.610605	0.023914	0.0	0.007075	0.740924	0.0	0.014147	0.053033	0.127673	0.017377	0.658916	0.0	0.014001	0.568288	0.010498	0.0	0.0	0.005638	0.0	0.033557	0.0	0.0	0.262461	0.0	0.006884	0.0	0.0	0.092643	0.298376	1.209413	0.0	0.0	0.0	0.081383	0.065424	0.004905	13.850633	0.0	2.467636	0.0	0.10809	0.0	0.04157	0.005387	0.0	1.832056	0.023709	0.218425	0.157093	6.775629	3.813971	0.337731	0.0	0.989961	0.0	0.0	0.0	0.042253	0.034596	0.008439	0.257632	0.0	0.157739	10.307659	0.0	0.013749	0.0	3.271971	0.0	0.084807	0.0	0.80244	0.335033	0.005333	31.873564	3.434795	0.198171	0.033204	0.112036	0.0	0.125934	0.660178	0.064433	0.049091	0.541028	0.009003	0.0	0.0	0.049307	0.0	1.155148	0.502396	0.118382	0.000124	0.181792	0.01479	129.347217	0.629305	0.361385	0.239779	1.286467	0.024913	0.006165	0.0	0.013594	0.922469	0.0	1.727827	0.161496	0.488529	0.0	0.210226	0.0	0.767888	0.007802	0.076325	0.021607	0.012774	0.002368	3.088473	0.845118	0.008609	0.375701	0.022191	0.221305	0.025858	0.0284675	0.010556	82.986232	0.0	0.014114	0.229792	0.03324	0.183225	0.013143	2.055016	3.875522	0.228253	2.662826	1.232652	2.342284	0.262648	0.153357	0.148864	0.058038	9.673932	0.010499	0.009417	0.457555	4.851762	0.007304	0.765553	0.01196	0.247658	0.0	1.884545	3.769952	0.0	0.058749	26.560793	1.268675	63.794301	1.401294	2.828903	0.0	0.0	0.07311
SRR17301518_bin.6	0.0	0.0	0.0	0.0	0.0	0.0	0.0	0.0	0.0	0.0	0.0	0.0	0.0	0.0	0.0	0.709834	17.846999	0.0	0.0	0.0	32.992976	0.0	0.0	0.0	0.0	0.0	0.0	0.692061	0.0	0.0	0.0	0.0	0.0	0.0	0.0	0.0	0.0	0.0	0.0	0.0	0.0	0.091253	0.0	0.0	0.0	0.0	0.0	0.0	0.0	0.0	0.0	0.0	0.0	0.0	7.546082	0.0	14.694123999999999	0.0	0.0	0.0	0.0	0.0	0.139982	0.0	0.0	0.0	0.0	0.263527	0.0	0.210017	0.088526	0.0	0.960389	0.0	0.0	0.0	0.0	0.0	0.0	0.0	0.0	0.0	0.0	0.0	0.0	0.0	0.0	0.0	19.545585	0.352052	0.0	0.0	0.384625	0.120751	0.0	0.0	0.0	0.0	0.062954	0.0	0.0	0.0	0.0	0.0	0.0	0.0	9.104873	0.0	70.870914	0.0	0.0	0.0	0.0	1.18135	0.0	0.0	0.0	0.0	0.0	0.876891	0.0	0.0	0.0	0.0	0.0	0.0	0.0	0.0	0.0	0.0	0.0	0.0	0.0	0.0	0.0	0.0	0.0	0.0	0.0	0.0	0.0	0.0	0.0	0.0	0.0	0.0	0.6725	0.0	0.0	0.0	0.280784	0.0	0.0	0.0	0.0	0.0	0.0	0.0	0.0	0.0	0.0	0.0	0.10569	0.0	0.0	0.0	0.0	0.0	0.0
SRR17301540_bin.34	0.0	0.0	0.255925	0.624511	0.0	0.406123	0.073139	0.0	0.0	0.596033	0.0	0.0	0.0	0.0	2.407804	0.0	0.0	0.0	0.0	0.0	0.0	0.0	0.0	0.058078	0.437204	0.0	0.0	0.0	0.0	0.0	0.182682	0.0	0.0	0.314328	0.204814	0.127101	0.32921	0.038485	0.0	0.220827	1.721149	0.132649	0.205066	0.0	0.07523	0.0	0.0	3.214145	0.0	0.0	0.0	0.0	0.0	0.0	0.0	0.0	0.0	0.0	0.0	0.051285	0.0	0.0	0.0	0.0	0.0	0.0	0.076253	0.0	0.0	0.0	0.0	0.0	0.0	0.0	0.0	0.0	0.127215	0.0	0.292641	0.0	0.06769	0.660447	0.338238	0.0	0.0	14.510681	0.681819	2.032549	0.0	0.0	0.850905	0.0	0.0	0.0	20.806036	0.0	0.0	0.0	0.0	0.40159	0.0	0.0	0.0	0.0	1.223617	0.0	0.0	0.0	0.0	0.0	4.437421	0.0	0.0	6.198296	0.611656	0.327465	0.188678	0.0	0.0	0.0	0.0	0.152405	0.0	0.0	0.0	0.296103	0.0	0.0	0.0	0.0	0.0	0.0	2.761248	0.032415	18.344573	1.83593	0.449531	1.660923	0.0	0.113564	0.0	0.053386	0.0	0.234146	0.170993	0.0	0.022664	0.0	0.940817	3.332864	0.373998	0.218504	1.59122	0.088493	0.06417	0.0	0.0	0.734879	0.328888	0.100925	0.02995	0.184204	0.0	0.0	0.0	0.058563	0.0	0.0	0.0
SRR8849247_bin.31	0.026954	0.0	1.864889	0.030638	0.140081	11.744682	0.023744	0.040837	0.038024	6.126827	0.334582	0.007818	0.023905	0.609355	1.019067	0.0	0.079176	0.0	0.0	0.0	0.0	0.483593	0.0	0.01082	0.416038	0.059273	0.025779	0.0	0.53681	0.307261	0.65728	0.020202	0.004426	0.034226	3.164546	0.919534	2.055951	0.008191	0.0	1.263206	11.154469	0.029465	5.542105	0.0	0.072838	0.03058	0.0	0.0	0.016735	1.35396	0.0	0.0	0.029031	0.0	0.0	0.0	0.0292	0.0	0.0	0.544582	0.035649	0.054624	0.0	0.0	0.0	0.0	0.020486	0.007016	0.0	0.0	0.004484	1.079708	0.0	0.5521	0.0	0.028093	0.221237	0.02764	0.05995	0.017762	0.047661	0.0	0.091982	0.007252	0.010862	0.030376	5.118182	0.223236	0.0	0.0	0.089792	0.0	0.0	0.025922	0.01124	0.072264	0.0	0.008149	0.0	0.058293	0.024125	0.297902	0.118546	0.023195	0.010774	0.0	0.021327	0.0	0.0	0.0	0.07236	0.023084	0.028218	0.534007	5.256793	1.626058	0.044217	0.009721	0.018496	0.010916	0.005595	0.460946	0.025087	0.014389	0.0	16.793337	0.0	0.0	0.0	0.0	0.029514	0.0	4.877883	0.031011	0.05602	74.356232	1.206362	11.96557	0.030803	15.006599	0.084142	0.084471	0.0	0.021741	0.434901	0.464526	0.061651	0.0	0.19551	0.057528	12.251282	0.065147	7.903703	0.510033	0.088561	0.056716	0.01398	3.566275	8.562765	0.027396	0.197591	0.012869	0.028169	0.0	0.0	0.088593	0.040411	0.0	0.0
SRR8849253_bin.3	2.792237	0.0	5.962018	0.073937	1.495279	11.315701	4.088984	3.004988	0.0	17.236748	14.702638	0.0	23.82086	1.758359	2.574664	0.0	0.0	0.0	0.0	0.0	0.0	0.0	0.0	0.0	0.088947	0.46702	0.294854	0.0	0.613227	0.150238	1.57676	3.3221435	0.0	4.6008945	0.196477	3.941436	14.053674	2.87031	0.0	0.0	15.358315	1.167208	2.147815	0.385899	0.15319	0.0	0.0	0.0	0.0	0.0	0.0	0.0	0.0	0.0	0.0	0.319895	0.0	0.0	0.0	0.0	4.111765	0.0	0.0	0.0	0.0	0.0	15.116516	0.0	0.0	0.0	0.0	1.576052	0.0	2.803152	0.0	3.772818	1.4704435	0.0	0.0	0.0	11.475626	0.0	1.179846	0.0	0.0	0.0	5.429578	10.192468	0.0	0.0	2.42105	0.0	0.0	1.640572	0.0	4.505592	0.0	0.0	0.0	1.46231	0.0	0.352228	0.686384	0.0	0.0	0.0	0.0	0.0	0.0	0.0	1.7446095000000001	0.0	0.0	0.0	0.993725	1.206304	2.689147	0.0	0.0	0.0	0.0	0.292561	0.0	0.0	0.0	1.259317	0.578568	0.812057	0.0	0.0	0.0	0.0	8.193529	1.685404	4.904354	9.016879	14.940055	13.272859	0.0	6.289339	0.0	4.24943	0.0	0.0	2.649483	0.0	0.170837	0.0	0.63377	0.0	4.681272	0.0	18.899336	2.28934	4.693215	1.353636	0.0	3.096151	3.26387	0.0	0.0	0.0	0.0	0.0	0.0	3.440131	13.804569	0.0	0.0
SRR17301540_bin.4	0.0	0.0	1.203787	0.809812	0.0	0.066116	0.149761	0.0	0.102085	0.0	0.0	0.0	0.0	0.0	2.638531	0.34361200000000003	0.0	0.16859	0.525528	6.389767	0.193077	0.096342	0.0	0.0	0.0	0.0	0.0	0.0	0.0	0.0	0.0	0.060205	0.051172	0.0	0.144383	0.0	0.0	0.148003	0.0	0.0	0.21407	0.2939945	0.0	0.0	0.641079	0.0	1.458705	0.0	0.0	0.0	0.0	0.0	0.0	0.0	0.0	0.0	0.222259	0.0	0.0	1.151291	0.0	0.789824	2.812773	0.0	0.0	0.8807415000000001	0.11606150000000001	0.0	4.751027	0.401766	1.537848	0.194544	1.111652	0.0	0.0	0.0	0.267868	0.0	0.0	0.179454	0.26154	0.23546	0.260215	0.0	0.0	4.934316	0.231134	0.334023	0.0	0.3264715	0.237502	0.0	0.0	1.770918	17.0004705	0.0	0.0	0.0	0.0	0.194872	0.0	0.0	0.0	0.121833	0.46812750000000003	1.733788	1.293641	0.0	2.276733	0.0	0.244725	1.266201	1.764074	10.065017000000001	0.217231	0.0	0.226332	0.185138	0.8748065	0.095993	0.0	0.0737315	0.0	0.0	0.0	0.0	0.0	0.0	0.0	0.0	0.108903	0.0	0.517453	4.687324	5.6662815	0.510451	0.0	0.0	1.63476	0.0	0.0	0.0	0.0	0.298404	0.478314	0.0	0.0	0.0	0.0	1.719442	0.0	0.340369	0.0	0.102976	0.0	0.0	0.0	0.373254	0.296884	0.27551	0.292618	0.0	0.0	0.0	0.0	0.067614	0.474001	0.0	0.0
SRR17301546_bin.14	0.0	0.0	0.0	0.0	0.0	0.0	0.0	0.0	0.0	0.0	0.0	0.0	0.0	0.0	0.0	50.655226	0.05741	94.492403	0.282431	0.0	0.060878	0.0	8.871931	0.0	0.0	0.0	0.0	0.0	0.0	18.712222	0.0	0.0	0.0	0.0	0.0	0.0	0.0	0.0	0.0	0.0	0.0	0.0	0.0	0.0	0.0	0.036277	8.867458	1.353174	0.0	0.0	0.0	0.0	0.0	4.553579	0.0	0.0	1.973204	0.0	0.0	0.0	0.0	0.0	285.411731	0.0	0.0	8.7798685	0.0	0.039536	0.0	10.555635	0.0	0.0	8.00299	0.0	0.412107	0.0	0.0	0.0	0.0	0.0	0.0	0.0	0.0	0.0	0.671565	8.655109	0.0	0.0	28.063645	0.0	0.076846	16.132503	98.582595	0.0	0.158067	0.0	0.0	4.457704	0.0	0.0	0.0	0.0	0.0	0.016689	0.0	79.417081	13.894337	0.0	168.12615	15.667182	0.082153	62.408449	0.0	0.158997	0.0	0.0	0.0	0.395627	0.251883	0.0	0.0	0.0	0.0	0.0	0.0	0.0	0.0	0.141375	2.363627	0.601466	0.0	0.0	0.0	0.0	0.029649	0.0	0.0	0.0	2.405927	0.0	0.21233	0.0	2.069699	0.0	0.0	0.0	0.0	0.0	0.0	0.0	0.0	0.0	0.0	0.0	0.0	0.0	0.0	0.0	0.0	0.0	0.0	0.0	0.020102	0.0	0.521034	0.0	0.139791	0.0	0.0
SRR8849209_bin.14	0.025331	0.033565	0.109913	0.050163	0.043885	0.032593	0.074636	0.103566	489.164157	0.052167	33.835439	0.095402	3.294771	0.031263	0.049984	0.092619	0.062325	0.020449	0.0	0.004278	0.049035	0.098959	0.017267	0.132181	158.467237	0.071438	2.612336	0.020916	0.062383	31.238365	0.039535	142.495227	0.003118	1.444855	0.027919	109.392714	0.044372	0.072203	0.089722	0.039988	0.095105	0.076905	26.668429	92.128106	0.019893	0.037421	0.048343	0.046787	0.128907	261.598908	2.572234	0.0	0.036288	0.0	0.0	0.088278	0.017125	0.0	0.025263	0.525574	0.087281	0.04648	0.015978	0.05144	0.012562	0.00489	167.240395	0.009896	0.0	0.214387	31.675034	92.557332	0.0	65.990943	0.0	0.0	0.08958	1.600837	596.42344	0.58082	0.178098	0.014737	7.251554	0.297164	0.022777	0.021401	0.025619	43.427262	0.0	0.009388	0.044103	0.0	0.006698	347.327549	0.229843	689.86855	0.451333	0.207812	0.059982	4.658521	31.582192	3.204565	158.605413	2.532102	0.226353	0.020898	0.013261	0.039964	0.060675	0.065795	0.170376	0.004592	0.049756	0.020789	0.073794	145.621827	0.046292	0.113569	0.050486	0.063657	0.23568	31.605712	0.121192	6.33372	0.636195	0.205214	0.037222	0.05931	0.015579	0.015346	0.018415	0.051049	0.116098	464.735557	0.173098	0.083521	406.165076	0.079791	4.303048	60.338403	0.947035	0.022981	0.009062	4.393623	0.772853	0.147326	1.108926	0.104262	0.13636	0.058739	0.065829	302.506199	0.053149	71.393106	0.041417	5.150457	14.969009	613.359472	56.607228	0.035105	0.039651	19.261991	0.363423	0.108701	0.236549	0.023304	19.596264	0.025815	9.793977
SRR8849266_bin.23	388.523205	1.453137	137.855682	8.273216	9.508833	243.970413	101.84128	112.265864	16.317166	161.102188	1.337768	0.137341	599.959345	1.655581	56.475455	1.713157	11.523356	0.143118	0.027467	0.026686	0.030191	323.605469	74.880307	1041.48358	920.584637	34.557395	215.721166	0.664483	80.238082	0.6166	34.539016	15.333568	107.57477	0.804897	0.466979	111.45926299999999	232.616591	112.666344	54.992772	362.115155	77.302429	56.985984	239.097657	0.032806	116.988133	0.033756	0.113212	0.078532	0.351266	0.565403	110.477658	0.103239	105.969397	0.064931	55.903681	8.926202	0.064683	165.880992	0.826872	1.567816	166.146342	0.665702	0.077554	0.085149	0.334642	0.0	159.621703	0.086415	0.0	0.185294	98.83933400000001	85.978091	0.166359	57.357866	166.419474	288.722078	31.762467	0.620823	0.059762	24.865778	317.36167	139.949064	157.511015	0.117412	0.885404	152.47273	58.136106	40.868695	0.198041	0.062446	74.284219	48.861208	0.01358	57.512749	0.222021	0.703476	7.380739	1.020539	26.614496	76.314032	0.331124	191.093864	0.462897	0.160035	0.042821	0.0	50.082819	0.091679	0.456448	0.168773	163.22463	0.270105	124.149763	381.366669	0.13277	114.138866	38.235846	0.017325	161.117422	42.500842	0.173212	0.873475	0.473365	6.58505	0.299697	209.945236	366.488262	3.79578	1.838093	0.327377	0.174977	1.212698	33.860063	107.26789	79.75338	671.851084	1.038328	99.510758	1.0602485000000001	24.830755	199.940608	1.455223	0.661118	90.462986	2.534188	3.6191785	4.185383	17.886012	158.0169875	0.169881	40.152862	69.575116	259.108466	31.966855	14.584856	7.514558	103.364238	14.633302	80.787325	100.308402	105.676628	82.448615	0.666339	0.325463	0.561955	248.912969	131.501676	4.47592	52.185749
SRR17301561_bin.24	0.0	0.0	0.0	0.0	0.0	0.0	0.0	0.0	0.0	0.0	0.0	0.0	0.0	0.0	0.0	0.0	0.0	0.0	0.0	0.0	0.0	0.0	0.0	0.0	0.0	0.0	0.0	0.0	0.0	0.0	0.0	0.0	0.0	0.0	0.0	0.0	0.0	0.0	0.0	0.0	0.0	0.0	0.0	0.0	0.0	0.0	0.0	0.0	0.0	0.0	0.0	0.0	0.0	0.0	0.0	0.0	0.0	0.0	0.0	0.0	0.0	0.0	0.0	0.0	0.0	0.0	0.0	0.0	0.0	0.0	0.0	0.0	0.0	0.0	0.0	0.0	0.0	0.0	0.0	0.0	0.0	0.0	0.0	0.0	0.0	0.0	0.0	0.0	0.0	0.0	0.0	0.0	0.0	0.0	0.0	0.0	0.0	0.0	0.0	0.0	0.0	0.0	0.0	0.0	0.0	0.0	0.0	0.0	0.0	0.0	0.0	0.0	0.0	0.0	0.0	0.0	0.0	0.0	0.0	0.0	0.0	0.0	0.0	0.0	0.0	0.0	0.0	0.0	0.0	0.0	0.0	0.0	39.885753	0.0	0.0	0.0	0.0	0.0	0.0	0.0	0.0	0.0	0.0	0.0	0.0	0.0	0.0	0.0	0.0	0.0	0.0	0.0	0.0	0.0	0.0	0.0	0.0	0.0	0.0	0.0	0.0	0.0	0.0	0.0	0.0	0.0	0.0	0.0	0.0
SRR9330795_bin.8	0.0	0.0	0.108385	0.571044	64.875804	0.226195	0.153045	0.132033	0.042296	0.0	0.120138	0.747316	0.0	0.154464	0.456214	264.756533	4.066722	226.490527	0.023106	1.376146	116.805266	141.577006	0.0	0.0	0.084294	0.0	0.027867	1.804641	3.309067	0.509657	0.219163	0.455808	12.040596	0.103394	0.0	0.0	0.0	0.165115	0.035761	0.0	0.6505	232.491929	0.045158	0.0	2.047949	0.165973	1.004255	13.268092	0.110559	0.308983	0.0	0.0	0.0	33.173992	0.246135	0.0	34.533618	0.153569	0.0	446.111323	0.425525	27.864187	945.75332	0.277973	0.0	2.257539	0.012981	4.448747	11.118248	5.840405	272.494687	0.184443	0.055638	0.228321	0.0	0.0	0.603755	3.369327	0.133121	0.927703	0.118946	3.010159	0.088773	0.036776	0.073288	0.946831	1.979925	0.945173	6.420947	1.90086	6.569539	0.126442	3.075735	1.441712	1.2399	0.164751	0.44998	0.088503	0.452755	0.028419	0.446798	1.154494	0.097419	2.032015	22.095065	0.315363	1.597645	0.962387	3.710211	0.908455	1.523582	0.418189	0.436486	1.133585	0.233193	0.054011	0.339791	0.221955	0.032547	7.863829	0.105714	96.120594	2.570692	0.045041	1.369888	0.0	46.894927	0.037864	0.0	0.0	0.176561	1.406261	0.451174	1.443944	0.286835	0.254707	0.068318	0.676622	5.262081	0.486373	0.601239	0.110576	0.0	0.1791	1.015503	0.0	0.555833	0.070158	2.97049	0.071231	0.160432	0.135813	0.096096	0.301732	208.596369	0.624819	0.123842	0.243681	0.085815	0.533197	2.238399	0.146013	2209.4753	0.0	6.056989	0.155503	0.023479	0.153967	0.0
SRR17301550_bin.6	0.0	0.0	0.090458	0.0	0.0	0.060123	0.023183	0.0	0.046603	0.0	0.0	0.0	0.0	0.0	0.0	0.0	9.970813	0.0	0.0	0.035687	0.0	0.063672	0.0	0.0	0.0	0.0	0.0	0.0	0.0	0.0	0.03865	0.0	0.0	0.0	0.0325	0.0	0.0	0.0	0.124234	0.0	0.108843	0.148958	0.015859	0.0	0.027944	0.145184	0.0	0.0	0.0	0.0	0.0	0.0	0.0	0.0	0.0	0.0	0.052324	0.0	0.0	0.0	0.0	0.051724	0.0	0.0	0.0	0.398149	0.0	0.0	0.0	0.0	0.0	0.079137	0.1337	0.0	0.0	0.0	0.040056	0.0	0.0	0.0	0.048426	0.020064	0.017896	0.0	0.0	0.0	0.064482	0.063676	0.0	2.084408	0.060518	0.082435	0.0	0.0	0.033147	0.024593	0.0	0.0	0.0	0.025026	0.0	0.0	0.0	0.0	0.0	0.481327	0.0	0.035024	0.0	0.0	0.040621	67.8397225	0.0	0.067579	0.110251	0.0	0.033462	0.024217	0.0	0.0	0.0	0.0	0.017065	0.0	0.0	0.0	0.0	0.0	0.0	0.0	0.147887	0.0	0.13764	0.0	0.03765	0.079523	0.051356	0.084221	0.0	0.075099	0.084347	0.021868	0.0	0.02579	0.047461	0.0	0.0	0.0	0.0	0.066456	0.049605	0.0	0.068968	0.067119	0.0	0.0	0.0	0.04055	0.0	0.0	0.047956	0.0	0.0	0.0	0.0	0.0	0.082863	0.0	0.0
SRR8849249_bin.45	0.0	0.207081	0.450568	4.148764	0.689099	2.080697	1.657713	0.514223	0.383821	0.305284	0.0	5.566142	0.0	0.763037	9.927506	223.581407	61.883998	10.86312	0.097025	6.772153	0.260325	3.831932	0.0	0.0	0.244965	0.0	0.204385	0.879013	2.81985	5.95374	1.008116	2.998374	0.100556	1.67955	0.0	0.0	0.0	0.721018	0.421416	0.0	3.647904	2.5558	0.0	0.0	0.696532	0.0	5.251207	166.929405	0.0	3.044675	0.0	0.610445	0.0	0.0	0.778275	0.0	1.078835	0.0	0.0	2.582679	3.539605	0.871361	11.811272	0.363066	0.0	34.200402	0.240432	3.367532	2.188961	6.995428	38.414906	1.630551	0.0	0.643831	0.0	0.400752	0.745324	67.797127	1.698258	11.551939	0.886451	1.035522	0.463072	0.090621	0.238094	7.647304	3.62957	12.011394	106.750295	24.069361	71.159574	0.539887	25.875942	7.191433	14.644107	1.489526	3.587697	0.294464	1.275926	0.0	5.5227	0.92193	0.679329	10.190438	2.375642	0.254736	14.170509	3.938817	36.830123	13.255997	22.984598	0.801804	7.914227	6.02072	0.477537	0.257983	2.464262	0.093425	0.407265	17.33905	1.390829	15.831053	2.391909	0.374569	0.0	0.0	0.0	0.592427	0.0	0.0	1.420706	0.0	3.746573	19.464504	0.0	3.312034	0.604551	3.422443	3.557498	0.0	0.0	0.546633	0.0	0.318515	17.93006	0.0	1.360634	0.414521	5.493028	0.313291	0.871791	1.459811	0.542629	1.071168	1.425041	5.413202	2.277526	0.45387	0.0	0.48296	1.469747	0.545814	4.509386	0.0	40.387524	1.060374	0.229646	0.189018	0.0
SRR17301551_bin.20	0.157067	0.155671	1.165176	1.45128	2.480447	2.313922	5.071391	0.0	2.1119	1.491682	1.886092	0.0	0.0	0.0	27.520021	0.108138	0.038641	0.0	0.0	0.0	0.0	0.0	0.0	0.0	0.0	0.0	0.0	0.0	0.506711	0.1880165	3.243812	1.515048	4.140087	1.455755	0.0	9.885805	0.994736	1.191351	0.0	2.275367	2.684871	2.129632	0.724199	0.092675	1.803205	1.792226	0.0	54.689096000000006	1.547347	0.5234175	0.423134	0.0	0.0	0.0	0.0	0.0	0.0	0.0	0.0	1.369659	2.927657	0.0	0.0	0.0	0.0	0.0	1.107033	1.047769	0.0	0.0	1.4e-05	1.336433	0.0	0.56777	0.0	2.078893	1.28329	0.226868	0.0	2.011411	1.055758	1.480332	0.5765325	12.060594	0.0	0.0	2.396835	10.553406	0.06143	0.0	26.713218	0.0	0.0	15.928009	0.056532	1.33953	0.0	0.0	0.0	0.639067	0.339055	1.04226	0.857506	0.029168	0.341201	0.0	3.981257	8.796052	0.0	0.0	0.204641	0.0	70.76673500000001	8.474181	3.264735	0.0	2.837892	0.0	1.52529	0.490756	1.9955465000000001	14.675303	0.0	0.0	1.85693	1.846128	0.0	0.190864	0.0	0.0	0.0	0.552923	26.450512	36.628896	0.478068	3.470744	0.764363	2.714072	0.47645	0.455108	0.0	0.198228	0.0	0.706661	2.388018	0.0	0.394686	1.280286	2.010449	0.405498	1.376015	0.5076354999999999	1.759408	0.607797	0.0	7.004023	0.512788	3.701184	1.554846	0.0	0.7105764999999999	0.0	0.344633	0.0	1.189285	0.602	1.594135	0.0	0.0
SRR8849233_bin.15	0.0	0.0	0.0	0.0	0.0	0.0	0.018131	0.0	0.0	0.0	0.710583	0.0	0.0	0.0	0.053405	0.0	0.0	0.0	0.0	0.0	0.0	0.0	0.0	0.0	0.0	0.0	0.0	0.0	0.0	0.0	0.0	0.0	0.0	0.0	0.0	0.0	0.0	0.0	0.0	0.0	0.0	0.0	0.0	0.0	0.0	0.0	0.0	0.0	0.0	0.0	0.0	0.0	0.0	0.0	0.0	0.0	0.0	0.0	0.0	0.0	0.0	0.0	0.0	0.0	0.0	0.0	0.0	0.0	0.0	0.0	0.0	8.785266	0.0	3.786819	0.0	0.0	1.117603	0.0	0.0	0.0	0.0	0.0	0.468154	0.0	0.0	0.0	0.0	0.045736	0.0	0.0	0.079986	0.0	0.0	0.0	0.0	0.0	0.0	0.0	0.0	0.0	0.234819	0.0	1.02385	0.0	0.0	0.0	0.0	0.0	0.0	0.0	0.0	0.0	0.0	0.0	0.0	28.925744	0.0	0.0	0.0	0.0	0.025161	0.0	0.0	0.0	0.0	0.061876	0.0	0.0	0.0	0.0	0.0	0.0	0.0	0.0	0.0	0.0	0.0	0.0	0.0	0.102734	0.0	0.0	0.0	0.0	0.041014	0.0	0.0	0.0	0.0	0.0	2.737162	0.006749	0.0	3.580356	0.0	0.0	0.0	0.0	0.0	0.252498	0.0	0.0	0.0	0.0	0.0	0.045157	0.0	0.0	0.0
SRR17301525_bin.9	0.0	0.0	0.0	0.0	0.0	0.0	0.0	0.0	0.0	0.0	12.753398	0.0	0.0	0.0	0.0	0.0	0.0	0.0	0.0	0.0	0.0	0.0	0.0	0.0	0.0	0.0	0.0	0.0	0.0	0.0	0.0	0.0	0.0	0.0	0.0	0.0	0.0	0.0	0.0	0.0	170.046882	0.0	0.0	0.0	0.0	0.0	0.0	0.0	0.0	0.0	0.0	0.0	0.0	0.0	0.0	455.0441595	0.0	0.0	0.0	0.0	0.0	0.0	0.0	0.0	0.0	0.0	0.0	0.0	0.0	0.0	0.0	0.0	0.0	0.0	0.0	0.0	0.0	0.0	0.0	0.0	0.0	0.0	0.0	0.0	0.0	0.0	0.0	0.0	0.0	0.0	0.0	0.0	0.0	0.0	0.0	0.0	0.0	0.0	0.0	0.0	0.0	0.0	0.0	0.0	0.0	0.0	0.0	0.0	0.0	0.0	0.0	0.0	0.0	0.0	0.0	0.0	0.0	0.0	0.0	0.0	0.0	0.0	0.0	0.0	0.0	0.0	0.0	0.0	0.0	0.0	0.0	0.0	0.0	0.0	0.0	0.0	0.0	198.8554615	0.0	0.0	0.0	0.0	0.0	0.0	0.0	0.0	0.0	0.0	0.0	0.0	0.0	0.0	0.0	0.0	0.0	0.0	0.0	0.0	0.0	0.0	0.0	0.0	0.0	0.0	0.0	0.0	0.0	0.0	0.0
SRR9330798_bin.3	0.0	0.0	0.0	0.0	0.0	0.0	0.0	0.0	0.0	0.0	0.025852	0.389915	0.008186	0.0	0.0	0.272055	1.81934	0.0	0.050925	0.0	0.0	0.0	0.054794	0.0	0.0	0.0	17.903404	67.427154	0.0	0.0	0.0	0.098578	0.0	0.0	0.0	5.87581	0.0	0.0	0.0	0.040919	0.0	0.0	3.876992	0.0	0.099048	0.0	0.0	0.0	0.0	0.0	0.0	0.0	0.0	0.0	0.0	0.0	0.029166	0.0	0.0	0.0	0.0	0.0	0.0	0.0	0.0	0.0	0.0	0.0	0.0	0.0	0.049995	0.0	0.0	0.0	0.0	0.0	0.0	0.0	0.0	0.0	0.0	0.0	0.0	0.0	0.023157	0.017373	1.950852	0.0	0.0	0.0	0.03709	0.0	0.0	0.706566	0.0	0.0	0.0	0.0	0.0	0.0	0.0	13.114212	0.088209	0.0	0.0	0.0	0.0	0.0	0.0	0.0	0.0	0.011513	0.0	0.0	1.354841	2.539161	0.0	0.0	0.0	0.0	0.0	0.0	0.0	0.136629	0.0	0.0	0.0	14.699399	0.0	194.508398	0.0	0.0	1.492625	0.0	0.0	0.0	0.0	0.0	0.0	0.0	0.606409	0.12118	0.016574	0.0	0.0	0.014361	0.0	0.0	0.0	0.0	0.0	10.734829	0.0	0.0	0.0	0.0	0.048632	0.0	0.0	0.0	0.0	0.0	0.0	0.0	0.0	0.0	0.0	0.0	0.02465
SRR9330783_bin.3	0.0	0.0	0.0	0.0	0.0	0.0	0.0	2.832908	0.037545	0.0	0.622477	0.018457	0.09721	0.0	0.012188	0.589613	0.005764	0.040856	0.229598	0.0	0.112217	0.0	170.870161	0.0	0.0	0.0	0.0	0.014425	0.0	7.229277	0.0	0.0	0.0	0.0	0.0	0.0	0.0	0.0	0.0	0.407509	6.41763	0.0	0.0	0.0	0.0	0.0	0.0	0.037546	0.0	0.0	0.0	0.0	0.0	0.758652	0.06122	0.0	3.742624	0.0	0.009352	0.0	0.0	0.0	0.051019	0.0	0.0	34.385971	0.0	0.0	0.091994	57.535167	0.0	0.0	0.048463	0.0	0.0	0.0	0.0	0.043453	0.0	0.0	0.0	0.0	0.0	0.0	0.018071	0.012548	1.305789	0.0	0.057377	0.333756	0.0	0.081466	0.442586	0.0	0.015141	0.0	0.0	0.0	0.0	0.0	0.0	0.0	0.0	0.0	0.0	0.0	0.0	0.0	0.023452	0.053757	0.157219	0.316807	0.0	0.0	0.0	0.0	0.0	0.0	0.0	0.08801	0.0	0.019121	0.0	0.0	0.0	0.0	0.0	0.842163	0.44925	0.237194	12.390519	0.0	0.0	0.0	0.0	0.0	0.0	4.400496	0.01676	0.0	0.589254	0.0	0.111188	0.0	0.0	0.0	0.0	0.0	0.0	0.0	0.0	0.0	0.0	0.0	0.0	0.0	0.009624	0.0	1.446325	0.0	0.0	0.0	0.0	0.0	0.0	0.0	0.0	0.0	31.601824
SRR8849251_bin.5	0.0	0.0	0.0	0.0	0.0	0.0	0.0	0.0	0.0	0.0	0.0	0.0	0.0	0.0	0.0	0.0	0.0	0.0	0.0	0.0	0.0	0.0	0.0	0.0	0.0	0.0	0.0	0.0	0.0	0.0	0.0	0.0	0.0	0.0	0.0	0.0	0.0	0.0	0.0	0.0	0.0	0.0	0.0	0.0	0.0	0.0	0.0	0.0	0.0	0.0	0.0	0.0	0.0	0.0	0.0	0.0	0.0	0.0	0.0	0.0	0.0	0.0	0.0	0.0	0.0	0.0	0.0	0.0	0.0	0.0	0.0	5.33784	0.0	6.60799	0.0	0.0	0.0	0.0	0.0	0.0	0.0	0.0	0.311955	0.0	0.0	0.0	0.0	0.0	0.0	0.0	0.0	0.0	0.0	0.0	0.0	0.0	0.0	0.0	0.0	0.0	0.0	0.0	1.023968	0.0	0.0	0.0	0.0	0.0	0.0	0.0	0.0	0.0	0.0	0.0	0.0	1.506772	0.0	0.0	0.0	0.0	0.0	0.0	0.0	0.0	0.0	0.644836	0.0	0.0	0.0	0.0	0.0	0.0	0.238824	0.0	0.0	0.0	0.0	0.0	0.0	0.367541	0.0	0.0	0.0	0.0	9.843824	0.0	0.0	0.0	0.0	0.0	14.453012	0.335122	0.0	1.771142	0.366063	0.0	0.0	0.0	0.0	1.885893	0.0	0.0	0.0	0.0	0.0	0.0	0.0	0.0	0.0
SRR17301514_bin.11	0.0	0.0	0.245972	0.0	0.281063	1.0813	0.0	0.0	0.14287	0.236299	0.0	0.0	0.0	0.087524	0.019258	0.0	86.541916	0.0	0.0	0.0	0.0	0.0	0.0	0.0	0.0	0.0	0.393219	0.0	0.0	0.0	0.082581	0.0	0.0	0.0	0.105135	0.0	0.0	0.0	0.498394	0.0	0.16310449999999999	0.0	0.059282	0.0	0.209292	0.0	0.0	0.0	0.385321	0.0	0.0	0.188735	0.0	0.0	0.0	0.0	0.0	0.0	0.0	0.0	0.193933	3.0146569999999997	0.0	0.0	0.0	0.0	0.06668	0.0	0.0429185	0.0	0.0	0.329147	0.0	0.0907865	0.0	0.0	0.0	0.0	0.0	0.0	0.0210925	0.0	0.0	0.0	0.406779	1.196447	0.325058	0.0	0.0	0.0	0.0	0.72002	0.0	0.0	0.0	0.0	0.0	0.0	0.0	0.073044	0.080826	0.0	0.0	0.0	0.0	0.0	0.0	0.0	0.0	0.0	0.096715	0.0	0.0	0.0	0.673255	0.116135	0.254338	0.0	0.023931	0.0	0.064585	0.0	0.076493	0.0	0.0	0.386244	0.0	0.0	0.0	0.0	0.119244	0.0	0.156348	0.297489	0.046502	0.194293	0.253413	0.170903	0.0	0.211705	0.0	0.129636	0.0	0.0	0.0	0.0	0.0	0.0	0.0	0.051745	0.065973	0.0	0.114489	0.0	0.0	0.0	0.0	0.0	0.0	0.0	0.0	0.0	0.0	0.0	0.0	0.339518	0.116585	0.0	0.0
SRR8849265_bin.4	0.0	0.0	0.0	0.020955	0.586699	0.017514	0.0	0.0	0.005936	0.0	0.0	0.0	0.0	0.0	0.0	0.046933	0.0	0.0	0.0	0.0	0.104971	0.0	0.0	0.0	0.0	0.0	0.0	0.0	0.0	0.0	0.169044	0.0	0.0	0.121647	0.0	0.0	0.0	0.130551	0.023381	0.0	0.021935	0.0	0.0	0.0	0.044098	0.800004	0.254401	0.0	0.0	0.0	0.0	0.0	0.0	0.0	0.0	0.0	0.0	0.0	0.0	0.0	0.0	0.02546	3.9939	0.0	0.0	0.0	0.023822	0.364477	0.0	0.0	0.0	0.0	0.0	0.0	0.0	0.0	0.0	0.0	0.0	0.0	0.0	0.0	0.0	0.0	0.0	0.192474	0.020548	0.02777	0.0	0.0	0.851733	0.0	0.0	0.0	0.0	0.056119	0.0	0.0	0.05259	0.0	0.0	0.0	0.0	0.0	0.0	0.0	0.0	0.179828	1.212139	0.0	0.11652	0.0	0.0	3.534626	0.253473	0.0	0.0	0.0	0.0	0.0	0.0	0.018749	0.0	0.0	0.0	0.0	0.0	0.0	0.0	0.0	0.0	0.0	1.308617	0.0	0.095086	0.0	0.022241	0.0	0.0	0.0	0.0	0.026042	0.0	0.0	0.27133	0.0	0.334099	0.0	0.05128	0.0	0.0	0.0	0.040059	0.031218	0.188463	0.025637	0.0	0.0	0.0	0.0	1e-06	0.0	0.021287	0.0	173.445622	0.013833	0.030149	0.0	0.0
SRR17301512_bin.5	0.0	0.0	0.0	0.0	0.20974900000000002	0.0	0.0	0.0	0.0	0.0	0.0	0.0	0.0	0.0	30.132741	0.0	0.0	0.0	0.0	0.0	0.0	0.0	0.0	0.0	0.0	0.0	0.0	0.0	0.0	0.0	0.0	0.0	0.0	0.0	0.0	0.0	0.0	0.0	0.0	0.0	0.0	0.0	0.0	0.0	0.0	0.0	0.0	0.0	0.0	0.0	0.0	0.0	0.0	0.0	0.0	0.0	0.0	0.0	0.0	0.0	0.0	0.0	0.440856	0.0	0.0	0.0	0.0	0.0	0.0	0.0	0.0	0.0	0.0	0.0	0.0	0.0	0.0	0.0	0.0	0.0	0.0	0.0	0.0	0.0	0.0	0.210087	0.0	0.0	0.0	0.0	0.062335	0.0	0.0	0.0	0.0	0.0	0.0	0.0	0.0	0.0	0.0	0.0	0.0	0.0	0.0	0.0	0.0	0.0	0.0	0.0	0.0	0.0	0.0	0.362484	0.0	0.0	0.0	0.0	0.0	0.0	0.0	0.0	0.0	0.0	0.0	0.0	0.0	0.0	0.0	0.0	0.0	0.0	0.115947	0.0	0.0	0.0	0.0	0.0	0.0	0.0	0.0	0.0	0.0	0.0	0.0	0.0	0.062133	0.0	0.0	0.0	0.0	0.03128	0.0	0.0	0.0	0.0	0.0	0.0	0.0	0.0	0.0	0.0	0.0	0.0	0.0	0.0	0.0	0.0	0.0
SRR8849268_bin.42	0.0	0.0	0.05717	0.0	0.006499	0.013296	0.003335	0.0	0.004561	0.011235	0.622715	0.0	0.0	0.0	0.215993	0.003406	0.0	0.0	0.0	0.0	0.0	0.0	0.0	0.0	0.0	0.0	0.0	0.0	0.0	1.423364	0.0	0.0	0.0	0.058916	0.157608	0.0	0.225447	0.006288	0.0	0.020269	0.008415	0.0	0.007436	0.006743	0.0	0.0	0.0	0.0	0.0	0.0	0.0	0.0	0.0	0.0	0.0	0.0	0.0	0.0	0.0	0.016052	0.0	0.0	0.0	0.0	0.0	0.0	0.0	0.0	0.006645	0.0	0.0	0.402085	0.0	0.65776	0.0	0.0	0.128546	0.053311	0.0	0.025343	0.009298	0.0	0.066407	0.0	0.0	0.0	0.0	0.495768	0.0	0.0	0.0	0.0	0.0	0.0	0.0	0.0	0.006807	0.0	0.0	0.812448	0.0168	0.134554	0.043168	0.150245	0.0	0.0	0.0	0.0	0.0	0.010159	0.010169	0.0	0.0	0.0	0.008209	0.018412	0.0072	0.0	0.0	0.0	0.0	2.098103	0.0	0.0	0.063291	0.825543	0.0	0.0	0.0	0.0	0.0	0.0	0.061881	0.0	0.0	0.102911	0.028893	0.015169	0.116368	0.641903	0.046979	0.003676	0.0	0.0	0.142248	0.0	0.052778	0.0	0.0	0.0	0.177255	0.051685	0.159492	0.734084	0.0	0.418786	0.0	102.575302	2.115114	0.011754	0.267319	0.0	0.006109	0.0	0.0	0.063185	0.0	0.0	0.0
SRR9330791_bin.7	0.125471	0.188134	1.049388	0.088151	14.697446	0.712979	0.324688	7.373242	0.037579	46.65201	2.530839	0.006544	6.814158	122.28485	0.0476	0.238676	0.114462	0.008597	0.0	0.20378	0.0	2.35872	0.0	0.045923	0.605547	0.04544	0.063363	0.014112	0.297876	1.036064	0.226763	0.024674	0.004933	0.356497	14.176735	0.241624	3.232962	0.166095	0.0	4.548262	21.277693	1.299365	0.673682	0.270485	3.515044	0.02917	0.008902	0.0	0.0	0.225895	0.202852	0.060764	0.0	0.052758	0.0	0.073911	0.016805	0.0	0.0	0.026874	14.965642	47.044969	0.012511	0.0	0.0	0.0	2.871487	0.111507	0.0	0.026689	0.451187	2.51095	0.0	0.389611	0.192101	1.296798	11.762658	0.059271	0.508671	0.0244905	1.988009	0.035115	0.104683	0.01	0.385231	1.485002	1.726572	8.349758	0.013331	0.0	2.836999	0.0	0.0	3.188798	0.019094	0.707164	0.035287	0.010236	0.052191	0.314311	0.079091	0.854563	0.273615	0.044758	0.012102	0.0	0.015009	0.23391	0.0303	0.0	4.857255	0.016551	16.788624	117.741899	43.299477499999995	0.045771	69.195745	0.0	0.013718	0.005348	0.006507	1.087713	28.293377	2.220641	0.193371	0.979368	0.034721	0.160682	0.0	0.0	0.01504	0.046673	129.97704	0.838735	0.432908	46.758095	0.644217	24.472522	0.059575	0.330681	0.183769	0.189969	0.0	0.267925	0.564055	0.02479	0.6090070000000001	0.165728	0.10776	0.13382	0.188695	0.060074	7.250996	0.1323455	1.817429	0.289429	1.325394	12.491857	14.082839	1.662211	13.050832	51.9273405	0.094966	0.0	0.020842	15.22395	0.010704	0.103362	0.023515
SRR17301535_bin.20	0.0	0.0	1.122308	0.085222	0.113869	0.069116	0.087547	0.0	0.071707	0.079867	0.0	0.142403	0.0	0.0	0.282387	41.34838	0.264893	3.067679	0.020128	0.598755	374.165615	42.479548	1.192145	0.0	0.0	0.0	0.0	0.0	0.0	2.35061	0.045282	0.170839	0.067828	0.0	0.03671	0.069655	0.0	0.040082	0.107376	0.064389	0.170626	0.082101	0.065757	0.030009	0.076956	0.220401	0.799067	0.482388	0.066343	0.074949	0.0	0.310176	0.0	4.81184	0.0	0.048191	0.403759	0.0	0.0	8.785453	0.110454	0.105537	389.800813	0.0	0.0	0.047232	0.042651	0.15861	0.091407	6.845739	0.202533	0.190581	155.326731	0.052964	0.0	0.153537	0.112244	0.105125	0.251163	0.515587	0.096173	0.041118	0.046391	0.02268	0.0	1.509566	0.244418	0.36472	0.078916	0.0	0.75885	0.097452	22.197333	0.490266	3.326178	0.063655	0.078034	0.432518	2.702475	0.222374	0.061491	0.0	0.0	1.304014	0.034705	0.277747	32.848894	0.086576	0.0	0.275277	0.596084	87.385751	7.227881	0.514851	0.078785	0.042125	0.121245	0.793413	0.036523	0.134161	0.0	0.726473	0.071663	0.0	0.0	0.053774	0.0	0.0	0.0	0.575084	1.324402	0.0	1.109009	0.755488	0.740459	0.14826	0.054679	0.133172	8.783547	0.089783	2.818202	0.021336	0.339865	0.034063	0.123267	0.0	0.042382	0.0	0.136335	0.059875	0.10646	0.023377	0.043635	0.068339	0.031083	0.205444	0.027319	0.169538	0.095445	0.061857	0.058717	0.192835	0.21893	0.0	14.539947	0.067547	0.0	0.239257	0.0
SRR9330790_bin.11	0.0	0.0	0.0	0.0	0.0	0.0	0.0	0.0	0.0	0.0	0.0	0.0	51.631389	0.0	0.0	0.0	0.016372	0.0	0.0	0.019686	0.0	0.0	0.0	0.0	0.0	0.0	0.0	0.0	0.0	0.0	3.294431	0.0	0.0	0.0	0.0	0.0	0.0	0.0	0.0	0.0	0.0	0.0	0.0	0.0	0.0	0.0	0.0	0.0	0.0	0.0	0.0	0.0	0.0	0.0	0.0	0.0	0.0	0.0	0.0	0.0	0.0	0.065171	0.012706	9.074246	0.0	0.0	0.0	0.0	0.0	0.0	0.0	0.0	0.0	0.0	0.0	0.0	0.0	0.0	0.0	0.0	0.0	0.0	0.0	0.0	0.0	0.0	0.0	0.0	0.0	0.0	0.093065	0.0	0.0	0.0	0.101758	0.0	0.0	0.0	0.0	0.0	0.0	0.0	0.0	0.0	0.0	0.0	0.015741	0.0	0.0	0.038113	0.0	0.0	0.0	0.030257	0.106482	0.0	0.0	0.0	0.0	0.0	0.0	0.0	0.0	0.0	0.0	0.0	0.0	0.057421	0.0	0.0	0.0	0.0	0.0	0.0	0.038541	0.0	0.0	0.0	0.0	0.0	0.0	0.0	0.0	0.0	0.0	0.0	0.0	0.0	0.0	0.0	0.0	0.0	0.0	0.0	0.0	0.0	0.0	0.0	0.0	0.0	0.0	0.0	0.0	0.0	0.0	0.0	0.0	0.0	0.0
SRR8849273_bin.19	0.007096	0.0	0.532332	0.0	0.146951	2.326741	0.009416	0.325769	27.024821	0.044493	0.061589	0.0	0.0	0.029686	0.274161	0.0	0.181384	0.0	0.0	0.0	0.0	0.040597	0.0	0.0	0.06106	0.010154	0.020722	0.0	0.009017	0.0	0.034816	0.003023	0.0	0.016715	1.163865	0.0	0.193623	0.016589	0.012056	0.037289	1.462072	0.015813	0.024388	0.007906	0.152653	0.032916	0.0	0.01092	0.090099	0.0	0.0	0.0	0.0	0.012927	0.0	0.0	0.015207	0.0	0.0	0.0	0.031068	0.033644	0.002632	0.0	0.0	0.0	0.027296	0.0	0.0	0.0	0.0	0.463261	0.012339	0.132959	0.0	0.0	0.032338	0.0	0.025185	0.010031	0.028188	0.0	0.018007	0.0	0.0	2.486708	1.998453	1.621028	0.0	0.0	0.070811	0.012038	0.0	0.064887	0.015502	0.018212	0.0	0.004289	0.0	0.016166	0.0	0.0	0.0	0.0	0.061682	0.0	0.027249	0.0	0.004535	0.0	0.42088	0.019766	0.259084	0.043842	13.808525	0.048531	0.190673	0.018298	0.0	0.003082	0.0	0.015906	0.022791	0.033171	0.0	0.306278	0.027767	0.0	0.0	0.0	0.031157	0.0	0.746088	0.07388	0.031886	0.767013	0.132288	1.052015	0.0	0.198927	0.0	0.08428	0.0	0.008912	0.085888	0.0	0.0	0.0	0.020943	0.036901	0.635651	0.006415	0.554221	0.102253	0.008743	0.0	0.0	0.053885	0.025665	0.016137	0.446524	0.009324	0.002524	0.0	0.008869	0.397767	0.020465	0.0	0.0
SRR8849210_bin.13	0.0	0.0	0.905492	0.131214	0.579841	0.05682	0.0	0.0	0.019692	0.045004	0.0	0.0	0.0	0.0	0.015496	0.066392	0.0	0.0	0.0	0.085345	0.06894	0.0	0.0	0.0	0.0	0.0	0.03841	0.0	0.043945	0.0	0.079434	0.0	0.0	0.151791	0.0	0.0	0.0	0.089526	0.038515	0.021325	0.038187	0.0	0.0	0.0	0.144025	1.01136	0.608942	0.0	0.0	0.0	0.0	0.0	0.0	0.0	0.0	0.0	0.0	0.0	0.0	0.011941	0.0	0.066706	2.772041	0.0	0.0	0.0	0.292155	1.049241	0.0	0.0	0.0	0.0	0.0	0.024688	0.0	0.0	0.0	36.760157	0.0	0.0	0.0	0.0	0.0	0.0	0.0	0.449644	0.172652	0.185821	0.0	0.0	1.652934	0.834593	0.0	0.0	0.0	0.530545	0.0	0.0	0.178274	0.0	0.0	0.068598	0.0	0.0	0.0	0.0	0.017861	0.452673	5.286404	0.0	0.030869	0.0	0.05927	5.012262	0.214071	0.0	0.0	0.0	0.049336	0.0	0.0	4.390539	0.0	0.0	0.0	0.0	0.0	0.017559	0.0	0.0	0.0	0.0	3.474969	0.112016	0.765321	0.0	0.343241	0.022906	0.0	0.0	0.0	1.327127	0.0	0.0	2.42915	0.0	0.392541	0.0	0.205571	0.0	0.0	0.019156	0.028787	0.121839	0.339032	0.157829	0.222653	0.0	0.0	0.0	0.013206	0.0	0.061114	0.053554	0.0	0.0	0.072751	0.0	0.0
SRR8849250_bin.9	0.0	0.0	0.0	0.025814	0.0	0.0	0.0	0.0	0.0	0.0	0.0	0.0	0.0	0.0	0.0	0.0	0.0	0.0	0.0	0.0	0.0	0.0	0.0	0.0	0.0	0.0	0.0	0.0	0.0	0.0	0.0	0.0	0.0	0.0	0.0	0.0	0.0	0.0	0.0	0.0	0.0	0.0	0.0	0.0	0.0	0.0	0.0	0.0	0.0	0.0	0.0	0.0	0.0	0.0	0.0	0.0	0.0	0.0	0.0	0.0	0.0	0.0	0.0	0.0	0.0	0.0	0.0	0.0291335	0.0	0.0	0.0	0.0	0.0	0.0	0.0	0.0	0.073227	0.0	0.0	0.0	0.0	0.0	0.0	0.028283	0.0	0.0	0.0	0.0	0.0	0.0	0.0	0.0	0.0	0.0	0.023629	0.0	0.018244	0.0	0.0	0.0	0.0	0.0	0.0	0.0	0.0	0.0	0.0	0.100822	0.0	0.0	0.027994	0.0	0.0	0.0	0.0	0.0	0.0	0.0	0.0	0.0	0.0	0.037512	0.0	0.0	0.0	0.0	0.0	0.0	0.0	0.0	0.0	0.0	13.606117	0.0	0.0	0.0	0.039377	0.0	0.083025	0.0	0.0	0.0	0.0	0.00923	0.07988	0.0	0.0	0.0	0.045833	0.0	0.060607499999999995	24.023024	0.0	0.032185	0.021522	0.043271	0.0	0.0	0.0	0.0	0.0	0.0	0.0	0.0	0.0	0.0	0.0	0.0	0.0
SRR8849211_bin.15	0.0	0.0	0.059076	0.013095	0.0	0.0	0.226898	0.0	0.012837	0.0	0.045723	0.0	3.550463	0.0	0.0	0.011262	71.332049	0.0	0.0	5.773586	0.0	0.026493	0.0	0.0	0.0	0.0	0.0	0.0	0.0	0.0	205.848383	0.011183	0.0	0.0	0.0	0.0	0.0	0.0	0.0	0.724077	54.501368	0.0	0.0	0.0	0.0	0.0	0.0	0.0	0.0	0.0	0.0	41.221663	0.0	0.0	0.0	0.0	0.014397	0.0	0.0	0.0	0.235203	0.0	0.0	0.0	0.0	19.24214	0.0	0.017968	0.0	0.0	0.013035	0.0	0.0	0.0	0.0	0.0	68.086788	0.0	0.0	0.0	100.506986	0.0	0.0	0.0	0.105571	0.0	0.0	0.0	0.0	0.0	4.207789	0.0	0.0	0.0	2.460795	0.438319	0.0	0.051515	0.0	0.0	0.011115	0.926449	0.0	0.021796	0.034502	0.065842	0.0	0.0	0.0	0.0	0.0	0.0	0.0	2.168226	0.049111	0.015875	0.013288	0.0	0.0	0.0	0.0	0.0	226.91954	0.0	0.0	0.0	0.0	0.0	0.0	0.0	46.198075	0.0	0.0	0.0	0.124654	0.006718	0.0	73.539556	0.0	0.0	0.200188	0.0	0.0	0.0	0.649405	0.0	2.518156	0.0	0.0	0.0	0.006981	0.0	0.0	0.0	0.0	0.004657	0.0	0.0	0.0	0.0	0.009436	25.607177	0.025075	0.020198	0.136864	0.0	0.017891	0.0	0.0
SRR8849275_bin.35	2.523944	0.552858	4.576765	11.812757	13.274618	10.003698	60.002964	0.048002	0.151443	5.393034	6.539145	0.02218	11.754771	0.055601	0.759697	0.086776	7.741586	0.067944	0.033808	0.114026	0.0	0.09741	0.452578	0.0	15.860387	0.29934	0.704692	0.0	0.24399	30.140906	17.446469	34.709862	11.894268	31.826864	16.36384	16.580739	18.274167	8.717507	3.330535	2.389184	6.823471	2.638748	17.006203	24.443396	13.746456	138.178703	18.876384	0.059163	4.837691	0.105703	7.391956	0.070879	11.414258	0.184979	0.02335	0.098256	0.091767	0.0	0.0	0.047085	0.15468	0.166147	0.080268	0.0	0.0	0.0	8.042883	122.572136	0.355451	0.037972	0.126546	7.337319	0.046239	10.17661	17.70722	14.835482	5.950084	0.637387	39.832136	15.521804	0.968312	7.830524	8.379196	0.688311	0.0	0.047581	0.103322	1.406975	144.11076	0.298211	0.23235	0.320143	0.0	0.188061	0.080116	4.712808	0.195004	0.108026	0.046788	3.418047	0.120576	0.606866	3.379448	0.294869	0.106352	0.0	0.066529	1.055832	0.070209	31.363667	0.30588	0.0	0.993269	2.035454	1.197554	4.157083	0.070158	2.38928	46.576702	0.052291	0.028526	28.14827	0.062031	1.16637	1.065802	0.104394	0.030712	0.0	2.379735	0.0	0.447616	0.0	15.989197	1.573181	0.187318	13.128981	12.2597	5.953509	0.531663	16.205437	0.497823	10.31419	0.0	13.239082	32.779032	3.479675	4.263643	0.501016	7.198233	0.082949	4.264573	7.32943	20.638541	12.500548	12.323031	7.656275	0.0	4.064234	4.214779	0.089091	4.860299	38.259955	0.573015	0.846394	0.03914	3.996752	13.302554	2.576859	0.688778
SRR8849266_bin.24	0.0	0.0	0.0	0.0	0.0	0.0	0.0	0.0	0.0	0.0	0.0	0.0	0.0	0.0	0.0	0.0	0.0	0.0	0.0	0.0	0.0	0.0	0.0	0.0	0.0	0.0	0.0	0.0	0.0	0.0	0.0	0.0	0.0	0.0	0.0	0.0	0.0	0.0	0.0	0.0	0.0	0.0	0.0	0.0	0.0	0.0	0.0	0.0	0.0	0.0	0.0	0.0	0.0	0.0	0.0	0.0	0.0	0.0	0.0	0.0	0.0	0.0	0.0	0.0	0.0	0.0	0.0	0.0	0.0	0.0	0.0	0.0	0.0	0.0	0.0	0.0	0.0	0.0	0.0	0.0	0.0	0.0	0.0	0.0	0.0	0.0	0.0	0.0	0.0	0.0	0.0	0.0	0.0	0.0	0.0	0.0	0.0	0.0	0.0	0.0	0.0	0.0	0.0	0.0	0.0	0.0	0.0	0.0	0.0	0.0	0.0	0.0	0.0	0.0	0.0	0.0	0.0	0.0	0.0	0.0	0.0	0.0	0.0	0.0	0.0	0.0	0.0	0.0	0.0	0.0	0.0	0.0	0.0	0.0	0.0	0.0	0.0	0.0	0.0	0.0	0.0	0.0	0.0	0.0	0.0	0.0	0.0	0.0	0.0	0.0	0.0	0.0	0.0	0.0	0.0	0.0	0.0	0.0	0.0	0.0	0.0	0.0	0.0	0.0	0.0	24.117359	0.0	0.0	0.0
SRR9330776_bin.9	226.676461	1.652843	32.56258	0.832106	2.883225	20.785478	92.0861	13.314308	19.327235	14.547717	0.623404	313.351535	74.291622	337.731645	0.392507	1.22775	100.336737	113.501988	0.0	10.381555	0.049568	170.009034	573.249402	1413.216537	168.337406	99.512189	367.987972	1.002579	122.916315	3.108599	2.172253	1.862236	0.200904	19.480398	90.515808	0.351242	14.818887	45.242214	30.028093	19.320256	2.525476	3.511054	38.062141	26.665989	14.87366	0.743807	3.944809	0.121164	212.23893	112.62528	233.454169	2.829644	9.83704	412.867055	317.637048	86.782326	0.847312	1045.376815	126.955501	0.428626	8.227523	31.828439	0.032811	0.973371	0.644948	13.344964	104.940351	2.208881	0.040892	82.256464	8.698278	2.607514	0.283703	0.605159	828.686693	151.239658	17.167579	26.780555	0.143617	81.420609	57.79346	722.187801	7.608168	378.379046	1.659953	0.927956	1.289769	2.381948	8.359209	0.082144	2.662672	30.314986	3.499364	0.728896	4.072711	67.274719	13.044558	0.167026	55.595974	64.035089	0.348713	152.149897	38.991203	32.27231	195.650788	0.0	1.772203	0.0	0.064298	0.304393	0.174288	0.257176	22.893875	23.353011	0.120279	22.995372	66.473071	0.186348	0.232497	0.151627	57.607528	4.796583	41.460274	116.856016	173.31404	1.711239	109.440413	714.456134	1327.992284	640.637632	162.404797	3.263445	0.175488	14.884786	48.16354	32.93984	2.19254	7.203423	2.479052	12.436716	338.499674	1.848226	3.538684	105.529692	5.393236	0.813198	2.090481	3.865034	1.138699	0.308956	4.023913	82.219887	15.232742	0.146727	0.439663	1.362112	1.746052	0.070692	48.863867	0.162838	15.511161	5.469648	2.893443	0.739728	1.134613	86.680802	7.502554	1.028001	0.733628
SRR8849232_bin.29	0.114393	0.01278	26.319044	0.026733	0.290259	0.500307	0.139585	1.996367	0.558117	0.971238	1.944423	0.008167	0.427273	3.25025	0.483496	0.01344	0.029727	0.0	0.0	0.007782	0.0	0.057258	0.011433	0.0	0.471043	0.087161	0.199881	0.0	1.168203	0.1262255	0.197191	0.219033	0.007541	2.067588	3.818894	0.194755	0.828888	0.082888	0.003597	0.154851	3.656191	0.149472	0.890155	0.073677	2.455658	0.018915	0.0	0.018275	0.0	0.092845	0.036352	0.0	0.132901	0.052076	0.0	0.040906	0.017103	0.01185	0.00835	0.04662	0.372094	0.061044	0.0	0.0	0.0	0.0	0.184041	0.035201	0.017878	0.0	0.020006	0.808838	0.008691	3.119655	0.016689	0.0936	1.224485	0.048634	0.040389	0.025212	0.543975	0.049449	0.742665	0.015469	0.0	0.040368	1.548364	1.564642	0.0	0.0	0.876992	0.0	0.0	0.829167	0.032331	12.081908	0.016927	0.0	0.006828	0.240606	0.05684	0.671484	3.040712	0.019482	0.019174	0.0	0.035609	0.024914	0.0	0.0	0.415268	0.01207	0.091197	0.133144	5.303226	2.184827	42.978172	0.033516	0.025302	0.00652	0.010032	0.250022	0.021212	1.7446	0.052329	0.362572	0.049592	0.018435	0.0	0.03141	0.020911	0.0	11.422265	0.205129	0.1882905	87.044606	18.407192	3.383156	0.015116	20.025919	0.191304	1.3363	0.020784	0.027954	0.165797	0.019124	0.038102	0.02285	0.144061	0.391781	29.197295	0.122687	2.086321	2.839355	0.323307	0.19356	0.045994	3.011425	0.707395	0.418246	0.764312	0.020887	0.017915	0.0	0.008101	4.441373	0.188209	0.010957	0.018319
SRR17301519_bin.6	0.0	0.0	0.0	0.0	0.0	0.048448	0.0	0.0	0.0	0.0	0.0	0.0	0.0	0.0	0.0	0.0	0.0	0.0	0.744677	0.03659	6.09493	30.362884	0.0	0.0	0.0	0.0	0.0	0.0	0.0	0.0	0.0	0.0	0.0	0.0	0.0	0.0	0.0	0.0	0.0	0.0	0.247037	0.0	0.0	0.0	0.0	0.0	0.511399	0.984529	0.0	0.0	0.0	0.0	0.0	0.0	0.0	0.0	0.0	0.0	0.0	0.045376	0.0	0.0	0.0	0.0	0.0	0.0	0.0	0.0	0.0	0.0	0.0	0.266545	0.0	0.0	0.0	0.0	0.0	0.0	0.0	0.0	0.0	0.0	0.0	0.0	0.0	1.191161	0.0	0.0	18.59862	7.4097	0.0	0.0	0.0	0.0	0.051967	0.0	0.0	0.0	0.0	0.0	0.0	0.0	0.0	0.0	0.0	0.0	1.999039	0.0	0.0	0.0	0.159095	3.805234	0.089869	0.055062	0.0	0.0	0.0	0.0	0.0	0.0	0.0	0.0	0.0	0.0	0.0	0.0	0.0	0.0	0.0	0.0	0.0	0.0	0.050382	0.0	0.0	0.0	0.0	0.170249	0.0	0.0	0.0	0.0	0.0	0.0	0.0	0.0	0.0	0.0	0.0	0.0	0.0	0.0	0.0	0.0	0.0	0.0	0.0	0.0	0.0	0.0	0.0	0.0	0.0	0.0	0.0	0.0	0.0	0.0	0.0
SRR8849199_bin.6	0.209929	33.763887	3.900383	3.282162	1.758028	9.413634	2.81095	12.283864	0.306669	15.119794	24.854766	0.0	9.388278	31.667197	2.891478	0.0	0.013361	0.0	0.0	0.0	0.0	0.0	0.496824	0.026526	26.724954	5.369219	5.965346	0.0	0.693089	0.365736	6.449619	5.172821	0.717614	43.268035	6.312843	11.925892	9.980753	5.292831	1.289624	4.166428	3.387567	2.375127	0.048214	3.703055	8.836425	0.018695	0.584331	0.0	0.124494	4.517505	0.0	0.0	0.0	0.086704	0.0	5.546704	0.0	0.0	0.0	0.018518	0.056596	16.358459	0.0	0.0	0.0	0.0	29.81234	1.488029	14.303109	0.023564	11.594769	0.584484	0.018063	8.506694	6.91771	49.672203	0.913545	2.354363	0.174839	2.988376	4.216657	11.563738	18.716678	5.672118	9.804822	1.891174	0.820101	10.717073	0.0	0.0	2.102538	6.163097	0.052582	3.704432	0.010799	14.106017	5.65781	0.0	0.052691	5.930401	7.15755	7.005197	0.055269	0.029172	6.358496	0.0	0.230086	0.0	0.863968	0.0	14.065952	0.0	0.866769	2.602558	57.027203	4.589708	5.659413	0.0	7.264256	0.046408	0.012521	4.790903	0.0	7.588363	2.848025	24.710647	22.706293	12.729327	15.272535	0.0	40.092778	0.025403	0.46454	25.998053	9.787792	3.083176	12.124065	5.100955	1.991807	8.504382	62.053053	1.522215	0.0	0.010431	2.156083	0.0	0.132539	1.490983	0.547628	13.426739	0.648965	0.812233	10.380351	7.552949	0.263708	0.402347	1.754926	4.235364	14.320496	33.956683	9.703322	0.567949	0.250058	0.283773	0.013717	3.840067	0.0	10.087382	0.825832
SRR8849209_bin.13	0.0	0.0	0.01508	0.066447	1.273603	0.044385	0.0	0.024767	0.015966	0.0	0.0	0.0	0.0	0.0	0.0	0.185804	0.0	0.0	0.0	0.015694	0.00665	0.0	0.0	0.0	0.030764	0.0	0.029088	0.0	0.005878	0.0	0.786564	0.0	0.0	0.09969	0.0	0.0	0.0	0.035696	0.031342	0.010859	0.016485	0.0	0.0	44.958721	0.059347	0.59672	0.387427	0.0	0.032805	0.0	0.0	0.0	0.0	0.0	0.0	0.0	0.0	0.0	0.0	0.003523	0.007176	0.135926	2.301631	0.0	0.0	0.0	0.018366	0.363626	0.0	0.0	0.0	0.007297	0.0	0.0	0.0	0.0	0.0	0.058821	0.0	0.0	0.0	0.0	0.003043	0.0	0.0	1.257267	0.081744	0.040379	0.0	0.0	1.828274	0.020256	0.0	0.0	0.0	0.096715	0.015221	0.0	0.037916	0.0	0.0	0.031905	0.0	0.0	0.0	0.0	0.019023	0.466689	2.270494	0.0	0.052433	0.0	0.070264	2.481127	0.100242	0.0	0.0	0.0	0.024216	0.0	0.0	0.096284	0.0	0.0	0.0	0.0	0.0	0.0	0.0	0.0	0.089526	0.0	1.154945	0.272868	0.07397	0.0	0.068209	0.011686	0.0	0.0	0.0	0.131877	0.0	0.0	0.453266	0.0	0.409106	0.027411	0.272636	0.0	0.0	0.056958	0.030708	0.079946	0.281095	0.043837	0.048853	0.012029	0.0	0.0	0.021301	0.0	0.032564	0.030552	0.009903	0.0	0.040388	0.0	0.0
SRR17301524_bin.13	0.0	0.0	0.0	0.0	0.065747	0.0	0.0	0.0	0.0	0.0	0.0	0.0	0.0	0.0	0.0	0.0	0.0	0.0	0.0	0.0	0.0	0.0	0.0	0.0	0.0	0.0	0.0	0.0	0.0	0.0	0.0	0.0	0.0	0.0	0.0	0.0	0.0	0.0	0.0	0.0	0.0	19.080321	0.0	0.0	0.0	0.603063	0.0	0.0	0.0	0.0	0.0	0.0	0.0	0.0	0.0	0.0	0.0	0.0	0.0	0.0	0.0	0.0	0.598084	0.0	0.0	0.0	0.0	0.109172	0.0	0.0	0.0	0.0	0.0	0.0	0.0	0.0	0.0	0.0	0.0	0.0	0.0	0.0	0.0	0.0	0.0	0.0	0.0	0.0	0.0	0.0	0.450793	0.0	0.0	0.0	0.0	0.0	0.0	0.0	0.0	0.0	0.0	0.0	0.0	0.0	0.0	0.0	0.0	0.0	0.235304	0.0	0.0	0.0	0.0	0.829973	0.0	0.0	0.0	0.0	0.0	0.0	0.0	0.0	0.0	0.0	0.0	0.0	0.0	0.0	0.0	0.0	0.0	0.0	0.517629	0.0	0.0	0.0	0.0	0.0	0.0	0.0	0.0	0.093301	0.0	0.0	0.0	0.0	0.0	0.0	0.0	0.0	0.0	0.0	0.0	0.0	0.146801	0.0	0.0	0.0	0.0	0.0	0.0	0.0	0.0	0.0	0.0	0.0	0.0	0.0	0.0
SRR17301540_bin.22	0.0	0.0	0.0	0.0	0.0	0.0	0.0	0.122302	0.0	1.497567	0.0	0.0	0.0	0.126575	0.0	1.895253	0.525412	0.0	4.465827	5.686394	0.0	30.653844	0.0	0.0	0.0	0.0	0.441439	0.0	0.0	0.076389	0.0	0.0	0.0	0.0	0.0	0.0	0.0	0.0	2.167116	0.0	0.080974	0.0	0.0	0.0	0.734284	0.0	30.494398	0.0	0.0	0.0	0.0	0.53555	0.0	0.0	0.0	0.0	15.877088	0.11005	0.049423	0.0	0.0	0.395317	0.0	0.0	0.0	22.888298	0.0	0.0	1.426308	0.0	0.0	0.046516	0.0	0.0	0.0	0.0	0.075731	0.0	0.0	3.695098	0.0	0.0	0.0	0.0	0.0	59.55364	0.041961	0.0	0.0	0.0	0.0	0.0	0.119206	0.058308	39.61841	0.037815	0.0	0.0	0.0	0.0	0.141892	0.0	0.0	0.0	0.0	0.0	138.893195	0.0	2.395095	0.0	0.0	0.04792	0.327344	2.122199	0.088322	0.0	0.149636	0.0	0.0	0.0	0.0	0.447557	0.293658	0.0	0.0	0.0	0.0	0.0	0.0	0.0	7.252394	0.0	0.0	0.058681	0.0	0.0	0.0	0.06282	0.02107	0.0	0.0	0.0	0.0	0.0	0.0	0.0	0.0	0.0	4.640079	0.0	0.0	0.0	0.0	0.0	0.102579	0.0	0.0	0.0	0.0	0.0	2.633486	0.0	0.0	0.0	0.0	0.0	0.0	0.0	0.0
SRR8849250_bin.31	0.0	0.0	0.011756	0.014464	0.012417	0.015345	0.090102	0.0	0.009869	0.0	0.0	0.0	0.0	3.842751	0.329849	0.0	0.0	0.0	0.0	0.0	0.0	0.0	0.0	0.0	1.764365	0.359208	0.305894	0.0	0.0	0.033996	0.259981	0.0	0.0	0.0	0.0	0.0	0.698489	0.0	0.0	0.537759	0.0	0.0	0.007243	0.0	0.0	0.0	0.0	0.0	0.0	0.0	0.0	0.0	0.054592	0.0	0.0	0.0	0.0	0.0	0.0	1.950158	0.0	0.0	0.0	0.0	0.0	0.0	0.0	0.0	0.0	0.0	0.0	0.378555	0.0	0.027706	0.0	0.155998	0.019518	0.0	0.0	0.098648	0.0	2.449048	0.010821	0.038858	13.440123	0.0	0.0	0.037449	0.0	0.0	0.03171	0.0	0.0	0.0	0.0	0.923541	0.0	0.0	0.0	0.0	73.207578	0.0	3.863703	0.024849	0.0	0.0	0.0	0.0	0.0	0.0	0.022515	0.0	0.0	0.0	0.0	16.096842	0.0	0.0	0.014076	0.0	0.0	0.065124	0.0	4.71257	0.0	28.388772	0.037226	0.0	0.0	0.0	0.0	0.0	0.046591	0.019327	0.006209	0.236129	0.011655	0.0	0.058609	0.016089	0.0	0.0	0.0	0.012716	0.17288	0.0	0.01012	0.0	0.254516	0.0	2.759222	34.20892	0.25958	0.031838	0.0	0.045127	0.0	0.026494	0.0	0.088408	0.0	0.0	0.0	0.0	0.0	0.0	0.0	0.027444	0.0
SRR17301531_bin.16	0.351067	0.259079	0.155879	1.166833	0.0	0.084262	0.475984	0.0	0.0	0.0	0.0	0.015306	0.059946	0.076751	64.482703	1.68361	0.048862	0.050575	0.0	77.440607	0.0	0.0	0.185141	0.271853	0.497318	0.0	0.150383	0.0	0.219579	2.327014	0.217501	0.833788	0.0	0.115144	0.072892	0.235878	0.300015	0.150092	0.244969	0.569649	9.890245	0.754793	0.397946	0.099808	0.118809	20.488025	8.73587	16.342829	0.808586	0.261873	0.134066	0.0	0.023614	0.0	0.0	8.463642	10.561189	0.0	0.0	1.449555	6.748776	0.527222	0.095151	0.0	0.0	31.457776	12.476648	3.698694	99.596663	0.075963	154.808112	60.27392	0.076391	0.279053	0.0	11.253439	0.102647	5.968676	0.758443	2.274259	0.55146	0.741415	0.078515	2.633845	0.766153	35.326867	5.315507	21.809659	0.0	0.0	0.474294	36.593601	48.114337	32.383169	4.602181	0.123208	0.436135	0.260605	0.187036	0.257672	0.914883	0.113746	0.0	0.549325	1.258682	0.18435	0.263619	12.87567	0.0	1.490416	31.973184	0.0	1.024446	19.127787	6.408093	1.340893	0.197187	0.009436	0.249489	1.690529	1.385762	5.285411	0.0	0.074544	0.176892	0.273871	0.193378	0.332057	0.0	0.0	7.52332	0.454685	43.280848	36.252368	6.156351	0.149518	0.099926	10.116363	5.183374	0.469989	0.546918	0.055443	0.0	0.061157	0.46663	1.767449	1.676791	0.053985	0.044872	0.152239	0.126946	0.796926	0.092359	0.147166	0.99578	8.661324	0.4242	0.895785	0.046979	0.0	1.865638	0.082585	2.117765	1.752711	0.603149	4.539651	0.145005	2.240318	0.0
SRR8849245_bin.7	0.0	0.0	0.044197	0.032552	0.0	0.024834	0.024438	0.0	0.064162	0.0	0.0	0.0	0.0	0.0	0.041405	0.0	0.232681	0.0	0.0	0.0	0.0	0.052993	0.0	0.0	0.0	0.0	0.0	0.0	0.0	0.018694	0.03497	0.014785	0.0	0.0	0.041191	0.0	0.0	0.0	0.0	0.0	0.06405	0.015996	0.022207	0.0	0.020386	0.0	0.0	0.0	0.0	0.0	0.0	0.0	0.0	0.0	0.0	0.0	0.0	0.0	0.0	226.12467	0.04537	0.038286	0.0	0.0	0.0	0.0	0.0	0.0	0.008714	0.0	0.0	0.05117	0.0	0.020265	0.0	0.0	0.024222	0.098017	0.024631	0.021987	0.033194	0.021426	0.034916	0.0	0.0	0.024923	0.036599	0.068701	0.0	0.0	0.054603	0.0	0.0	0.032919	0.0	0.021365	0.016522	0.0	0.0	0.0	0.015804	0.177084	0.0	0.0	0.0	0.0	0.016204	0.0	0.0	0.0	0.042015	0.0	0.0	0.038557	0.057588	0.019796	0.040161	0.0	0.0	0.0	0.0	0.026731	0.0	0.0	0.0	0.0	0.0	0.0	0.0	0.0	0.0	0.0	0.105337	0.056566	0.108402	0.063644	0.038977	0.048819	2.575994	0.06529	0.067575	0.0	0.0	0.021364	0.026028	0.0	0.0	0.0	1.299994	0.056482	0.065869	0.0	0.037419	0.025172	0.0	0.012394	0.0	0.036504	0.017293	0.034797	0.056248	0.0	0.0	0.0	0.0	0.0	0.0	0.0	0.0
SRR8849243_bin.43	0.0	0.0	0.0	0.014814	0.0	0.0	0.0	0.0	0.0	0.0	0.305423	0.0	0.0	0.0	0.204668	0.0	0.0	0.0	0.0	0.0	0.0	0.0	0.0	0.0	0.0	0.0	0.0	0.0	0.134219	0.0	0.052867	0.0	0.0	0.148229	0.0	0.0	0.091856	0.0	0.0	0.0	0.0	0.0	0.0	0.0	0.0	0.0	0.0	0.0	0.0	0.0	0.0	0.0	0.0	0.0	0.0	0.0	0.0	0.0	0.0	0.0	0.0	0.0	0.0	0.0	0.0	0.0	0.0	0.0	0.0	0.0	0.0	0.211783	0.0	15.996511	0.0	0.0	0.150295	0.083023	0.0	0.016592	0.0	0.0	1.479393	0.0	0.0	0.0	0.0	0.098825	0.0	0.0	0.0	0.0	0.0	0.0	0.0	0.0	0.015013	0.0	0.0	0.0	0.0	0.0	0.066264	0.0	0.0	0.0	0.0	0.0	0.0	0.0	0.0	0.0	0.0	0.0	0.0	0.0	0.0	0.0	0.0	0.0	0.0	0.108743	0.0	0.0	0.0	0.167223	0.0	0.0	0.0	0.0	0.0	0.0	1.478408	0.0	0.012065	0.033743	0.014075	0.0	0.009398	119.878803	0.0	0.0	0.0	0.005632	0.047574	0.0	0.0373	0.0	0.0	0.0	0.163355	0.0	0.038942	12.589006	0.0	0.0	0.0	0.090315	0.127208	0.0	0.0	0.0	0.01919	0.0	0.0	0.169406	0.0	0.0	0.0
SRR8849246_bin.14	0.0	0.013737	0.205876	0.038787	0.079305	0.057494	0.067153	0.25607	0.14526	0.061168	0.0	0.0	0.02055	0.0	0.073654	0.0	0.014849	0.0	3.091192	0.007693	0.016701	0.992136	0.0	0.0	0.0716	0.0	0.0	0.0	0.0	0.011491	0.124383	0.0	0.0	0.085703	0.022457	0.0	0.096634	0.041888	0.021049	0.0	0.590053	0.135753	0.107589	0.006813	0.066698	0.007126	0.42115	0.953536	0.0	0.0	0.0	0.0	0.0	0.0	0.0	0.0	0.049108	0.0	0.0	0.199725	0.010853	0.115043	0.0	0.0	0.0	0.03951	0.0	0.0	0.0	0.0	0.022853	0.45481	0.0	0.0	0.022559	0.0	0.366923	0.004285	0.246819	0.0	0.349449	0.074598	0.046337	0.0	0.0	0.167399	0.081228	0.052401	0.0	0.0	0.035659	0.053651	0.0	0.259104	0.003712	0.122345	0.0	0.0	0.0	0.095863	0.0	0.0	0.0	0.0	0.0	0.0	0.179477	0.0	0.0	0.0	0.272743	0.0	0.022975	2.219329	0.085897	0.025014	1.658954	0.0	0.061635	0.0	0.0	0.080084	1.132792	0.0	0.0	0.159404	0.0	0.0	0.0	0.0	0.25971	0.0	0.047126	0.394847	45.558599	1.563828	0.018921	0.398928	0.0	0.016267	0.0	0.004133	0.0	0.002436	0.029335	0.011715	0.0	0.0	0.129839	0.766309	0.194578	0.023645	0.216594	0.016455	0.079617	0.009954	0.0	0.391905	0.466583	0.065351	0.163094	0.023589	0.004648	0.0	0.007062	0.084281	0.083616	0.0	0.0
SRR17301561_bin.31	0.0	0.0	0.0	0.0	0.0	0.0	0.0	0.0	0.0	0.0	0.0	0.0	0.0	0.0	0.0	0.0	0.0	0.0	0.0	0.0	0.0	0.0	0.0	0.0	0.0	0.0	0.0	0.0	0.0	0.0	0.0	0.0	0.0	0.0	0.0	0.0	0.0	0.0	0.0	0.0	0.0	0.0	0.0	0.0	0.0	0.0	0.0	0.0	0.0	0.0	0.0	0.0	0.0	0.0	0.0	0.0	0.0	0.0	0.0	0.0	0.0	0.0	0.0	0.0	0.0	0.0	0.0	0.0	0.0	0.0	0.0	0.0	0.0	0.0	0.0	0.0	0.0	0.0	0.0	0.0	0.0	0.0	0.0	0.0	0.0	0.0	0.0	0.0	0.0	0.0	0.0	0.0	0.0	0.0	0.0	0.0	0.0	0.0	0.0	0.0	0.0	0.0	0.0	0.0	0.0	0.0	0.0	0.178419	0.0	0.0	0.0	0.0	0.0	0.0	0.0	0.0	0.0	0.0	0.0	0.0	0.0	0.0	0.0	0.0	0.0	0.0	0.0	0.0	0.0	0.0	0.0	0.0	78.55211	0.0	0.0	0.0	0.0	0.0	0.0	0.0	0.0	0.0	0.0	0.0	0.0	0.0	0.0	0.0	0.0	0.0	0.0	0.0	0.0	0.0	0.0	0.0	0.0	0.0	0.0	0.0	0.0	0.0	0.0	0.0	0.0	0.0	0.0	0.0	0.0
SRR8849268_bin.38	0.0	0.0	0.015194	0.018832	0.005977	0.022185	0.041423	0.0	0.0	0.159639	0.295308	0.0	0.0	0.0	0.266327	0.00698	0.00395	0.006205	0.0	0.0	0.0	0.0	0.0	0.0	0.0	0.0	0.0	0.0	0.0	0.775583	0.0	0.0	0.0	0.008023	0.019677	0.033993	0.296417	0.0	0.0	0.013336	0.099206	0.0	0.052813	0.0	0.019839	0.0	0.0	0.0	0.0	0.0	0.0	0.0	0.065425	0.0	0.0	0.0	0.005988	0.0	0.0	0.190741	0.0	0.0	0.0	0.0	0.0	0.0055125	0.0	0.014204	0.0	0.0	0.0	0.299167	0.011032	1.35943	0.0	0.0	0.22793	0.040732	0.0	0.022186	0.009502	0.0	0.162408	0.0	0.0	0.0	0.006814	0.545004	0.0	0.006245	0.00675	0.0	0.0	0.0	0.0	0.0	0.022132	0.0	0.0	0.543058	0.013477	0.044959	0.034789	0.073386	0.0	0.0	0.0	0.0	0.0	0.006077	0.039465	0.004276	0.0	0.0	0.011647	0.54531	0.0	0.0	0.0	0.0	0.0	0.649935	0.0	0.0	0.05344	0.833277	0.0	0.0	0.0	0.0	0.0	0.0	0.05301	0.0	0.0	0.019052	0.038243	0.081591	0.07305	0.734026	0.013622	0.029719	0.0	0.0	0.294566	0.0	0.033552	0.0	0.00346	0.0	18.529466	0.139725	0.108089	1.181206	0.02326	0.340447	0.0	79.582219	1.163968	0.0	0.129877	0.0	0.008138	0.0	0.0	0.139288	0.0	0.0	0.0
SRR8849269_bin.14	0.0	0.0	0.0	0.0	0.0	0.0	0.0	0.0	0.0	0.0	0.0	0.0	0.0	0.0	0.0	0.0	0.0	0.0	0.0	0.0	0.0	0.0	0.0	0.0	0.0	0.0	0.0	0.0	0.0	0.0	0.0	0.0	0.0	0.0	0.0	0.0	0.0	0.0	0.0	0.0	0.0	0.0	0.0	0.0	0.0	0.621832	0.0	0.0	0.0	0.0	0.0	0.0	0.0	0.0	0.0	0.0	0.0	0.0	0.0	0.0	0.0	0.0	0.081947	0.0	0.0	0.0	0.0	0.145539	0.0	0.0	0.0	0.0	0.0	0.0	0.0	0.0	0.0	0.0	0.0	0.0	0.0	0.0	0.0	0.0	0.0	0.0	0.0	0.0	0.0	0.0	0.183415	0.0	0.0	0.0	0.0	0.0	0.0	0.0	0.0	0.0	0.0	0.0	0.0	0.0	0.0	0.0	0.0	0.0	0.0	0.0	0.0	0.0	0.0	1.690011	0.0	0.0	0.0	0.0	0.0	0.0	0.0	0.0	0.0	0.0	0.0	0.0	0.0	0.0	0.0	0.0	0.0	0.0	0.644226	0.0	0.0	0.0	0.0	0.0	0.0	0.0	0.0	0.0	0.0	0.0	0.0	0.0	0.0	0.0	0.0	0.0	0.0	0.0	0.0	0.0	0.0	0.0	0.0	0.0	22.488645	0.0	0.0	0.0	0.0	0.0	0.0	0.0	0.0	0.0	0.0
SRR17301519_bin.27	0.0	0.630165	0.118979	0.0	0.0	0.0	0.0	0.0	0.167117	0.0	0.0	0.0	0.0	0.0	0.0	0.0	0.290666	0.0	0.0	0.0	0.0	25.06009	0.0	0.0	1.824529	0.0	0.0	0.0	0.0	0.0	0.0	0.0	0.0	0.0	0.0	0.0	0.0	0.0	0.0	0.0	0.0	0.0	0.0	0.0	0.045304	0.0	0.0	0.0	0.0	0.0	0.0	0.0	0.0	0.0	0.0	0.0	0.0	0.0	0.0	0.0	0.0	0.087282	0.0	0.0	0.0	0.0	0.0	0.0	0.0	0.0	0.0	0.0	3.620715	0.0	0.0	0.0	0.065352	0.0	0.301101	0.069086	0.0	0.222259	0.0	0.0	0.0	0.231221	0.0	0.0	0.0	0.0	0.0	0.0	0.0	0.058575	0.0	0.182606	0.0	0.0	0.0	0.0	0.0	0.0	0.0	0.0	0.0	0.0	0.0	0.0	0.0	0.0	0.0	0.0	0.112944	0.0	0.145185	0.0	0.110568	0.0	0.0	0.0	0.0	0.0	0.174294	0.0	0.0	0.0	0.0	0.0	0.0	0.0	0.0	0.0	0.0	0.0	0.027119	0.0	0.072409	0.0	0.0	0.0	0.0	0.0	0.0	0.044214	0.0	0.0	0.0	0.0	0.0	0.085317	0.0	0.0	0.0	0.0	0.0	0.0	0.0	0.174673	0.0	0.134639	0.114627	0.0	0.0	0.0	0.0	0.0	0.0	0.0	0.0
SRR8849228_bin.26	0.132334	51.397259	55.952921	0.357951	0.121474	105.332868	1.642318	0.019093	2.060765	0.030171	75.167319	0.025136	0.365583	33.040361	0.029093	0.062381	9.980726	9.285887	0.00589	0.05957	0.053567	11.22866	0.039639	119.287726	305.520064	7.567444	36.99113	34.772917	0.872534	2.68093	0.011261	1.177626	0.009224	0.190299	1.76525	0.552763	0.061325	3.25	0.11416	0.308551	3.78526	0.034731	1.106382	0.005656	47.773697	0.01335	0.497303	0.022723	0.055618	61.779627	437.93082	71.723889	0.071483	0.199972	0.0	0.0	9.24599	0.022949	0.01684	0.082431	0.766885	11.978028	0.01387	0.027987	11.326292	0.0	77.991669	0.085425	0.0	0.058917	0.554128	0.669627	0.074844	7.893716	66.988011	3.123321	15.461207	0.235919	22.411926	0.906809	16.179161	97.769054	15.496008	4.180562	0.149232	0.050752	19.776019	75.940338	0.005524	0.00588	0.026859	0.004119	0.008098	85.143212	0.068233	53.69764	8.73032	0.12326	0.057127	10.734168	0.44796	3.036375	21.456138	0.259277	13.93365	0.005741	50.893102	0.012636	0.01441	0.066146	0.491848	0.106253	0.037708	4.018941	0.690768	3.472706	68.886656	23.064699	0.374557	0.066258	0.072845	7.506573	1.714711	4.649695	5.564817	51.352254	0.710612	481.930952	0.470571	0.023813	0.027256	0.424781	0.71423	111.948613	23.191154	26.273991	2.581182	7.289157	0.360292	43.83746	1.231646	1.399477	0.358833	236.709357	0.251655	0.182955	0.502035	0.037832	8.933759	0.130323	0.090107	0.541671	0.010208	5.458512	0.625386	0.691217	0.045566	48.421237	110.001439	1.467661	22.989873	3.138523	0.313004	0.117458	0.102838	1.291087	0.023685	5.934423	0.027586
SRR9330778_bin.2	105.787168	21.110032	42.30705	0.43846	18.818616	68.101838	140.164333	62.780874	21.787672	41.505272	57.592265	0.100935	0.193528	50.723069	0.278038	17.602187	0.171688	0.439591	0.047431	463.20082	0.189231	0.185824	2.309462	51.002042	66.725146	7.031984	31.725702	0.134121	5.0589	2.58918	85.227881	103.47195	47.774126	63.034869	51.211919	0.773631	27.336049	0.29735	2.115334	0.571992	71.334357	20.9977	6.949164	0.070779	82.899371	0.312485	4.39992	0.105982	0.11355	0.564673	209.340286	34.485119	0.408653	25.222668	123.455191	552.347597	0.106784	9.89041	3.164682	147.045686	40.370005	3.554545	0.070302	0.118857	0.093642	90.460853	34.818663	1.155073	25.703838	1.060637	98.602878	18.389765	0.242482	61.489882	47.439408	0.339796	11.346102	1.227027	0.289561	44.363222	72.694622	25.528427	21.184344	93.17198	166.27697	0.164469	1.192542	34.867821	0.150499	0.032262	139.101774	0.355411	0.304795	0.361133	10.810483	28.644358	36.486895	245.944515	0.043846	6.643161	0.352807	45.109099	188.344472	34.728327	23.862739	36.539869	19.505075	10.999031	0.016742	136.71062	174.784107	0.284121	110.519457	1.640069	0.380716	28.743199	1.498061	3.134465	0.204241	0.134793	0.366219	3.768751	4.100329	272.550181	18.731871	0.409764	3.005942	52.130153	0.543961	3.568206	132.326373	37.773975	0.838883	0.394266	1.745682	0.492476	40.416752	109.290926	26.248907	34.224374	2.847185	9.875365	12.594051	96.636217	126.275621	60.717444	89.793435	3.516597	116.612434	3.238821	152.714995	40.100009	16.285388	137.793129	1.636872	68.91301	3.926012	6.475261	4.713209	20.741447	31.720128	129.914414	7.458641	1.324665	26.592655	0.180087	0.093704	55.336994	39.345003
SRR8849222_bin.17	0.135927	0.069954	1.410262	273.321497	1.263182	40.147624	1.805112	0.321178	5.762601	0.529226	0.310573	0.008815	0.038118	0.192462	0.612117	0.013707	0.28685	5.479512	0.0	0.137541	0.0	0.374975	0.021174	0.123719	0.151134	0.033837	2.248392	0.235195	0.143886	2.213726	1.912976	16.694806	0.099777	5.5789	3.122853	18.900174	0.659759	17.786453	16.638638	1.404405	1.493925	4.969331	1.426193	6.223051	0.399659	4.420838	131.605794	0.015101	0.156826	0.549826	0.72622	0.24769	0.0	0.057104	0.0	0.037095	0.0	0.0	0.070005	0.291079	1.166483	4.712294	0.009962	0.0	0.044056	0.0	0.208731	0.099135	2.209829	0.0	2.301227	3.822424	0.0	3.01763	0.550155	1.080914	11.144216	0.27443	0.078931	2.236941	1.079548	43.979132	1.032303	8.248737	0.0	0.053927	222.555185	0.620529	0.0	0.0	24.307551	2.801397	0.014219	1.691755	6.99341	1.378385	0.308105	0.078888	0.075606	31.046903	0.341353	2.446015	0.709232	137.038731	82.312614	0.012176	0.132361	16.043671	0.076454	0.0	1.110239	1.255698	0.538835	18.127355	0.941693	23.25273	21.113507	0.490945	0.182139	0.033893	0.185059	2.257755	1.304078	0.067783	7.648842	2.296005	0.08759	0.027213	0.0	0.015242	1.804432	0.044439	7.37885	1.648283	31.020473	55.001264	0.878801	0.805477	0.682337	4.809182	0.76147	1.331532	0.0	1.535687	75.641478	18.197701	24.141852	0.15981	1.511663	2.940941	4.963132	0.306568	0.835869	5.529658	2.059013	2.696247	0.147325	107.095485	1.043403	0.399864	5.063295	0.267072	1.05706	0.103889	0.064402	16.899064	0.245107	0.057278	0.018889
SRR8849260_bin.30	0.496086	0.0	0.0	0.0	0.0	0.013529	0.0	0.0	0.008665	0.0	0.0	0.008184	53.637372	0.084906	0.039637	0.0	0.033487	0.0	0.0	0.0	0.058802	0.284682	0.071323	0.020095	0.503115	0.0	0.077439	0.0	0.168509	0.0	0.0	0.02726	0.0	0.0	0.019246	0.0	0.041045	0.19113	0.0	0.124652	0.106874	0.0	0.0	0.0	0.0	0.0	0.0	0.0	0.0	0.086166	0.0	0.0	0.0	0.0	0.0	0.0	0.110326	0.0	0.0	0.020351	0.069366	0.469023	0.0	0.0	0.0	0.0	0.060694	0.0	0.222101	0.0	0.0	0.285109	0.109008	0.152031	0.0	0.113522	0.0	0.0	0.0	0.756116	0.0	0.019434	0.055492	0.011476	0.130258	0.00994	0.046564	0.040135000000000004	0.0	0.025672	0.0	0.0	0.0	0.021559	0.0	0.02965	0.013942	0.0	0.0	0.021324	0.0	0.0	0.0	0.0	0.045502	0.0	0.0	0.0	0.0	0.0	0.12581	0.36189	0.0	0.0	0.154252	0.0	0.0	0.0	0.368207	0.020882	0.0	0.080285	0.0	0.059532	0.0	0.360503	0.039474	0.12682	0.021582	0.0	4.411767	0.014101	0.0	0.0	0.022106	0.05803	0.035913	0.183042	0.0	0.013757	0.263381	0.0	0.0	0.0153	0.0	0.049324	0.0	0.0	0.042371	0.105474	0.0454	0.079718	0.050421	0.105355	0.0	0.0	0.013357	0.0	0.0	38.184249	0.066175	0.231543	0.0	0.0	0.0	0.1389495	0.03213	0.039331	0.0
SRR8849266_bin.39	0.986762	0.503448	0.639055	0.009512	0.0	0.991296	0.028625	0.0	0.085335	0.036913	2.44548	0.0	0.295364	0.040897	0.381119	0.0	0.0	0.0	0.0	0.0	0.0	0.0	0.0	0.06257	0.0	0.061027	0.0	0.0	0.09439	0.0	0.985043	0.0	0.0	0.242686	0.067907	6.401861	0.428451	0.0	0.0	0.0	0.009892	0.017402	0.012202	0.0	0.045726	0.0	0.0	0.0	0.0	0.164183	0.04802	1.442911	0.0	0.0	0.0	0.042525	0.0	0.0	0.0	0.008607	0.0	0.0	0.0	0.0	0.0	0.0	0.0	0.0	0.0	0.0	0.0	0.104415	0.0	0.538713	0.0	0.0	0.025118	0.0	0.411132	0.0	0.041869	0.0	1.812445	0.0	0.0	0.0	0.233616	0.256146	0.0	0.0	0.0	0.0	0.0	0.307467	0.0	0.063915	0.0	0.0	0.112205	0.016444	0.0	0.053882	0.048603	0.0	0.0	0.0	0.0	0.0	0.0	0.0	0.152556	0.0	0.254246	0.516981	1.934183	0.086966	1.928204	0.0	0.0	0.0	0.0	0.02052	0.059881	0.0	0.0	1.464408	0.0	0.0	0.0	0.0	0.0	0.0	3.721713	0.0	0.0	0.316141	0.172887	0.025725	0.0	1.593954	0.058167	0.311724	0.0	0.06607	0.150519	0.0	0.029412	0.037801	0.0	0.0	0.095551	0.029409	0.99427	0.414217	0.0	0.0	0.614555	0.30543	0.123045	0.0	0.025788	0.0	0.038293	0.0	0.02663	42.911569	0.0	0.0	0.0
SRR8849273_bin.14	0.181712	0.197914	0.208131	0.062195	0.160919	0.768362	0.057392	1720.245815	78.829901	8.102813	1200.399673	0.380859	463.640534	0.110954	0.0	0.019561	0.006167	0.0	0.0	0.0	0.0	0.045206	1.119098	0.092686	0.137594	169.655801	0.146674	0.339501	585.511176	2.0560905	0.06248	0.117417	0.034272	310.28783	0.034599	694.673432	599.599388	1000.631616	1632.916359	2181.87145	112.75529	52.785171	0.832934	2139.410465	0.0	6.946699	0.045253	0.020369	1.148781	0.057495	1.843229	0.155381	0.350199	0.234076	0.041208	0.265839	0.0	0.85844	4.755995	1.471797	784.781699	0.102395	0.006175	0.008062	0.139859	0.0	0.0	207.31893	0.0	0.339292	0.02307	13.612255	0.125853	0.096613	0.17574	0.01648	0.130166	4.60853	0.529441	2.162078	0.270025	0.041916	0.527499	0.113873	0.169234	70.490272	28.46928	37.773908	0.0	0.0	6.146862	0.009	0.011004	0.08281	0.012443	0.06987	0.762056	0.145886	1.357773	189.891405	1.806242	28.752344	0.187855	0.418408	0.029389	84.8079	0.0	178.585602	0.025914	0.03857	16.308778	0.143273	0.0	0.106001	0.015825	0.006092	0.180255	0.075973	0.288299	0.034434	0.229665	3.357496	0.108847	6.520751	0.41436	0.148762	0.180151	0.178149	0.127292	1.087057	0.0	0.191197	161.413091	0.019269	1.746481	41.035972	273.18516	144.988959	1.583948	1298.580428	13.189366	1471.892918	1.304593	0.097563	3.046905	1.012133	934.197768	2654.215383	0.300465	0.145954	0.133676	0.621285	237.895666	0.132343	44.777991	1.788978	3102.989136	4.469803	20.707682	0.006855	0.119753	0.138917	1.697904	4476.711382	0.247414	416.074621	1022.332448	0.141437	2306.700661
SRR8849223_bin.44	3.669105	0.214456	53.665997	0.285655	18.881779	20.637059	29.808841	22.059625	13.790487	51.328792	19.284115	23.054192	0.503045	0.207728	11.833263	0.024688	0.11884	0.0	0.0	5.690572	0.067467	1.312114	16.567574	50.083747	28.682108	15.785707	92.467619	0.204036	44.34535	12.817986	22.595511	0.780703	0.018755	11.529533	18.030895	9.218903	11.046392	68.455048	0.016315	21.765067	14.238915	58.885497	55.28991	10.05149	21.306183	0.0	8.761174	10.635276	0.125338	0.452379	66.215564	38.048395	0.172133	0.237362	0.0	14.21716	0.21218	0.120075	31.207572	0.243538	17.822657	9.347714	0.00995	0.0	97.350619	5.671753	0.088082	0.184333	3.884896	0.048536	0.416587	32.53995	0.039547	11.19575	65.431451	26.635708	0.730182	0.911277	0.016211	0.576831	70.739098	28.455904	58.683672	17.207821	80.265892	17.148903	18.243851	18.466525	0.16016	0.0	5.887816	0.014847	0.016967	12.504456	10.591433	39.095057	27.080471	0.046525	36.921961	10.798293	0.067778	32.985499	55.188968	0.053498	164.596869	0.0	1.786037	0.0	0.0	0.014791	1.085554	0.129321	0.361714	34.45418	0.652679	4.746214	18.832707	0.027236	2.8539585	0.041461	6.376971	20.336871	0.041687	146.952614	23.723203	17.127407	57.825326	99.149136	71.059675	0.598147	0.103662	98.126174	1.196298	5.608371	19.986466	59.081201	22.518632	23.805187	0.066909	6.270253	1.096571	4.755635	0.10845	62.1617	2.486411	0.175728	5.571346	10.772761	20.760464	0.168143	15.315333	6.487062	11.408033	8.017645	2.021317	2.506234	14.861923	2.36232	7.895787	1.716963	7.456105	2.243871	0.507923	0.367143	0.349442	16.137664	15.022701	64.194859	12.387979
SRR17301559_bin.24	0.0	0.0	0.0	0.0	0.062666	0.0	0.0	0.0	0.0	0.0	0.0	0.0	0.0	0.0	0.0	0.0	0.0	0.0	0.0	0.0	0.0	0.0	0.0	0.0	0.0	0.0	0.0	0.0	0.0	0.0	0.0	0.0	0.0	0.0	0.0	0.0	0.0	0.0	0.0	0.0	0.0	0.0	0.0	0.0	0.0	0.362835	0.063949	0.0	0.0	0.0	0.0	0.0	0.0	0.0	0.0	0.0	0.0	0.0	0.0	0.0	0.0	0.0	0.659686	0.0	0.0	0.0	0.0	0.335457	0.0	0.0	0.0	0.0	0.0	0.0	0.0	0.0	0.0	0.0	0.0	0.0	0.0	0.0	0.0	0.0	0.0	0.0	0.0	0.0	0.0	0.0	0.515298	0.0	0.0	0.0	0.0	0.0	0.0	0.0	0.0	0.0	0.0	0.0	0.0	0.0	0.0	0.0	139.210101	0.0	0.185948	0.0	0.0	0.0	0.0	2.954479	0.072341	0.0	0.0	0.0	0.0	0.0	0.0	0.0	0.0	0.0	0.0	0.0	0.0	0.0	0.0	0.0	0.0	0.0	0.863046	0.0	0.0	0.0	0.0	0.0	0.0	0.0	0.0	0.0	0.0	0.0	0.0	0.0	0.0	0.0	0.0	0.0	0.0	0.0	0.0	0.0	0.0	0.0	0.0	0.0	0.0	0.0	0.0	0.0	0.0	0.0	0.0	0.0	0.0	0.0	0.0
SRR17301548_bin.26	0.0	0.0	0.0	0.0	0.0	0.0	0.0	0.0	0.0	0.0	0.0	0.0	0.0	0.0	0.0	0.0	0.0	0.0	0.0	0.0	0.0	0.0	0.0	0.0	0.0	0.0	0.0	0.0	0.0	0.0	0.0	0.0	0.0	0.0	0.0	0.0	0.0	0.0	0.0	0.0	0.0	0.0	0.0	0.0	0.0	0.0	0.0	0.0	0.0	0.0	0.0	0.0	0.0	0.0	0.0	0.0	0.0	0.0	0.0	0.0	0.0	0.0	0.0	0.0	0.0	0.0	0.0	0.0	0.0	0.0	0.0	0.0	0.0	0.0	0.0	0.0	0.0	0.0	0.0	0.0	0.0	0.0	0.0	0.0	0.0	0.0	254.12392	0.0	0.0	0.0	0.0	0.0	0.0	0.0	0.0	0.0	0.0	0.0	0.0	0.0	0.0	0.0	0.0	0.0	0.0	0.0	0.0	0.0	0.0	0.0	0.0	0.637416	0.0	0.0	0.0	0.0	0.0	0.0	0.0	0.0	0.0	0.377706	0.0	0.0	0.0	0.0	0.0	0.0	0.0	0.0	0.0	0.0	0.0	0.0	0.0	0.0	0.0	0.0	0.0	0.0	0.0	0.0	0.0	0.0	0.0	0.0	0.0	0.0	0.0	0.0	0.0	0.0	0.0	0.0	0.0	0.0	0.0	0.0	0.0	0.0	0.0	0.0	0.0	0.0	0.0	0.0	0.0	0.0	0.0
SRR8849287_bin.12	0.062174	0.02471	0.021527	0.01358	1.249231	3.448622	0.016963	0.039574	0.002303	0.0	0.015534	0.026251	0.030986	72.368935	0.105297	0.0	0.0	0.0	0.0	13.824701	0.006463	0.023458	0.020695	0.020833	0.059451	0.01363	0.024643	0.008678	0.090414	0.028496	0.0	0.006316	0.012039	0.0	123.600335	0.041676	0.410834	0.024265	0.0	0.0	0.032881	1.846908	0.034789	0.0	0.025347	0.011714	0.0	0.005782	0.020709	0.009647	0.030576	0.011941	0.0	0.714348	0.0	0.0	0.004405	0.004717	0.0	0.009764	0.025822	0.004288	0.01076	0.0	0.006972	0.0	0.010589	0.005995	0.0	0.0	0.227154	0.048036	0.028122	0.017158	0.0	0.0	0.017714	0.020331	0.010111	0.015176	0.045899	0.029618	0.018918	0.047804	0.016973	0.010329	0.013599	0.012724	0.0	0.0	0.03789	0.0	0.0	0.01731	0.0	0.008208	0.0	0.0	0.018597	0.024705	0.00769	0.085245	2.753345	0.029101	216.447313	0.0	0.0	0.0	0.0	0.118787	0.032349	0.0	0.0	0.011551	0.013632	0.067717	0.026174	0.0	0.007011	0.0	0.018153	9.906449	0.018288	0.058641	0.0	0.025737	0.027106	0.265836	0.00709	0.0	0.0	0.019648	0.457427	0.0	0.048497	0.055318	0.03264	0.034934	0.054694	0.004928	0.018898	0.0	0.0	0.017986	3.416052	0.0	0.088902	0.004749	1.168791	438.705057	0.01161	0.01393	0.999135	0.010551	0.362421	0.053196	0.006752	0.004362	0.028919	0.0	15.946845	0.07752	0.007458	0.0	0.0	5.36045	0.011281	0.037857	0.0
SRR17301529_bin.32	0.0	0.0	0.0	0.0	0.0	0.0	0.0	0.0	0.013453	0.0	0.0	0.0	0.0	0.0	0.0	0.014393	0.228976	28.452502	0.0	0.0	0.0	0.0	0.0	0.0	0.0	0.0	0.0	0.0	0.0	0.0	0.0	0.0	0.0	0.0	0.0	0.0	0.0	0.0	0.0	0.0	0.0	0.0	0.0	0.0	0.0	0.0	0.0	0.0	0.0	0.0	0.0	0.0477	0.0	0.0	0.0	0.0	79.257977	0.0	0.0	0.0	0.0	0.0	0.0	0.0	0.0	0.0	0.0	0.0	0.0	0.0	0.021852	0.0	0.0	0.0	0.0	0.0	0.016597	0.0	0.0	0.106725	0.0	0.0	0.0	0.0	0.0	0.0	0.0	0.026803	0.174323	0.0	0.07237	0.0	0.0	0.030867	0.062303	0.0	0.0	0.0	0.0	0.0	0.0	0.0	0.0	0.0	0.0	0.0	0.0	0.0	0.0	0.0	0.060087	0.070638	0.0	0.0	0.0	0.0	0.0	0.013734	0.0	0.0	0.0	0.031011	0.0	0.0	0.0	0.0	0.0	0.0	0.0	0.0	0.0	0.0	0.149984	0.040199	0.031623	0.0	0.0	0.0	6.955888	0.0	2.370265	0.0	0.0	0.0	0.0	0.0	0.0	0.0	0.0	0.0	0.01866	0.0	0.0	0.0	0.0	0.0	0.0	0.0	0.0	0.0	0.0	0.0	0.0	0.0	0.0	0.0	0.0	0.0	0.0
SRR8849204_bin.2	0.069066	0.0	0.994694	0.09292	0.092073	0.182399	0.018044	0.466231	0.893257	1.079041	0.067271	47.189374	0.556246	0.821952	0.23127	0.246788	24.735766	1.188432	78.631616	0.592174	2.633071	0.413699	0.0	0.087533	0.340043	0.180817	0.146995	13.55587	0.0	0.306575	0.064517	0.210907	0.390313	0.300208	0.532413	0.106602	0.467121	0.401269	0.372218	0.0	0.764447	0.0	1.183902	0.104556	0.065959	0.047647	0.024108	0.155415	0.099341	0.235698	0.260446	2.844721	1.618556	21.42213	45.681906	0.270239	0.049676	0.454495	0.318306	0.694524	0.042351	8.866721	5.7147875	0.0	0.072219	1.669342	1.118083	0.0	0.7024330000000001	3.011422	0.156839	0.623767	6.134081	0.0	0.696897	0.120788	0.704511	0.263165	4.425244	0.22516	0.983414	1.473936	0.168387	0.0	3.153574	0.422553	0.069212	0.0	6.129204	0.238874	0.076722	0.205686	3.972287	0.153368	0.492642	0.191547	0.073116	0.246387	2.170089	0.264986	0.211128	0.396481	0.0	1.414983	0.012651	0.0	0.391682	0.0	1.037389	13.695697	0.07338	12.62347	0.229537	0.218977	0.740163	0.120368	1.547846	0.372865	0.334787	2.595808	0.0	3.39025	2.565296	0.093218	0.0	0.271088	0.298734	0.107937	0.583349	0.0	2.862733	0.0	0.0	0.420671	0.966908	0.13195	0.8935	1.116679	0.47471	0.070035	6.645726	0.0	0.199148	0.515809	0.098785	0.486979	0.45351549999999996	0.041739	0.222386	1.976512	0.162237	0.08361	0.433879	0.030653	0.165412	0.047746	0.026746	0.381513	0.233357	1.704276	0.26311450000000003	0.559662	0.015293	0.0	0.146515	0.165196	10.471287	0.139086	0.384781
SRR8849245_bin.28	0.660857	0.213875	1.919764	2.696905	7.4721685	4.276701	7.272504	2.928113	6.687545	6.093142	3.653505	0.024631	1.278589	2.96272	0.364495	1.168859	0.077918	17.603714	0.0	0.052182	0.0	0.012174	0.279205	0.4005605	2.790074	1.455762	0.631722	0.0	0.319241	2.0322865	20.241071	12.65292	9.427802	34.518782	2.449465	13.325339	5.6502605	3.40764	3.163721	0.693581	1.401462	7.634759	2.397728	2.360682	4.567943	3.197516	1.877782	0.0	20.948817	1.691736	2.961322	0.0	4.344469	0.151197	0.0	25.467504	0.0	0.0	0.0	69.731118	0.368124	0.140879	6.00396	0.0	0.0	5.088871	1.161311	0.67672	7.075549	0.273356	23.669131	0.141395	0.0	1.007562	11.761504	3.281443	5.237372000000001	28.793649	30.425827	0.105611	6.008826	1.622499	2.238015	1.817186	8.813245	0.0	0.696405	0.087528	0.0	0.0	4.466045	0.048072	0.306576	0.424191	0.008406	2.737234	26.264174	0.217228	114.376925	1.911391	1.085615	11.286691	6.338178	10.549815	0.226117	0.0	0.200937	29.281932	0.0	0.0	0.648636	0.0	2.7785105	0.0	0.025589	1.5849555	0.287873	0.438014	2.100985	0.152417	23.533325	8.759598	13.0717565	1.21398	19.970274	2.973974	0.5928	0.655207	0.0	0.0	6.485177	0.5756	0.415137	0.786307	1.41593	0.644657	3.272729	1.7685385	0.833841	1.4951249999999998	0.658058	2.069624	0.0	3.761102	4.368007	0.032324	64.800496	4.445771	8.057084	3.658472	1.162799	1.899653	4.607842	1.022302	0.166463	5.476703	0.177033	1.797434	0.850429	4.862280500000001	12.097269	4.948606	0.378404	0.159488	0.256454	2.300102	0.104318	0.044525	0.949936
SRR8849211_bin.13	0.0	0.0	0.0	0.0	0.447195	0.0	0.0	0.0	0.0	0.0	0.0	0.0	0.0	0.0	0.0	4.254432	0.0	0.0	0.0	18.359531	0.0	0.0	0.0	0.0	0.0	0.0	0.0	0.0	0.0	0.0	0.0	0.0	0.0	0.0	0.0	0.0	0.0	0.0	0.0	0.0	0.063902	0.02735	0.0	0.0	0.0	0.0	0.043627	0.0	0.0	0.0	0.0	0.0	0.0	0.0	0.0	0.0	0.0	0.0	0.0	0.0	0.745026	0.0	0.0	0.0	0.0	0.0	0.0	0.0	0.0	0.0	0.0	0.0	0.0	0.0	0.0	0.0	30.990729	0.0	0.0	0.0	0.0	0.0	0.0	0.0	0.0	88.307769	0.0	0.0	0.0	0.0	0.020769	0.0	0.0	0.275599	0.031652	0.034016	0.0	0.0	0.0	0.0	0.0	0.089068	0.0	0.0	0.0	0.0	0.05628	0.0	0.045623	0.0	0.0	9.106883	0.0	0.0	0.774068	0.0	0.0	0.0	0.0	0.0	0.0	0.0	101.298671	0.0	0.0	0.0	0.0	0.0	0.0	0.0	0.0	0.0	0.056786	0.707924	0.0	0.0	1.878548	0.016945	0.0	0.0	0.0	0.0	0.0	0.0	0.308519	0.0	1.775931	0.0	0.0	0.0	0.0	0.0	0.0	0.0	0.0	0.0	0.0	0.0	0.0	0.0	0.0	0.041706	0.0	0.0	0.0	0.0	0.0	0.0	0.0
SRR8849273_bin.12	2.335101	12.521985	4.255723	5.950847	4.760327	10.710153	0.140159	1.308309	22.742577	12.304195	3.059308	23.850252	1.938019	0.744538	2.283141	96.484365	219.725114	137.937028	51.417373	150.768054	142.666023	12.194444	17.464882	0.80724	2.262086	0.239588	10.146906	10.972707	163.643016	38.537158	4.412896	0.050366	232.213838	5.247372	5.86141	2.309441	0.5472	10.634392	2.669547	2.656275	102.076559	5.39788	30.525181	250.832766	53.50021	114.453549	894.962772	99.292064	28.565644	2.781031	0.997219	19.262242	2.112855	9.895948	10.564763	12.187259	35.17687	0.117453	0.618286	21.14299	1.07694	47.794568	46.371865	2.72955	1.484503	126.339264	3.002582	132.494515	22.752564	191.716418	1.073926	59.391205	224.723454	0.671155	9.240091	36.037134	3.353969	48.463127	66.231643	20.750187	16.628151	1.132615	11.093825	0.123648	17.20623	3.306905	22.74384	14.703445	5.971936	499.768082	1.039117	0.34641	814.302386	14.535153	88.347018	8.443815	6.077689	20.176052	137.427522	12.673359	24.509235	2.99848	1.605735	77.893511	21.299319	1148.626866	4.264599	1506.794639	10.108313	23.915447	0.87072	78.044831	0.617046	32.218435	202.348112	2.733511	0.687743	36.085127	1.23492	5.4005	2.081788	44.325386	0.81249	11.661826	7.597667	0.602639	8.156968	37.384983	1.468538	6.919762	0.600784	12.751013	4.082982	0.319001	85.388801	16.100035	1.041969	99.382787	67.184142	6.093557	31.147713	39.041402	7.374934	1.348176	1.457907	0.633239	1.02356	0.269772	9.611676	28.73778	19.197193	3.182095	0.721136	0.579207	65.24248	1.192559	0.198851	2.063471	3.893031	1.075328	2.796053	11.802836	106.948578	19.564663	2.122765	2.960307	1.646554	13.730093	0.28223
